,PlayerID,Player,Team,Position,Headshot,Team Logo,Jersey Number,playerStripped,GP,TOI,Goals,Total Assists,First Assists,Second Assists,Total Points,IPP,Shots,SH%,ixG,iCF,iFF,iSCF,iHDCF,Rush Attempts,Rebounds Created,PIM,Total Penalties,Minor,Major,Misconduct,Penalties Drawn,Giveaways,Takeaways,Hits,Hits Taken,Shots Blocked,Faceoffs Won,Faceoffs Lost,Faceoffs %
0,8480800,Quinn Hughes,MIN,D,https://assets.nhle.com/mugs/nhl/20252026/MIN/8480800.png,https://assets.nhle.com/logos/nhl/svg/MIN_light.svg,43,quinnhughes,74.0,2052.5833333333,7.0,69.0,33.0,36.0,76.0,52.78,187.0,3.74,12.36,477.0,287.0,181.0,15.0,1.0,39.0,32.0,16.0,16.0,0.0,0.0,32.0,116.0,34.0,7.0,76.0,87.0,0.0,0.0,-
1,8478460,Zach Werenski,CBJ,D,https://assets.nhle.com/mugs/nhl/20252026/CBJ/8478460.png,https://assets.nhle.com/logos/nhl/svg/CBJ_light.svg,8,zachwerenski,75.0,1996.0666666667,22.0,59.0,28.0,31.0,81.0,63.78,260.0,8.46,15.29,590.0,386.0,213.0,22.0,6.0,49.0,18.0,9.0,9.0,0.0,0.0,11.0,125.0,35.0,30.0,99.0,94.0,0.0,0.0,-
2,8481542,Moritz Seider,DET,D,https://assets.nhle.com/mugs/nhl/20252026/DET/8481542.png,https://assets.nhle.com/logos/nhl/svg/DET_light.svg?season=20252026,53,moritzseider,82.0,2104.65,10.0,50.0,26.0,24.0,60.0,42.86,187.0,5.35,10.21,409.0,286.0,113.0,7.0,9.0,37.0,57.0,27.0,26.0,1.0,0.0,21.0,99.0,29.0,128.0,108.0,180.0,0.0,0.0,-
3,8480036,Miro Heiskanen,DAL,D,https://assets.nhle.com/mugs/nhl/20252026/DAL/8480036.png,https://assets.nhle.com/logos/nhl/svg/DAL_light.svg,4,miroheiskanen,77.0,1961.4166666667,9.0,54.0,21.0,33.0,63.0,47.73,148.0,6.08,9.97,336.0,223.0,111.0,14.0,5.0,31.0,30.0,15.0,15.0,0.0,0.0,13.0,93.0,39.0,21.0,153.0,132.0,0.0,0.0,-
4,8486169,Jake Livanavage,PIT,D,https://assets.nhle.com/mugs/nhl/20252026/PIT/8486169.png,https://assets.nhle.com/logos/nhl/svg/PIT_light.svg,4,jakelivanavage,1.0,25.233333333333,0.0,0.0,0.0,0.0,0.0,0.00,0.0,-,0.0,2.0,0.0,2.0,0.0,0.0,0.0,0.0,0.0,0.0,0.0,0.0,0.0,1.0,0.0,0.0,1.0,1.0,0.0,0.0,-
5,8479425,Filip Hronek,VAN,D,https://assets.nhle.com/mugs/nhl/20252026/VAN/8479425.png,https://assets.nhle.com/logos/nhl/svg/VAN_light.svg,17,filiphronek,82.0,2050.4666666667,8.0,41.0,22.0,19.0,49.0,50.52,137.0,5.84,7.09,317.0,208.0,67.0,8.0,9.0,32.0,33.0,15.0,14.0,1.0,0.0,12.0,108.0,34.0,133.0,134.0,100.0,0.0,0.0,-
6,8474600,Roman Josi,NSH,D,https://assets.nhle.com/mugs/nhl/20252026/NSH/8474600.png,https://assets.nhle.com/logos/nhl/svg/NSH_light.svg,59,romanjosi,68.0,1691.6666666667,13.0,42.0,19.0,23.0,55.0,51.40,181.0,7.18,10.96,385.0,251.0,140.0,21.0,9.0,33.0,30.0,15.0,15.0,0.0,0.0,18.0,77.0,23.0,24.0,85.0,101.0,0.0,0.0,-
7,8480069,Cale Makar,COL,D,https://assets.nhle.com/mugs/nhl/20252026/COL/8480069.png,https://assets.nhle.com/logos/nhl/svg/COL_light.svg,8,calemakar,75.0,1863.5666666667,20.0,59.0,33.0,26.0,79.0,57.25,200.0,10.00,16.76,547.0,327.0,196.0,22.0,4.0,33.0,24.0,12.0,12.0,0.0,0.0,23.0,86.0,40.0,35.0,42.0,118.0,0.0,0.0,-
8,8482105,Jake Sanderson,OTT,D,https://assets.nhle.com/mugs/nhl/20252026/OTT/8482105.png,https://assets.nhle.com/logos/nhl/svg/OTT_light.svg,85,jakesanderson,67.0,1664.2333333333,14.0,40.0,17.0,23.0,54.0,47.79,147.0,9.52,12.38,374.0,240.0,110.0,18.0,6.0,36.0,8.0,4.0,4.0,0.0,0.0,10.0,81.0,31.0,29.0,149.0,128.0,0.0,0.0,-
9,8478500,Ivan Provorov,CBJ,D,https://assets.nhle.com/mugs/nhl/20252026/CBJ/8478500.png,https://assets.nhle.com/logos/nhl/svg/CBJ_light.svg,9,ivanprovorov,82.0,2034.7833333333,9.0,22.0,13.0,9.0,31.0,31.96,157.0,5.73,8.3,346.0,229.0,96.0,20.0,7.0,29.0,32.0,16.0,16.0,0.0,0.0,7.0,112.0,29.0,28.0,111.0,134.0,0.0,0.0,-
10,8477504,Josh Morrissey,WPG,D,https://assets.nhle.com/mugs/nhl/20252026/WPG/8477504.png,https://assets.nhle.com/logos/nhl/svg/WPG_light.svg,44,joshmorrissey,77.0,1903.45,14.0,41.0,22.0,19.0,55.0,46.61,145.0,9.66,9.25,339.0,225.0,101.0,14.0,5.0,38.0,30.0,15.0,15.0,0.0,0.0,11.0,98.0,17.0,36.0,97.0,118.0,0.0,0.0,-
11,8485366,Matthew Schaefer,NYI,D,https://assets.nhle.com/mugs/nhl/20252026/NYI/8485366.png,https://assets.nhle.com/logos/nhl/svg/NYI_light.svg,48,mattschaefer,82.0,2024.0,23.0,36.0,17.0,19.0,59.0,48.36,222.0,10.36,15.37,527.0,306.0,191.0,42.0,6.0,51.0,38.0,19.0,19.0,0.0,0.0,38.0,90.0,38.0,40.0,231.0,111.0,0.0,0.0,-
12,8480803,Evan Bouchard,EDM,D,https://assets.nhle.com/mugs/nhl/20252026/EDM/8480803.png,https://assets.nhle.com/logos/nhl/svg/EDM_light.svg,2,evanbouchard,82.0,2023.5833333333,21.0,74.0,33.0,41.0,95.0,54.29,221.0,9.50,15.24,468.0,312.0,171.0,17.0,2.0,47.0,30.0,15.0,15.0,0.0,0.0,17.0,123.0,33.0,29.0,87.0,101.0,0.0,0.0,-
13,8482122,Brock Faber,MIN,D,https://assets.nhle.com/mugs/nhl/20252026/MIN/8482122.png,https://assets.nhle.com/logos/nhl/svg/MIN_light.svg,7,brockfaber,80.0,1974.1666666667,15.0,36.0,19.0,17.0,51.0,44.35,173.0,8.67,8.32,361.0,256.0,103.0,21.0,1.0,27.0,39.0,14.0,12.0,1.0,1.0,9.0,92.0,36.0,33.0,131.0,148.0,0.0,0.0,-
14,8479325,Charlie McAvoy,BOS,D,https://assets.nhle.com/mugs/nhl/20252026/BOS/8479325.png,https://assets.nhle.com/logos/nhl/svg/BOS_light.svg?season=20252026,73,charliemcavoy,69.0,1682.8833333333,11.0,50.0,30.0,20.0,61.0,49.19,111.0,9.91,9.44,271.0,187.0,97.0,29.0,2.0,26.0,62.0,31.0,31.0,0.0,0.0,23.0,88.0,29.0,79.0,121.0,129.0,0.0,0.0,-
15,8479410,Mikhail Sergachev,UTA,D,https://assets.nhle.com/mugs/nhl/20252026/UTA/8479410.png,https://assets.nhle.com/logos/nhl/svg/UTA_light.svg?season=20252026,98,mikhailsergachev,78.0,1895.0666666667,10.0,49.0,16.0,33.0,59.0,50.00,159.0,6.29,8.21,367.0,216.0,108.0,18.0,8.0,25.0,44.0,22.0,22.0,0.0,0.0,14.0,108.0,32.0,38.0,92.0,125.0,0.0,0.0,-
16,8481605,Jackson LaCombe,ANA,D,https://assets.nhle.com/mugs/nhl/20252026/ANA/8481605.png,https://assets.nhle.com/logos/nhl/svg/ANA_light.svg,2,jacksonlacombe,82.0,1988.3333333333,10.0,48.0,29.0,19.0,58.0,47.54,156.0,6.41,14.75,349.0,237.0,129.0,38.0,3.0,41.0,19.0,8.0,7.0,1.0,0.0,15.0,110.0,52.0,74.0,160.0,128.0,0.0,0.0,-
17,8477948,Travis Sanheim,PHI,D,https://assets.nhle.com/mugs/nhl/20252026/PHI/8477948.png,https://assets.nhle.com/logos/nhl/svg/PHI_light.svg,6,travissanheim,81.0,1962.0333333333,11.0,26.0,13.0,13.0,37.0,38.54,95.0,11.58,8.49,245.0,163.0,85.0,19.0,6.0,19.0,20.0,10.0,10.0,0.0,0.0,14.0,105.0,26.0,46.0,101.0,151.0,0.0,0.0,-
18,8480839,Rasmus Dahlin,BUF,D,https://assets.nhle.com/mugs/nhl/20252026/BUF/8480839.png,https://assets.nhle.com/logos/nhl/svg/BUF_light.svg,26,rasmusdahlin,77.0,1862.3,19.0,55.0,26.0,29.0,74.0,55.64,195.0,9.74,16.15,437.0,284.0,154.0,34.0,5.0,36.0,76.0,31.0,28.0,2.0,1.0,26.0,115.0,32.0,67.0,127.0,79.0,0.0,0.0,-
19,8476875,Mike Matheson,MTL,D,https://assets.nhle.com/mugs/nhl/20252026/MTL/8476875.png,https://assets.nhle.com/logos/nhl/svg/MTL_light.svg,8,michaelmatheson,78.0,1884.7166666667,7.0,30.0,13.0,17.0,37.0,43.02,114.0,6.14,7.26,267.0,166.0,79.0,12.0,6.0,17.0,34.0,17.0,17.0,0.0,0.0,15.0,94.0,24.0,59.0,92.0,150.0,0.0,0.0,-
20,8483457,Lane Hutson,MTL,D,https://assets.nhle.com/mugs/nhl/20252026/MTL/8483457.png,https://assets.nhle.com/logos/nhl/svg/MTL_light.svg,48,lanehutson,82.0,1949.3166666667,12.0,66.0,31.0,35.0,78.0,51.32,124.0,9.68,10.75,301.0,175.0,124.0,28.0,3.0,26.0,34.0,17.0,17.0,0.0,0.0,22.0,93.0,43.0,31.0,169.0,137.0,0.0,0.0,-
21,8478882,Vladislav Gavrikov,NYR,D,https://assets.nhle.com/mugs/nhl/20252026/NYR/8478882.png,https://assets.nhle.com/logos/nhl/svg/NYR_light.svg,44,vladislavgavrikov,82.0,1945.4666666667,14.0,21.0,9.0,12.0,35.0,43.75,120.0,11.67,8.11,320.0,194.0,94.0,24.0,4.0,27.0,50.0,24.0,24.0,0.0,0.0,8.0,103.0,22.0,50.0,107.0,105.0,0.0,0.0,-
22,8477495,Seth Jones,FLA,D,https://assets.nhle.com/mugs/nhl/20252026/FLA/8477495.png,https://assets.nhle.com/logos/nhl/svg/FLA_light.svg,3,sethjones,52.0,1232.3,7.0,25.0,11.0,14.0,32.0,45.71,88.0,7.95,6.15,230.0,149.0,69.0,7.0,1.0,26.0,18.0,7.0,7.0,0.0,0.0,8.0,66.0,13.0,47.0,75.0,61.0,0.0,0.0,-
23,8479323,Adam Fox,NYR,D,https://assets.nhle.com/mugs/nhl/20252026/NYR/8479323.png,https://assets.nhle.com/logos/nhl/svg/NYR_light.svg,23,adamfox,55.0,1299.5833333333,9.0,44.0,17.0,27.0,53.0,58.89,91.0,9.89,9.23,274.0,156.0,89.0,15.0,7.0,28.0,20.0,10.0,10.0,0.0,0.0,7.0,65.0,36.0,24.0,69.0,74.0,0.0,0.0,-
24,8474578,Erik Karlsson,PIT,D,https://assets.nhle.com/mugs/nhl/20252026/PIT/8474578.png,https://assets.nhle.com/logos/nhl/svg/PIT_light.svg,65,erikkarlsson,75.0,1770.0333333333,15.0,51.0,23.0,28.0,66.0,51.97,176.0,8.52,11.53,471.0,291.0,140.0,16.0,3.0,41.0,22.0,11.0,11.0,0.0,0.0,11.0,102.0,37.0,20.0,80.0,64.0,0.0,0.0,-
25,8481598,Philip Broberg,STL,D,https://assets.nhle.com/mugs/nhl/20252026/STL/8481598.png,https://assets.nhle.com/logos/nhl/svg/STL_light.svg?season=20252026,6,philipbroberg,81.0,1891.9666666667,6.0,28.0,14.0,14.0,34.0,38.20,98.0,6.12,7.41,253.0,159.0,102.0,16.0,4.0,22.0,16.0,8.0,8.0,0.0,0.0,20.0,111.0,26.0,35.0,142.0,98.0,0.0,0.0,-
26,8479345,Jakob Chychrun,WSH,D,https://assets.nhle.com/mugs/nhl/20252026/WSH/8479345.png,https://assets.nhle.com/logos/nhl/svg/WSH_secondary_light.svg,6,jakobchychrun,80.0,1867.2666666667,26.0,34.0,13.0,21.0,60.0,50.00,221.0,11.76,18.06,528.0,356.0,190.0,40.0,2.0,47.0,62.0,27.0,25.0,2.0,0.0,16.0,105.0,40.0,58.0,101.0,114.0,0.0,0.0,-
27,8476902,Esa Lindell,DAL,D,https://assets.nhle.com/mugs/nhl/20252026/DAL/8476902.png,https://assets.nhle.com/logos/nhl/svg/DAL_light.svg,23,esalindell,82.0,1905.25,6.0,26.0,11.0,15.0,32.0,36.36,83.0,7.23,7.81,194.0,124.0,65.0,8.0,8.0,13.0,20.0,10.0,10.0,0.0,0.0,6.0,112.0,30.0,30.0,162.0,179.0,0.0,0.0,-
28,8478397,Rasmus Andersson,VGK,D,https://assets.nhle.com/mugs/nhl/20252026/VGK/8478397.png,https://assets.nhle.com/logos/nhl/svg/VGK_light.svg,4,rasmusandersson,81.0,1879.3333333333,17.0,30.0,22.0,8.0,47.0,46.08,177.0,9.60,13.34,402.0,276.0,117.0,29.0,8.0,31.0,71.0,30.0,28.0,1.0,1.0,21.0,102.0,27.0,37.0,109.0,150.0,0.0,0.0,-
29,8474590,John Carlson,ANA,D,https://assets.nhle.com/mugs/nhl/20252026/ANA/8474590.png,https://assets.nhle.com/logos/nhl/svg/ANA_light.svg,74,johncarlson,71.0,1644.3833333333,14.0,46.0,23.0,23.0,60.0,54.05,154.0,9.09,11.93,355.0,244.0,107.0,27.0,6.0,38.0,32.0,16.0,16.0,0.0,0.0,7.0,118.0,45.0,26.0,76.0,106.0,0.0,1.0,0.00
30,8474563,Drew Doughty,LAK,D,https://assets.nhle.com/mugs/nhl/20252026/LAK/8474563.png,https://assets.nhle.com/logos/nhl/svg/LAK_light.svg,8,drewdoughty,72.0,1662.2166666667,5.0,18.0,7.0,11.0,23.0,31.08,101.0,4.95,6.95,259.0,155.0,55.0,9.0,8.0,25.0,40.0,20.0,20.0,0.0,0.0,6.0,82.0,18.0,52.0,97.0,76.0,0.0,0.0,-
31,8481581,Thomas Harley,DAL,D,https://assets.nhle.com/mugs/nhl/20252026/DAL/8481581.png,https://assets.nhle.com/logos/nhl/svg/DAL_light.svg,55,thomasharley,70.0,1613.95,6.0,30.0,16.0,14.0,36.0,43.37,113.0,5.31,7.71,289.0,173.0,88.0,9.0,4.0,27.0,26.0,13.0,13.0,0.0,0.0,5.0,84.0,36.0,39.0,161.0,148.0,0.0,0.0,-
32,8482684,Luke Hughes,NJD,D,https://assets.nhle.com/mugs/nhl/20252026/NJD/8482684.png,https://assets.nhle.com/logos/nhl/svg/NJD_light.svg,43,lukehughes,68.0,1564.7666666667,6.0,29.0,12.0,17.0,35.0,47.30,149.0,4.03,9.18,375.0,213.0,112.0,18.0,6.0,27.0,32.0,16.0,16.0,0.0,0.0,10.0,108.0,29.0,19.0,89.0,52.0,0.0,0.0,-
33,8478402,Connor McDavid,EDM,C,https://assets.nhle.com/mugs/nhl/20252026/EDM/8478402.png,https://assets.nhle.com/logos/nhl/svg/EDM_light.svg,97,connormcdavid,82.0,1885.45,48.0,90.0,57.0,33.0,138.0,80.70,307.0,15.64,42.05,508.0,425.0,338.0,144.0,6.0,54.0,44.0,22.0,22.0,0.0,0.0,56.0,134.0,32.0,40.0,94.0,30.0,457.0,466.0,49.51
34,8477447,Shea Theodore,VGK,D,https://assets.nhle.com/mugs/nhl/20252026/VGK/8477447.png,https://assets.nhle.com/logos/nhl/svg/VGK_light.svg,27,sheatheodore,70.0,1598.55,10.0,29.0,14.0,15.0,39.0,44.32,129.0,7.75,8.66,322.0,198.0,91.0,14.0,5.0,23.0,24.0,11.0,11.0,0.0,0.0,8.0,90.0,23.0,2.0,92.0,87.0,0.0,0.0,-
35,8480807,Mattias Samuelsson,BUF,D,https://assets.nhle.com/mugs/nhl/20252026/BUF/8480807.png,https://assets.nhle.com/logos/nhl/svg/BUF_light.svg,23,mattiassamuelsson,78.0,1780.6666666667,13.0,28.0,12.0,16.0,41.0,39.05,109.0,11.93,7.44,245.0,163.0,77.0,14.0,8.0,12.0,28.0,14.0,14.0,0.0,0.0,11.0,80.0,17.0,132.0,163.0,154.0,0.0,0.0,-
36,8476885,Jacob Trouba,ANA,D,https://assets.nhle.com/mugs/nhl/20252026/ANA/8476885.png,https://assets.nhle.com/logos/nhl/svg/ANA_light.svg,65,jaketrouba,81.0,1849.0,10.0,25.0,14.0,11.0,35.0,42.68,166.0,6.02,7.48,345.0,238.0,72.0,17.0,3.0,32.0,31.0,14.0,13.0,1.0,0.0,12.0,89.0,22.0,143.0,64.0,150.0,0.0,0.0,-
37,8480145,Neal Pionk,WPG,D,https://assets.nhle.com/mugs/nhl/20252026/WPG/8480145.png,https://assets.nhle.com/logos/nhl/svg/WPG_light.svg,4,nealpionk,51.0,1158.2,3.0,9.0,4.0,5.0,12.0,24.49,96.0,3.13,4.05,219.0,143.0,41.0,1.0,0.0,10.0,37.0,13.0,11.0,1.0,1.0,9.0,56.0,15.0,111.0,69.0,75.0,0.0,0.0,-
38,8478178,Darren Raddysh,TBL,D,https://assets.nhle.com/mugs/nhl/20252026/TBL/8478178.png,https://assets.nhle.com/logos/nhl/svg/TBL_light.svg,43,darrenraddysh,73.0,1656.5,22.0,48.0,24.0,24.0,70.0,54.26,212.0,10.38,12.52,460.0,323.0,118.0,18.0,5.0,33.0,62.0,24.0,21.0,2.0,1.0,9.0,73.0,14.0,67.0,102.0,69.0,0.0,0.0,-
39,8478055,Gustav Forsling,FLA,D,https://assets.nhle.com/mugs/nhl/20252026/FLA/8478055.png,https://assets.nhle.com/logos/nhl/svg/FLA_light.svg,42,gustavforsling,80.0,1810.3,2.0,26.0,12.0,14.0,28.0,32.94,112.0,1.79,4.71,278.0,168.0,54.0,6.0,2.0,34.0,51.0,20.0,18.0,1.0,1.0,7.0,59.0,29.0,52.0,63.0,98.0,0.0,0.0,-
40,8476869,Brady Skjei,NSH,D,https://assets.nhle.com/mugs/nhl/20252026/NSH/8476869.png,https://assets.nhle.com/logos/nhl/svg/NSH_light.svg,76,bradyskjei,82.0,1853.9833333333,3.0,23.0,13.0,10.0,26.0,30.59,111.0,2.70,6.31,273.0,170.0,90.0,10.0,4.0,22.0,40.0,19.0,19.0,0.0,0.0,8.0,113.0,30.0,70.0,109.0,84.0,0.0,0.0,-
41,8478396,Noah Hanifin,VGK,D,https://assets.nhle.com/mugs/nhl/20252026/VGK/8478396.png,https://assets.nhle.com/logos/nhl/svg/VGK_light.svg,15,noahhanifin,71.0,1604.6833333333,3.0,25.0,9.0,16.0,28.0,37.84,135.0,2.22,6.39,305.0,197.0,78.0,14.0,2.0,32.0,14.0,7.0,7.0,0.0,0.0,2.0,98.0,36.0,36.0,123.0,116.0,0.0,0.0,-
42,8478469,Thomas Chabot,OTT,D,https://assets.nhle.com/mugs/nhl/20252026/OTT/8478469.png,https://assets.nhle.com/logos/nhl/svg/OTT_light.svg,72,thomaschabot,57.0,1287.0,7.0,24.0,14.0,10.0,31.0,38.75,99.0,7.07,5.31,254.0,151.0,66.0,9.0,5.0,22.0,22.0,10.0,10.0,0.0,0.0,6.0,59.0,25.0,36.0,78.0,111.0,0.0,0.0,-
43,8477986,Brandon Montour,SEA,D,https://assets.nhle.com/mugs/nhl/20252026/SEA/8477986.png,https://assets.nhle.com/logos/nhl/svg/SEA_light.svg,62,brandonmontour,64.0,1443.8166666667,11.0,21.0,12.0,9.0,32.0,55.17,175.0,6.29,10.38,375.0,255.0,90.0,11.0,2.0,27.0,45.0,20.0,19.0,1.0,0.0,12.0,92.0,32.0,75.0,86.0,78.0,0.0,0.0,-
44,8481546,Cam York,PHI,D,https://assets.nhle.com/mugs/nhl/20252026/PHI/8481546.png,https://assets.nhle.com/logos/nhl/svg/PHI_light.svg,8,camyork,74.0,1667.65,4.0,22.0,11.0,11.0,26.0,31.71,89.0,4.49,7.11,198.0,139.0,84.0,28.0,5.0,16.0,28.0,14.0,14.0,0.0,0.0,8.0,67.0,20.0,24.0,115.0,145.0,0.0,0.0,-
45,8480865,Noah Dobson,MTL,D,https://assets.nhle.com/mugs/nhl/20252026/MTL/8480865.png,https://assets.nhle.com/logos/nhl/svg/MTL_light.svg,53,noahdobson,80.0,1798.7333333333,12.0,35.0,18.0,17.0,47.0,49.47,158.0,7.59,9.59,357.0,249.0,83.0,17.0,7.0,31.0,34.0,17.0,17.0,0.0,0.0,15.0,95.0,36.0,62.0,180.0,188.0,0.0,0.0,-
46,8477932,Aaron Ekblad,FLA,D,https://assets.nhle.com/mugs/nhl/20252026/FLA/8477932.png,https://assets.nhle.com/logos/nhl/svg/FLA_light.svg,5,aaronekblad,72.0,1618.4,4.0,22.0,13.0,9.0,26.0,32.10,97.0,4.12,5.65,241.0,155.0,66.0,10.0,2.0,21.0,55.0,26.0,25.0,1.0,0.0,13.0,68.0,20.0,84.0,52.0,103.0,0.0,1.0,0.00
47,8477346,MacKenzie Weegar,UTA,D,https://assets.nhle.com/mugs/nhl/20252026/UTA/8477346.png,https://assets.nhle.com/logos/nhl/svg/UTA_light.svg?season=20252026,52,mackenzieweegar,79.0,1774.5166666667,4.0,24.0,13.0,11.0,28.0,40.00,154.0,2.60,6.58,393.0,234.0,78.0,6.0,5.0,35.0,88.0,29.0,24.0,2.0,3.0,6.0,124.0,32.0,167.0,161.0,175.0,0.0,0.0,-
48,8476931,Jake McCabe,TOR,D,https://assets.nhle.com/mugs/nhl/20252026/TOR/8476931.png,https://assets.nhle.com/logos/nhl/svg/TOR_light.svg,22,jakemccabe,80.0,1792.3833333333,5.0,20.0,10.0,10.0,25.0,29.41,77.0,6.49,3.88,178.0,120.0,50.0,11.0,6.0,15.0,64.0,25.0,22.0,2.0,1.0,9.0,86.0,27.0,104.0,132.0,190.0,0.0,0.0,-
49,8480817,K'Andre Miller,CAR,D,https://assets.nhle.com/mugs/nhl/20252026/CAR/8480817.png,https://assets.nhle.com/logos/nhl/svg/CAR_light.svg,19,kandremiller,72.0,1612.2833333333,8.0,29.0,13.0,16.0,37.0,45.12,123.0,6.50,5.71,309.0,196.0,85.0,15.0,7.0,15.0,56.0,28.0,28.0,0.0,0.0,12.0,80.0,44.0,101.0,68.0,79.0,0.0,1.0,0.00
50,8478038,Devon Toews,COL,D,https://assets.nhle.com/mugs/nhl/20252026/COL/8478038.png,https://assets.nhle.com/logos/nhl/svg/COL_light.svg,7,devontoews,68.0,1521.0833333333,3.0,21.0,9.0,12.0,24.0,26.97,115.0,2.61,7.47,240.0,168.0,79.0,27.0,3.0,22.0,32.0,16.0,16.0,0.0,0.0,8.0,64.0,29.0,26.0,43.0,83.0,0.0,0.0,-
51,8482762,Simon Edvinsson,DET,D,https://assets.nhle.com/mugs/nhl/20252026/DET/8482762.png,https://assets.nhle.com/logos/nhl/svg/DET_light.svg?season=20252026,77,simonedvinsson,72.0,1609.6166666667,9.0,16.0,9.0,7.0,25.0,32.89,88.0,10.23,7.02,208.0,138.0,58.0,20.0,5.0,12.0,75.0,31.0,29.0,1.0,1.0,16.0,89.0,26.0,94.0,173.0,148.0,0.0,0.0,-
52,8481524,Bowen Byram,BUF,D,https://assets.nhle.com/mugs/nhl/20252026/BUF/8481524.png,https://assets.nhle.com/logos/nhl/svg/BUF_light.svg,24,bowenbyram,82.0,1831.9333333333,11.0,31.0,15.0,16.0,42.0,40.00,109.0,10.09,11.69,243.0,195.0,89.0,25.0,4.0,13.0,48.0,20.0,19.0,0.0,1.0,14.0,84.0,22.0,50.0,150.0,93.0,0.0,0.0,-
53,8477492,Nathan MacKinnon,COL,C,https://assets.nhle.com/mugs/nhl/20252026/COL/8477492.png,https://assets.nhle.com/logos/nhl/svg/COL_light.svg,29,nathanmackinnon,80.0,1780.95,53.0,74.0,50.0,24.0,127.0,75.15,352.0,15.06,39.6,600.0,471.0,323.0,115.0,10.0,45.0,39.0,14.0,12.0,1.0,1.0,21.0,165.0,25.0,64.0,75.0,35.0,681.0,653.0,51.05
54,8476892,Colton Parayko,STL,D,https://assets.nhle.com/mugs/nhl/20252026/STL/8476892.png,https://assets.nhle.com/logos/nhl/svg/STL_light.svg?season=20252026,55,coltonparayko,77.0,1709.1166666667,4.0,14.0,6.0,8.0,18.0,29.51,105.0,3.81,5.25,246.0,175.0,66.0,11.0,6.0,21.0,23.0,10.0,9.0,1.0,0.0,14.0,92.0,35.0,95.0,106.0,172.0,0.0,0.0,-
55,8478864,Kirill Kaprizov,MIN,L,https://assets.nhle.com/mugs/nhl/20252026/MIN/8478864.png,https://assets.nhle.com/logos/nhl/svg/MIN_light.svg,97,kirillkaprizov,78.0,1727.45,45.0,44.0,27.0,17.0,89.0,67.42,267.0,16.85,40.83,534.0,422.0,289.0,123.0,7.0,62.0,28.0,14.0,14.0,0.0,0.0,18.0,112.0,22.0,52.0,70.0,27.0,0.0,2.0,0.00
56,8475753,Justin Faulk,DET,D,https://assets.nhle.com/mugs/nhl/20252026/DET/8475753.png,https://assets.nhle.com/logos/nhl/svg/DET_light.svg?season=20252026,72,justinfaulk,78.0,1716.8166666667,16.0,24.0,13.0,11.0,40.0,50.00,148.0,10.81,8.94,305.0,205.0,81.0,18.0,4.0,34.0,42.0,20.0,20.0,0.0,0.0,6.0,64.0,27.0,70.0,78.0,132.0,0.0,0.0,-
57,8480860,Kevin Bahl,CGY,D,https://assets.nhle.com/mugs/nhl/20252026/CGY/8480860.png,https://assets.nhle.com/logos/nhl/svg/CGY_light.svg,7,kevinbahl,76.0,1668.7666666667,4.0,14.0,4.0,10.0,18.0,26.09,57.0,7.02,2.59,144.0,84.0,37.0,7.0,3.0,19.0,47.0,22.0,21.0,1.0,0.0,12.0,90.0,42.0,114.0,75.0,99.0,0.0,0.0,-
58,8480049,Dylan Samberg,WPG,D,https://assets.nhle.com/mugs/nhl/20252026/WPG/8480049.png,https://assets.nhle.com/logos/nhl/svg/WPG_light.svg,54,dylansamberg,66.0,1440.2333333333,1.0,13.0,3.0,10.0,14.0,26.92,86.0,1.16,3.32,208.0,134.0,53.0,7.0,8.0,11.0,14.0,7.0,7.0,0.0,0.0,7.0,66.0,27.0,53.0,98.0,115.0,0.0,0.0,-
59,8480336,Sean Walker,CAR,D,https://assets.nhle.com/mugs/nhl/20252026/CAR/8480336.png,https://assets.nhle.com/logos/nhl/svg/CAR_light.svg,26,seanwalker,81.0,1766.8,9.0,22.0,10.0,12.0,31.0,36.05,176.0,5.11,11.15,449.0,262.0,137.0,19.0,10.0,39.0,59.0,28.0,27.0,1.0,0.0,15.0,96.0,33.0,141.0,189.0,125.0,0.0,0.0,-
60,8471724,Kris Letang,PIT,D,https://assets.nhle.com/mugs/nhl/20252026/PIT/8471724.png,https://assets.nhle.com/logos/nhl/svg/PIT_light.svg,58,krisletang,74.0,1604.5,3.0,31.0,16.0,15.0,34.0,37.78,104.0,2.88,5.14,255.0,160.0,69.0,13.0,6.0,12.0,38.0,19.0,19.0,0.0,0.0,10.0,99.0,26.0,95.0,114.0,93.0,0.0,0.0,-
61,8478407,Vince Dunn,SEA,D,https://assets.nhle.com/mugs/nhl/20252026/SEA/8478407.png,https://assets.nhle.com/logos/nhl/svg/SEA_light.svg,29,vincedunn,81.0,1754.65,11.0,33.0,18.0,15.0,44.0,48.35,179.0,6.15,9.14,380.0,243.0,101.0,15.0,7.0,27.0,54.0,27.0,27.0,0.0,0.0,17.0,88.0,29.0,27.0,79.0,86.0,0.0,0.0,-
62,8482671,Owen Power,BUF,D,https://assets.nhle.com/mugs/nhl/20252026/BUF/8482671.png,https://assets.nhle.com/logos/nhl/svg/BUF_light.svg,25,owenpower,81.0,1753.9,8.0,21.0,6.0,15.0,29.0,33.72,120.0,6.67,6.22,249.0,170.0,78.0,15.0,3.0,17.0,16.0,8.0,8.0,0.0,0.0,6.0,79.0,22.0,30.0,127.0,95.0,0.0,0.0,-
63,8476854,Hampus Lindholm,BOS,D,https://assets.nhle.com/mugs/nhl/20252026/BOS/8476854.png,https://assets.nhle.com/logos/nhl/svg/BOS_light.svg?season=20252026,27,hampuslindholm,67.0,1448.75,5.0,21.0,11.0,10.0,26.0,39.39,100.0,5.00,5.17,248.0,148.0,83.0,11.0,5.0,21.0,58.0,27.0,27.0,0.0,0.0,10.0,80.0,25.0,12.0,138.0,103.0,0.0,0.0,-
64,8477934,Leon Draisaitl,EDM,C,https://assets.nhle.com/mugs/nhl/20252026/EDM/8477934.png,https://assets.nhle.com/logos/nhl/svg/EDM_light.svg,29,leondraisaitl,65.0,1402.3833333333,35.0,62.0,40.0,22.0,97.0,71.85,184.0,19.02,25.64,370.0,293.0,198.0,65.0,2.0,30.0,26.0,13.0,13.0,0.0,0.0,11.0,106.0,26.0,34.0,55.0,15.0,628.0,475.0,56.94
65,8482655,J.J. Moser,TBL,D,https://assets.nhle.com/mugs/nhl/20252026/TBL/8482655.png,https://assets.nhle.com/logos/nhl/svg/TBL_light.svg,90,janismoser,79.0,1704.1666666667,7.0,22.0,7.0,15.0,29.0,29.90,111.0,6.31,6.59,250.0,170.0,79.0,17.0,3.0,18.0,69.0,22.0,17.0,3.0,2.0,28.0,80.0,22.0,61.0,159.0,91.0,0.0,0.0,-
66,8482142,Jamie Drysdale,PHI,D,https://assets.nhle.com/mugs/nhl/20252026/PHI/8482142.png,https://assets.nhle.com/logos/nhl/svg/PHI_light.svg,9,jamiedrysdale,78.0,1681.2,8.0,24.0,6.0,18.0,32.0,40.00,101.0,7.92,6.78,254.0,164.0,83.0,13.0,1.0,19.0,33.0,11.0,9.0,1.0,1.0,8.0,54.0,17.0,16.0,92.0,94.0,0.0,0.0,-
67,8476462,Dougie Hamilton,NJD,D,https://assets.nhle.com/mugs/nhl/20252026/NJD/8476462.png,https://assets.nhle.com/logos/nhl/svg/NJD_light.svg,7,dougiehamilton,77.0,1658.5833333333,12.0,26.0,10.0,16.0,38.0,43.18,203.0,5.91,11.58,457.0,299.0,123.0,16.0,12.0,43.0,50.0,24.0,24.0,0.0,0.0,6.0,119.0,14.0,87.0,107.0,77.0,0.0,0.0,-
68,8478398,Kyle Connor,WPG,L,https://assets.nhle.com/mugs/nhl/20252026/WPG/8478398.png,https://assets.nhle.com/logos/nhl/svg/WPG_light.svg,81,kyleconnor,82.0,1763.5166666667,39.0,53.0,33.0,20.0,92.0,71.88,274.0,14.23,30.76,498.0,393.0,290.0,97.0,5.0,46.0,16.0,8.0,8.0,0.0,0.0,17.0,69.0,21.0,36.0,43.0,19.0,0.0,1.0,0.00
69,8476460,Mark Scheifele,WPG,C,https://assets.nhle.com/mugs/nhl/20252026/WPG/8476460.png,https://assets.nhle.com/logos/nhl/svg/WPG_light.svg,55,markscheifele,82.0,1763.3333333333,36.0,67.0,42.0,25.0,103.0,77.44,175.0,20.57,27.39,328.0,272.0,243.0,107.0,5.0,33.0,43.0,15.0,13.0,1.0,1.0,27.0,129.0,31.0,32.0,107.0,47.0,594.0,679.0,46.66
70,8480039,Martin Necas,COL,C,https://assets.nhle.com/mugs/nhl/20252026/COL/8480039.png,https://assets.nhle.com/logos/nhl/svg/COL_light.svg,88,martinnecas,78.0,1676.85,38.0,62.0,35.0,27.0,100.0,67.11,206.0,18.45,27.19,417.0,306.0,213.0,81.0,5.0,24.0,30.0,15.0,15.0,0.0,0.0,30.0,123.0,23.0,85.0,100.0,26.0,9.0,12.0,42.86
71,8476331,Dylan DeMelo,WPG,D,https://assets.nhle.com/mugs/nhl/20252026/WPG/8476331.png,https://assets.nhle.com/logos/nhl/svg/WPG_light.svg,2,dylandemelo,82.0,1759.5,3.0,16.0,4.0,12.0,19.0,26.03,74.0,4.05,2.99,200.0,133.0,37.0,6.0,2.0,14.0,40.0,20.0,20.0,0.0,0.0,14.0,80.0,23.0,115.0,137.0,109.0,0.0,0.0,-
72,8477969,Marcus Pettersson,VAN,D,https://assets.nhle.com/mugs/nhl/20252026/VAN/8477969.png,https://assets.nhle.com/logos/nhl/svg/VAN_light.svg,26,marcuspettersson,82.0,1759.1333333333,3.0,15.0,4.0,11.0,18.0,30.00,65.0,4.62,4.34,181.0,125.0,39.0,8.0,4.0,14.0,60.0,27.0,25.0,2.0,0.0,9.0,86.0,19.0,79.0,160.0,136.0,0.0,0.0,-
73,8477499,Rasmus Ristolainen,PHI,D,https://assets.nhle.com/mugs/nhl/20252026/PHI/8477499.png,https://assets.nhle.com/logos/nhl/svg/PHI_light.svg,55,rasmusristolainen,44.0,940.98333333333,1.0,13.0,4.0,9.0,14.0,30.43,58.0,1.72,5.27,142.0,92.0,45.0,15.0,2.0,17.0,16.0,8.0,8.0,0.0,0.0,10.0,39.0,12.0,48.0,95.0,63.0,0.0,0.0,-
74,8476457,Adam Larsson,SEA,D,https://assets.nhle.com/mugs/nhl/20252026/SEA/8476457.png,https://assets.nhle.com/logos/nhl/svg/SEA_light.svg,6,adamlarsson,82.0,1752.6,7.0,18.0,10.0,8.0,25.0,37.88,106.0,6.60,3.53,220.0,149.0,56.0,3.0,2.0,28.0,42.0,21.0,21.0,0.0,0.0,2.0,53.0,16.0,110.0,88.0,163.0,0.0,0.0,-
75,8484801,Macklin Celebrini,SJS,C,https://assets.nhle.com/mugs/nhl/20252026/SJS/8484801.png,https://assets.nhle.com/logos/nhl/svg/SJS_light.svg,71,macklincelebrini,82.0,1747.9,45.0,70.0,46.0,24.0,115.0,84.56,287.0,15.68,31.66,543.0,410.0,322.0,92.0,8.0,54.0,44.0,22.0,22.0,0.0,0.0,34.0,150.0,41.0,53.0,93.0,53.0,625.0,660.0,48.64
76,8481559,Jack Hughes,NJD,C,https://assets.nhle.com/mugs/nhl/20252026/NJD/8481559.png,https://assets.nhle.com/logos/nhl/svg/NJD_light.svg,86,jackhughes,61.0,1300.25,27.0,50.0,32.0,18.0,77.0,81.05,228.0,11.84,25.64,430.0,310.0,257.0,89.0,4.0,44.0,10.0,5.0,5.0,0.0,0.0,16.0,126.0,37.0,4.0,46.0,32.0,145.0,272.0,34.77
77,8476958,Jaccob Slavin,CAR,D,https://assets.nhle.com/mugs/nhl/20252026/CAR/8476958.png,https://assets.nhle.com/logos/nhl/svg/CAR_light.svg,74,jaccobslavin,39.0,831.1,1.0,7.0,1.0,6.0,8.0,19.51,63.0,1.59,2.83,127.0,94.0,26.0,7.0,1.0,6.0,4.0,2.0,2.0,0.0,0.0,2.0,37.0,32.0,6.0,45.0,54.0,0.0,0.0,-
78,8486166,Viking Gustafsson Nyberg,MIN,D,https://assets.nhle.com/mugs/nhl/20252026/MIN/8486166.png,https://assets.nhle.com/logos/nhl/svg/MIN_light.svg,6,vikinggustafssonnyberg,2.0,42.583333333333,0.0,0.0,0.0,0.0,0.0,0.00,0.0,-,0.0,1.0,0.0,1.0,0.0,0.0,0.0,0.0,0.0,0.0,0.0,0.0,0.0,1.0,1.0,2.0,6.0,3.0,0.0,0.0,-
79,8477933,Sam Reinhart,FLA,C,https://assets.nhle.com/mugs/nhl/20252026/FLA/8477933.png,https://assets.nhle.com/logos/nhl/svg/FLA_light.svg,13,samreinhart,64.0,1362.3333333333,29.0,32.0,20.0,12.0,61.0,71.76,166.0,17.47,32.28,368.0,277.0,246.0,121.0,5.0,34.0,10.0,5.0,5.0,0.0,0.0,7.0,52.0,15.0,59.0,82.0,40.0,56.0,91.0,38.10
80,8478403,Jack Eichel,VGK,C,https://assets.nhle.com/mugs/nhl/20252026/VGK/8478403.png,https://assets.nhle.com/logos/nhl/svg/VGK_light.svg,9,jackeichel,74.0,1568.8666666667,27.0,63.0,30.0,33.0,90.0,67.16,260.0,10.38,26.31,471.0,363.0,205.0,69.0,6.0,47.0,18.0,8.0,8.0,0.0,0.0,20.0,120.0,28.0,35.0,51.0,40.0,558.0,613.0,47.65
81,8475200,Dmitry Orlov,SJS,D,https://assets.nhle.com/mugs/nhl/20252026/SJS/8475200.png,https://assets.nhle.com/logos/nhl/svg/SJS_light.svg,9,dmitryorlov,82.0,1738.05,3.0,34.0,18.0,16.0,37.0,41.11,91.0,3.30,4.96,237.0,149.0,60.0,10.0,1.0,18.0,48.0,24.0,24.0,0.0,0.0,13.0,105.0,22.0,123.0,74.0,77.0,0.0,0.0,-
82,8476853,Morgan Rielly,TOR,D,https://assets.nhle.com/mugs/nhl/20252026/TOR/8476853.png,https://assets.nhle.com/logos/nhl/svg/TOR_light.svg,44,morganrielly,78.0,1648.6666666667,11.0,25.0,10.0,15.0,36.0,35.64,141.0,7.80,8.43,330.0,222.0,104.0,13.0,5.0,29.0,29.0,13.0,12.0,1.0,0.0,8.0,87.0,22.0,35.0,120.0,114.0,0.0,0.0,-
83,8481568,Alex Vlasic,CHI,D,https://assets.nhle.com/mugs/nhl/20252026/CHI/8481568.png,https://assets.nhle.com/logos/nhl/svg/CHI_light.svg?season=20252026,72,alexvlasic,81.0,1710.85,2.0,19.0,11.0,8.0,21.0,35.59,86.0,2.33,3.27,213.0,133.0,50.0,6.0,4.0,27.0,17.0,7.0,6.0,1.0,0.0,10.0,92.0,28.0,29.0,168.0,119.0,0.0,0.0,-
84,8475764,Cam Fowler,STL,D,https://assets.nhle.com/mugs/nhl/20252026/STL/8475764.png,https://assets.nhle.com/logos/nhl/svg/STL_light.svg?season=20252026,17,camfowler,82.0,1728.5,4.0,26.0,16.0,10.0,30.0,37.50,91.0,4.40,3.9,226.0,123.0,67.0,6.0,2.0,26.0,14.0,7.0,7.0,0.0,0.0,4.0,63.0,19.0,9.0,78.0,72.0,0.0,0.0,-
85,8476923,Damon Severson,CBJ,D,https://assets.nhle.com/mugs/nhl/20252026/CBJ/8476923.png,https://assets.nhle.com/logos/nhl/svg/CBJ_light.svg,78,damonseverson,71.0,1496.2,8.0,24.0,12.0,12.0,32.0,40.00,93.0,8.60,8.26,238.0,149.0,89.0,28.0,4.0,21.0,45.0,21.0,20.0,1.0,0.0,7.0,82.0,28.0,39.0,52.0,86.0,0.0,0.0,-
86,8479983,Mario Ferraro,SJS,D,https://assets.nhle.com/mugs/nhl/20252026/SJS/8479983.png,https://assets.nhle.com/logos/nhl/svg/SJS_light.svg,38,marioferraro,82.0,1724.3166666667,7.0,16.0,9.0,7.0,23.0,34.33,94.0,7.45,4.16,207.0,136.0,47.0,9.0,6.0,21.0,35.0,16.0,15.0,1.0,0.0,10.0,88.0,36.0,138.0,122.0,149.0,0.0,0.0,-
87,8477498,Darnell Nurse,EDM,D,https://assets.nhle.com/mugs/nhl/20252026/EDM/8477498.png,https://assets.nhle.com/logos/nhl/svg/EDM_light.svg,25,darnellnurse,82.0,1720.2333333333,7.0,17.0,9.0,8.0,24.0,36.36,164.0,4.27,6.96,354.0,238.0,81.0,12.0,11.0,33.0,104.0,29.0,21.0,4.0,4.0,18.0,88.0,19.0,137.0,98.0,167.0,0.0,0.0,-
88,8476459,Mika Zibanejad,NYR,C,https://assets.nhle.com/mugs/nhl/20252026/NYR/8476459.png,https://assets.nhle.com/logos/nhl/svg/NYR_light.svg,93,mikazibanejad,81.0,1692.7,34.0,44.0,29.0,15.0,78.0,71.56,215.0,15.81,27.48,416.0,338.0,211.0,95.0,6.0,36.0,14.0,7.0,7.0,0.0,0.0,9.0,112.0,34.0,105.0,51.0,50.0,574.0,520.0,52.47
89,8476917,Adam Pelech,NYI,D,https://assets.nhle.com/mugs/nhl/20252026/NYI/8476917.png,https://assets.nhle.com/logos/nhl/svg/NYI_light.svg,3,adampelech,82.0,1713.0333333333,4.0,12.0,7.0,5.0,16.0,27.12,122.0,3.28,6.33,319.0,213.0,76.0,10.0,6.0,25.0,50.0,25.0,25.0,0.0,0.0,13.0,70.0,31.0,66.0,117.0,125.0,0.0,0.0,-
90,8477507,Nikita Zadorov,BOS,D,https://assets.nhle.com/mugs/nhl/20252026/BOS/8477507.png,https://assets.nhle.com/logos/nhl/svg/BOS_light.svg?season=20252026,91,nikitazadorov,81.0,1691.3833333333,2.0,20.0,10.0,10.0,22.0,30.56,106.0,1.89,6.29,262.0,164.0,63.0,5.0,12.0,21.0,152.0,51.0,41.0,6.0,4.0,26.0,94.0,33.0,196.0,117.0,102.0,0.0,0.0,-
91,8484144,Connor Bedard,CHI,C,https://assets.nhle.com/mugs/nhl/20252026/CHI/8484144.png,https://assets.nhle.com/logos/nhl/svg/CHI_light.svg?season=20252026,98,connorbedard,69.0,1440.7333333333,30.0,45.0,33.0,12.0,75.0,82.42,226.0,13.27,25.5,420.0,338.0,220.0,62.0,8.0,25.0,50.0,25.0,25.0,0.0,0.0,30.0,86.0,27.0,31.0,81.0,27.0,315.0,354.0,47.09
92,8478550,Artemi Panarin,LAK,L,https://assets.nhle.com/mugs/nhl/20252026/LAK/8478550.png,https://assets.nhle.com/logos/nhl/svg/LAK_light.svg,10,artemipanarin,78.0,1625.7,28.0,56.0,30.0,26.0,84.0,73.04,224.0,12.50,23.82,513.0,365.0,235.0,46.0,11.0,38.0,20.0,10.0,10.0,0.0,0.0,18.0,105.0,25.0,11.0,33.0,16.0,1.0,0.0,100.00
93,8475279,Ben Chiarot,DET,D,https://assets.nhle.com/mugs/nhl/20252026/DET/8475279.png,https://assets.nhle.com/logos/nhl/svg/DET_light.svg?season=20252026,8,benchiarot,82.0,1708.6,5.0,10.0,5.0,5.0,15.0,23.08,102.0,4.90,4.03,260.0,161.0,59.0,11.0,8.0,25.0,75.0,31.0,29.0,1.0,1.0,10.0,74.0,25.0,170.0,137.0,160.0,0.0,0.0,-
94,8480018,Nick Suzuki,MTL,C,https://assets.nhle.com/mugs/nhl/20252026/MTL/8480018.png,https://assets.nhle.com/logos/nhl/svg/MTL_light.svg,14,nicksuzuki,82.0,1707.2833333333,29.0,72.0,45.0,27.0,101.0,69.18,183.0,15.85,29.4,385.0,308.0,215.0,86.0,13.0,41.0,28.0,10.0,9.0,0.0,1.0,10.0,72.0,29.0,62.0,95.0,62.0,731.0,718.0,50.45
95,8477506,Ryan Pulock,NYI,D,https://assets.nhle.com/mugs/nhl/20252026/NYI/8477506.png,https://assets.nhle.com/logos/nhl/svg/NYI_light.svg,6,ryanpulock,76.0,1582.0,3.0,24.0,11.0,13.0,27.0,42.19,93.0,3.23,3.54,223.0,141.0,45.0,4.0,6.0,20.0,16.0,8.0,8.0,0.0,0.0,2.0,77.0,27.0,49.0,109.0,147.0,0.0,0.0,-
96,8479318,Auston Matthews,TOR,C,https://assets.nhle.com/mugs/nhl/20252026/TOR/8479318.png,https://assets.nhle.com/logos/nhl/svg/TOR_light.svg,34,austonmatts,60.0,1248.2333333333,27.0,26.0,15.0,11.0,53.0,62.35,227.0,11.89,29.72,402.0,330.0,281.0,118.0,8.0,40.0,18.0,9.0,9.0,0.0,0.0,13.0,51.0,30.0,42.0,27.0,81.0,580.0,392.0,59.67
97,8482245,Artem Zub,OTT,D,https://assets.nhle.com/mugs/nhl/20252026/OTT/8482245.png,https://assets.nhle.com/logos/nhl/svg/OTT_light.svg,2,artemzub,81.0,1684.1833333333,5.0,25.0,13.0,12.0,30.0,40.00,92.0,5.43,3.67,223.0,153.0,58.0,7.0,3.0,31.0,57.0,27.0,26.0,1.0,0.0,7.0,78.0,26.0,66.0,105.0,120.0,0.0,0.0,-
98,8477500,Bo Horvat,NYI,C,https://assets.nhle.com/mugs/nhl/20252026/NYI/8477500.png,https://assets.nhle.com/logos/nhl/svg/NYI_light.svg,14,bohorvat,68.0,1411.8833333333,31.0,26.0,10.0,16.0,57.0,64.04,226.0,13.72,27.29,401.0,315.0,256.0,81.0,6.0,39.0,40.0,14.0,13.0,0.0,1.0,11.0,69.0,19.0,51.0,35.0,38.0,690.0,536.0,56.28
99,8480002,Nico Hischier,NJD,C,https://assets.nhle.com/mugs/nhl/20252026/NJD/8480002.png,https://assets.nhle.com/logos/nhl/svg/NJD_light.svg,13,nicohischier,82.0,1698.7666666667,28.0,38.0,23.0,15.0,66.0,67.35,211.0,13.27,32.16,394.0,299.0,277.0,136.0,9.0,57.0,29.0,13.0,12.0,1.0,0.0,20.0,72.0,27.0,58.0,54.0,62.0,1008.0,800.0,55.75
100,8477956,David Pastrnak,BOS,R,https://assets.nhle.com/mugs/nhl/20252026/BOS/8477956.png,https://assets.nhle.com/logos/nhl/svg/BOS_light.svg?season=20252026,88,davidpastrnak,77.0,1590.5,29.0,71.0,57.0,14.0,100.0,79.37,261.0,11.11,28.92,562.0,389.0,241.0,75.0,10.0,52.0,72.0,27.0,25.0,0.0,2.0,34.0,134.0,32.0,86.0,77.0,32.0,2.0,7.0,22.22
101,8478445,Mathew Barzal,NYI,C,https://assets.nhle.com/mugs/nhl/20252026/NYI/8478445.png,https://assets.nhle.com/logos/nhl/svg/NYI_light.svg,13,mattbarzal,81.0,1672.7166666667,19.0,53.0,31.0,22.0,72.0,64.29,184.0,10.33,23.69,380.0,283.0,176.0,78.0,7.0,43.0,61.0,21.0,18.0,1.0,2.0,30.0,93.0,42.0,29.0,63.0,50.0,210.0,318.0,39.77
102,8478911,Matt Roy,WSH,D,https://assets.nhle.com/mugs/nhl/20252026/WSH/8478911.png,https://assets.nhle.com/logos/nhl/svg/WSH_secondary_light.svg,3,mattroy,79.0,1628.1833333333,2.0,17.0,11.0,6.0,19.0,27.14,93.0,2.15,4.97,213.0,145.0,53.0,12.0,5.0,24.0,12.0,6.0,6.0,0.0,0.0,11.0,69.0,12.0,116.0,150.0,146.0,0.0,0.0,-
103,8475171,Oliver Ekman-Larsson,TOR,D,https://assets.nhle.com/mugs/nhl/20252026/TOR/8475171.png,https://assets.nhle.com/logos/nhl/svg/TOR_light.svg,95,oliverekmanlarsson,78.0,1606.4833333333,8.0,31.0,11.0,20.0,39.0,38.61,108.0,7.41,5.64,269.0,161.0,81.0,14.0,3.0,18.0,70.0,31.0,30.0,0.0,1.0,16.0,109.0,16.0,86.0,112.0,72.0,0.0,0.0,-
104,8475218,Mattias Ekholm,EDM,D,https://assets.nhle.com/mugs/nhl/20252026/EDM/8475218.png,https://assets.nhle.com/logos/nhl/svg/EDM_light.svg,14,mattiasekholm,82.0,1686.9333333333,6.0,35.0,14.0,21.0,41.0,37.61,131.0,4.58,8.23,309.0,205.0,98.0,32.0,5.0,28.0,30.0,15.0,15.0,0.0,0.0,9.0,101.0,25.0,65.0,119.0,125.0,0.0,0.0,-
105,8479998,Mikey Anderson,LAK,D,https://assets.nhle.com/mugs/nhl/20252026/LAK/8479998.png,https://assets.nhle.com/logos/nhl/svg/LAK_light.svg,44,michaelyanderson,80.0,1645.5833333333,4.0,16.0,10.0,6.0,20.0,33.33,61.0,6.56,3.82,173.0,102.0,51.0,12.0,3.0,12.0,22.0,10.0,10.0,0.0,0.0,15.0,53.0,14.0,111.0,146.0,133.0,0.0,0.0,-
106,8481557,Matt Boldy,MIN,L,https://assets.nhle.com/mugs/nhl/20252026/MIN/8481557.png,https://assets.nhle.com/logos/nhl/svg/MIN_light.svg,12,mattboldy,76.0,1563.25,42.0,43.0,23.0,20.0,85.0,71.43,253.0,16.60,32.65,501.0,396.0,252.0,109.0,13.0,37.0,30.0,15.0,15.0,0.0,0.0,25.0,86.0,34.0,60.0,77.0,58.0,55.0,69.0,44.35
107,8476389,Vincent Trocheck,NYR,C,https://assets.nhle.com/mugs/nhl/20252026/NYR/8476389.png,https://assets.nhle.com/logos/nhl/svg/NYR_light.svg,16,vincenttrocheck,67.0,1376.9333333333,16.0,37.0,19.0,18.0,53.0,56.38,114.0,14.04,20.42,256.0,203.0,169.0,88.0,4.0,27.0,64.0,26.0,25.0,0.0,1.0,18.0,80.0,27.0,193.0,70.0,49.0,625.0,474.0,56.87
108,8475188,Brayden McNabb,VGK,D,https://assets.nhle.com/mugs/nhl/20252026/VGK/8475188.png,https://assets.nhle.com/logos/nhl/svg/VGK_light.svg,3,braydenmcnabb,63.0,1292.9666666667,5.0,7.0,3.0,4.0,12.0,23.53,81.0,6.17,4.7,207.0,132.0,59.0,5.0,7.0,15.0,26.0,12.0,12.0,0.0,0.0,11.0,50.0,16.0,110.0,88.0,143.0,0.0,0.0,-
109,8475906,John Klingberg,SJS,D,https://assets.nhle.com/mugs/nhl/20252026/SJS/8475906.png,https://assets.nhle.com/logos/nhl/svg/SJS_light.svg,3,johnklingberg,56.0,1146.1333333333,10.0,17.0,4.0,13.0,27.0,39.13,79.0,12.66,4.95,225.0,138.0,69.0,8.0,2.0,17.0,24.0,12.0,12.0,0.0,0.0,7.0,76.0,13.0,46.0,80.0,62.0,0.0,0.0,-
110,8477505,Alexander Wennberg,SJS,C,https://assets.nhle.com/mugs/nhl/20252026/SJS/8477505.png,https://assets.nhle.com/logos/nhl/svg/SJS_light.svg,21,alexwennberg,80.0,1636.4833333333,18.0,37.0,24.0,13.0,55.0,60.44,94.0,19.15,17.18,172.0,134.0,129.0,81.0,3.0,15.0,18.0,9.0,9.0,0.0,0.0,19.0,54.0,35.0,28.0,62.0,93.0,656.0,744.0,46.86
111,8482073,Braden Schneider,NYR,D,https://assets.nhle.com/mugs/nhl/20252026/NYR/8482073.png,https://assets.nhle.com/logos/nhl/svg/NYR_light.svg,4,bradenschneider,82.0,1676.2666666667,2.0,16.0,10.0,6.0,18.0,28.57,102.0,1.96,4.16,254.0,158.0,56.0,9.0,5.0,20.0,26.0,13.0,13.0,0.0,0.0,9.0,96.0,22.0,163.0,200.0,140.0,0.0,0.0,-
112,8475158,Ryan O'Reilly,NSH,C,https://assets.nhle.com/mugs/nhl/20252026/NSH/8475158.png,https://assets.nhle.com/logos/nhl/svg/NSH_light.svg,90,ryanoreilly,81.0,1651.9833333333,25.0,49.0,32.0,17.0,74.0,67.27,154.0,16.23,26.53,257.0,231.0,200.0,135.0,4.0,21.0,22.0,11.0,11.0,0.0,0.0,10.0,49.0,50.0,17.0,56.0,66.0,740.0,602.0,55.14
113,8483687,Marek Alscher,FLA,D,https://assets.nhle.com/mugs/nhl/20252026/FLA/8483687.png,https://assets.nhle.com/logos/nhl/svg/FLA_light.svg,51,marekalscher,4.0,81.433333333333,0.0,3.0,2.0,1.0,3.0,50.00,6.0,0.00,0.41,13.0,10.0,5.0,0.0,0.0,1.0,0.0,0.0,0.0,0.0,0.0,1.0,3.0,1.0,4.0,10.0,6.0,0.0,0.0,-
114,8478859,Niko Mikkola,FLA,D,https://assets.nhle.com/mugs/nhl/20252026/FLA/8478859.png,https://assets.nhle.com/logos/nhl/svg/FLA_light.svg,77,nikomikkola,68.0,1384.1833333333,3.0,8.0,3.0,5.0,11.0,22.45,68.0,4.41,4.18,173.0,125.0,46.0,14.0,1.0,12.0,47.0,22.0,21.0,1.0,0.0,20.0,73.0,16.0,116.0,113.0,81.0,0.0,0.0,-
115,8476453,Nikita Kucherov,TBL,R,https://assets.nhle.com/mugs/nhl/20252026/TBL/8476453.png,https://assets.nhle.com/logos/nhl/svg/TBL_light.svg,86,nikitakucherov,76.0,1545.4666666667,44.0,86.0,51.0,35.0,130.0,80.75,231.0,19.05,32.17,533.0,378.0,230.0,70.0,6.0,42.0,50.0,20.0,19.0,0.0,1.0,27.0,124.0,21.0,36.0,59.0,29.0,0.0,2.0,0.00
116,8480727,Zach Whitecloud,CGY,D,https://assets.nhle.com/mugs/nhl/20252026/CGY/8480727.png,https://assets.nhle.com/logos/nhl/svg/CGY_light.svg,28,zachwhitecloud,78.0,1585.3666666667,2.0,15.0,6.0,9.0,17.0,30.91,67.0,2.99,3.78,190.0,107.0,49.0,7.0,6.0,13.0,30.0,15.0,15.0,0.0,0.0,7.0,73.0,15.0,124.0,152.0,140.0,0.0,0.0,-
117,8477488,Brett Pesce,NJD,D,https://assets.nhle.com/mugs/nhl/20252026/NJD/8477488.png,https://assets.nhle.com/logos/nhl/svg/NJD_light.svg,22,brettpesce,37.0,751.28333333333,1.0,6.0,4.0,2.0,7.0,36.84,45.0,2.22,2.36,87.0,65.0,31.0,9.0,1.0,5.0,6.0,3.0,3.0,0.0,0.0,6.0,23.0,16.0,11.0,60.0,80.0,0.0,0.0,-
118,8476463,Jonas Brodin,MIN,D,https://assets.nhle.com/mugs/nhl/20252026/MIN/8476463.png,https://assets.nhle.com/logos/nhl/svg/MIN_light.svg,25,jonasbrodin,62.0,1257.9833333333,4.0,14.0,10.0,4.0,18.0,32.14,76.0,5.26,2.57,166.0,105.0,38.0,5.0,6.0,17.0,16.0,8.0,8.0,0.0,0.0,11.0,44.0,13.0,10.0,84.0,126.0,0.0,0.0,-
119,8482116,Tim Stützle,OTT,C,https://assets.nhle.com/mugs/nhl/20252026/OTT/8482116.png,https://assets.nhle.com/logos/nhl/svg/OTT_light.svg,18,timstutzle,80.0,1621.4,34.0,49.0,26.0,23.0,83.0,68.03,194.0,17.53,26.46,364.0,277.0,248.0,100.0,4.0,25.0,39.0,18.0,17.0,1.0,0.0,36.0,92.0,34.0,126.0,103.0,44.0,338.0,300.0,52.98
120,8480027,Jason Robertson,DAL,L,https://assets.nhle.com/mugs/nhl/20252026/DAL/8480027.png,https://assets.nhle.com/logos/nhl/svg/DAL_light.svg,21,jasonrobertson,82.0,1660.75,45.0,51.0,24.0,27.0,96.0,66.21,295.0,15.25,38.99,553.0,423.0,341.0,134.0,6.0,72.0,32.0,16.0,16.0,0.0,0.0,23.0,107.0,24.0,48.0,90.0,34.0,1.0,2.0,33.33
121,8477404,Jake Guentzel,TBL,C,https://assets.nhle.com/mugs/nhl/20252026/TBL/8477404.png,https://assets.nhle.com/logos/nhl/svg/TBL_light.svg,59,jakeguentzel,81.0,1639.9166666667,38.0,50.0,29.0,21.0,88.0,66.67,219.0,17.35,38.21,385.0,315.0,287.0,164.0,7.0,50.0,61.0,21.0,18.0,1.0,2.0,26.0,73.0,23.0,39.0,75.0,41.0,209.0,228.0,47.83
122,8478507,John Marino,UTA,D,https://assets.nhle.com/mugs/nhl/20252026/UTA/8478507.png,https://assets.nhle.com/logos/nhl/svg/UTA_light.svg?season=20252026,6,johnmarino,80.0,1616.1666666667,4.0,32.0,15.0,17.0,36.0,37.89,55.0,7.27,4.52,169.0,92.0,45.0,12.0,3.0,19.0,16.0,8.0,8.0,0.0,0.0,8.0,89.0,23.0,28.0,105.0,67.0,0.0,0.0,-
123,8477946,Dylan Larkin,DET,C,https://assets.nhle.com/mugs/nhl/20252026/DET/8477946.png,https://assets.nhle.com/logos/nhl/svg/DET_light.svg?season=20252026,71,dylanlarkin,74.0,1493.85,34.0,33.0,16.0,17.0,67.0,65.05,227.0,14.98,34.22,450.0,348.0,265.0,126.0,8.0,50.0,48.0,20.0,19.0,0.0,1.0,24.0,67.0,18.0,46.0,44.0,33.0,790.0,702.0,52.95
124,8478420,Mikko Rantanen,DAL,R,https://assets.nhle.com/mugs/nhl/20252026/DAL/8478420.png,https://assets.nhle.com/logos/nhl/svg/DAL_light.svg,96,mikkorantanen,64.0,1291.25,22.0,55.0,34.0,21.0,77.0,74.76,139.0,15.83,20.61,288.0,219.0,195.0,77.0,10.0,28.0,93.0,34.0,29.0,3.0,2.0,34.0,75.0,24.0,48.0,73.0,30.0,37.0,47.0,44.05
125,8478450,Parker Wotherspoon,PIT,D,https://assets.nhle.com/mugs/nhl/20252026/PIT/8478450.png,https://assets.nhle.com/logos/nhl/svg/PIT_light.svg,29,parkerwotherspoon,80.0,1613.7333333333,3.0,27.0,12.0,15.0,30.0,38.46,70.0,4.29,2.32,159.0,99.0,36.0,1.0,6.0,12.0,55.0,22.0,20.0,1.0,1.0,18.0,118.0,26.0,162.0,109.0,112.0,0.0,0.0,-
126,8476468,J.T. Miller,NYR,C,https://assets.nhle.com/mugs/nhl/20252026/NYR/8476468.png,https://assets.nhle.com/logos/nhl/svg/NYR_light.svg,10,jtmiller,68.0,1369.9,17.0,36.0,17.0,19.0,53.0,67.09,144.0,11.81,24.05,279.0,232.0,191.0,115.0,8.0,25.0,33.0,14.0,13.0,1.0,0.0,8.0,84.0,15.0,123.0,41.0,34.0,547.0,343.0,61.46
127,8478970,Jalen Chatfield,CAR,D,https://assets.nhle.com/mugs/nhl/20252026/CAR/8478970.png,https://assets.nhle.com/logos/nhl/svg/CAR_light.svg,5,jalenchatfield,72.0,1450.0166666667,2.0,15.0,6.0,9.0,17.0,23.94,99.0,2.02,4.36,263.0,169.0,61.0,8.0,7.0,31.0,18.0,9.0,9.0,0.0,0.0,6.0,68.0,29.0,36.0,140.0,63.0,0.0,0.0,-
128,8482740,Wyatt Johnston,DAL,C,https://assets.nhle.com/mugs/nhl/20252026/DAL/8482740.png,https://assets.nhle.com/logos/nhl/svg/DAL_light.svg,53,wyattjohnston,82.0,1650.1166666667,45.0,41.0,24.0,17.0,86.0,67.72,206.0,21.84,38.48,402.0,302.0,311.0,160.0,4.0,49.0,32.0,16.0,16.0,0.0,0.0,16.0,62.0,23.0,56.0,88.0,55.0,402.0,442.0,47.63
129,8482165,Yan Kuznetsov,CGY,D,https://assets.nhle.com/mugs/nhl/20252026/CGY/8482165.png,https://assets.nhle.com/logos/nhl/svg/CGY_light.svg,37,yankuznetsov,57.0,1144.8333333333,4.0,8.0,4.0,4.0,12.0,30.00,64.0,6.25,2.38,135.0,82.0,29.0,4.0,0.0,11.0,28.0,10.0,9.0,0.0,1.0,2.0,61.0,9.0,79.0,100.0,102.0,0.0,0.0,-
130,8482124,Quinton Byfield,LAK,R,https://assets.nhle.com/mugs/nhl/20252026/LAK/8482124.png,https://assets.nhle.com/logos/nhl/svg/LAK_light.svg,55,quintonbyfield,79.0,1581.9166666667,24.0,25.0,16.0,9.0,49.0,58.33,181.0,13.26,24.01,360.0,283.0,205.0,98.0,11.0,29.0,46.0,22.0,22.0,0.0,0.0,33.0,74.0,37.0,66.0,92.0,44.0,508.0,609.0,45.48
131,8475786,Zach Hyman,EDM,L,https://assets.nhle.com/mugs/nhl/20252026/EDM/8475786.png,https://assets.nhle.com/logos/nhl/svg/EDM_light.svg,18,zachhyman,58.0,1159.0666666667,31.0,21.0,13.0,8.0,52.0,45.61,159.0,19.50,36.01,291.0,245.0,244.0,181.0,2.0,36.0,28.0,14.0,14.0,0.0,0.0,13.0,27.0,8.0,56.0,51.0,18.0,0.0,1.0,0.00
132,8478483,Mitch Marner,VGK,R,https://assets.nhle.com/mugs/nhl/20252026/VGK/8478483.png,https://assets.nhle.com/logos/nhl/svg/VGK_light.svg,93,mitchmarner,81.0,1616.5666666667,24.0,56.0,38.0,18.0,80.0,65.57,165.0,14.55,17.16,371.0,251.0,202.0,67.0,8.0,38.0,24.0,12.0,12.0,0.0,0.0,19.0,104.0,40.0,24.0,63.0,46.0,150.0,222.0,40.32
133,8475810,Bryan Rust,PIT,R,https://assets.nhle.com/mugs/nhl/20252026/PIT/8475810.png,https://assets.nhle.com/logos/nhl/svg/PIT_light.svg,17,bryanrust,72.0,1436.0,29.0,36.0,20.0,16.0,65.0,56.52,183.0,15.85,29.58,352.0,298.0,241.0,113.0,4.0,41.0,26.0,13.0,13.0,0.0,0.0,14.0,78.0,13.0,35.0,69.0,71.0,2.0,13.0,13.33
134,8480043,Timothy Liljegren,WSH,D,https://assets.nhle.com/mugs/nhl/20252026/WSH/8480043.png,https://assets.nhle.com/logos/nhl/svg/WSH_secondary_light.svg,27,timliljegren,47.0,933.03333333333,1.0,10.0,7.0,3.0,11.0,29.73,39.0,2.56,2.35,113.0,71.0,33.0,6.0,2.0,9.0,29.0,13.0,12.0,1.0,0.0,7.0,50.0,9.0,38.0,84.0,90.0,0.0,0.0,-
135,8482730,Brandt Clarke,LAK,D,https://assets.nhle.com/mugs/nhl/20252026/LAK/8482730.png,https://assets.nhle.com/logos/nhl/svg/LAK_light.svg,92,brandtclarke,82.0,1623.7833333333,8.0,32.0,24.0,8.0,40.0,44.44,159.0,5.03,9.3,329.0,224.0,106.0,24.0,3.0,37.0,63.0,26.0,24.0,1.0,1.0,19.0,93.0,26.0,31.0,113.0,185.0,0.0,0.0,-
136,8479542,Brandon Hagel,TBL,L,https://assets.nhle.com/mugs/nhl/20252026/TBL/8479542.png,https://assets.nhle.com/logos/nhl/svg/TBL_light.svg,38,brandonhagel,71.0,1402.9666666667,36.0,38.0,26.0,12.0,74.0,69.16,214.0,16.82,34.71,459.0,328.0,269.0,106.0,7.0,48.0,58.0,25.0,23.0,2.0,0.0,33.0,75.0,35.0,42.0,95.0,38.0,26.0,37.0,41.27
137,8477951,Nick Schmaltz,UTA,C,https://assets.nhle.com/mugs/nhl/20252026/UTA/8477951.png,https://assets.nhle.com/logos/nhl/svg/UTA_light.svg?season=20252026,8,nickschmaltz,82.0,1617.3166666667,33.0,41.0,30.0,11.0,74.0,62.71,204.0,16.18,27.56,396.0,292.0,248.0,120.0,11.0,34.0,26.0,13.0,13.0,0.0,0.0,21.0,94.0,45.0,23.0,76.0,52.0,448.0,526.0,46.00
138,8477220,Nate Schmidt,UTA,D,https://assets.nhle.com/mugs/nhl/20252026/UTA/8477220.png,https://assets.nhle.com/logos/nhl/svg/UTA_light.svg?season=20252026,88,nathanschmidt,82.0,1615.2666666667,5.0,17.0,8.0,9.0,22.0,25.88,86.0,5.81,4.61,232.0,145.0,63.0,14.0,6.0,11.0,22.0,11.0,11.0,0.0,0.0,10.0,75.0,14.0,78.0,76.0,95.0,0.0,0.0,-
139,8483495,Simon Nemec,NJD,D,https://assets.nhle.com/mugs/nhl/20252026/NJD/8483495.png,https://assets.nhle.com/logos/nhl/svg/NJD_light.svg,71,simonnemec,68.0,1337.4666666667,11.0,15.0,9.0,6.0,26.0,40.63,101.0,10.89,7.29,269.0,161.0,78.0,15.0,1.0,18.0,26.0,13.0,13.0,0.0,0.0,8.0,80.0,24.0,23.0,84.0,104.0,0.0,0.0,-
140,8475754,Brock Nelson,COL,C,https://assets.nhle.com/mugs/nhl/20252026/COL/8475754.png,https://assets.nhle.com/logos/nhl/svg/COL_light.svg,11,brocknelson,81.0,1591.9166666667,33.0,32.0,16.0,16.0,65.0,59.09,186.0,17.74,30.97,332.0,269.0,255.0,126.0,9.0,49.0,36.0,18.0,18.0,0.0,0.0,19.0,67.0,21.0,38.0,83.0,65.0,735.0,724.0,50.38
141,8479980,Nicolas Hague,NSH,D,https://assets.nhle.com/mugs/nhl/20252026/NSH/8479980.png,https://assets.nhle.com/logos/nhl/svg/NSH_light.svg,41,nicolashague,62.0,1217.0666666667,3.0,12.0,5.0,7.0,15.0,34.88,57.0,5.26,3.43,167.0,93.0,43.0,7.0,2.0,23.0,47.0,19.0,16.0,3.0,0.0,7.0,45.0,15.0,76.0,114.0,54.0,0.0,0.0,-
142,8482176,Wyatt Kaiser,CHI,D,https://assets.nhle.com/mugs/nhl/20252026/CHI/8482176.png,https://assets.nhle.com/logos/nhl/svg/CHI_light.svg?season=20252026,44,wyattkaiser,77.0,1510.2333333333,6.0,11.0,5.0,6.0,17.0,30.91,75.0,8.00,3.91,175.0,118.0,53.0,13.0,6.0,8.0,34.0,17.0,17.0,0.0,0.0,15.0,89.0,36.0,45.0,166.0,69.0,0.0,0.0,-
143,8478427,Sebastian Aho,CAR,C,https://assets.nhle.com/mugs/nhl/20252026/CAR/8478427.png,https://assets.nhle.com/logos/nhl/svg/CAR_light.svg,20,sebastianahoC,79.0,1549.3833333333,27.0,53.0,32.0,21.0,80.0,62.99,195.0,13.85,27.74,406.0,313.0,246.0,102.0,7.0,43.0,46.0,19.0,18.0,0.0,1.0,20.0,109.0,31.0,63.0,69.0,23.0,596.0,585.0,50.47
144,8474716,Jared Spurgeon,MIN,D,https://assets.nhle.com/mugs/nhl/20252026/MIN/8474716.png,https://assets.nhle.com/logos/nhl/svg/MIN_light.svg,46,jaredspurgeon,79.0,1547.75,6.0,16.0,8.0,8.0,22.0,35.48,90.0,6.67,5.52,204.0,130.0,63.0,19.0,5.0,17.0,14.0,6.0,6.0,0.0,0.0,7.0,56.0,15.0,82.0,106.0,137.0,0.0,0.0,-
145,8484783,Artyom Levshunov,CHI,D,https://assets.nhle.com/mugs/nhl/20252026/CHI/8484783.png,https://assets.nhle.com/logos/nhl/svg/CHI_light.svg?season=20252026,55,artyomlevshunov,68.0,1332.3333333333,2.0,22.0,6.0,16.0,24.0,41.38,84.0,2.38,4.57,220.0,129.0,73.0,11.0,1.0,12.0,44.0,21.0,21.0,0.0,0.0,8.0,88.0,16.0,98.0,123.0,73.0,0.0,0.0,-
146,8484798,Zeev Buium,VAN,D,https://assets.nhle.com/mugs/nhl/20252026/VAN/8484798.png,https://assets.nhle.com/logos/nhl/svg/VAN_light.svg,8,zeevbuium,76.0,1487.8166666667,6.0,20.0,11.0,9.0,26.0,41.27,73.0,8.22,4.63,207.0,112.0,74.0,9.0,2.0,19.0,41.0,14.0,12.0,1.0,1.0,16.0,88.0,14.0,28.0,113.0,55.0,0.0,0.0,-
147,8474574,Tyler Myers,DAL,D,https://assets.nhle.com/mugs/nhl/20252026/DAL/8474574.png,https://assets.nhle.com/logos/nhl/svg/DAL_light.svg,57,tylermyers,73.0,1424.75,1.0,10.0,4.0,6.0,11.0,23.40,88.0,1.14,4.5,194.0,135.0,51.0,11.0,5.0,18.0,52.0,26.0,26.0,0.0,0.0,17.0,78.0,20.0,85.0,84.0,121.0,0.0,0.0,-
148,8478399,Jonas Siegenthaler,NJD,D,https://assets.nhle.com/mugs/nhl/20252026/NJD/8478399.png,https://assets.nhle.com/logos/nhl/svg/NJD_light.svg,71,jonassiegenthaler,82.0,1597.2,0.0,16.0,5.0,11.0,16.0,28.57,60.0,0.00,3.47,166.0,101.0,47.0,16.0,2.0,15.0,48.0,17.0,14.0,2.0,1.0,5.0,90.0,21.0,92.0,152.0,135.0,0.0,0.0,-
149,8482087,Kaiden Guhle,MTL,D,https://assets.nhle.com/mugs/nhl/20252026/MTL/8482087.png,https://assets.nhle.com/logos/nhl/svg/MTL_light.svg,21,kaidenguhle,39.0,759.05,2.0,9.0,4.0,5.0,11.0,36.67,40.0,5.00,2.02,107.0,72.0,27.0,4.0,0.0,1.0,41.0,15.0,13.0,1.0,1.0,15.0,36.0,21.0,86.0,84.0,63.0,0.0,0.0,-
150,8476880,Tom Wilson,WSH,R,https://assets.nhle.com/mugs/nhl/20252026/WSH/8476880.png,https://assets.nhle.com/logos/nhl/svg/WSH_secondary_light.svg,43,tomwilson,72.0,1401.3166666667,30.0,32.0,17.0,15.0,62.0,67.39,153.0,19.61,29.54,302.0,236.0,201.0,119.0,10.0,39.0,117.0,35.0,26.0,5.0,4.0,29.0,84.0,18.0,179.0,76.0,54.0,17.0,21.0,44.74
151,8481014,Alexander Romanov,NYI,D,https://assets.nhle.com/mugs/nhl/20252026/NYI/8481014.png,https://assets.nhle.com/logos/nhl/svg/NYI_light.svg,28,alexromanov,15.0,291.66666666667,0.0,1.0,0.0,1.0,1.0,11.11,17.0,0.00,0.51,38.0,25.0,5.0,2.0,1.0,1.0,6.0,3.0,3.0,0.0,0.0,4.0,18.0,4.0,31.0,40.0,31.0,0.0,0.0,-
152,8477939,William Nylander,TOR,R,https://assets.nhle.com/mugs/nhl/20252026/TOR/8477939.png,https://assets.nhle.com/logos/nhl/svg/TOR_light.svg,88,willnylander,65.0,1262.0166666667,30.0,49.0,37.0,12.0,79.0,78.22,156.0,19.23,20.17,308.0,238.0,146.0,71.0,11.0,28.0,16.0,8.0,8.0,0.0,0.0,10.0,68.0,31.0,13.0,34.0,26.0,31.0,50.0,38.27
153,8479369,Andrew Peeke,BOS,D,https://assets.nhle.com/mugs/nhl/20252026/BOS/8479369.png,https://assets.nhle.com/logos/nhl/svg/BOS_light.svg?season=20252026,20,andrewpeeke,77.0,1492.6833333333,5.0,9.0,3.0,6.0,14.0,32.56,82.0,6.10,3.65,211.0,136.0,52.0,3.0,3.0,21.0,22.0,11.0,11.0,0.0,0.0,7.0,59.0,10.0,105.0,144.0,135.0,0.0,0.0,-
154,8476905,Chandler Stephenson,SEA,C,https://assets.nhle.com/mugs/nhl/20252026/SEA/8476905.png,https://assets.nhle.com/logos/nhl/svg/SEA_light.svg,9,chandlerstephenson,80.0,1550.5333333333,16.0,33.0,14.0,19.0,49.0,64.47,93.0,17.20,9.66,159.0,128.0,91.0,42.0,7.0,14.0,14.0,7.0,7.0,0.0,0.0,13.0,67.0,32.0,20.0,56.0,57.0,761.0,696.0,52.23
155,8481562,Domenick Fensore,CAR,D,https://assets.nhle.com/mugs/nhl/20252026/CAR/8481562.png,https://assets.nhle.com/logos/nhl/svg/CAR_light.svg,3,domenickfensore,1.0,19.366666666667,0.0,0.0,0.0,0.0,0.0,-,2.0,0.00,0.05,5.0,3.0,0.0,0.0,0.0,0.0,0.0,0.0,0.0,0.0,0.0,0.0,0.0,0.0,1.0,3.0,3.0,0.0,0.0,-
156,8478443,Brandon Carlo,TOR,D,https://assets.nhle.com/mugs/nhl/20252026/TOR/8478443.png,https://assets.nhle.com/logos/nhl/svg/TOR_light.svg,25,brandoncarlo,55.0,1065.1,0.0,7.0,1.0,6.0,7.0,13.73,66.0,0.00,3.16,142.0,95.0,27.0,2.0,8.0,10.0,37.0,16.0,15.0,1.0,0.0,5.0,53.0,7.0,65.0,98.0,98.0,0.0,0.0,-
157,8477960,Adrian Kempe,LAK,R,https://assets.nhle.com/mugs/nhl/20252026/LAK/8477960.png,https://assets.nhle.com/logos/nhl/svg/LAK_light.svg,9,adriankempe,81.0,1563.7666666667,36.0,37.0,23.0,14.0,73.0,73.74,226.0,15.93,26.25,508.0,344.0,232.0,75.0,14.0,42.0,58.0,28.0,28.0,0.0,0.0,15.0,67.0,24.0,127.0,48.0,39.0,54.0,95.0,36.24
158,8480796,Martin Fehérváry,WSH,D,https://assets.nhle.com/mugs/nhl/20252026/WSH/8480796.png,https://assets.nhle.com/logos/nhl/svg/WSH_secondary_light.svg,42,martinfehervary,81.0,1561.7833333333,5.0,22.0,7.0,15.0,27.0,38.03,73.0,6.85,4.51,168.0,106.0,58.0,12.0,2.0,16.0,39.0,14.0,12.0,1.0,1.0,12.0,54.0,16.0,110.0,120.0,174.0,0.0,0.0,-
159,8482665,Matty Beniers,SEA,C,https://assets.nhle.com/mugs/nhl/20252026/SEA/8482665.png,https://assets.nhle.com/logos/nhl/svg/SEA_light.svg,10,mattybeniers,82.0,1580.6833333333,20.0,30.0,19.0,11.0,50.0,54.35,148.0,13.51,24.68,320.0,251.0,214.0,99.0,8.0,20.0,23.0,9.0,8.0,1.0,0.0,20.0,82.0,21.0,31.0,126.0,69.0,512.0,560.0,47.76
160,8480434,Sean Durzi,UTA,D,https://assets.nhle.com/mugs/nhl/20252026/UTA/8480434.png,https://assets.nhle.com/logos/nhl/svg/UTA_light.svg?season=20252026,5,seandurzi,60.0,1155.6666666667,5.0,22.0,10.0,12.0,27.0,54.00,82.0,6.10,5.14,239.0,142.0,61.0,15.0,1.0,21.0,50.0,16.0,14.0,0.0,2.0,10.0,58.0,11.0,40.0,97.0,88.0,0.0,0.0,-
161,8474151,Ryan McDonagh,TBL,D,https://assets.nhle.com/mugs/nhl/20252026/TBL/8474151.png,https://assets.nhle.com/logos/nhl/svg/TBL_light.svg,27,ryanmcdonagh,48.0,924.3,6.0,15.0,9.0,6.0,21.0,46.67,39.0,15.38,2.72,106.0,70.0,32.0,7.0,4.0,10.0,6.0,3.0,3.0,0.0,0.0,5.0,47.0,14.0,19.0,49.0,76.0,0.0,0.0,-
162,8479420,Tage Thompson,BUF,C,https://assets.nhle.com/mugs/nhl/20252026/BUF/8479420.png,https://assets.nhle.com/logos/nhl/svg/BUF_light.svg,72,tagethompson,81.0,1558.7333333333,40.0,41.0,28.0,13.0,81.0,71.05,270.0,14.81,34.02,556.0,415.0,257.0,96.0,10.0,43.0,35.0,14.0,13.0,1.0,0.0,25.0,69.0,28.0,85.0,69.0,48.0,390.0,468.0,45.45
163,8476906,Shayne Gostisbehere,CAR,D,https://assets.nhle.com/mugs/nhl/20252026/CAR/8476906.png,https://assets.nhle.com/logos/nhl/svg/CAR_light.svg,4,shaynegostisbehere,55.0,1057.7666666667,13.0,37.0,17.0,20.0,50.0,60.98,117.0,11.11,8.07,282.0,200.0,69.0,8.0,5.0,19.0,22.0,7.0,6.0,0.0,1.0,9.0,54.0,19.0,29.0,47.0,63.0,0.0,0.0,-
164,8471675,Sidney Crosby,PIT,C,https://assets.nhle.com/mugs/nhl/20252026/PIT/8471675.png,https://assets.nhle.com/logos/nhl/svg/PIT_light.svg,87,sidneycrosby,68.0,1307.7,29.0,45.0,28.0,17.0,74.0,71.15,160.0,18.13,23.81,289.0,236.0,173.0,93.0,8.0,31.0,44.0,18.0,17.0,0.0,1.0,16.0,73.0,24.0,60.0,32.0,30.0,773.0,628.0,55.17
165,8475913,Mark Stone,VGK,R,https://assets.nhle.com/mugs/nhl/20252026/VGK/8475913.png,https://assets.nhle.com/logos/nhl/svg/VGK_light.svg,61,markstone,60.0,1152.9,28.0,45.0,31.0,14.0,73.0,66.36,129.0,21.71,25.18,241.0,205.0,175.0,118.0,3.0,24.0,9.0,3.0,2.0,1.0,0.0,16.0,70.0,28.0,31.0,43.0,47.0,4.0,10.0,28.57
166,8480873,Rasmus Sandin,WSH,D,https://assets.nhle.com/mugs/nhl/20252026/WSH/8480873.png,https://assets.nhle.com/logos/nhl/svg/WSH_secondary_light.svg,38,rasmussandin,73.0,1401.6666666667,5.0,24.0,14.0,10.0,29.0,45.31,90.0,5.56,4.53,194.0,132.0,52.0,11.0,7.0,14.0,12.0,6.0,6.0,0.0,0.0,4.0,89.0,32.0,88.0,143.0,127.0,0.0,0.0,-
167,8479442,Troy Stecher,TOR,D,https://assets.nhle.com/mugs/nhl/20252026/TOR/8479442.png,https://assets.nhle.com/logos/nhl/svg/TOR_light.svg,28,troystecher,64.0,1227.9833333333,3.0,11.0,5.0,6.0,14.0,28.57,64.0,4.69,3.62,172.0,106.0,43.0,5.0,3.0,18.0,20.0,10.0,10.0,0.0,0.0,7.0,71.0,13.0,30.0,127.0,79.0,0.0,0.0,-
168,8483485,Denton Mateychuk,CBJ,D,https://assets.nhle.com/mugs/nhl/20252026/CBJ/8483485.png,https://assets.nhle.com/logos/nhl/svg/CBJ_light.svg,5,dentonmateychuk,75.0,1438.9166666667,13.0,18.0,11.0,7.0,31.0,46.27,88.0,14.77,5.43,211.0,131.0,72.0,17.0,2.0,20.0,8.0,4.0,4.0,0.0,0.0,9.0,80.0,15.0,26.0,164.0,92.0,0.0,0.0,-
169,8475798,Mikael Granlund,ANA,C,https://assets.nhle.com/mugs/nhl/20252026/ANA/8475798.png,https://assets.nhle.com/logos/nhl/svg/ANA_light.svg,64,mikaelgranlund,58.0,1112.0833333333,19.0,22.0,12.0,10.0,41.0,61.19,117.0,16.24,18.49,221.0,180.0,128.0,56.0,5.0,20.0,18.0,9.0,9.0,0.0,0.0,13.0,48.0,21.0,32.0,52.0,41.0,380.0,386.0,49.61
170,8482113,Anton Lundell,FLA,C,https://assets.nhle.com/mugs/nhl/20252026/FLA/8482113.png,https://assets.nhle.com/logos/nhl/svg/FLA_light.svg,15,antonlundell,64.0,1225.7333333333,18.0,26.0,12.0,14.0,44.0,58.67,138.0,13.04,19.7,281.0,219.0,162.0,77.0,4.0,24.0,34.0,16.0,16.0,0.0,0.0,22.0,64.0,14.0,75.0,58.0,35.0,580.0,540.0,51.79
171,8484153,Leo Carlsson,ANA,C,https://assets.nhle.com/mugs/nhl/20252026/ANA/8484153.png,https://assets.nhle.com/logos/nhl/svg/ANA_light.svg,91,leocarlsson,70.0,1340.5166666667,29.0,38.0,23.0,15.0,67.0,68.37,193.0,15.03,23.42,365.0,277.0,229.0,101.0,10.0,38.0,33.0,11.0,9.0,1.0,1.0,23.0,78.0,34.0,14.0,52.0,29.0,431.0,545.0,44.16
172,8477950,Tony DeAngelo,NYI,D,https://assets.nhle.com/mugs/nhl/20252026/NYI/8477950.png,https://assets.nhle.com/logos/nhl/svg/NYI_light.svg,77,anthonydeangelo,76.0,1454.6833333333,5.0,30.0,18.0,12.0,35.0,52.24,148.0,3.38,7.29,313.0,209.0,99.0,14.0,6.0,20.0,43.0,16.0,14.0,1.0,1.0,7.0,96.0,20.0,33.0,75.0,70.0,0.0,0.0,-
173,8477942,Kevin Fiala,LAK,L,https://assets.nhle.com/mugs/nhl/20252026/LAK/8477942.png,https://assets.nhle.com/logos/nhl/svg/LAK_light.svg,22,kevinfiala,56.0,1070.8,18.0,22.0,12.0,10.0,40.0,74.07,147.0,12.24,18.88,320.0,236.0,168.0,60.0,5.0,25.0,34.0,17.0,17.0,0.0,0.0,18.0,75.0,19.0,39.0,54.0,24.0,7.0,18.0,28.00
174,8471685,Anze Kopitar,LAK,C,https://assets.nhle.com/mugs/nhl/20252026/LAK/8471685.png,https://assets.nhle.com/logos/nhl/svg/LAK_light.svg,11,anzekopitar,67.0,1281.1333333333,12.0,26.0,16.0,10.0,38.0,51.35,101.0,11.88,18.68,212.0,162.0,142.0,84.0,3.0,18.0,10.0,5.0,5.0,0.0,0.0,8.0,58.0,23.0,33.0,35.0,61.0,744.0,563.0,56.92
175,8480246,Nick Perbix,NSH,D,https://assets.nhle.com/mugs/nhl/20252026/NSH/8480246.png,https://assets.nhle.com/logos/nhl/svg/NSH_light.svg,48,nickperbix,79.0,1509.85,3.0,10.0,4.0,6.0,13.0,24.53,79.0,3.80,4.74,181.0,115.0,59.0,6.0,6.0,11.0,20.0,10.0,10.0,0.0,0.0,6.0,96.0,23.0,31.0,76.0,95.0,0.0,0.0,-
176,8478439,Travis Konecny,PHI,R,https://assets.nhle.com/mugs/nhl/20252026/PHI/8478439.png,https://assets.nhle.com/logos/nhl/svg/PHI_light.svg,11,traviskonecny,77.0,1469.9333333333,27.0,41.0,24.0,17.0,68.0,73.91,169.0,15.98,23.37,327.0,257.0,188.0,80.0,7.0,23.0,59.0,24.0,22.0,1.0,1.0,23.0,101.0,17.0,108.0,79.0,38.0,20.0,33.0,37.74
177,8479343,Clayton Keller,UTA,R,https://assets.nhle.com/mugs/nhl/20252026/UTA/8479343.png,https://assets.nhle.com/logos/nhl/svg/UTA_light.svg?season=20252026,9,claytonkeller,82.0,1565.0333333333,26.0,62.0,42.0,20.0,88.0,70.40,225.0,11.56,26.29,425.0,338.0,199.0,76.0,2.0,38.0,38.0,19.0,19.0,0.0,0.0,24.0,105.0,26.0,8.0,76.0,32.0,13.0,21.0,38.24
178,8478851,Alexandre Carrier,MTL,D,https://assets.nhle.com/mugs/nhl/20252026/MTL/8478851.png,https://assets.nhle.com/logos/nhl/svg/MTL_light.svg,45,alexandrecarrier,73.0,1393.05,7.0,15.0,8.0,7.0,22.0,35.48,56.0,12.50,3.21,141.0,93.0,29.0,9.0,5.0,10.0,34.0,16.0,16.0,0.0,0.0,9.0,50.0,28.0,35.0,177.0,155.0,0.0,0.0,-
179,8478493,Joel Eriksson Ek,MIN,C,https://assets.nhle.com/mugs/nhl/20252026/MIN/8478493.png,https://assets.nhle.com/logos/nhl/svg/MIN_light.svg,14,joelerikssonek,70.0,1335.5333333333,19.0,32.0,15.0,17.0,51.0,50.00,194.0,9.79,30.36,342.0,279.0,200.0,118.0,6.0,37.0,32.0,16.0,16.0,0.0,0.0,19.0,41.0,19.0,106.0,69.0,34.0,681.0,709.0,48.99
180,8476454,Ryan Nugent-Hopkins,EDM,C,https://assets.nhle.com/mugs/nhl/20252026/EDM/8476454.png,https://assets.nhle.com/logos/nhl/svg/EDM_light.svg,93,ryannugenthopkins,72.0,1372.5166666667,20.0,36.0,21.0,15.0,56.0,50.00,132.0,15.15,18.02,263.0,200.0,190.0,80.0,5.0,29.0,21.0,9.0,8.0,1.0,0.0,5.0,42.0,14.0,25.0,29.0,31.0,172.0,191.0,47.38
181,8478444,Brock Boeser,VAN,R,https://assets.nhle.com/mugs/nhl/20252026/VAN/8478444.png,https://assets.nhle.com/logos/nhl/svg/VAN_light.svg,6,brockboeser,75.0,1429.0,22.0,26.0,20.0,6.0,48.0,60.00,166.0,13.25,21.94,332.0,243.0,193.0,76.0,4.0,31.0,8.0,4.0,4.0,0.0,0.0,7.0,57.0,16.0,54.0,27.0,26.0,58.0,78.0,42.65
182,8475172,Nazem Kadri,COL,C,https://assets.nhle.com/mugs/nhl/20252026/COL/8475172.png,https://assets.nhle.com/logos/nhl/svg/COL_light.svg,91,nazemkadri,77.0,1465.5833333333,16.0,34.0,19.0,15.0,50.0,64.94,213.0,7.51,27.31,440.0,321.0,256.0,109.0,5.0,35.0,30.0,13.0,13.0,0.0,0.0,28.0,75.0,20.0,50.0,94.0,30.0,464.0,525.0,46.92
183,8480023,Robert Thomas,STL,C,https://assets.nhle.com/mugs/nhl/20252026/STL/8480023.png,https://assets.nhle.com/logos/nhl/svg/STL_light.svg?season=20252026,18,robertthomas,64.0,1216.9666666667,25.0,39.0,23.0,16.0,64.0,72.73,102.0,24.51,15.43,195.0,142.0,133.0,57.0,5.0,19.0,24.0,11.0,11.0,0.0,0.0,9.0,96.0,31.0,10.0,51.0,40.0,547.0,495.0,52.50
184,8477949,Alex Tuch,BUF,R,https://assets.nhle.com/mugs/nhl/20252026/BUF/8477949.png,https://assets.nhle.com/logos/nhl/svg/BUF_light.svg,89,alextuch,79.0,1500.4833333333,33.0,33.0,18.0,15.0,66.0,66.67,195.0,16.92,24.26,376.0,319.0,198.0,98.0,7.0,26.0,57.0,23.0,21.0,1.0,1.0,17.0,60.0,39.0,82.0,42.0,90.0,46.0,52.0,46.94
185,8480012,Elias Pettersson,VAN,C,https://assets.nhle.com/mugs/nhl/20252026/VAN/8480012.png,https://assets.nhle.com/logos/nhl/svg/VAN_light.svg,40,eliaspetterssonC,74.0,1403.15,15.0,36.0,20.0,16.0,51.0,63.75,132.0,11.36,20.27,293.0,221.0,168.0,65.0,3.0,35.0,20.0,10.0,10.0,0.0,0.0,24.0,68.0,31.0,67.0,72.0,108.0,642.0,711.0,47.45
186,8476967,Brett Kulak,COL,D,https://assets.nhle.com/mugs/nhl/20252026/COL/8476967.png,https://assets.nhle.com/logos/nhl/svg/COL_light.svg,27,brettkulak,83.0,1573.75,1.0,11.0,5.0,6.0,12.0,22.64,95.0,1.05,3.54,222.0,136.0,47.0,9.0,3.0,24.0,38.0,19.0,19.0,0.0,0.0,3.0,64.0,14.0,19.0,90.0,108.0,0.0,0.0,-
187,8476483,Rickard Rakell,PIT,R,https://assets.nhle.com/mugs/nhl/20252026/PIT/8476483.png,https://assets.nhle.com/logos/nhl/svg/PIT_light.svg,67,rickardrakell,60.0,1136.9166666667,24.0,24.0,14.0,10.0,48.0,55.81,166.0,14.46,28.06,294.0,240.0,222.0,129.0,2.0,35.0,8.0,4.0,4.0,0.0,0.0,11.0,49.0,24.0,71.0,80.0,43.0,81.0,144.0,36.00
188,8480893,Kirill Marchenko,CBJ,R,https://assets.nhle.com/mugs/nhl/20252026/CBJ/8480893.png,https://assets.nhle.com/logos/nhl/svg/CBJ_light.svg,86,kirillmarchenko,76.0,1439.6166666667,27.0,40.0,20.0,20.0,67.0,71.28,218.0,12.39,25.03,446.0,334.0,229.0,65.0,6.0,45.0,32.0,16.0,16.0,0.0,0.0,18.0,95.0,45.0,61.0,99.0,40.0,4.0,4.0,50.00
189,8484166,Adam Fantilli,CBJ,C,https://assets.nhle.com/mugs/nhl/20252026/CBJ/8484166.png,https://assets.nhle.com/logos/nhl/svg/CBJ_light.svg,19,adamfantilli,82.0,1550.0,24.0,35.0,17.0,18.0,59.0,64.13,214.0,11.21,27.68,440.0,317.0,241.0,92.0,5.0,46.0,38.0,16.0,14.0,2.0,0.0,22.0,94.0,25.0,139.0,78.0,51.0,552.0,556.0,49.82
190,8476887,Filip Forsberg,NSH,L,https://assets.nhle.com/mugs/nhl/20252026/NSH/8476887.png,https://assets.nhle.com/logos/nhl/svg/NSH_light.svg,9,filipforsberg,82.0,1548.7166666667,40.0,35.0,24.0,11.0,75.0,73.53,246.0,16.26,28.58,551.0,390.0,232.0,84.0,6.0,48.0,34.0,17.0,17.0,0.0,0.0,21.0,105.0,48.0,124.0,53.0,33.0,10.0,22.0,31.25
191,8478854,Ryan Shea,PIT,D,https://assets.nhle.com/mugs/nhl/20252026/PIT/8478854.png,https://assets.nhle.com/logos/nhl/svg/PIT_light.svg,6,ryanshea,80.0,1510.9166666667,6.0,29.0,20.0,9.0,35.0,39.33,72.0,8.33,3.8,191.0,125.0,53.0,6.0,1.0,9.0,22.0,7.0,6.0,0.0,1.0,12.0,57.0,24.0,38.0,127.0,92.0,0.0,0.0,-
192,8482093,Seth Jarvis,CAR,R,https://assets.nhle.com/mugs/nhl/20252026/CAR/8482093.png,https://assets.nhle.com/logos/nhl/svg/CAR_light.svg,24,sethjarvis,71.0,1340.45,32.0,34.0,19.0,15.0,66.0,64.08,224.0,14.29,33.6,371.0,326.0,253.0,122.0,9.0,18.0,23.0,8.0,7.0,1.0,0.0,19.0,57.0,41.0,81.0,119.0,27.0,32.0,47.0,40.51
193,8475151,Kyle Palmieri,NYI,C,https://assets.nhle.com/mugs/nhl/20252026/NYI/8475151.png,https://assets.nhle.com/logos/nhl/svg/NYI_light.svg,21,kylepalmieri,25.0,471.91666666667,6.0,12.0,5.0,7.0,18.0,75.00,71.0,8.45,11.3,126.0,100.0,81.0,43.0,1.0,15.0,8.0,4.0,4.0,0.0,0.0,4.0,18.0,8.0,19.0,18.0,9.0,2.0,2.0,50.00
194,8470613,Brent Burns,COL,D,https://assets.nhle.com/mugs/nhl/20252026/COL/8470613.png,https://assets.nhle.com/logos/nhl/svg/COL_light.svg,84,brentburns,82.0,1547.85,12.0,23.0,13.0,10.0,35.0,40.70,172.0,6.98,6.37,410.0,264.0,79.0,10.0,5.0,39.0,32.0,16.0,16.0,0.0,0.0,8.0,102.0,18.0,20.0,45.0,91.0,0.0,0.0,-
195,8475167,Victor Hedman,TBL,D,https://assets.nhle.com/mugs/nhl/20252026/TBL/8475167.png,https://assets.nhle.com/logos/nhl/svg/TBL_light.svg,77,victorhedman,33.0,622.61666666667,1.0,16.0,9.0,7.0,17.0,51.52,50.0,2.00,2.91,135.0,87.0,29.0,1.0,1.0,10.0,10.0,5.0,5.0,0.0,0.0,7.0,40.0,8.0,19.0,33.0,44.0,0.0,0.0,-
196,8482078,Lucas Raymond,DET,L,https://assets.nhle.com/mugs/nhl/20252026/DET/8482078.png,https://assets.nhle.com/logos/nhl/svg/DET_light.svg?season=20252026,23,lucasraymond,80.0,1503.9166666667,25.0,51.0,34.0,17.0,76.0,69.09,173.0,14.45,19.63,367.0,269.0,171.0,59.0,2.0,36.0,22.0,11.0,11.0,0.0,0.0,26.0,76.0,31.0,43.0,89.0,29.0,1.0,0.0,100.00
197,8482720,Matthew Knies,TOR,L,https://assets.nhle.com/mugs/nhl/20252026/TOR/8482720.png,https://assets.nhle.com/logos/nhl/svg/TOR_light.svg,89,mattknies,79.0,1484.5833333333,23.0,43.0,22.0,21.0,66.0,74.16,140.0,16.43,24.04,241.0,194.0,189.0,115.0,4.0,24.0,29.0,13.0,12.0,1.0,0.0,18.0,68.0,26.0,152.0,42.0,32.0,1.0,5.0,16.67
198,8479407,Jesper Bratt,NJD,L,https://assets.nhle.com/mugs/nhl/20252026/NJD/8479407.png,https://assets.nhle.com/logos/nhl/svg/NJD_light.svg,63,jesperbratt,82.0,1538.6,22.0,49.0,30.0,19.0,71.0,70.30,178.0,12.36,21.17,354.0,267.0,203.0,85.0,10.0,30.0,12.0,6.0,6.0,0.0,0.0,14.0,92.0,24.0,74.0,59.0,24.0,3.0,8.0,27.27
199,8479982,Conor Timmins,BUF,D,https://assets.nhle.com/mugs/nhl/20252026/BUF/8479982.png,https://assets.nhle.com/logos/nhl/svg/BUF_light.svg,21,conortimmins,39.0,731.71666666667,0.0,8.0,1.0,7.0,8.0,32.00,44.0,0.00,1.39,108.0,70.0,21.0,1.0,1.0,13.0,18.0,9.0,9.0,0.0,0.0,6.0,45.0,8.0,29.0,57.0,81.0,0.0,0.0,-
200,8480426,Charle-Edouard D'Astous,TBL,D,https://assets.nhle.com/mugs/nhl/20252026/TBL/8480426.png,https://assets.nhle.com/logos/nhl/svg/TBL_light.svg,51,charleedouarddastous,70.0,1312.65,6.0,23.0,8.0,15.0,29.0,45.31,80.0,7.50,5.42,208.0,125.0,74.0,10.0,3.0,25.0,112.0,41.0,36.0,2.0,3.0,19.0,64.0,21.0,96.0,141.0,74.0,0.0,0.0,-
201,8478013,Jake Walman,EDM,D,https://assets.nhle.com/mugs/nhl/20252026/EDM/8478013.png,https://assets.nhle.com/logos/nhl/svg/EDM_light.svg,96,jakewalman,53.0,993.78333333333,8.0,12.0,7.0,5.0,20.0,42.55,96.0,8.33,4.48,208.0,132.0,49.0,8.0,2.0,17.0,10.0,5.0,5.0,0.0,0.0,5.0,60.0,14.0,15.0,24.0,90.0,0.0,0.0,-
202,8476979,Erik Gustafsson,DET,D,https://assets.nhle.com/mugs/nhl/20252026/DET/8476979.png,https://assets.nhle.com/logos/nhl/svg/DET_light.svg?season=20252026,64,erikgustafsson,2.0,37.483333333333,0.0,0.0,0.0,0.0,0.0,-,3.0,0.00,0.06,8.0,3.0,2.0,0.0,0.0,1.0,2.0,1.0,1.0,0.0,0.0,0.0,3.0,1.0,2.0,5.0,1.0,0.0,0.0,-
203,8480014,Gabriel Vilardi,WPG,C,https://assets.nhle.com/mugs/nhl/20252026/WPG/8480014.png,https://assets.nhle.com/logos/nhl/svg/WPG_light.svg,13,gabrielvilardi,82.0,1536.65,30.0,38.0,20.0,18.0,68.0,64.15,149.0,20.13,29.01,299.0,239.0,233.0,134.0,2.0,37.0,24.0,11.0,11.0,0.0,0.0,31.0,63.0,14.0,20.0,79.0,35.0,42.0,58.0,42.00
204,8481606,Jordan Spence,OTT,D,https://assets.nhle.com/mugs/nhl/20252026/OTT/8481606.png,https://assets.nhle.com/logos/nhl/svg/OTT_light.svg,10,jordanspence,73.0,1366.9833333333,7.0,24.0,8.0,16.0,31.0,46.27,108.0,6.48,6.56,280.0,185.0,90.0,18.0,1.0,28.0,22.0,11.0,11.0,0.0,0.0,0.0,68.0,16.0,55.0,143.0,59.0,0.0,0.0,-
205,8481533,Trevor Zegras,PHI,C,https://assets.nhle.com/mugs/nhl/20252026/PHI/8481533.png,https://assets.nhle.com/logos/nhl/svg/PHI_light.svg,46,trevorzegras,81.0,1516.2333333333,26.0,41.0,27.0,14.0,67.0,68.37,167.0,15.57,21.65,350.0,266.0,201.0,80.0,5.0,30.0,62.0,27.0,26.0,0.0,1.0,23.0,80.0,25.0,46.0,87.0,28.0,131.0,253.0,34.11
206,8481596,Shane Pinto,OTT,C,https://assets.nhle.com/mugs/nhl/20252026/OTT/8481596.png,https://assets.nhle.com/logos/nhl/svg/OTT_light.svg,12,shanepinto,72.0,1347.25,23.0,23.0,16.0,7.0,46.0,63.89,157.0,14.65,25.87,311.0,250.0,200.0,103.0,8.0,33.0,42.0,21.0,21.0,0.0,0.0,20.0,53.0,25.0,94.0,74.0,50.0,396.0,368.0,51.83
207,8475692,Mats Zuccarello,MIN,R,https://assets.nhle.com/mugs/nhl/20252026/MIN/8475692.png,https://assets.nhle.com/logos/nhl/svg/MIN_light.svg,36,matszuccarello,59.0,1100.0166666667,15.0,39.0,20.0,19.0,54.0,69.23,122.0,12.30,15.79,251.0,195.0,146.0,53.0,5.0,21.0,20.0,10.0,10.0,0.0,0.0,15.0,62.0,13.0,16.0,40.0,26.0,27.0,33.0,45.00
208,8482667,William Eklund,SJS,L,https://assets.nhle.com/mugs/nhl/20252026/SJS/8482667.png,https://assets.nhle.com/logos/nhl/svg/SJS_light.svg,27,willeklund,78.0,1446.1833333333,15.0,38.0,26.0,12.0,53.0,59.55,177.0,8.47,23.18,334.0,247.0,201.0,102.0,2.0,47.0,32.0,16.0,16.0,0.0,0.0,24.0,66.0,18.0,72.0,79.0,51.0,11.0,20.0,35.48
209,8483515,Juraj Slafkovský,MTL,L,https://assets.nhle.com/mugs/nhl/20252026/MTL/8483515.png,https://assets.nhle.com/logos/nhl/svg/MTL_light.svg,20,jurajslafkovsky,82.0,1520.0666666667,30.0,43.0,26.0,17.0,73.0,59.35,181.0,16.57,34.0,396.0,308.0,241.0,114.0,6.0,30.0,52.0,21.0,20.0,0.0,1.0,14.0,82.0,16.0,105.0,109.0,78.0,20.0,41.0,32.79
210,8478414,Timo Meier,NJD,R,https://assets.nhle.com/mugs/nhl/20252026/NJD/8478414.png,https://assets.nhle.com/logos/nhl/svg/NJD_light.svg,28,timomeier,77.0,1425.75,24.0,20.0,12.0,8.0,44.0,61.97,269.0,8.92,38.04,545.0,429.0,294.0,140.0,9.0,74.0,22.0,11.0,11.0,0.0,0.0,15.0,81.0,27.0,131.0,99.0,53.0,57.0,68.0,45.60
211,8479337,Alex DeBrincat,DET,R,https://assets.nhle.com/mugs/nhl/20252026/DET/8479337.png,https://assets.nhle.com/logos/nhl/svg/DET_light.svg?season=20252026,93,alexdebrincat,82.0,1517.0166666667,41.0,44.0,24.0,20.0,85.0,69.11,287.0,14.29,39.08,579.0,443.0,315.0,109.0,7.0,54.0,19.0,8.0,7.0,1.0,0.0,13.0,87.0,43.0,38.0,59.0,39.0,19.0,31.0,38.00
212,8477935,Sam Bennett,FLA,C,https://assets.nhle.com/mugs/nhl/20252026/FLA/8477935.png,https://assets.nhle.com/logos/nhl/svg/FLA_light.svg,9,sambennett,76.0,1405.4333333333,26.0,32.0,19.0,13.0,58.0,60.42,202.0,12.87,28.65,421.0,311.0,259.0,118.0,3.0,45.0,82.0,32.0,30.0,0.0,2.0,14.0,73.0,25.0,115.0,48.0,32.0,517.0,570.0,47.56
213,8477476,Artturi Lehkonen,COL,L,https://assets.nhle.com/mugs/nhl/20252026/COL/8477476.png,https://assets.nhle.com/logos/nhl/svg/COL_light.svg,62,artturilehkonen,70.0,1293.7,21.0,27.0,19.0,8.0,48.0,55.17,152.0,13.82,26.9,292.0,232.0,224.0,130.0,3.0,27.0,16.0,8.0,8.0,0.0,0.0,10.0,45.0,13.0,45.0,86.0,33.0,3.0,15.0,16.67
214,8476441,Joel Edmundson,LAK,D,https://assets.nhle.com/mugs/nhl/20252026/LAK/8476441.png,https://assets.nhle.com/logos/nhl/svg/LAK_light.svg,6,joeledmundson,82.0,1515.2333333333,2.0,21.0,8.0,13.0,23.0,35.38,104.0,1.92,5.84,254.0,165.0,56.0,11.0,5.0,19.0,25.0,11.0,10.0,1.0,0.0,9.0,83.0,10.0,97.0,78.0,111.0,0.0,0.0,-
215,8474586,Jordan Eberle,SEA,R,https://assets.nhle.com/mugs/nhl/20252026/SEA/8474586.png,https://assets.nhle.com/logos/nhl/svg/SEA_light.svg,7,jordaneberle,80.0,1478.1166666667,26.0,29.0,18.0,11.0,55.0,59.78,168.0,15.48,30.67,311.0,262.0,196.0,116.0,10.0,29.0,28.0,12.0,12.0,0.0,0.0,12.0,56.0,24.0,55.0,84.0,43.0,12.0,20.0,37.50
216,8477989,Christian Dvorak,PHI,C,https://assets.nhle.com/mugs/nhl/20252026/PHI/8477989.png,https://assets.nhle.com/logos/nhl/svg/PHI_light.svg,22,christiandvorak,80.0,1476.7666666667,18.0,33.0,23.0,10.0,51.0,60.71,151.0,11.92,27.45,264.0,225.0,199.0,128.0,12.0,30.0,27.0,12.0,11.0,1.0,0.0,13.0,62.0,20.0,38.0,67.0,52.0,628.0,526.0,54.42
217,8477479,Tyler Bertuzzi,CHI,L,https://assets.nhle.com/mugs/nhl/20252026/CHI/8477479.png,https://assets.nhle.com/logos/nhl/svg/CHI_light.svg?season=20252026,59,tylerbertuzzi,79.0,1457.35,32.0,26.0,15.0,11.0,58.0,61.70,164.0,19.51,29.27,296.0,250.0,224.0,141.0,6.0,35.0,42.0,13.0,11.0,0.0,2.0,19.0,76.0,21.0,55.0,76.0,24.0,51.0,62.0,45.13
218,8483490,Pavel Mintyukov,ANA,D,https://assets.nhle.com/mugs/nhl/20252026/ANA/8483490.png,https://assets.nhle.com/logos/nhl/svg/ANA_light.svg,98,pavelmintyukov,73.0,1345.05,8.0,14.0,4.0,10.0,22.0,39.29,79.0,10.13,6.46,204.0,135.0,79.0,18.0,4.0,22.0,17.0,7.0,6.0,1.0,0.0,15.0,66.0,18.0,39.0,76.0,112.0,0.0,0.0,-
219,8478873,Troy Terry,ANA,R,https://assets.nhle.com/mugs/nhl/20252026/ANA/8478873.png,https://assets.nhle.com/logos/nhl/svg/ANA_light.svg,19,troyterry,61.0,1119.1833333333,19.0,38.0,24.0,14.0,57.0,64.77,161.0,11.80,21.93,314.0,246.0,183.0,87.0,10.0,37.0,14.0,7.0,7.0,0.0,0.0,13.0,49.0,25.0,2.0,51.0,16.0,4.0,6.0,40.00
220,8479324,Ryan Lindgren,SEA,D,https://assets.nhle.com/mugs/nhl/20252026/SEA/8479324.png,https://assets.nhle.com/logos/nhl/svg/SEA_light.svg,55,ryanlindgren,76.0,1393.7333333333,2.0,7.0,4.0,3.0,9.0,20.00,48.0,4.17,2.99,156.0,91.0,50.0,8.0,3.0,14.0,60.0,23.0,20.0,2.0,1.0,13.0,78.0,16.0,47.0,82.0,117.0,0.0,1.0,0.00
221,8483493,Frank Nazar,CHI,C,https://assets.nhle.com/mugs/nhl/20252026/CHI/8483493.png,https://assets.nhle.com/logos/nhl/svg/CHI_light.svg?season=20252026,91,franknazar,66.0,1209.1166666667,15.0,26.0,13.0,13.0,41.0,70.69,138.0,10.87,21.42,267.0,217.0,173.0,81.0,3.0,23.0,26.0,13.0,13.0,0.0,0.0,22.0,74.0,28.0,37.0,99.0,43.0,404.0,442.0,47.75
222,8482155,Alex Laferriere,LAK,R,https://assets.nhle.com/mugs/nhl/20252026/LAK/8482155.png,https://assets.nhle.com/logos/nhl/svg/LAK_light.svg,14,alexlaferriere,82.0,1501.45,21.0,23.0,12.0,11.0,44.0,69.84,209.0,10.05,27.78,456.0,341.0,272.0,130.0,11.0,43.0,18.0,9.0,9.0,0.0,0.0,16.0,85.0,22.0,255.0,105.0,49.0,198.0,270.0,42.31
223,8479314,Matthew Tkachuk,FLA,L,https://assets.nhle.com/mugs/nhl/20252026/FLA/8479314.png,https://assets.nhle.com/logos/nhl/svg/FLA_light.svg,19,matttkachuk,31.0,567.38333333333,13.0,21.0,12.0,9.0,34.0,82.93,88.0,14.77,17.73,192.0,144.0,114.0,74.0,1.0,19.0,36.0,15.0,13.0,2.0,0.0,18.0,38.0,8.0,29.0,17.0,7.0,4.0,8.0,33.33
224,8483506,Sam Rinzel,CHI,D,https://assets.nhle.com/mugs/nhl/20252026/CHI/8483506.png,https://assets.nhle.com/logos/nhl/svg/CHI_light.svg?season=20252026,6,samrinzel,54.0,986.71666666667,4.0,10.0,5.0,5.0,14.0,31.11,83.0,4.82,4.26,200.0,130.0,55.0,3.0,2.0,16.0,44.0,18.0,17.0,0.0,1.0,6.0,67.0,13.0,49.0,72.0,63.0,0.0,0.0,-
225,8474013,Ian Cole,UTA,D,https://assets.nhle.com/mugs/nhl/20252026/UTA/8474013.png,https://assets.nhle.com/logos/nhl/svg/UTA_light.svg?season=20252026,28,iancole,82.0,1498.05,3.0,20.0,10.0,10.0,23.0,33.82,62.0,4.84,4.22,175.0,112.0,50.0,5.0,6.0,13.0,50.0,22.0,20.0,2.0,0.0,12.0,95.0,15.0,73.0,143.0,151.0,0.0,0.0,-
226,8478010,Brayden Point,TBL,C,https://assets.nhle.com/mugs/nhl/20252026/TBL/8478010.png,https://assets.nhle.com/logos/nhl/svg/TBL_light.svg,21,braydenpoint,63.0,1150.25,18.0,32.0,19.0,13.0,50.0,52.63,130.0,13.85,22.28,247.0,188.0,188.0,97.0,4.0,34.0,14.0,7.0,7.0,0.0,0.0,10.0,41.0,13.0,8.0,40.0,23.0,299.0,354.0,45.79
227,8482077,Dylan Holloway,STL,L,https://assets.nhle.com/mugs/nhl/20252026/STL/8482077.png,https://assets.nhle.com/logos/nhl/svg/STL_light.svg?season=20252026,81,dylanholloway,59.0,1076.9833333333,22.0,29.0,12.0,17.0,51.0,70.83,162.0,13.58,17.98,296.0,218.0,174.0,61.0,6.0,29.0,20.0,7.0,5.0,2.0,0.0,16.0,42.0,13.0,129.0,81.0,41.0,31.0,33.0,48.44
228,8481656,Aliaksei Protas,WSH,L,https://assets.nhle.com/mugs/nhl/20252026/WSH/8481656.png,https://assets.nhle.com/logos/nhl/svg/WSH_secondary_light.svg,21,aliakseiprotas,76.0,1385.95,25.0,27.0,18.0,9.0,52.0,62.65,158.0,15.82,25.35,321.0,266.0,180.0,92.0,7.0,21.0,20.0,10.0,10.0,0.0,0.0,17.0,86.0,26.0,33.0,42.0,42.0,30.0,37.0,44.78
229,8482110,Dawson Mercer,NJD,C,https://assets.nhle.com/mugs/nhl/20252026/NJD/8482110.png,https://assets.nhle.com/logos/nhl/svg/NJD_light.svg,91,dawsonmercer,82.0,1494.6166666667,20.0,22.0,14.0,8.0,42.0,60.00,158.0,12.66,26.13,319.0,248.0,212.0,113.0,10.0,35.0,33.0,11.0,9.0,1.0,1.0,13.0,75.0,27.0,33.0,97.0,47.0,114.0,179.0,38.91
230,8482100,Alexander Nikishin,CAR,D,https://assets.nhle.com/mugs/nhl/20252026/CAR/8482100.png,https://assets.nhle.com/logos/nhl/svg/CAR_light.svg,21,alexnikishin,81.0,1472.9333333333,11.0,22.0,12.0,10.0,33.0,36.26,122.0,9.02,8.18,321.0,194.0,61.0,14.0,6.0,25.0,33.0,15.0,14.0,1.0,0.0,10.0,87.0,26.0,132.0,170.0,94.0,0.0,0.0,-
231,8481540,Cole Caufield,MTL,R,https://assets.nhle.com/mugs/nhl/20252026/MTL/8481540.png,https://assets.nhle.com/logos/nhl/svg/MTL_light.svg,13,colecaufield,81.0,1472.8666666667,51.0,37.0,23.0,14.0,88.0,68.75,258.0,19.77,36.94,462.0,386.0,275.0,108.0,6.0,50.0,14.0,7.0,7.0,0.0,0.0,16.0,56.0,22.0,50.0,58.0,21.0,6.0,12.0,33.33
232,8484227,Will Smith,SJS,C,https://assets.nhle.com/mugs/nhl/20252026/SJS/8484227.png,https://assets.nhle.com/logos/nhl/svg/SJS_light.svg,2,willsmith,69.0,1254.6333333333,24.0,35.0,20.0,15.0,59.0,67.05,166.0,14.46,18.32,320.0,240.0,190.0,57.0,5.0,18.0,16.0,8.0,8.0,0.0,0.0,10.0,83.0,14.0,16.0,33.0,12.0,14.0,34.0,29.17
233,8475166,John Tavares,TOR,C,https://assets.nhle.com/mugs/nhl/20252026/TOR/8475166.png,https://assets.nhle.com/logos/nhl/svg/TOR_light.svg,91,johntavares,82.0,1490.55,31.0,40.0,21.0,19.0,71.0,72.45,192.0,16.15,34.15,383.0,303.0,293.0,156.0,9.0,44.0,28.0,13.0,13.0,0.0,0.0,16.0,75.0,26.0,74.0,52.0,24.0,802.0,590.0,57.61
234,8479576,Vincent Desharnais,SJS,D,https://assets.nhle.com/mugs/nhl/20252026/SJS/8479576.png,https://assets.nhle.com/logos/nhl/svg/SJS_light.svg,73,vincentdesharnais,53.0,963.4,1.0,6.0,0.0,6.0,7.0,19.44,34.0,2.94,1.1,100.0,55.0,20.0,1.0,0.0,7.0,68.0,22.0,19.0,0.0,3.0,11.0,50.0,10.0,103.0,73.0,83.0,0.0,0.0,-
235,8476456,Jonathan Huberdeau,CGY,L,https://assets.nhle.com/mugs/nhl/20252026/CGY/8476456.png,https://assets.nhle.com/logos/nhl/svg/CGY_light.svg,10,jonathanhuberdeau,50.0,906.56666666667,10.0,15.0,9.0,6.0,25.0,58.14,84.0,11.90,12.81,165.0,129.0,104.0,61.0,4.0,17.0,41.0,15.0,13.0,1.0,1.0,14.0,58.0,9.0,30.0,33.0,30.0,8.0,10.0,44.44
236,8479398,Samuel Girard,PIT,D,https://assets.nhle.com/mugs/nhl/20252026/PIT/8479398.png,https://assets.nhle.com/logos/nhl/svg/PIT_light.svg,49,samuelgirard,60.0,1086.0166666667,3.0,16.0,6.0,10.0,19.0,32.76,41.0,7.32,2.11,144.0,76.0,34.0,4.0,4.0,12.0,23.0,10.0,9.0,1.0,0.0,5.0,54.0,11.0,21.0,103.0,58.0,0.0,0.0,-
237,8475745,Charlie Coyle,CBJ,C,https://assets.nhle.com/mugs/nhl/20252026/CBJ/8475745.png,https://assets.nhle.com/logos/nhl/svg/CBJ_light.svg,3,charliecoyle,82.0,1484.15,20.0,38.0,26.0,12.0,58.0,69.05,142.0,14.08,23.8,247.0,207.0,165.0,98.0,2.0,34.0,14.0,7.0,7.0,0.0,0.0,22.0,53.0,34.0,111.0,45.0,53.0,626.0,608.0,50.73
238,8478840,Will Borgen,NYR,D,https://assets.nhle.com/mugs/nhl/20252026/NYR/8478840.png,https://assets.nhle.com/logos/nhl/svg/NYR_light.svg,17,willborgen,75.0,1353.1333333333,5.0,10.0,5.0,5.0,15.0,28.85,69.0,7.25,2.44,181.0,101.0,39.0,5.0,2.0,14.0,41.0,19.0,18.0,1.0,0.0,12.0,58.0,17.0,111.0,137.0,99.0,0.0,0.0,-
239,8478440,Dylan Strome,WSH,C,https://assets.nhle.com/mugs/nhl/20252026/WSH/8478440.png,https://assets.nhle.com/logos/nhl/svg/WSH_secondary_light.svg,17,dylanstrome,80.0,1443.0166666667,19.0,39.0,23.0,16.0,58.0,53.21,143.0,13.29,19.2,260.0,204.0,158.0,79.0,3.0,33.0,46.0,18.0,17.0,0.0,1.0,11.0,75.0,19.0,11.0,31.0,53.0,777.0,557.0,58.25
240,8475179,Dmitry Kulikov,FLA,D,https://assets.nhle.com/mugs/nhl/20252026/FLA/8475179.png,https://assets.nhle.com/logos/nhl/svg/FLA_light.svg,7,dmitrykulikov,19.0,342.61666666667,0.0,0.0,0.0,0.0,0.0,0.00,15.0,0.00,0.57,38.0,25.0,7.0,2.0,1.0,0.0,10.0,5.0,5.0,0.0,0.0,2.0,18.0,4.0,22.0,14.0,17.0,0.0,0.0,-
241,8484152,Luca Cagnoni,SJS,D,https://assets.nhle.com/mugs/nhl/20252026/SJS/8484152.png,https://assets.nhle.com/logos/nhl/svg/SJS_light.svg,42,lucacagnoni,3.0,54.083333333333,0.0,0.0,0.0,0.0,0.0,0.00,4.0,0.00,0.26,8.0,5.0,2.0,1.0,0.0,0.0,2.0,1.0,1.0,0.0,0.0,1.0,1.0,1.0,5.0,1.0,3.0,0.0,0.0,-
242,8483429,Seamus Casey,NJD,D,https://assets.nhle.com/mugs/nhl/20252026/NJD/8483429.png,https://assets.nhle.com/logos/nhl/svg/NJD_light.svg,24,seamuscasey,2.0,36.016666666667,0.0,0.0,0.0,0.0,0.0,-,4.0,0.00,0.16,8.0,6.0,1.0,0.0,0.0,0.0,0.0,0.0,0.0,0.0,0.0,0.0,3.0,2.0,0.0,7.0,1.0,0.0,0.0,-
243,8475455,Brenden Dillon,NJD,D,https://assets.nhle.com/mugs/nhl/20252026/NJD/8475455.png,https://assets.nhle.com/logos/nhl/svg/NJD_light.svg,5,brendendillon,82.0,1475.8,3.0,12.0,4.0,8.0,15.0,28.30,55.0,5.45,1.93,129.0,84.0,31.0,3.0,1.0,6.0,89.0,32.0,26.0,5.0,1.0,13.0,56.0,10.0,202.0,85.0,103.0,0.0,0.0,-
244,8475690,Chris Tanev,TOR,D,https://assets.nhle.com/mugs/nhl/20252026/TOR/8475690.png,https://assets.nhle.com/logos/nhl/svg/TOR_light.svg,8,christanev,11.0,197.7,0.0,2.0,1.0,1.0,2.0,15.38,8.0,0.00,0.22,18.0,10.0,2.0,0.0,0.0,1.0,0.0,0.0,0.0,0.0,0.0,2.0,8.0,5.0,2.0,29.0,15.0,0.0,0.0,-
245,8483510,Elias Salomonsson,WPG,D,https://assets.nhle.com/mugs/nhl/20252026/WPG/8483510.png,https://assets.nhle.com/logos/nhl/svg/WPG_light.svg,57,eliassalomonsson,32.0,574.8,1.0,4.0,2.0,2.0,5.0,29.41,37.0,2.70,2.44,111.0,65.0,35.0,3.0,5.0,11.0,12.0,6.0,6.0,0.0,0.0,1.0,35.0,2.0,50.0,60.0,27.0,0.0,0.0,-
246,8474150,Mikael Backlund,CGY,C,https://assets.nhle.com/mugs/nhl/20252026/CGY/8474150.png,https://assets.nhle.com/logos/nhl/svg/CGY_light.svg,11,mikaelbacklund,82.0,1471.7833333333,17.0,26.0,23.0,3.0,43.0,67.19,186.0,9.14,20.4,349.0,272.0,143.0,80.0,6.0,28.0,16.0,8.0,8.0,0.0,0.0,7.0,86.0,32.0,23.0,50.0,28.0,721.0,720.0,50.03
247,8477402,Pavel Buchnevich,STL,L,https://assets.nhle.com/mugs/nhl/20252026/STL/8477402.png,https://assets.nhle.com/logos/nhl/svg/STL_light.svg?season=20252026,89,pavelbuchnevich,81.0,1452.9833333333,20.0,28.0,19.0,9.0,48.0,61.54,142.0,14.08,19.68,280.0,221.0,184.0,85.0,4.0,24.0,26.0,12.0,12.0,0.0,0.0,10.0,66.0,26.0,30.0,51.0,40.0,98.0,149.0,39.68
248,8477496,Elias Lindholm,BOS,C,https://assets.nhle.com/mugs/nhl/20252026/BOS/8477496.png,https://assets.nhle.com/logos/nhl/svg/BOS_light.svg?season=20252026,28,eliaslindholm,69.0,1233.8833333333,17.0,31.0,12.0,19.0,48.0,57.14,114.0,14.91,20.82,260.0,194.0,166.0,88.0,8.0,32.0,38.0,15.0,14.0,0.0,1.0,7.0,52.0,17.0,41.0,31.0,59.0,661.0,516.0,56.16
249,8475181,Nick Leddy,SJS,D,https://assets.nhle.com/mugs/nhl/20252026/SJS/8475181.png,https://assets.nhle.com/logos/nhl/svg/SJS_light.svg,4,nickleddy,32.0,571.85,1.0,6.0,2.0,4.0,7.0,33.33,16.0,6.25,0.88,51.0,29.0,13.0,0.0,1.0,1.0,6.0,3.0,3.0,0.0,0.0,0.0,21.0,5.0,7.0,13.0,40.0,0.0,0.0,-
250,8480192,Johnathan Kovacevic,NJD,D,https://assets.nhle.com/mugs/nhl/20252026/NJD/8480192.png,https://assets.nhle.com/logos/nhl/svg/NJD_light.svg,8,johnathankovacevic,34.0,607.46666666667,0.0,8.0,2.0,6.0,8.0,30.77,30.0,0.00,1.65,78.0,53.0,21.0,6.0,2.0,5.0,38.0,12.0,9.0,2.0,1.0,5.0,28.0,9.0,57.0,45.0,39.0,0.0,0.0,-
251,8474564,Steven Stamkos,NSH,C,https://assets.nhle.com/mugs/nhl/20252026/NSH/8474564.png,https://assets.nhle.com/logos/nhl/svg/NSH_light.svg,91,stevenstamkos,82.0,1461.85,42.0,24.0,11.0,13.0,66.0,64.71,206.0,20.39,30.19,408.0,306.0,219.0,97.0,8.0,40.0,58.0,25.0,24.0,0.0,1.0,17.0,65.0,24.0,89.0,47.0,36.0,323.0,237.0,57.68
252,8482624,Daniil Miromanov,CGY,D,https://assets.nhle.com/mugs/nhl/20252026/CGY/8482624.png,https://assets.nhle.com/logos/nhl/svg/CGY_light.svg,62,daniilmiromanov,1.0,17.816666666667,0.0,0.0,0.0,0.0,0.0,0.00,0.0,-,0.01,2.0,1.0,0.0,0.0,0.0,0.0,0.0,0.0,0.0,0.0,0.0,0.0,1.0,0.0,0.0,0.0,2.0,0.0,0.0,-
253,8482858,Ryker Evans,SEA,D,https://assets.nhle.com/mugs/nhl/20252026/SEA/8482858.png,https://assets.nhle.com/logos/nhl/svg/SEA_light.svg,41,rykerevans,67.0,1192.9333333333,8.0,9.0,5.0,4.0,17.0,29.31,46.0,17.39,2.02,124.0,74.0,27.0,4.0,1.0,12.0,40.0,19.0,19.0,0.0,0.0,10.0,49.0,7.0,48.0,114.0,75.0,0.0,0.0,-
254,8480035,Henri Jokiharju,BOS,D,https://assets.nhle.com/mugs/nhl/20252026/BOS/8480035.png,https://assets.nhle.com/logos/nhl/svg/BOS_light.svg?season=20252026,20,henrijokiharju,41.0,729.98333333333,2.0,13.0,7.0,6.0,15.0,39.47,40.0,5.00,1.92,109.0,69.0,25.0,1.0,3.0,10.0,14.0,7.0,7.0,0.0,0.0,3.0,48.0,6.0,27.0,77.0,37.0,0.0,0.0,-
255,8476312,Josh Manson,COL,D,https://assets.nhle.com/mugs/nhl/20252026/COL/8476312.png,https://assets.nhle.com/logos/nhl/svg/COL_light.svg,42,joshmanson,79.0,1404.9666666667,5.0,26.0,13.0,13.0,31.0,36.05,128.0,3.91,6.58,260.0,178.0,75.0,20.0,7.0,26.0,91.0,38.0,33.0,5.0,0.0,19.0,83.0,26.0,174.0,105.0,99.0,0.0,0.0,-
256,8475790,Erik Gudbranson,CBJ,D,https://assets.nhle.com/mugs/nhl/20252026/CBJ/8475790.png,https://assets.nhle.com/logos/nhl/svg/CBJ_light.svg,44,erikgudbranson,37.0,657.53333333333,1.0,2.0,2.0,0.0,3.0,10.71,34.0,2.94,1.04,88.0,52.0,12.0,2.0,2.0,6.0,19.0,8.0,7.0,1.0,0.0,5.0,33.0,7.0,45.0,52.0,64.0,0.0,0.0,-
257,8476882,Teuvo Teravainen,CHI,C,https://assets.nhle.com/mugs/nhl/20252026/CHI/8476882.png,https://assets.nhle.com/logos/nhl/svg/CHI_light.svg?season=20252026,86,teuvoteravainen,75.0,1331.3833333333,14.0,21.0,13.0,8.0,35.0,61.40,89.0,15.73,10.36,191.0,145.0,93.0,38.0,4.0,13.0,6.0,3.0,3.0,0.0,0.0,5.0,71.0,22.0,21.0,48.0,43.0,47.0,73.0,39.17
258,8475208,Brian Dumoulin,LAK,D,https://assets.nhle.com/mugs/nhl/20252026/LAK/8475208.png,https://assets.nhle.com/logos/nhl/svg/LAK_light.svg,2,briandumoulin,82.0,1455.6,2.0,15.0,7.0,8.0,17.0,38.64,61.0,3.28,2.63,171.0,102.0,43.0,5.0,6.0,15.0,22.0,11.0,11.0,0.0,0.0,6.0,94.0,21.0,36.0,137.0,89.0,0.0,0.0,-
259,8473419,Brad Marchand,FLA,L,https://assets.nhle.com/mugs/nhl/20252026/FLA/8473419.png,https://assets.nhle.com/logos/nhl/svg/FLA_light.svg,63,bradmarchand,52.0,922.21666666667,27.0,27.0,14.0,13.0,54.0,72.97,138.0,19.57,20.18,277.0,216.0,152.0,82.0,8.0,36.0,38.0,19.0,19.0,0.0,0.0,24.0,56.0,15.0,36.0,43.0,16.0,1.0,7.0,12.50
260,8477501,Valeri Nichushkin,COL,R,https://assets.nhle.com/mugs/nhl/20252026/COL/8477501.png,https://assets.nhle.com/logos/nhl/svg/COL_light.svg,43,valerinichushkin,72.0,1276.2,17.0,32.0,12.0,20.0,49.0,63.64,159.0,10.69,23.81,321.0,242.0,183.0,88.0,9.0,33.0,26.0,9.0,8.0,0.0,1.0,16.0,59.0,23.0,55.0,62.0,27.0,2.0,2.0,50.00
261,8474141,Patrick Kane,DET,R,https://assets.nhle.com/mugs/nhl/20252026/DET/8474141.png,https://assets.nhle.com/logos/nhl/svg/DET_light.svg?season=20252026,88,patkane,67.0,1185.5833333333,16.0,41.0,23.0,18.0,57.0,66.28,169.0,9.47,18.91,314.0,245.0,160.0,53.0,6.0,26.0,16.0,8.0,8.0,0.0,0.0,5.0,67.0,9.0,21.0,34.0,24.0,5.0,10.0,33.33
262,8485391,Anton Frondell,CHI,C,https://assets.nhle.com/mugs/nhl/20252026/CHI/8485391.png,https://assets.nhle.com/logos/nhl/svg/CHI_light.svg?season=20252026,16,antonfrondell,12.0,212.31666666667,3.0,6.0,3.0,3.0,9.0,64.29,36.0,8.33,3.86,70.0,53.0,34.0,11.0,2.0,5.0,4.0,2.0,2.0,0.0,0.0,1.0,11.0,2.0,8.0,15.0,13.0,32.0,74.0,30.19
263,8476372,Nick Seeler,PHI,D,https://assets.nhle.com/mugs/nhl/20252026/PHI/8476372.png,https://assets.nhle.com/logos/nhl/svg/PHI_light.svg,24,nickseeler,80.0,1414.8833333333,4.0,6.0,2.0,4.0,10.0,20.83,94.0,4.26,4.19,251.0,151.0,49.0,8.0,2.0,16.0,38.0,16.0,14.0,2.0,0.0,13.0,58.0,13.0,126.0,103.0,149.0,0.0,0.0,-
264,8484258,Sam Malinski,COL,D,https://assets.nhle.com/mugs/nhl/20252026/COL/8484258.png,https://assets.nhle.com/logos/nhl/svg/COL_light.svg,70,sammalinski,82.0,1444.5333333333,8.0,32.0,19.0,13.0,40.0,52.63,164.0,4.88,6.09,414.0,252.0,99.0,8.0,4.0,29.0,22.0,11.0,11.0,0.0,0.0,4.0,76.0,23.0,46.0,214.0,95.0,0.0,0.0,-
265,8478416,Erik Cernak,TBL,D,https://assets.nhle.com/mugs/nhl/20252026/TBL/8478416.png,https://assets.nhle.com/logos/nhl/svg/TBL_light.svg,81,erikcernak,61.0,1074.55,3.0,8.0,3.0,5.0,11.0,23.91,53.0,5.66,2.59,123.0,80.0,30.0,8.0,0.0,9.0,74.0,25.0,21.0,2.0,2.0,7.0,55.0,15.0,112.0,91.0,99.0,0.0,0.0,-
266,8477409,Carter Verhaeghe,FLA,C,https://assets.nhle.com/mugs/nhl/20252026/FLA/8477409.png,https://assets.nhle.com/logos/nhl/svg/FLA_light.svg,23,carterverhaeghe,77.0,1356.1833333333,25.0,30.0,16.0,14.0,55.0,62.50,187.0,13.37,22.88,384.0,275.0,210.0,81.0,4.0,47.0,32.0,12.0,11.0,0.0,1.0,10.0,66.0,29.0,68.0,96.0,22.0,39.0,75.0,34.21
267,8480802,Ryan McLeod,BUF,C,https://assets.nhle.com/mugs/nhl/20252026/BUF/8480802.png,https://assets.nhle.com/logos/nhl/svg/BUF_light.svg,71,ryanmcleod,81.0,1426.5,14.0,40.0,26.0,14.0,54.0,55.67,90.0,15.56,12.97,179.0,139.0,91.0,39.0,8.0,10.0,16.0,8.0,8.0,0.0,0.0,7.0,97.0,37.0,16.0,86.0,34.0,612.0,672.0,47.66
268,8481604,Pavel Dorofeyev,VGK,R,https://assets.nhle.com/mugs/nhl/20252026/VGK/8481604.png,https://assets.nhle.com/logos/nhl/svg/VGK_light.svg,16,paveldorofeyev,82.0,1443.5666666667,37.0,27.0,18.0,9.0,64.0,63.37,229.0,16.16,30.77,455.0,333.0,275.0,108.0,9.0,41.0,24.0,12.0,12.0,0.0,0.0,8.0,64.0,17.0,27.0,81.0,28.0,0.0,1.0,0.00
269,8482109,Alexis Lafrenière,NYR,L,https://assets.nhle.com/mugs/nhl/20252026/NYR/8482109.png,https://assets.nhle.com/logos/nhl/svg/NYR_light.svg,13,alexislafreniere,82.0,1443.0666666667,24.0,33.0,18.0,15.0,57.0,59.38,162.0,14.81,24.72,329.0,262.0,217.0,111.0,1.0,29.0,20.0,10.0,10.0,0.0,0.0,15.0,51.0,25.0,84.0,95.0,42.0,9.0,29.0,23.68
270,8471215,Evgeni Malkin,PIT,C,https://assets.nhle.com/mugs/nhl/20252026/PIT/8471215.png,https://assets.nhle.com/logos/nhl/svg/PIT_light.svg,71,evgenimalkin,56.0,985.25,19.0,42.0,26.0,16.0,61.0,69.32,147.0,12.93,19.33,239.0,198.0,153.0,71.0,8.0,25.0,61.0,25.0,23.0,1.0,1.0,17.0,88.0,29.0,24.0,54.0,17.0,109.0,136.0,44.49
271,8476879,Cody Ceci,LAK,D,https://assets.nhle.com/mugs/nhl/20252026/LAK/8476879.png,https://assets.nhle.com/logos/nhl/svg/LAK_light.svg,5,codyceci,82.0,1440.3833333333,1.0,8.0,1.0,7.0,9.0,20.45,59.0,1.69,3.76,187.0,99.0,53.0,4.0,2.0,23.0,16.0,8.0,8.0,0.0,0.0,0.0,61.0,13.0,37.0,166.0,113.0,0.0,0.0,-
272,8477015,Connor Brown,NJD,R,https://assets.nhle.com/mugs/nhl/20252026/NJD/8477015.png,https://assets.nhle.com/logos/nhl/svg/NJD_light.svg,16,connorbrown,75.0,1316.3166666667,18.0,25.0,14.0,11.0,43.0,61.43,116.0,15.52,20.44,218.0,190.0,148.0,84.0,6.0,20.0,22.0,7.0,6.0,0.0,1.0,8.0,59.0,21.0,25.0,63.0,37.0,8.0,18.0,30.77
273,8476473,Connor Murphy,EDM,D,https://assets.nhle.com/mugs/nhl/20252026/EDM/8476473.png,https://assets.nhle.com/logos/nhl/svg/EDM_light.svg,5,connormurphy,80.0,1402.3,5.0,12.0,3.0,9.0,17.0,36.17,70.0,7.14,2.76,166.0,104.0,46.0,6.0,3.0,12.0,71.0,25.0,18.0,7.0,0.0,17.0,65.0,17.0,90.0,168.0,138.0,0.0,0.0,-
274,8478136,Jake Middleton,MIN,D,https://assets.nhle.com/mugs/nhl/20252026/MIN/8478136.png,https://assets.nhle.com/logos/nhl/svg/MIN_light.svg,55,jakemiddleton,75.0,1312.9333333333,2.0,14.0,8.0,6.0,16.0,32.00,62.0,3.23,3.59,147.0,96.0,44.0,9.0,3.0,12.0,76.0,24.0,17.0,6.0,1.0,16.0,46.0,10.0,87.0,59.0,117.0,0.0,0.0,-
275,8482079,Marco Rossi,VAN,C,https://assets.nhle.com/mugs/nhl/20252026/VAN/8482079.png,https://assets.nhle.com/logos/nhl/svg/VAN_light.svg,23,marcorossi,50.0,873.75,12.0,23.0,11.0,12.0,35.0,60.34,66.0,18.18,8.7,129.0,103.0,87.0,46.0,7.0,14.0,10.0,5.0,5.0,0.0,0.0,10.0,43.0,16.0,47.0,46.0,29.0,283.0,292.0,49.22
276,8484873,Cole Hutson,WSH,D,https://assets.nhle.com/mugs/nhl/20252026/WSH/8484873.png,https://assets.nhle.com/logos/nhl/svg/WSH_secondary_light.svg,44,colehutson,14.0,244.4,3.0,7.0,5.0,2.0,10.0,71.43,22.0,13.64,2.65,52.0,39.0,20.0,2.0,0.0,4.0,8.0,4.0,4.0,0.0,0.0,2.0,13.0,8.0,16.0,12.0,6.0,0.0,0.0,-
277,8471214,Alex Ovechkin,WSH,L,https://assets.nhle.com/mugs/nhl/20252026/WSH/8471214.png,https://assets.nhle.com/logos/nhl/svg/WSH_secondary_light.svg,8,alexovechkin,82.0,1430.7666666667,32.0,32.0,22.0,10.0,64.0,61.54,243.0,13.17,32.92,542.0,390.0,246.0,103.0,4.0,53.0,26.0,13.0,13.0,0.0,0.0,7.0,62.0,9.0,134.0,27.0,16.0,2.0,2.0,50.00
278,8484762,Beckett Sennecke,ANA,R,https://assets.nhle.com/mugs/nhl/20252026/ANA/8484762.png,https://assets.nhle.com/logos/nhl/svg/ANA_light.svg,45,beckettsennecke,82.0,1430.5,23.0,37.0,21.0,16.0,60.0,68.97,197.0,11.68,29.25,388.0,310.0,233.0,129.0,5.0,41.0,62.0,31.0,31.0,0.0,0.0,34.0,96.0,26.0,97.0,115.0,24.0,3.0,2.0,60.00
279,8481624,Ilya Mikheyev,CHI,R,https://assets.nhle.com/mugs/nhl/20252026/CHI/8481624.png,https://assets.nhle.com/logos/nhl/svg/CHI_light.svg?season=20252026,95,ilyamikheyev,77.0,1342.3333333333,18.0,18.0,13.0,5.0,36.0,72.00,123.0,14.63,16.12,213.0,174.0,120.0,71.0,6.0,21.0,18.0,9.0,9.0,0.0,0.0,15.0,63.0,22.0,31.0,59.0,23.0,2.0,7.0,22.22
280,8479987,Morgan Geekie,BOS,C,https://assets.nhle.com/mugs/nhl/20252026/BOS/8479987.png,https://assets.nhle.com/logos/nhl/svg/BOS_light.svg?season=20252026,39,morgangeekie,81.0,1409.8666666667,39.0,29.0,14.0,15.0,68.0,66.67,181.0,21.55,23.77,355.0,274.0,173.0,82.0,8.0,24.0,22.0,11.0,11.0,0.0,0.0,19.0,78.0,20.0,110.0,105.0,34.0,73.0,87.0,45.63
281,8481525,Matthew Robertson,NYR,D,https://assets.nhle.com/mugs/nhl/20252026/NYR/8481525.png,https://assets.nhle.com/logos/nhl/svg/NYR_light.svg,29,mattrobertson,72.0,1253.1166666667,6.0,12.0,5.0,7.0,18.0,38.30,79.0,7.59,2.95,216.0,129.0,55.0,1.0,2.0,21.0,38.0,19.0,19.0,0.0,0.0,4.0,52.0,9.0,107.0,133.0,80.0,0.0,0.0,-
282,8482699,Dylan Guenther,UTA,R,https://assets.nhle.com/mugs/nhl/20252026/UTA/8482699.png,https://assets.nhle.com/logos/nhl/svg/UTA_light.svg?season=20252026,11,dylanguenther,79.0,1374.3166666667,40.0,33.0,23.0,10.0,73.0,70.19,242.0,16.53,26.92,530.0,407.0,236.0,83.0,8.0,39.0,28.0,14.0,14.0,0.0,0.0,10.0,68.0,16.0,66.0,99.0,28.0,26.0,37.0,41.27
283,8478975,Mason Marchment,CBJ,L,https://assets.nhle.com/mugs/nhl/20252026/CBJ/8478975.png,https://assets.nhle.com/logos/nhl/svg/CBJ_light.svg,27,masonmarchment,68.0,1181.2833333333,19.0,26.0,13.0,13.0,45.0,66.18,119.0,15.97,17.6,263.0,195.0,150.0,66.0,5.0,21.0,56.0,24.0,23.0,0.0,1.0,18.0,86.0,29.0,84.0,97.0,28.0,15.0,27.0,35.71
284,8480208,Drake Batherson,OTT,R,https://assets.nhle.com/mugs/nhl/20252026/OTT/8480208.png,https://assets.nhle.com/logos/nhl/svg/OTT_light.svg,19,drakebatherson,79.0,1370.8,33.0,38.0,20.0,18.0,71.0,73.20,167.0,19.76,26.73,338.0,280.0,211.0,111.0,2.0,42.0,33.0,15.0,14.0,1.0,0.0,20.0,63.0,22.0,122.0,61.0,22.0,14.0,10.0,58.33
285,8482095,Tyler Kleven,OTT,D,https://assets.nhle.com/mugs/nhl/20252026/OTT/8482095.png,https://assets.nhle.com/logos/nhl/svg/OTT_light.svg,43,tylerkleven,70.0,1214.4166666667,3.0,15.0,13.0,2.0,18.0,40.00,90.0,3.33,3.79,194.0,133.0,43.0,4.0,5.0,19.0,53.0,18.0,14.0,3.0,1.0,10.0,82.0,30.0,126.0,150.0,95.0,0.0,0.0,-
286,8478449,Roope Hintz,DAL,C,https://assets.nhle.com/mugs/nhl/20252026/DAL/8478449.png,https://assets.nhle.com/logos/nhl/svg/DAL_light.svg,24,roopehintz,53.0,919.1,15.0,29.0,18.0,11.0,44.0,51.76,126.0,11.90,20.62,205.0,175.0,155.0,94.0,6.0,27.0,18.0,9.0,9.0,0.0,0.0,13.0,41.0,5.0,60.0,40.0,18.0,430.0,297.0,59.15
287,8476399,Blake Coleman,CGY,L,https://assets.nhle.com/mugs/nhl/20252026/CGY/8476399.png,https://assets.nhle.com/logos/nhl/svg/CGY_light.svg,20,blakecoleman,69.0,1195.6833333333,20.0,15.0,9.0,6.0,35.0,57.38,176.0,11.36,22.89,306.0,243.0,197.0,112.0,6.0,34.0,49.0,23.0,22.0,1.0,0.0,17.0,62.0,27.0,152.0,52.0,48.0,13.0,22.0,37.14
288,8482174,William Villeneuve,TOR,D,https://assets.nhle.com/mugs/nhl/20252026/TOR/8482174.png,https://assets.nhle.com/logos/nhl/svg/TOR_light.svg,76,willvilleneuve,3.0,51.983333333333,0.0,0.0,0.0,0.0,0.0,0.00,2.0,0.00,0.06,6.0,4.0,0.0,0.0,0.0,0.0,0.0,0.0,0.0,0.0,0.0,1.0,1.0,1.0,1.0,5.0,5.0,0.0,0.0,-
289,8483431,Logan Cooley,UTA,C,https://assets.nhle.com/mugs/nhl/20252026/UTA/8483431.png,https://assets.nhle.com/logos/nhl/svg/UTA_light.svg?season=20252026,92,logancooley,54.0,935.7,24.0,19.0,11.0,8.0,43.0,61.43,102.0,23.53,15.2,181.0,158.0,113.0,73.0,4.0,16.0,28.0,14.0,14.0,0.0,0.0,16.0,66.0,24.0,54.0,70.0,27.0,273.0,343.0,44.32
290,8478519,Anthony Cirelli,TBL,C,https://assets.nhle.com/mugs/nhl/20252026/TBL/8478519.png,https://assets.nhle.com/logos/nhl/svg/TBL_light.svg,71,anthonycirelli,71.0,1229.4,23.0,29.0,15.0,14.0,52.0,58.43,125.0,18.40,23.92,220.0,184.0,167.0,104.0,3.0,31.0,48.0,17.0,14.0,2.0,1.0,15.0,50.0,25.0,50.0,57.0,47.0,518.0,557.0,48.19
291,8482929,Emil Lilleberg,TBL,D,https://assets.nhle.com/mugs/nhl/20252026/TBL/8482929.png,https://assets.nhle.com/logos/nhl/svg/TBL_light.svg,78,emillilleberg,50.0,865.4,4.0,8.0,3.0,5.0,12.0,27.27,43.0,9.30,2.66,98.0,71.0,22.0,6.0,0.0,5.0,61.0,26.0,23.0,3.0,0.0,18.0,42.0,6.0,96.0,100.0,45.0,0.0,0.0,-
292,8482159,Tyson Foerster,PHI,R,https://assets.nhle.com/mugs/nhl/20252026/PHI/8482159.png,https://assets.nhle.com/logos/nhl/svg/PHI_light.svg,71,tysonfoerster,29.0,501.61666666667,13.0,4.0,2.0,2.0,17.0,54.84,61.0,21.31,6.69,104.0,82.0,64.0,21.0,2.0,9.0,22.0,7.0,6.0,0.0,1.0,2.0,17.0,11.0,27.0,31.0,25.0,1.0,1.0,50.00
293,8481122,Simon Benoit,TOR,D,https://assets.nhle.com/mugs/nhl/20252026/TOR/8481122.png,https://assets.nhle.com/logos/nhl/svg/TOR_light.svg,44,simonbenoit,73.0,1262.6166666667,0.0,6.0,1.0,5.0,6.0,17.14,60.0,0.00,3.25,146.0,95.0,34.0,5.0,1.0,12.0,41.0,19.0,18.0,1.0,0.0,15.0,68.0,12.0,194.0,138.0,114.0,0.0,0.0,-
294,8483712,Ludvig Jansson,FLA,D,https://assets.nhle.com/mugs/nhl/20252026/FLA/8483712.png,https://assets.nhle.com/logos/nhl/svg/FLA_light.svg,54,ludvigjansson,4.0,69.083333333333,0.0,1.0,0.0,1.0,1.0,16.67,3.0,0.00,0.09,6.0,4.0,1.0,1.0,0.0,0.0,0.0,0.0,0.0,0.0,0.0,0.0,4.0,1.0,0.0,6.0,5.0,0.0,0.0,-
295,8480748,Kiefer Sherwood,SJS,L,https://assets.nhle.com/mugs/nhl/20252026/SJS/8480748.png,https://assets.nhle.com/logos/nhl/svg/SJS_light.svg,44,kiefersherwood,72.0,1243.1333333333,23.0,13.0,7.0,6.0,36.0,55.38,172.0,13.37,20.86,356.0,278.0,182.0,79.0,12.0,30.0,50.0,21.0,20.0,0.0,1.0,26.0,76.0,26.0,339.0,78.0,30.0,16.0,27.0,37.21
296,8483445,Cutter Gauthier,ANA,L,https://assets.nhle.com/mugs/nhl/20252026/ANA/8483445.png,https://assets.nhle.com/logos/nhl/svg/ANA_light.svg,61,cuttergauthier,76.0,1311.2166666667,41.0,28.0,14.0,14.0,69.0,69.70,283.0,14.49,30.74,559.0,425.0,256.0,73.0,18.0,55.0,28.0,14.0,14.0,0.0,0.0,17.0,74.0,19.0,64.0,57.0,20.0,102.0,106.0,49.04
297,8476874,Olli Maatta,CGY,D,https://assets.nhle.com/mugs/nhl/20252026/CGY/8476874.png,https://assets.nhle.com/logos/nhl/svg/CGY_light.svg,3,ollimaatta,43.0,740.85,2.0,13.0,7.0,6.0,15.0,48.39,34.0,5.88,2.14,69.0,51.0,18.0,9.0,0.0,2.0,4.0,2.0,2.0,0.0,0.0,3.0,50.0,13.0,3.0,113.0,62.0,0.0,0.0,-
298,8478856,Conor Garland,CBJ,R,https://assets.nhle.com/mugs/nhl/20252026/CBJ/8478856.png,https://assets.nhle.com/logos/nhl/svg/CBJ_light.svg,83,conorgarland,71.0,1220.6166666667,12.0,21.0,16.0,5.0,33.0,67.35,137.0,8.76,16.34,272.0,217.0,157.0,69.0,8.0,25.0,34.0,13.0,11.0,2.0,0.0,22.0,75.0,28.0,45.0,68.0,32.0,14.0,19.0,42.42
299,8478468,Jeremy Lauzon,VGK,D,https://assets.nhle.com/mugs/nhl/20252026/VGK/8478468.png,https://assets.nhle.com/logos/nhl/svg/VGK_light.svg,5,jeremylauzon,68.0,1168.3,1.0,12.0,5.0,7.0,13.0,27.66,73.0,1.37,4.16,177.0,122.0,33.0,9.0,0.0,12.0,89.0,30.0,22.0,7.0,1.0,26.0,45.0,11.0,251.0,111.0,97.0,0.0,0.0,-
300,8478452,Caleb Jones,PIT,D,https://assets.nhle.com/mugs/nhl/20252026/PIT/8478452.png,https://assets.nhle.com/logos/nhl/svg/PIT_light.svg,82,calebjones,7.0,120.2,0.0,1.0,1.0,0.0,1.0,25.00,5.0,0.00,0.25,17.0,11.0,2.0,0.0,0.0,2.0,0.0,0.0,0.0,0.0,0.0,1.0,4.0,1.0,10.0,14.0,15.0,0.0,0.0,-
301,8484768,Zayne Parekh,CGY,D,https://assets.nhle.com/mugs/nhl/20252026/CGY/8484768.png,https://assets.nhle.com/logos/nhl/svg/CGY_light.svg,19,zayneparekh,37.0,633.66666666667,4.0,5.0,3.0,2.0,9.0,34.62,49.0,8.16,3.35,138.0,78.0,47.0,6.0,2.0,11.0,8.0,4.0,4.0,0.0,0.0,8.0,67.0,9.0,15.0,77.0,30.0,0.0,0.0,-
302,8482166,Shakir Mukhamadullin,SJS,D,https://assets.nhle.com/mugs/nhl/20252026/SJS/8482166.png,https://assets.nhle.com/logos/nhl/svg/SJS_light.svg,85,shakirmukhamadullin,50.0,857.11666666667,5.0,7.0,3.0,4.0,12.0,37.50,49.0,10.20,1.98,114.0,68.0,31.0,6.0,1.0,8.0,22.0,11.0,11.0,0.0,0.0,5.0,61.0,7.0,35.0,82.0,63.0,0.0,0.0,-
303,8481806,Louis Crevier,CHI,D,https://assets.nhle.com/mugs/nhl/20252026/CHI/8481806.png,https://assets.nhle.com/logos/nhl/svg/CHI_light.svg?season=20252026,46,louiscrevier,78.0,1336.7166666667,7.0,18.0,9.0,9.0,25.0,43.86,114.0,6.14,5.7,246.0,174.0,66.0,12.0,4.0,25.0,63.0,26.0,24.0,1.0,1.0,6.0,64.0,15.0,124.0,144.0,95.0,0.0,0.0,-
304,8477497,Sean Monahan,CBJ,C,https://assets.nhle.com/mugs/nhl/20252026/CBJ/8477497.png,https://assets.nhle.com/logos/nhl/svg/CBJ_light.svg,23,seanmonahan,78.0,1335.7333333333,13.0,23.0,12.0,11.0,36.0,49.32,131.0,9.92,19.69,222.0,175.0,139.0,79.0,4.0,24.0,12.0,6.0,6.0,0.0,0.0,12.0,57.0,26.0,46.0,45.0,34.0,637.0,583.0,52.21
305,8475184,Chris Kreider,ANA,L,https://assets.nhle.com/mugs/nhl/20252026/ANA/8475184.png,https://assets.nhle.com/logos/nhl/svg/ANA_light.svg,22,chriskreider,75.0,1278.6666666667,22.0,28.0,17.0,11.0,50.0,52.08,139.0,15.83,25.11,286.0,227.0,195.0,126.0,4.0,23.0,34.0,17.0,17.0,0.0,0.0,4.0,68.0,17.0,69.0,20.0,20.0,15.0,27.0,35.71
306,8485406,Porter Martone,PHI,R,https://assets.nhle.com/mugs/nhl/20252026/PHI/8485406.png,https://assets.nhle.com/logos/nhl/svg/PHI_light.svg,94,portermartone,9.0,153.36666666667,4.0,6.0,6.0,0.0,10.0,83.33,32.0,12.50,4.14,51.0,42.0,21.0,11.0,0.0,5.0,6.0,3.0,3.0,0.0,0.0,2.0,4.0,0.0,16.0,14.0,2.0,1.0,2.0,33.33
307,8481528,Dylan Cozens,OTT,C,https://assets.nhle.com/mugs/nhl/20252026/OTT/8481528.png,https://assets.nhle.com/logos/nhl/svg/OTT_light.svg,24,dylancozens,82.0,1397.25,28.0,31.0,14.0,17.0,59.0,62.77,205.0,13.66,28.6,381.0,294.0,264.0,123.0,1.0,37.0,59.0,24.0,22.0,1.0,1.0,24.0,53.0,19.0,215.0,70.0,24.0,435.0,383.0,53.18
308,8476881,Tomas Hertl,VGK,C,https://assets.nhle.com/mugs/nhl/20252026/VGK/8476881.png,https://assets.nhle.com/logos/nhl/svg/VGK_light.svg,48,tomashertl,82.0,1396.7833333333,24.0,34.0,18.0,16.0,58.0,56.31,202.0,11.88,36.54,405.0,321.0,311.0,193.0,3.0,52.0,39.0,13.0,11.0,1.0,1.0,20.0,52.0,17.0,114.0,72.0,45.0,720.0,525.0,57.83
309,8475324,Nick Jensen,OTT,D,https://assets.nhle.com/mugs/nhl/20252026/OTT/8475324.png,https://assets.nhle.com/logos/nhl/svg/OTT_light.svg,4,nickjensen,61.0,1037.5333333333,4.0,13.0,5.0,8.0,17.0,31.48,36.0,11.11,2.02,121.0,72.0,30.0,5.0,2.0,14.0,22.0,7.0,6.0,0.0,1.0,3.0,51.0,11.0,38.0,115.0,65.0,0.0,0.0,-
310,8482482,Adam Wilsby,NSH,D,https://assets.nhle.com/mugs/nhl/20252026/NSH/8482482.png,https://assets.nhle.com/logos/nhl/svg/NSH_light.svg,2,adamwilsby,58.0,986.48333333333,1.0,15.0,7.0,8.0,16.0,41.03,59.0,1.69,3.93,136.0,92.0,49.0,13.0,2.0,11.0,29.0,13.0,12.0,1.0,0.0,5.0,47.0,15.0,28.0,88.0,47.0,0.0,0.0,-
311,8478542,Evan Rodrigues,FLA,C,https://assets.nhle.com/mugs/nhl/20252026/FLA/8478542.png,https://assets.nhle.com/logos/nhl/svg/FLA_light.svg,17,evanrodrigues,69.0,1172.5333333333,11.0,20.0,11.0,9.0,31.0,59.62,160.0,6.88,16.68,316.0,242.0,148.0,75.0,6.0,37.0,38.0,19.0,19.0,0.0,0.0,21.0,47.0,31.0,63.0,67.0,26.0,370.0,421.0,46.78
312,8484240,Tom Willander,VAN,D,https://assets.nhle.com/mugs/nhl/20252026/VAN/8484240.png,https://assets.nhle.com/logos/nhl/svg/VAN_light.svg,5,tomwillander,70.0,1189.2666666667,5.0,16.0,5.0,11.0,21.0,44.68,59.0,8.47,3.1,151.0,100.0,39.0,4.0,1.0,12.0,28.0,10.0,9.0,0.0,1.0,7.0,58.0,11.0,35.0,89.0,78.0,0.0,0.0,-
313,8480830,Andrei Svechnikov,CAR,R,https://assets.nhle.com/mugs/nhl/20252026/CAR/8480830.png,https://assets.nhle.com/logos/nhl/svg/CAR_light.svg,37,andreisvechnikov,79.0,1341.8166666667,31.0,39.0,24.0,15.0,70.0,67.31,204.0,15.20,28.05,426.0,319.0,238.0,89.0,9.0,35.0,66.0,33.0,33.0,0.0,0.0,18.0,92.0,23.0,148.0,86.0,16.0,10.0,12.0,45.45
314,8482803,Olen Zellweger,ANA,D,https://assets.nhle.com/mugs/nhl/20252026/ANA/8482803.png,https://assets.nhle.com/logos/nhl/svg/ANA_light.svg,8,olenzellweger,76.0,1290.1833333333,7.0,15.0,7.0,8.0,22.0,32.84,119.0,5.88,8.99,302.0,191.0,99.0,22.0,1.0,33.0,34.0,17.0,17.0,0.0,0.0,16.0,64.0,19.0,33.0,161.0,85.0,0.0,0.0,-
315,8476891,Matt Grzelcyk,CHI,D,https://assets.nhle.com/mugs/nhl/20252026/CHI/8476891.png,https://assets.nhle.com/logos/nhl/svg/CHI_light.svg?season=20252026,24,mattgrzelcyk,69.0,1170.95,0.0,12.0,10.0,2.0,12.0,22.64,68.0,0.00,2.22,159.0,118.0,22.0,2.0,0.0,6.0,32.0,11.0,10.0,0.0,1.0,4.0,46.0,21.0,28.0,78.0,54.0,0.0,0.0,-
316,8481563,Drew Helleson,ANA,D,https://assets.nhle.com/mugs/nhl/20252026/ANA/8481563.png,https://assets.nhle.com/logos/nhl/svg/ANA_light.svg,14,drewhelleson,60.0,1017.8833333333,2.0,13.0,5.0,8.0,15.0,32.61,39.0,5.13,1.81,127.0,65.0,34.0,5.0,1.0,12.0,20.0,10.0,10.0,0.0,0.0,4.0,43.0,25.0,63.0,103.0,79.0,0.0,0.0,-
317,8480801,Brady Tkachuk,OTT,L,https://assets.nhle.com/mugs/nhl/20252026/OTT/8480801.png,https://assets.nhle.com/logos/nhl/svg/OTT_light.svg,8,bradytkachuk,60.0,1017.6166666667,22.0,37.0,26.0,11.0,59.0,72.84,221.0,9.95,31.03,370.0,306.0,230.0,115.0,6.0,35.0,71.0,23.0,18.0,3.0,2.0,26.0,40.0,14.0,162.0,31.0,19.0,175.0,129.0,57.57
318,8476467,Jamie Oleksiak,SEA,D,https://assets.nhle.com/mugs/nhl/20252026/SEA/8476467.png,https://assets.nhle.com/logos/nhl/svg/SEA_light.svg,4,jamieoleksiak,78.0,1320.3,5.0,10.0,3.0,7.0,15.0,28.85,77.0,6.49,3.48,165.0,118.0,29.0,9.0,2.0,13.0,36.0,15.0,13.0,2.0,0.0,8.0,71.0,19.0,112.0,92.0,106.0,0.0,0.0,-
319,8480797,Joel Farabee,CGY,L,https://assets.nhle.com/mugs/nhl/20252026/CGY/8480797.png,https://assets.nhle.com/logos/nhl/svg/CGY_light.svg,86,joelfarabee,82.0,1387.2166666667,20.0,18.0,11.0,7.0,38.0,66.67,142.0,14.08,16.71,249.0,197.0,147.0,75.0,6.0,27.0,28.0,11.0,9.0,2.0,0.0,21.0,70.0,23.0,49.0,79.0,52.0,27.0,32.0,45.76
320,8481580,Connor McMichael,WSH,L,https://assets.nhle.com/mugs/nhl/20252026/WSH/8481580.png,https://assets.nhle.com/logos/nhl/svg/WSH_secondary_light.svg,77,connormcmichael,78.0,1318.6833333333,14.0,32.0,22.0,10.0,46.0,63.89,142.0,9.86,22.85,250.0,201.0,156.0,87.0,10.0,24.0,30.0,15.0,15.0,0.0,0.0,9.0,56.0,29.0,45.0,54.0,45.0,265.0,353.0,42.88
321,8482511,Mason Lohrei,BOS,D,https://assets.nhle.com/mugs/nhl/20252026/BOS/8482511.png,https://assets.nhle.com/logos/nhl/svg/BOS_light.svg?season=20252026,6,masonlohrei,73.0,1234.0833333333,7.0,19.0,10.0,9.0,26.0,44.83,72.0,9.72,5.49,200.0,126.0,56.0,9.0,3.0,16.0,20.0,10.0,10.0,0.0,0.0,5.0,93.0,20.0,30.0,122.0,93.0,0.0,0.0,-
322,8482107,Mike Benning,FLA,D,https://assets.nhle.com/mugs/nhl/20252026/FLA/8482107.png,https://assets.nhle.com/logos/nhl/svg/FLA_light.svg,20,michaelbenning,18.0,304.23333333333,2.0,4.0,2.0,2.0,6.0,40.00,15.0,13.33,1.2,51.0,28.0,13.0,3.0,0.0,0.0,2.0,1.0,1.0,0.0,0.0,0.0,17.0,5.0,4.0,18.0,16.0,0.0,0.0,-
323,8477494,Jonathan Drouin,STL,L,https://assets.nhle.com/mugs/nhl/20252026/STL/8477494.png,https://assets.nhle.com/logos/nhl/svg/STL_light.svg?season=20252026,92,jonathandrouin,64.0,1079.4666666667,4.0,20.0,13.0,7.0,24.0,54.55,87.0,4.60,13.74,164.0,139.0,102.0,48.0,7.0,8.0,19.0,4.0,2.0,1.0,1.0,9.0,42.0,14.0,18.0,30.0,32.0,114.0,115.0,49.78
324,8478498,Jake DeBrusk,VAN,L,https://assets.nhle.com/mugs/nhl/20252026/VAN/8478498.png,https://assets.nhle.com/logos/nhl/svg/VAN_light.svg,74,jakedebrusk,81.0,1366.0166666667,23.0,19.0,10.0,9.0,42.0,56.76,219.0,10.50,34.96,373.0,321.0,262.0,172.0,7.0,52.0,12.0,6.0,6.0,0.0,0.0,8.0,44.0,11.0,66.0,60.0,34.0,14.0,19.0,42.42
325,8482157,Will Cuylle,NYR,L,https://assets.nhle.com/mugs/nhl/20252026/NYR/8482157.png,https://assets.nhle.com/logos/nhl/svg/NYR_light.svg,50,willcuylle,82.0,1382.2833333333,20.0,18.0,15.0,3.0,38.0,63.33,157.0,12.74,23.77,338.0,248.0,202.0,106.0,4.0,36.0,65.0,28.0,25.0,3.0,0.0,21.0,56.0,9.0,302.0,88.0,68.0,42.0,45.0,48.28
326,8478401,Pavel Zacha,BOS,C,https://assets.nhle.com/mugs/nhl/20252026/BOS/8478401.png,https://assets.nhle.com/logos/nhl/svg/BOS_light.svg?season=20252026,18,pavelzacha,78.0,1314.0,30.0,35.0,17.0,18.0,65.0,61.90,130.0,23.08,22.82,233.0,204.0,185.0,97.0,7.0,21.0,28.0,13.0,13.0,0.0,0.0,6.0,61.0,18.0,64.0,28.0,26.0,524.0,459.0,53.31
327,8480015,Owen Tippett,PHI,R,https://assets.nhle.com/mugs/nhl/20252026/PHI/8480015.png,https://assets.nhle.com/logos/nhl/svg/PHI_light.svg,74,owentippett,81.0,1364.2833333333,28.0,23.0,12.0,11.0,51.0,68.00,221.0,12.67,27.5,435.0,333.0,250.0,101.0,15.0,42.0,32.0,12.0,11.0,0.0,1.0,24.0,89.0,28.0,166.0,71.0,50.0,9.0,21.0,30.00
328,8479400,Pierre-Luc Dubois,WSH,C,https://assets.nhle.com/mugs/nhl/20252026/WSH/8479400.png,https://assets.nhle.com/logos/nhl/svg/WSH_secondary_light.svg,80,pierrelucdubois,29.0,487.83333333333,5.0,14.0,7.0,7.0,19.0,67.86,42.0,11.90,6.69,87.0,63.0,52.0,25.0,2.0,12.0,9.0,3.0,2.0,1.0,0.0,12.0,28.0,5.0,23.0,25.0,13.0,181.0,202.0,47.26
329,8483565,Nick Blankenburg,COL,D,https://assets.nhle.com/mugs/nhl/20252026/COL/8483565.png,https://assets.nhle.com/logos/nhl/svg/COL_light.svg,3,nickblankenburg,61.0,1024.6166666667,8.0,16.0,10.0,6.0,24.0,52.17,72.0,11.11,6.18,193.0,121.0,61.0,17.0,2.0,26.0,10.0,4.0,4.0,0.0,0.0,11.0,55.0,17.0,55.0,110.0,59.0,0.0,2.0,0.00
330,8482733,Logan Mailloux,STL,D,https://assets.nhle.com/mugs/nhl/20252026/STL/8482733.png,https://assets.nhle.com/logos/nhl/svg/STL_light.svg?season=20252026,23,loganmailloux,67.0,1123.55,5.0,8.0,4.0,4.0,13.0,29.55,80.0,6.25,3.55,189.0,119.0,42.0,14.0,4.0,18.0,48.0,21.0,19.0,2.0,0.0,14.0,68.0,18.0,93.0,134.0,56.0,0.0,0.0,-
331,8475170,Brayden Schenn,NYI,C,https://assets.nhle.com/mugs/nhl/20252026/NYI/8475170.png,https://assets.nhle.com/logos/nhl/svg/NYI_light.svg,10,braydenschenn,80.0,1341.5,18.0,21.0,12.0,9.0,39.0,60.94,119.0,15.13,20.28,237.0,185.0,158.0,76.0,2.0,21.0,68.0,21.0,14.0,6.0,1.0,17.0,50.0,18.0,180.0,56.0,41.0,456.0,387.0,54.09
332,8477365,Connor Clifton,PIT,D,https://assets.nhle.com/mugs/nhl/20252026/PIT/8477365.png,https://assets.nhle.com/logos/nhl/svg/PIT_light.svg,75,connorclifton,50.0,838.28333333333,2.0,4.0,2.0,2.0,6.0,18.18,35.0,5.71,1.72,114.0,59.0,30.0,5.0,2.0,7.0,53.0,19.0,14.0,5.0,0.0,5.0,40.0,13.0,180.0,107.0,84.0,0.0,0.0,-
333,8484806,Sam Dickinson,SJS,D,https://assets.nhle.com/mugs/nhl/20252026/SJS/8484806.png,https://assets.nhle.com/logos/nhl/svg/SJS_light.svg,6,samdickinson,72.0,1206.4333333333,1.0,13.0,4.0,9.0,14.0,25.00,72.0,1.39,4.41,199.0,123.0,56.0,14.0,1.0,12.0,22.0,11.0,11.0,0.0,0.0,5.0,83.0,20.0,74.0,124.0,69.0,0.0,0.0,-
334,8481547,Simon Lundmark,TBL,D,https://assets.nhle.com/mugs/nhl/20252026/TBL/8481547.png,https://assets.nhle.com/logos/nhl/svg/TBL_light.svg,7,simonlundmark,1.0,16.75,0.0,0.0,0.0,0.0,0.0,0.00,1.0,0.00,0.0,1.0,1.0,0.0,0.0,0.0,0.0,0.0,0.0,0.0,0.0,0.0,1.0,0.0,0.0,2.0,3.0,2.0,0.0,0.0,-
335,8477451,Ryan Hartman,MIN,R,https://assets.nhle.com/mugs/nhl/20252026/MIN/8477451.png,https://assets.nhle.com/logos/nhl/svg/MIN_light.svg,38,ryanhartman,76.0,1272.6,23.0,20.0,14.0,6.0,43.0,62.32,167.0,13.77,25.04,354.0,276.0,206.0,99.0,5.0,43.0,48.0,21.0,19.0,2.0,0.0,32.0,66.0,23.0,64.0,72.0,95.0,492.0,593.0,45.35
336,8483450,Ryan Greene,CHI,C,https://assets.nhle.com/mugs/nhl/20252026/CHI/8483450.png,https://assets.nhle.com/logos/nhl/svg/CHI_light.svg?season=20252026,20,ryangreene,81.0,1356.2166666667,12.0,17.0,12.0,5.0,29.0,49.15,109.0,11.01,15.51,200.0,157.0,140.0,67.0,1.0,23.0,14.0,7.0,7.0,0.0,0.0,14.0,51.0,21.0,50.0,48.0,37.0,341.0,455.0,42.84
337,8481219,Jonathan Aspirot,BOS,D,https://assets.nhle.com/mugs/nhl/20252026/BOS/8481219.png,https://assets.nhle.com/logos/nhl/svg/BOS_light.svg?season=20252026,45,jonathanaspirot,61.0,1021.1333333333,3.0,10.0,2.0,8.0,13.0,21.31,46.0,6.52,2.46,130.0,90.0,25.0,6.0,1.0,20.0,43.0,17.0,14.0,3.0,0.0,9.0,56.0,10.0,86.0,125.0,83.0,0.0,0.0,-
338,8479675,Trevor Moore,LAK,L,https://assets.nhle.com/mugs/nhl/20252026/LAK/8479675.png,https://assets.nhle.com/logos/nhl/svg/LAK_light.svg,12,trevormoore,69.0,1154.2833333333,13.0,19.0,10.0,9.0,32.0,68.09,159.0,8.18,16.05,295.0,236.0,133.0,67.0,11.0,27.0,8.0,4.0,4.0,0.0,0.0,5.0,52.0,25.0,57.0,77.0,37.0,4.0,15.0,21.05
339,8481601,Simon Holmstrom,NYI,R,https://assets.nhle.com/mugs/nhl/20252026/NYI/8481601.png,https://assets.nhle.com/logos/nhl/svg/NYI_light.svg,92,simonholmstrom,79.0,1321.5666666667,19.0,22.0,13.0,9.0,41.0,64.06,100.0,19.00,13.62,206.0,169.0,132.0,49.0,7.0,17.0,16.0,8.0,8.0,0.0,0.0,20.0,56.0,31.0,16.0,66.0,45.0,4.0,13.0,23.53
340,8476539,Jonathan Marchessault,NSH,R,https://assets.nhle.com/mugs/nhl/20252026/NSH/8476539.png,https://assets.nhle.com/logos/nhl/svg/NSH_light.svg,81,jonathanmarchessault,62.0,1035.85,12.0,19.0,11.0,8.0,31.0,50.82,132.0,9.09,19.49,266.0,203.0,153.0,73.0,6.0,30.0,30.0,11.0,10.0,0.0,1.0,12.0,64.0,15.0,75.0,37.0,9.0,18.0,25.0,41.86
341,8473986,Alex Killorn,ANA,L,https://assets.nhle.com/mugs/nhl/20252026/ANA/8473986.png,https://assets.nhle.com/logos/nhl/svg/ANA_light.svg,17,alexkillorn,82.0,1369.8,15.0,18.0,8.0,10.0,33.0,53.23,148.0,10.14,17.27,261.0,214.0,150.0,77.0,1.0,30.0,40.0,16.0,15.0,0.0,1.0,17.0,64.0,21.0,70.0,68.0,30.0,40.0,83.0,32.52
342,8479378,Logan Stanley,BUF,D,https://assets.nhle.com/mugs/nhl/20252026/BUF/8479378.png,https://assets.nhle.com/logos/nhl/svg/BUF_light.svg,8,loganstanley,76.0,1269.0166666667,9.0,17.0,7.0,10.0,26.0,49.06,96.0,9.38,4.71,260.0,170.0,66.0,8.0,0.0,22.0,128.0,44.0,34.0,8.0,2.0,21.0,66.0,17.0,110.0,136.0,84.0,0.0,0.0,-
343,8483516,Jimmy Snuggerud,STL,R,https://assets.nhle.com/mugs/nhl/20252026/STL/8483516.png,https://assets.nhle.com/logos/nhl/svg/STL_light.svg?season=20252026,21,jimmysnuggerud,70.0,1168.7,21.0,30.0,16.0,14.0,51.0,66.23,169.0,12.43,24.21,335.0,260.0,192.0,77.0,6.0,35.0,18.0,9.0,9.0,0.0,0.0,14.0,61.0,24.0,71.0,71.0,39.0,4.0,8.0,33.33
344,8482092,Ridly Greig,OTT,C,https://assets.nhle.com/mugs/nhl/20252026/OTT/8482092.png,https://assets.nhle.com/logos/nhl/svg/OTT_light.svg,71,ridlygreig,77.0,1285.4166666667,13.0,22.0,12.0,10.0,35.0,50.00,128.0,10.16,18.78,248.0,192.0,141.0,86.0,3.0,30.0,83.0,28.0,23.0,3.0,2.0,34.0,49.0,20.0,96.0,115.0,52.0,262.0,250.0,51.17
345,8475287,Erik Haula,NSH,L,https://assets.nhle.com/mugs/nhl/20252026/NSH/8475287.png,https://assets.nhle.com/logos/nhl/svg/NSH_light.svg,56,erikhaula,81.0,1350.6,14.0,24.0,8.0,16.0,38.0,61.29,127.0,11.02,18.72,253.0,210.0,135.0,77.0,7.0,27.0,64.0,27.0,26.0,0.0,1.0,7.0,59.0,15.0,118.0,65.0,51.0,494.0,511.0,49.15
346,8475794,Tyler Seguin,DAL,C,https://assets.nhle.com/mugs/nhl/20252026/DAL/8475794.png,https://assets.nhle.com/logos/nhl/svg/DAL_light.svg,91,tylerseguin,27.0,449.86666666667,7.0,10.0,7.0,3.0,17.0,58.62,31.0,22.58,5.15,69.0,56.0,46.0,19.0,1.0,3.0,2.0,1.0,1.0,0.0,0.0,3.0,21.0,3.0,18.0,9.0,6.0,126.0,109.0,53.62
347,8482679,Matt Coronato,CGY,R,https://assets.nhle.com/mugs/nhl/20252026/CGY/8482679.png,https://assets.nhle.com/logos/nhl/svg/CGY_light.svg,27,mattcoronato,80.0,1331.4666666667,18.0,27.0,15.0,12.0,45.0,70.31,198.0,9.09,23.4,409.0,289.0,218.0,90.0,7.0,37.0,32.0,16.0,16.0,0.0,0.0,15.0,56.0,19.0,23.0,60.0,23.0,70.0,106.0,39.77
348,8476461,Sean Couturier,PHI,C,https://assets.nhle.com/mugs/nhl/20252026/PHI/8476461.png,https://assets.nhle.com/logos/nhl/svg/PHI_light.svg,14,seancouturier,78.0,1298.8166666667,12.0,24.0,9.0,15.0,36.0,70.59,119.0,10.08,15.44,234.0,182.0,124.0,65.0,16.0,25.0,30.0,15.0,15.0,0.0,0.0,13.0,68.0,31.0,100.0,54.0,42.0,632.0,534.0,54.20
349,8482146,Luke Evangelista,NSH,R,https://assets.nhle.com/mugs/nhl/20252026/NSH/8482146.png,https://assets.nhle.com/logos/nhl/svg/NSH_light.svg,77,lukeevangelista,81.0,1346.4166666667,12.0,44.0,27.0,17.0,56.0,61.54,176.0,6.82,21.78,316.0,259.0,174.0,83.0,4.0,31.0,28.0,10.0,9.0,0.0,1.0,21.0,58.0,25.0,21.0,116.0,21.0,0.0,1.0,0.00
350,8482476,Emil Heineman,NYI,L,https://assets.nhle.com/mugs/nhl/20252026/NYI/8482476.png,https://assets.nhle.com/logos/nhl/svg/NYI_light.svg,51,emilheineman,82.0,1362.5166666667,22.0,9.0,3.0,6.0,31.0,51.67,173.0,12.72,20.39,324.0,255.0,190.0,69.0,5.0,30.0,18.0,9.0,9.0,0.0,0.0,15.0,53.0,9.0,247.0,123.0,54.0,7.0,13.0,35.00
351,8475857,Kevin Gravel,NSH,D,https://assets.nhle.com/mugs/nhl/20252026/NSH/8475857.png,https://assets.nhle.com/logos/nhl/svg/NSH_light.svg,5,kevingravel,1.0,16.6,0.0,0.0,0.0,0.0,0.0,0.00,1.0,0.00,0.01,1.0,1.0,0.0,0.0,0.0,0.0,0.0,0.0,0.0,0.0,0.0,0.0,1.0,0.0,1.0,2.0,3.0,0.0,0.0,-
352,8478474,Lawson Crouse,UTA,L,https://assets.nhle.com/mugs/nhl/20252026/UTA/8478474.png,https://assets.nhle.com/logos/nhl/svg/UTA_light.svg?season=20252026,67,lawsoncrouse,81.0,1344.35,24.0,20.0,14.0,6.0,44.0,58.67,140.0,17.14,23.84,284.0,227.0,186.0,105.0,11.0,26.0,46.0,16.0,13.0,2.0,1.0,12.0,51.0,15.0,212.0,44.0,52.0,28.0,53.0,34.57
353,8477940,Nikolaj Ehlers,CAR,L,https://assets.nhle.com/mugs/nhl/20252026/CAR/8477940.png,https://assets.nhle.com/logos/nhl/svg/CAR_light.svg,27,nikolajehlers,82.0,1360.85,26.0,45.0,29.0,16.0,71.0,68.27,208.0,12.50,20.07,431.0,313.0,170.0,55.0,6.0,30.0,14.0,7.0,7.0,0.0,0.0,16.0,87.0,24.0,21.0,48.0,24.0,11.0,20.0,35.48
354,8480185,Eetu Luostarinen,FLA,C,https://assets.nhle.com/mugs/nhl/20252026/FLA/8480185.png,https://assets.nhle.com/logos/nhl/svg/FLA_light.svg,27,eetuluostarinen,73.0,1209.9,11.0,22.0,13.0,9.0,33.0,58.93,107.0,10.28,16.82,200.0,159.0,142.0,79.0,7.0,16.0,32.0,15.0,15.0,0.0,0.0,25.0,45.0,20.0,121.0,101.0,56.0,111.0,138.0,44.58
355,8477429,Andrew Copp,DET,C,https://assets.nhle.com/mugs/nhl/20252026/DET/8477429.png,https://assets.nhle.com/logos/nhl/svg/DET_light.svg?season=20252026,18,andrewcopp,79.0,1309.2833333333,9.0,34.0,18.0,16.0,43.0,61.43,115.0,7.83,22.62,219.0,185.0,151.0,99.0,5.0,29.0,24.0,12.0,12.0,0.0,0.0,13.0,75.0,22.0,45.0,60.0,64.0,533.0,457.0,53.84
356,8479371,Dante Fabbro,CBJ,D,https://assets.nhle.com/mugs/nhl/20252026/CBJ/8479371.png,https://assets.nhle.com/logos/nhl/svg/CBJ_light.svg,15,dantefabbro,74.0,1225.85,5.0,6.0,5.0,1.0,11.0,34.38,68.0,7.35,2.25,174.0,101.0,32.0,1.0,2.0,24.0,33.0,15.0,14.0,1.0,0.0,12.0,59.0,20.0,65.0,142.0,120.0,0.0,0.0,-
357,8477369,Carson Soucy,NYI,D,https://assets.nhle.com/mugs/nhl/20252026/NYI/8477369.png,https://assets.nhle.com/logos/nhl/svg/NYI_light.svg,7,carsonsoucy,76.0,1255.4666666667,5.0,7.0,3.0,4.0,12.0,30.77,62.0,8.06,3.13,159.0,96.0,40.0,10.0,5.0,12.0,38.0,19.0,19.0,0.0,0.0,3.0,77.0,20.0,105.0,144.0,91.0,0.0,0.0,-
358,8476927,Teddy Blueger,VAN,C,https://assets.nhle.com/mugs/nhl/20252026/VAN/8476927.png,https://assets.nhle.com/logos/nhl/svg/VAN_light.svg,73,teddyblueger,35.0,577.91666666667,9.0,8.0,3.0,5.0,17.0,65.38,51.0,17.65,5.61,99.0,79.0,49.0,26.0,2.0,10.0,22.0,8.0,6.0,2.0,0.0,3.0,26.0,8.0,55.0,36.0,16.0,199.0,215.0,48.07
359,8475168,Matt Duchene,DAL,C,https://assets.nhle.com/mugs/nhl/20252026/DAL/8475168.png,https://assets.nhle.com/logos/nhl/svg/DAL_light.svg,95,mattduchene,57.0,941.05,16.0,29.0,21.0,8.0,45.0,61.64,89.0,17.98,15.28,176.0,133.0,111.0,61.0,6.0,17.0,8.0,4.0,4.0,0.0,0.0,8.0,61.0,11.0,29.0,45.0,23.0,266.0,244.0,52.16
360,8482809,Jackson Blake,CAR,R,https://assets.nhle.com/mugs/nhl/20252026/CAR/8482809.png,https://assets.nhle.com/logos/nhl/svg/CAR_light.svg,53,jacksonblake,81.0,1336.4333333333,22.0,31.0,17.0,14.0,53.0,66.25,174.0,12.64,27.48,347.0,276.0,252.0,123.0,8.0,40.0,40.0,20.0,20.0,0.0,0.0,23.0,92.0,30.0,13.0,107.0,34.0,0.0,10.0,0.00
361,8480878,Nils Lundkvist,DAL,D,https://assets.nhle.com/mugs/nhl/20252026/DAL/8480878.png,https://assets.nhle.com/logos/nhl/svg/DAL_light.svg,5,nilslundkvist,52.0,857.03333333333,3.0,8.0,4.0,4.0,11.0,27.50,46.0,6.52,2.12,128.0,74.0,23.0,3.0,4.0,12.0,16.0,8.0,8.0,0.0,0.0,5.0,49.0,8.0,26.0,101.0,48.0,0.0,0.0,-
362,8476429,Scott Mayfield,NYI,D,https://assets.nhle.com/mugs/nhl/20252026/NYI/8476429.png,https://assets.nhle.com/logos/nhl/svg/NYI_light.svg,24,scottmayfield,80.0,1317.6833333333,2.0,13.0,4.0,9.0,15.0,34.09,70.0,2.86,2.98,187.0,116.0,43.0,4.0,2.0,14.0,83.0,29.0,24.0,3.0,2.0,24.0,68.0,20.0,75.0,100.0,82.0,0.0,0.0,-
363,8484148,Oliver Bonk,PHI,D,https://assets.nhle.com/mugs/nhl/20252026/PHI/8484148.png,https://assets.nhle.com/logos/nhl/svg/PHI_light.svg,59,oliverbonk,1.0,16.466666666667,1.0,1.0,0.0,1.0,2.0,66.67,1.0,100.00,0.03,1.0,1.0,0.0,0.0,0.0,0.0,0.0,0.0,0.0,0.0,0.0,0.0,2.0,0.0,2.0,1.0,0.0,0.0,0.0,-
364,8484911,Collin Graf,SJS,R,https://assets.nhle.com/mugs/nhl/20252026/SJS/8484911.png,https://assets.nhle.com/logos/nhl/svg/SJS_light.svg,51,collingraf,81.0,1331.8666666667,21.0,25.0,14.0,11.0,46.0,77.97,119.0,17.65,19.13,216.0,167.0,152.0,95.0,5.0,25.0,12.0,6.0,6.0,0.0,0.0,13.0,55.0,34.0,88.0,44.0,48.0,7.0,17.0,29.17
365,8477955,Jared McCann,SEA,L,https://assets.nhle.com/mugs/nhl/20252026/SEA/8477955.png,https://assets.nhle.com/logos/nhl/svg/SEA_light.svg,19,jaredmccann,52.0,854.56666666667,20.0,20.0,14.0,6.0,40.0,74.07,117.0,17.09,14.53,228.0,178.0,113.0,40.0,6.0,20.0,11.0,4.0,3.0,1.0,0.0,19.0,59.0,14.0,40.0,48.0,25.0,13.0,12.0,52.00
366,8475169,Evander Kane,VAN,L,https://assets.nhle.com/mugs/nhl/20252026/VAN/8475169.png,https://assets.nhle.com/logos/nhl/svg/VAN_light.svg,91,evanderkane,71.0,1165.4833333333,13.0,18.0,14.0,4.0,31.0,57.41,170.0,7.65,19.2,357.0,266.0,164.0,83.0,5.0,42.0,92.0,31.0,26.0,2.0,3.0,22.0,75.0,17.0,111.0,72.0,28.0,21.0,35.0,37.50
367,8476455,Gabriel Landeskog,COL,L,https://assets.nhle.com/mugs/nhl/20252026/COL/8476455.png,https://assets.nhle.com/logos/nhl/svg/COL_light.svg,92,gabriellandeskog,60.0,984.81666666667,14.0,21.0,7.0,14.0,35.0,45.45,132.0,10.61,21.59,250.0,209.0,170.0,89.0,7.0,27.0,47.0,22.0,21.0,1.0,0.0,12.0,41.0,15.0,86.0,54.0,32.0,162.0,98.0,62.31
368,8477444,Andre Burakovsky,CHI,L,https://assets.nhle.com/mugs/nhl/20252026/CHI/8477444.png,https://assets.nhle.com/logos/nhl/svg/CHI_light.svg?season=20252026,95,andreburakovsky,75.0,1231.6833333333,11.0,22.0,10.0,12.0,33.0,53.23,86.0,12.79,11.37,184.0,127.0,114.0,51.0,5.0,15.0,16.0,8.0,8.0,0.0,0.0,9.0,61.0,30.0,18.0,82.0,35.0,4.0,6.0,40.00
369,8484304,Uvis Balinskis,FLA,D,https://assets.nhle.com/mugs/nhl/20252026/FLA/8484304.png,https://assets.nhle.com/logos/nhl/svg/FLA_light.svg,26,uvisbalinskis,54.0,884.05,5.0,10.0,5.0,5.0,15.0,37.50,66.0,7.58,3.53,131.0,83.0,45.0,6.0,5.0,13.0,30.0,15.0,15.0,0.0,0.0,14.0,33.0,23.0,71.0,69.0,42.0,0.0,0.0,-
370,8476826,Yanni Gourde,TBL,C,https://assets.nhle.com/mugs/nhl/20252026/TBL/8476826.png,https://assets.nhle.com/logos/nhl/svg/TBL_light.svg,37,yannigourde,82.0,1342.0,9.0,19.0,14.0,5.0,28.0,68.29,114.0,7.89,13.64,215.0,174.0,113.0,62.0,9.0,21.0,66.0,24.0,21.0,2.0,1.0,20.0,77.0,26.0,115.0,88.0,31.0,396.0,485.0,44.95
371,8483468,Jiri Kulich,BUF,C,https://assets.nhle.com/mugs/nhl/20252026/BUF/8483468.png,https://assets.nhle.com/logos/nhl/svg/BUF_light.svg,20,jirikulich,12.0,196.36666666667,3.0,2.0,1.0,1.0,5.0,71.43,20.0,15.00,2.67,43.0,30.0,23.0,10.0,1.0,5.0,4.0,2.0,2.0,0.0,0.0,4.0,10.0,1.0,9.0,9.0,12.0,68.0,95.0,41.72
372,8481030,Jack St. Ivany,PIT,D,https://assets.nhle.com/mugs/nhl/20252026/PIT/8481030.png,https://assets.nhle.com/logos/nhl/svg/PIT_light.svg,6,jackstivany,20.0,326.51666666667,0.0,7.0,3.0,4.0,7.0,46.67,17.0,0.00,0.98,43.0,29.0,8.0,2.0,1.0,5.0,6.0,3.0,3.0,0.0,0.0,0.0,22.0,4.0,48.0,43.0,24.0,0.0,0.0,-
373,8473512,Claude Giroux,OTT,R,https://assets.nhle.com/mugs/nhl/20252026/OTT/8473512.png,https://assets.nhle.com/logos/nhl/svg/OTT_light.svg,28,claudegiroux,82.0,1336.7833333333,14.0,35.0,21.0,14.0,49.0,55.68,139.0,10.07,15.31,249.0,196.0,133.0,58.0,3.0,17.0,22.0,11.0,11.0,0.0,0.0,13.0,52.0,24.0,65.0,29.0,27.0,504.0,295.0,63.08
374,8479985,Cale Fleury,SEA,D,https://assets.nhle.com/mugs/nhl/20252026/SEA/8479985.png,https://assets.nhle.com/logos/nhl/svg/SEA_light.svg,8,calefleury,23.0,374.8,1.0,2.0,2.0,0.0,3.0,21.43,22.0,4.55,0.78,53.0,36.0,11.0,0.0,0.0,7.0,7.0,2.0,1.0,1.0,0.0,5.0,20.0,4.0,50.0,42.0,34.0,0.0,0.0,-
375,8480220,Noah Cates,PHI,L,https://assets.nhle.com/mugs/nhl/20252026/PHI/8480220.png,https://assets.nhle.com/logos/nhl/svg/PHI_light.svg,27,noahcates,82.0,1331.95,18.0,29.0,19.0,10.0,47.0,63.51,132.0,13.64,22.36,236.0,185.0,164.0,103.0,9.0,24.0,44.0,15.0,12.0,2.0,1.0,15.0,38.0,26.0,102.0,74.0,51.0,467.0,563.0,45.34
376,8477964,Ivan Barbashev,VGK,L,https://assets.nhle.com/mugs/nhl/20252026/VGK/8477964.png,https://assets.nhle.com/logos/nhl/svg/VGK_light.svg,49,ivanbarbashev,82.0,1331.8333333333,23.0,38.0,23.0,15.0,61.0,71.76,133.0,17.29,18.52,243.0,202.0,169.0,91.0,6.0,20.0,14.0,7.0,7.0,0.0,0.0,18.0,90.0,15.0,137.0,82.0,37.0,13.0,41.0,24.07
377,8477845,Trevor van Riemsdyk,WSH,D,https://assets.nhle.com/mugs/nhl/20252026/WSH/8477845.png,https://assets.nhle.com/logos/nhl/svg/WSH_secondary_light.svg,57,trevorvanriemsdyk,68.0,1104.3,3.0,11.0,3.0,8.0,14.0,31.82,44.0,6.82,3.91,104.0,67.0,38.0,15.0,3.0,14.0,18.0,9.0,9.0,0.0,0.0,7.0,46.0,17.0,12.0,62.0,97.0,0.0,0.0,-
378,8484223,Axel Sandin-Pellikka,DET,D,https://assets.nhle.com/mugs/nhl/20252026/DET/8484223.png,https://assets.nhle.com/logos/nhl/svg/DET_light.svg?season=20252026,44,axelsandinpellikka,68.0,1102.3333333333,7.0,14.0,7.0,7.0,21.0,47.73,68.0,10.29,3.94,211.0,122.0,52.0,3.0,2.0,21.0,18.0,9.0,9.0,0.0,0.0,5.0,60.0,8.0,17.0,148.0,54.0,0.0,0.0,-
379,8473533,Jordan Staal,CAR,C,https://assets.nhle.com/mugs/nhl/20252026/CAR/8473533.png,https://assets.nhle.com/logos/nhl/svg/CAR_light.svg,11,jordanstaal,75.0,1214.0666666667,20.0,16.0,11.0,5.0,36.0,54.55,107.0,18.69,20.95,226.0,184.0,167.0,93.0,5.0,23.0,29.0,9.0,7.0,1.0,1.0,13.0,46.0,16.0,166.0,69.0,48.0,840.0,672.0,55.56
380,8475462,Radko Gudas,ANA,D,https://assets.nhle.com/mugs/nhl/20252026/ANA/8475462.png,https://assets.nhle.com/logos/nhl/svg/ANA_light.svg,6,radkogudas,56.0,906.25,2.0,11.0,5.0,6.0,13.0,36.11,63.0,3.17,2.2,169.0,101.0,28.0,6.0,4.0,23.0,67.0,18.0,11.0,5.0,2.0,13.0,44.0,8.0,164.0,65.0,88.0,0.0,0.0,-
381,8477919,Frederick Gaudreau,SEA,C,https://assets.nhle.com/mugs/nhl/20252026/SEA/8477919.png,https://assets.nhle.com/logos/nhl/svg/SEA_light.svg,89,frederickgaudreau,,,,,,,,,,,,,,,,,,,,,,,,,,,,,,,
382,8475768,Jaden Schwartz,SEA,L,https://assets.nhle.com/mugs/nhl/20252026/SEA/8475768.png,https://assets.nhle.com/logos/nhl/svg/SEA_light.svg,71,jadenschwartz,50.0,807.03333333333,11.0,15.0,8.0,7.0,26.0,66.67,82.0,13.41,12.56,156.0,120.0,92.0,52.0,5.0,17.0,8.0,4.0,4.0,0.0,0.0,1.0,47.0,25.0,32.0,43.0,41.0,32.0,22.0,59.26
383,8484150,Hunter Brzustewicz,CGY,D,https://assets.nhle.com/mugs/nhl/20252026/CGY/8484150.png,https://assets.nhle.com/logos/nhl/svg/CGY_light.svg,48,hunterbrzustewicz,34.0,549.43333333333,2.0,5.0,0.0,5.0,7.0,31.82,33.0,6.06,1.34,76.0,47.0,14.0,2.0,1.0,9.0,4.0,2.0,2.0,0.0,0.0,3.0,26.0,5.0,24.0,50.0,23.0,0.0,0.0,-
384,8478020,Michael Amadio,OTT,R,https://assets.nhle.com/mugs/nhl/20252026/OTT/8478020.png,https://assets.nhle.com/logos/nhl/svg/OTT_light.svg,22,michaelamadio,81.0,1305.7333333333,15.0,20.0,13.0,7.0,35.0,55.56,96.0,15.63,14.93,184.0,150.0,121.0,72.0,7.0,22.0,18.0,9.0,9.0,0.0,0.0,19.0,60.0,33.0,105.0,108.0,51.0,7.0,12.0,36.84
385,8476432,Boone Jenner,CBJ,C,https://assets.nhle.com/mugs/nhl/20252026/CBJ/8476432.png,https://assets.nhle.com/logos/nhl/svg/CBJ_light.svg,22,boonejenner,67.0,1077.3166666667,13.0,25.0,17.0,8.0,38.0,76.00,132.0,9.85,19.57,269.0,214.0,154.0,80.0,9.0,24.0,44.0,19.0,17.0,2.0,0.0,14.0,53.0,14.0,147.0,55.0,66.0,200.0,180.0,52.63
386,8479351,Sam Steel,DAL,C,https://assets.nhle.com/mugs/nhl/20252026/DAL/8479351.png,https://assets.nhle.com/logos/nhl/svg/DAL_light.svg,18,samsteel,73.0,1172.5333333333,12.0,21.0,9.0,12.0,33.0,70.21,82.0,14.63,12.28,149.0,121.0,107.0,58.0,6.0,11.0,24.0,11.0,11.0,0.0,0.0,18.0,50.0,20.0,79.0,86.0,29.0,129.0,126.0,50.59
387,8481068,Yegor Sharangovich,CGY,C,https://assets.nhle.com/mugs/nhl/20252026/CGY/8481068.png,https://assets.nhle.com/logos/nhl/svg/CGY_light.svg,17,yegorsharangovich,78.0,1251.4333333333,15.0,14.0,9.0,5.0,29.0,55.77,142.0,10.56,17.45,303.0,219.0,146.0,65.0,6.0,28.0,12.0,6.0,6.0,0.0,0.0,11.0,55.0,18.0,21.0,56.0,31.0,36.0,64.0,36.00
388,8480009,Eeli Tolvanen,SEA,R,https://assets.nhle.com/mugs/nhl/20252026/SEA/8480009.png,https://assets.nhle.com/logos/nhl/svg/SEA_light.svg,17,eelitolvanen,78.0,1251.2833333333,12.0,24.0,15.0,9.0,36.0,62.07,141.0,8.51,15.82,294.0,213.0,148.0,49.0,7.0,17.0,30.0,15.0,15.0,0.0,0.0,10.0,49.0,18.0,187.0,61.0,81.0,0.0,3.0,0.00
389,8481719,Max Crozier,TBL,D,https://assets.nhle.com/mugs/nhl/20252026/TBL/8481719.png,https://assets.nhle.com/logos/nhl/svg/TBL_light.svg,24,maxcrozier,35.0,560.4,1.0,9.0,4.0,5.0,10.0,41.67,46.0,2.17,1.72,101.0,65.0,19.0,4.0,3.0,10.0,40.0,13.0,10.0,2.0,1.0,6.0,21.0,5.0,40.0,75.0,31.0,0.0,0.0,-
390,8484210,Gabe Perreault,NYR,R,https://assets.nhle.com/mugs/nhl/20252026/NYR/8484210.png,https://assets.nhle.com/logos/nhl/svg/NYR_light.svg,94,gabeperreault,49.0,783.33333333333,12.0,15.0,11.0,4.0,27.0,62.79,73.0,16.44,12.16,140.0,107.0,112.0,65.0,1.0,19.0,10.0,5.0,5.0,0.0,0.0,3.0,36.0,10.0,25.0,35.0,22.0,5.0,5.0,50.00
391,8482175,JJ Peterka,UTA,R,https://assets.nhle.com/mugs/nhl/20252026/UTA/8482175.png,https://assets.nhle.com/logos/nhl/svg/UTA_light.svg?season=20252026,10,jjpeterka,82.0,1310.7166666667,25.0,22.0,11.0,11.0,47.0,71.21,160.0,15.63,16.52,338.0,241.0,156.0,62.0,11.0,24.0,28.0,14.0,14.0,0.0,0.0,13.0,87.0,19.0,16.0,83.0,19.0,8.0,16.0,33.33
392,8481527,Kaedan Korczak,VGK,D,https://assets.nhle.com/mugs/nhl/20252026/VGK/8481527.png,https://assets.nhle.com/logos/nhl/svg/VGK_light.svg,6,kaedankorczak,78.0,1245.5166666667,3.0,13.0,7.0,6.0,16.0,30.19,59.0,5.08,3.43,155.0,93.0,52.0,13.0,1.0,17.0,26.0,13.0,13.0,0.0,0.0,8.0,90.0,11.0,102.0,141.0,95.0,0.0,0.0,-
393,8479402,Jake Bean,CGY,D,https://assets.nhle.com/mugs/nhl/20252026/CGY/8479402.png,https://assets.nhle.com/logos/nhl/svg/CGY_light.svg,24,jakebean,16.0,255.26666666667,1.0,1.0,1.0,0.0,2.0,28.57,16.0,6.25,0.62,44.0,22.0,15.0,0.0,1.0,8.0,16.0,4.0,3.0,0.0,1.0,0.0,15.0,5.0,3.0,23.0,29.0,0.0,0.0,-
394,8481607,Albert Johansson,DET,D,https://assets.nhle.com/mugs/nhl/20252026/DET/8481607.png,https://assets.nhle.com/logos/nhl/svg/DET_light.svg?season=20252026,20,albertjohansson,82.0,1307.0666666667,3.0,8.0,4.0,4.0,11.0,29.73,61.0,4.92,3.11,173.0,100.0,46.0,9.0,2.0,9.0,16.0,8.0,8.0,0.0,0.0,15.0,57.0,23.0,56.0,127.0,93.0,0.0,0.0,-
395,8482259,Bobby McMann,SEA,C,https://assets.nhle.com/mugs/nhl/20252026/SEA/8482259.png,https://assets.nhle.com/logos/nhl/svg/SEA_light.svg,74,bobbymcmann,78.0,1242.65,29.0,17.0,11.0,6.0,46.0,68.66,183.0,15.85,21.6,331.0,265.0,173.0,71.0,10.0,22.0,32.0,13.0,11.0,2.0,0.0,10.0,44.0,18.0,165.0,54.0,27.0,7.0,8.0,46.67
396,8480887,Jordan Harris,BOS,D,https://assets.nhle.com/mugs/nhl/20252026/BOS/8480887.png,https://assets.nhle.com/logos/nhl/svg/BOS_light.svg?season=20252026,43,jordanharris,8.0,127.18333333333,1.0,2.0,1.0,1.0,3.0,75.00,12.0,8.33,0.51,19.0,17.0,7.0,1.0,1.0,2.0,0.0,0.0,0.0,0.0,0.0,0.0,6.0,1.0,5.0,21.0,5.0,0.0,0.0,-
397,8480459,Pius Suter,STL,C,https://assets.nhle.com/mugs/nhl/20252026/STL/8480459.png,https://assets.nhle.com/logos/nhl/svg/STL_light.svg?season=20252026,22,piussuter,64.0,1017.2,13.0,16.0,7.0,9.0,29.0,61.70,95.0,13.68,16.47,181.0,143.0,119.0,78.0,2.0,21.0,20.0,10.0,10.0,0.0,0.0,8.0,34.0,13.0,41.0,21.0,24.0,267.0,285.0,48.37
398,8484999,Ilya Protas,WSH,L,https://assets.nhle.com/mugs/nhl/20252026/WSH/8484999.png,https://assets.nhle.com/logos/nhl/svg/WSH_secondary_light.svg,62,ilyaprotas,4.0,63.566666666667,1.0,3.0,2.0,1.0,4.0,100.00,7.0,14.29,1.02,10.0,9.0,8.0,4.0,0.0,0.0,2.0,1.0,1.0,0.0,0.0,0.0,1.0,1.0,0.0,1.0,2.0,19.0,23.0,45.24
399,8484145,Zach Benson,BUF,L,https://assets.nhle.com/mugs/nhl/20252026/BUF/8484145.png,https://assets.nhle.com/logos/nhl/svg/BUF_light.svg,6,zachbenson,65.0,1032.7,13.0,30.0,17.0,13.0,43.0,59.72,116.0,11.21,19.19,193.0,162.0,135.0,93.0,5.0,15.0,42.0,17.0,16.0,0.0,1.0,22.0,46.0,25.0,40.0,86.0,22.0,7.0,8.0,46.67
400,8482659,Josh Doan,BUF,R,https://assets.nhle.com/mugs/nhl/20252026/BUF/8482659.png,https://assets.nhle.com/logos/nhl/svg/BUF_light.svg,91,joshdoan,82.0,1301.05,25.0,27.0,20.0,7.0,52.0,56.52,169.0,14.79,29.5,313.0,252.0,206.0,133.0,12.0,32.0,25.0,11.0,10.0,1.0,0.0,22.0,64.0,46.0,78.0,106.0,31.0,4.0,14.0,22.22
401,8480064,Josh Norris,BUF,C,https://assets.nhle.com/mugs/nhl/20252026/BUF/8480064.png,https://assets.nhle.com/logos/nhl/svg/BUF_light.svg,9,joshnorris,44.0,697.11666666667,13.0,21.0,13.0,8.0,34.0,56.67,69.0,18.84,11.36,134.0,105.0,90.0,42.0,1.0,12.0,28.0,10.0,9.0,0.0,1.0,9.0,20.0,9.0,24.0,57.0,27.0,294.0,300.0,49.49
402,8478463,Anthony Beauvillier,WSH,R,https://assets.nhle.com/mugs/nhl/20252026/WSH/8478463.png,https://assets.nhle.com/logos/nhl/svg/WSH_secondary_light.svg,72,anthonybeauvillier,82.0,1295.3666666667,15.0,13.0,7.0,6.0,28.0,47.46,155.0,9.68,20.82,280.0,229.0,188.0,98.0,5.0,25.0,30.0,15.0,15.0,0.0,0.0,12.0,44.0,21.0,93.0,99.0,48.0,44.0,43.0,50.57
403,8478458,Jack Roslovic,EDM,C,https://assets.nhle.com/mugs/nhl/20252026/EDM/8478458.png,https://assets.nhle.com/logos/nhl/svg/EDM_light.svg,96,jackroslovic,69.0,1088.1333333333,21.0,15.0,8.0,7.0,36.0,60.00,141.0,14.89,17.45,268.0,222.0,159.0,70.0,2.0,20.0,16.0,8.0,8.0,0.0,0.0,14.0,64.0,13.0,46.0,58.0,27.0,142.0,126.0,52.99
404,8484188,Theo Lindstein,STL,D,https://assets.nhle.com/mugs/nhl/20252026/STL/8484188.png,https://assets.nhle.com/logos/nhl/svg/STL_light.svg?season=20252026,4,theolindstein,17.0,267.93333333333,2.0,2.0,1.0,1.0,4.0,36.36,20.0,10.00,1.3,50.0,31.0,12.0,6.0,0.0,3.0,6.0,3.0,3.0,0.0,0.0,1.0,9.0,1.0,8.0,9.0,14.0,0.0,0.0,-
405,8480950,Ilya Lyubushkin,DAL,D,https://assets.nhle.com/mugs/nhl/20252026/DAL/8480950.png,https://assets.nhle.com/logos/nhl/svg/DAL_light.svg,46,ilyalyubushkin,53.0,834.25,1.0,8.0,4.0,4.0,9.0,34.62,33.0,3.03,1.62,69.0,47.0,10.0,3.0,0.0,7.0,40.0,16.0,14.0,2.0,0.0,6.0,46.0,9.0,68.0,113.0,90.0,0.0,0.0,-
406,8482861,Vincent Iorio,NYR,D,https://assets.nhle.com/mugs/nhl/20252026/NYR/8482861.png,https://assets.nhle.com/logos/nhl/svg/NYR_light.svg,6,vincentiorio,27.0,424.9,0.0,3.0,1.0,2.0,3.0,17.65,15.0,0.00,0.74,41.0,26.0,10.0,2.0,1.0,1.0,12.0,6.0,6.0,0.0,0.0,1.0,26.0,7.0,15.0,30.0,39.0,0.0,0.0,-
407,8479385,Jordan Kyrou,STL,R,https://assets.nhle.com/mugs/nhl/20252026/STL/8479385.png,https://assets.nhle.com/logos/nhl/svg/STL_light.svg?season=20252026,25,jordankyrou,72.0,1132.6166666667,18.0,28.0,15.0,13.0,46.0,74.19,173.0,10.40,18.93,359.0,253.0,196.0,65.0,3.0,37.0,8.0,4.0,4.0,0.0,0.0,9.0,53.0,22.0,14.0,54.0,28.0,3.0,13.0,18.75
408,8482641,Matt Kiersted,MIN,D,https://assets.nhle.com/mugs/nhl/20252026/MIN/8482641.png,https://assets.nhle.com/logos/nhl/svg/MIN_light.svg,26,mattkiersted,6.0,94.366666666667,0.0,1.0,1.0,0.0,1.0,33.33,4.0,0.00,0.05,5.0,4.0,1.0,0.0,0.0,1.0,0.0,0.0,0.0,0.0,0.0,0.0,10.0,0.0,0.0,12.0,10.0,0.0,0.0,-
409,8484839,Harrison Brunicke,PIT,D,https://assets.nhle.com/mugs/nhl/20252026/PIT/8484839.png,https://assets.nhle.com/logos/nhl/svg/PIT_light.svg,45,harrisonbrunicke,9.0,141.43333333333,1.0,0.0,0.0,0.0,1.0,25.00,8.0,12.50,0.43,22.0,15.0,5.0,0.0,0.0,2.0,6.0,3.0,3.0,0.0,0.0,2.0,14.0,1.0,4.0,19.0,13.0,0.0,0.0,-
410,8480870,Bo Groulx,TOR,C,https://assets.nhle.com/mugs/nhl/20252026/TOR/8480870.png,https://assets.nhle.com/logos/nhl/svg/TOR_light.svg,29,bogroulx,13.0,204.0,3.0,2.0,2.0,0.0,5.0,45.45,15.0,20.00,1.43,32.0,22.0,15.0,6.0,0.0,1.0,0.0,0.0,0.0,0.0,0.0,1.0,11.0,0.0,34.0,12.0,6.0,58.0,97.0,37.42
411,8475718,Justin Holl,STL,D,https://assets.nhle.com/mugs/nhl/20252026/STL/8475718.png,https://assets.nhle.com/logos/nhl/svg/STL_light.svg?season=20252026,4,justinholl,9.0,141.05,1.0,1.0,0.0,1.0,2.0,25.00,7.0,14.29,0.26,16.0,10.0,6.0,1.0,0.0,2.0,6.0,3.0,3.0,0.0,0.0,3.0,3.0,4.0,5.0,20.0,5.0,0.0,0.0,-
412,8482666,Scott Morrow,NYR,D,https://assets.nhle.com/mugs/nhl/20252026/NYR/8482666.png,https://assets.nhle.com/logos/nhl/svg/NYR_light.svg,60,scottmorrow,29.0,454.4,0.0,6.0,3.0,3.0,6.0,35.29,24.0,0.00,0.91,91.0,40.0,26.0,4.0,0.0,7.0,4.0,2.0,2.0,0.0,0.0,1.0,21.0,5.0,11.0,28.0,29.0,0.0,0.0,-
413,8477456,J.T. Compher,DET,L,https://assets.nhle.com/mugs/nhl/20252026/DET/8477456.png,https://assets.nhle.com/logos/nhl/svg/DET_light.svg?season=20252026,37,jtcompher,82.0,1284.7166666667,11.0,17.0,12.0,5.0,28.0,57.14,95.0,11.58,12.68,178.0,140.0,114.0,62.0,2.0,15.0,27.0,12.0,11.0,1.0,0.0,23.0,44.0,11.0,22.0,79.0,54.0,520.0,502.0,50.88
414,8483425,Lian Bichsel,DAL,D,https://assets.nhle.com/mugs/nhl/20252026/DAL/8483425.png,https://assets.nhle.com/logos/nhl/svg/DAL_light.svg,6,lianbichsel,50.0,783.33333333333,4.0,4.0,2.0,2.0,8.0,28.57,27.0,14.81,1.29,89.0,42.0,22.0,3.0,0.0,11.0,37.0,17.0,16.0,1.0,0.0,13.0,38.0,14.0,139.0,103.0,42.0,0.0,0.0,-
415,8476419,Jean-Gabriel Pageau,NYI,C,https://assets.nhle.com/mugs/nhl/20252026/NYI/8476419.png,https://assets.nhle.com/logos/nhl/svg/NYI_light.svg,44,jeangabrielpageau,74.0,1159.25,17.0,18.0,10.0,8.0,35.0,71.43,82.0,20.73,12.85,150.0,128.0,102.0,61.0,7.0,10.0,4.0,2.0,2.0,0.0,0.0,4.0,50.0,16.0,115.0,76.0,51.0,653.0,452.0,59.10
416,8479372,Josh Mahura,SEA,D,https://assets.nhle.com/mugs/nhl/20252026/SEA/8479372.png,https://assets.nhle.com/logos/nhl/svg/SEA_light.svg,28,joshmahura,23.0,360.21666666667,1.0,2.0,0.0,2.0,3.0,18.75,15.0,6.67,0.64,41.0,27.0,12.0,2.0,0.0,0.0,16.0,4.0,3.0,0.0,1.0,0.0,13.0,2.0,26.0,37.0,36.0,0.0,0.0,-
417,8482097,Jack Quinn,BUF,R,https://assets.nhle.com/mugs/nhl/20252026/BUF/8482097.png,https://assets.nhle.com/logos/nhl/svg/BUF_light.svg,22,jackquinn,82.0,1283.8333333333,20.0,31.0,20.0,11.0,51.0,66.23,191.0,10.47,20.98,376.0,295.0,210.0,66.0,5.0,36.0,18.0,9.0,9.0,0.0,0.0,11.0,72.0,14.0,52.0,95.0,25.0,3.0,9.0,25.00
418,8475314,Anders Lee,NYI,L,https://assets.nhle.com/mugs/nhl/20252026/NYI/8475314.png,https://assets.nhle.com/logos/nhl/svg/NYI_light.svg,72,anderslee,82.0,1282.3,19.0,23.0,16.0,7.0,42.0,56.76,201.0,9.45,38.82,368.0,316.0,266.0,185.0,6.0,73.0,44.0,16.0,12.0,4.0,0.0,20.0,60.0,10.0,91.0,71.0,37.0,65.0,56.0,53.72
419,8483467,Kirill Kudryavtsev,VAN,D,https://assets.nhle.com/mugs/nhl/20252026/VAN/8483467.png,https://assets.nhle.com/logos/nhl/svg/VAN_light.svg,59,kirillkudryavtsev,3.0,46.9,0.0,2.0,1.0,1.0,2.0,66.67,4.0,0.00,0.19,9.0,6.0,1.0,0.0,0.0,0.0,0.0,0.0,0.0,0.0,0.0,0.0,1.0,0.0,1.0,5.0,1.0,0.0,0.0,-
420,8484321,Nikolas Matinpalo,OTT,D,https://assets.nhle.com/mugs/nhl/20252026/OTT/8484321.png,https://assets.nhle.com/logos/nhl/svg/OTT_light.svg,33,nikolasmatinpalo,50.0,781.36666666667,0.0,5.0,3.0,2.0,5.0,18.52,37.0,0.00,2.04,100.0,60.0,26.0,6.0,0.0,10.0,16.0,8.0,8.0,0.0,0.0,6.0,38.0,11.0,49.0,105.0,55.0,0.0,0.0,-
421,8482149,Cole Perfetti,WPG,C,https://assets.nhle.com/mugs/nhl/20252026/WPG/8482149.png,https://assets.nhle.com/logos/nhl/svg/WPG_light.svg,91,coleperfetti,68.0,1062.4166666667,12.0,20.0,13.0,7.0,32.0,62.75,136.0,8.82,19.56,281.0,218.0,175.0,81.0,6.0,25.0,20.0,10.0,10.0,0.0,0.0,7.0,55.0,21.0,54.0,56.0,33.0,4.0,6.0,40.00
422,8475722,Jason Zucker,BUF,L,https://assets.nhle.com/mugs/nhl/20252026/BUF/8475722.png,https://assets.nhle.com/logos/nhl/svg/BUF_light.svg,17,jasonzucker,62.0,968.56666666667,24.0,21.0,11.0,10.0,45.0,62.50,128.0,18.75,22.13,226.0,192.0,165.0,114.0,5.0,20.0,23.0,10.0,9.0,1.0,0.0,14.0,65.0,8.0,57.0,48.0,21.0,48.0,76.0,38.71
423,8482731,Tyson Hinds,ANA,D,https://assets.nhle.com/mugs/nhl/20252026/ANA/8482731.png,https://assets.nhle.com/logos/nhl/svg/ANA_light.svg,55,tysonhinds,6.0,93.7,0.0,0.0,0.0,0.0,0.0,0.00,9.0,0.00,0.39,20.0,12.0,6.0,0.0,0.0,1.0,2.0,1.0,1.0,0.0,0.0,1.0,5.0,1.0,6.0,20.0,10.0,0.0,0.0,-
424,8480113,Alex Iafallo,WPG,L,https://assets.nhle.com/mugs/nhl/20252026/WPG/8480113.png,https://assets.nhle.com/logos/nhl/svg/WPG_light.svg,9,alexiafallo,79.0,1231.6333333333,13.0,16.0,7.0,9.0,29.0,52.73,113.0,11.50,19.0,203.0,168.0,140.0,87.0,5.0,22.0,14.0,7.0,7.0,0.0,0.0,6.0,28.0,11.0,120.0,39.0,56.0,17.0,23.0,42.50
425,8476479,Phillip Danault,MTL,C,https://assets.nhle.com/mugs/nhl/20252026/MTL/8476479.png,https://assets.nhle.com/logos/nhl/svg/MTL_light.svg,24,phillipdanault,75.0,1167.4333333333,6.0,11.0,9.0,2.0,17.0,39.53,91.0,6.59,11.77,178.0,131.0,107.0,55.0,1.0,13.0,26.0,13.0,13.0,0.0,0.0,15.0,48.0,12.0,63.0,60.0,40.0,543.0,448.0,54.79
426,8483489,Fraser Minten,BOS,C,https://assets.nhle.com/mugs/nhl/20252026/BOS/8483489.png,https://assets.nhle.com/logos/nhl/svg/BOS_light.svg?season=20252026,93,fraserminten,82.0,1275.1833333333,17.0,18.0,11.0,7.0,35.0,59.32,115.0,14.78,16.25,230.0,172.0,147.0,73.0,10.0,18.0,20.0,10.0,10.0,0.0,0.0,12.0,40.0,27.0,142.0,99.0,51.0,414.0,425.0,49.34
427,8477450,Jason Dickinson,EDM,C,https://assets.nhle.com/mugs/nhl/20252026/EDM/8477450.png,https://assets.nhle.com/logos/nhl/svg/EDM_light.svg,16,jasondickinson,64.0,992.76666666667,7.0,10.0,6.0,4.0,17.0,48.57,73.0,9.59,7.98,152.0,121.0,80.0,32.0,5.0,17.0,20.0,10.0,10.0,0.0,0.0,8.0,41.0,13.0,85.0,67.0,50.0,438.0,450.0,49.32
428,8480834,Ty Emberson,EDM,D,https://assets.nhle.com/mugs/nhl/20252026/EDM/8480834.png,https://assets.nhle.com/logos/nhl/svg/EDM_light.svg,49,tyemberson,72.0,1117.4666666667,2.0,10.0,3.0,7.0,12.0,35.29,46.0,4.35,1.35,111.0,61.0,27.0,2.0,1.0,12.0,23.0,9.0,8.0,1.0,0.0,3.0,53.0,13.0,107.0,186.0,107.0,0.0,0.0,-
429,8481056,Spencer Stastney,EDM,D,https://assets.nhle.com/mugs/nhl/20252026/EDM/8481056.png,https://assets.nhle.com/logos/nhl/svg/EDM_light.svg,24,spencerstastney,66.0,1023.2166666667,2.0,8.0,6.0,2.0,10.0,34.48,56.0,3.57,1.98,123.0,81.0,31.0,7.0,2.0,17.0,20.0,10.0,10.0,0.0,0.0,9.0,66.0,19.0,13.0,90.0,63.0,0.0,0.0,-
430,8480028,Morgan Frost,CGY,C,https://assets.nhle.com/mugs/nhl/20252026/CGY/8480028.png,https://assets.nhle.com/logos/nhl/svg/CGY_light.svg,16,morganfrost,82.0,1270.5,22.0,21.0,12.0,9.0,43.0,58.11,140.0,15.71,20.24,265.0,208.0,174.0,88.0,2.0,28.0,28.0,14.0,14.0,0.0,0.0,14.0,48.0,20.0,59.0,35.0,39.0,600.0,458.0,56.71
431,8485388,Victor Eklund,NYI,R,https://assets.nhle.com/mugs/nhl/20252026/NYI/8485388.png,https://assets.nhle.com/logos/nhl/svg/NYI_light.svg,38,victoreklund,1.0,15.5,0.0,1.0,0.0,1.0,1.0,100.00,2.0,0.00,0.06,2.0,2.0,0.0,0.0,0.0,1.0,0.0,0.0,0.0,0.0,0.0,0.0,0.0,0.0,2.0,0.0,0.0,0.0,0.0,-
432,8484471,Emmitt Finnie,DET,C,https://assets.nhle.com/mugs/nhl/20252026/DET/8484471.png,https://assets.nhle.com/logos/nhl/svg/DET_light.svg?season=20252026,58,emmittfinnie,82.0,1271.0,13.0,17.0,9.0,8.0,30.0,53.57,120.0,10.83,18.73,213.0,177.0,149.0,96.0,2.0,22.0,6.0,3.0,3.0,0.0,0.0,22.0,74.0,24.0,131.0,86.0,41.0,48.0,61.0,44.04
433,8484984,Ivan Demidov,MTL,R,https://assets.nhle.com/mugs/nhl/20252026/MTL/8484984.png,https://assets.nhle.com/logos/nhl/svg/MTL_light.svg,93,ivandemidov,82.0,1270.8333333333,19.0,43.0,26.0,17.0,62.0,59.62,127.0,14.96,15.29,282.0,207.0,139.0,46.0,3.0,19.0,34.0,17.0,17.0,0.0,0.0,18.0,72.0,22.0,28.0,77.0,26.0,0.0,0.0,-
434,8480798,Philipp Kurashev,SJS,C,https://assets.nhle.com/mugs/nhl/20252026/SJS/8480798.png,https://assets.nhle.com/logos/nhl/svg/SJS_light.svg,96,philippkurashev,43.0,666.13333333333,7.0,13.0,10.0,3.0,20.0,57.14,62.0,11.29,5.43,113.0,81.0,71.0,28.0,3.0,13.0,16.0,8.0,8.0,0.0,0.0,8.0,32.0,8.0,40.0,28.0,14.0,34.0,45.0,43.04
435,8482145,Mavrik Bourque,DAL,C,https://assets.nhle.com/mugs/nhl/20252026/DAL/8482145.png,https://assets.nhle.com/logos/nhl/svg/DAL_light.svg,22,mavrikbourque,82.0,1269.9,20.0,21.0,13.0,8.0,41.0,63.08,147.0,13.61,19.79,235.0,194.0,139.0,81.0,5.0,28.0,22.0,11.0,11.0,0.0,0.0,16.0,51.0,15.0,78.0,121.0,21.0,107.0,129.0,45.34
436,8482873,Topias Vilen,NJD,D,https://assets.nhle.com/mugs/nhl/20252026/NJD/8482873.png,https://assets.nhle.com/logos/nhl/svg/NJD_light.svg,38,topiasvilen,2.0,30.916666666667,0.0,0.0,0.0,0.0,0.0,0.00,0.0,-,0.0,1.0,0.0,0.0,0.0,0.0,0.0,0.0,0.0,0.0,0.0,0.0,0.0,1.0,0.0,0.0,3.0,1.0,0.0,0.0,-
437,8482702,Logan Stankoven,CAR,C,https://assets.nhle.com/mugs/nhl/20252026/CAR/8482702.png,https://assets.nhle.com/logos/nhl/svg/CAR_light.svg,22,loganstankoven,81.0,1251.4666666667,21.0,23.0,10.0,13.0,44.0,58.67,166.0,12.65,26.56,315.0,254.0,225.0,105.0,8.0,40.0,25.0,10.0,9.0,1.0,0.0,17.0,46.0,28.0,50.0,117.0,22.0,411.0,512.0,44.53
438,8475149,Marcus Johansson,MIN,L,https://assets.nhle.com/mugs/nhl/20252026/MIN/8475149.png,https://assets.nhle.com/logos/nhl/svg/MIN_light.svg,90,marcusjohansson,75.0,1156.6333333333,15.0,34.0,21.0,13.0,49.0,64.47,107.0,14.02,12.15,204.0,153.0,106.0,48.0,4.0,16.0,12.0,6.0,6.0,0.0,0.0,11.0,53.0,22.0,34.0,62.0,20.0,6.0,10.0,37.50
439,8481617,Vasily Podkolzin,EDM,R,https://assets.nhle.com/mugs/nhl/20252026/EDM/8481617.png,https://assets.nhle.com/logos/nhl/svg/EDM_light.svg,92,vasilypodkolzin,82.0,1260.9333333333,19.0,18.0,10.0,8.0,37.0,54.41,139.0,13.67,17.35,224.0,187.0,139.0,72.0,5.0,20.0,63.0,16.0,9.0,5.0,2.0,15.0,52.0,18.0,242.0,71.0,52.0,21.0,44.0,32.31
440,8478133,Jake Evans,MTL,C,https://assets.nhle.com/mugs/nhl/20252026/MTL/8478133.png,https://assets.nhle.com/logos/nhl/svg/MTL_light.svg,71,jakeevans,68.0,1044.2,12.0,12.0,5.0,7.0,24.0,77.42,75.0,16.00,14.4,157.0,117.0,89.0,45.0,8.0,11.0,38.0,11.0,9.0,0.0,2.0,13.0,48.0,15.0,89.0,83.0,50.0,473.0,372.0,55.98
441,8475755,Alexander Petrovic,DAL,D,https://assets.nhle.com/mugs/nhl/20252026/DAL/8475755.png,https://assets.nhle.com/logos/nhl/svg/DAL_light.svg,36,alexpetrovic,54.0,829.06666666667,2.0,8.0,5.0,3.0,10.0,28.57,57.0,3.51,2.5,121.0,72.0,28.0,1.0,1.0,11.0,47.0,13.0,10.0,1.0,2.0,3.0,45.0,9.0,88.0,108.0,77.0,0.0,0.0,-
442,8480874,Adam Ginning,PHI,D,https://assets.nhle.com/mugs/nhl/20252026/PHI/8480874.png,https://assets.nhle.com/logos/nhl/svg/PHI_light.svg,73,adamginning,5.0,76.7,0.0,0.0,0.0,0.0,0.0,0.00,2.0,0.00,0.09,9.0,5.0,2.0,0.0,0.0,0.0,0.0,0.0,0.0,0.0,0.0,0.0,5.0,0.0,4.0,6.0,5.0,0.0,0.0,-
443,8482126,Emil Andrae,PHI,D,https://assets.nhle.com/mugs/nhl/20252026/PHI/8482126.png,https://assets.nhle.com/logos/nhl/svg/PHI_light.svg,36,emilandrae,61.0,935.56666666667,2.0,11.0,9.0,2.0,13.0,32.50,36.0,5.56,3.27,117.0,65.0,39.0,9.0,3.0,9.0,22.0,11.0,11.0,0.0,0.0,12.0,46.0,7.0,68.0,137.0,58.0,2.0,1.0,66.67
444,8482745,Mason McTavish,ANA,C,https://assets.nhle.com/mugs/nhl/20252026/ANA/8482745.png,https://assets.nhle.com/logos/nhl/svg/ANA_light.svg,83,masonmctavish,75.0,1148.9833333333,17.0,24.0,15.0,9.0,41.0,61.19,146.0,11.64,22.78,325.0,258.0,181.0,99.0,7.0,36.0,42.0,20.0,20.0,0.0,0.0,16.0,55.0,16.0,95.0,53.0,33.0,373.0,395.0,48.57
445,8477435,Ryan Graves,PIT,D,https://assets.nhle.com/mugs/nhl/20252026/PIT/8477435.png,https://assets.nhle.com/logos/nhl/svg/PIT_light.svg,27,ryangraves,22.0,336.68333333333,1.0,0.0,0.0,0.0,1.0,8.33,21.0,4.76,1.05,72.0,41.0,14.0,1.0,0.0,3.0,10.0,5.0,5.0,0.0,0.0,3.0,20.0,7.0,23.0,26.0,38.0,0.0,0.0,-
446,8482089,Jake Neighbours,STL,L,https://assets.nhle.com/mugs/nhl/20252026/STL/8482089.png,https://assets.nhle.com/logos/nhl/svg/STL_light.svg?season=20252026,63,jakeneighbours,69.0,1050.8833333333,15.0,21.0,14.0,7.0,36.0,53.73,86.0,17.44,14.2,161.0,128.0,127.0,75.0,3.0,18.0,43.0,20.0,19.0,1.0,0.0,16.0,43.0,14.0,152.0,80.0,36.0,5.0,15.0,25.00
447,8482705,Cole Sillinger,CBJ,C,https://assets.nhle.com/mugs/nhl/20252026/CBJ/8482705.png,https://assets.nhle.com/logos/nhl/svg/CBJ_light.svg,4,colesillinger,81.0,1232.9,8.0,25.0,13.0,12.0,33.0,55.93,136.0,5.88,15.05,247.0,195.0,143.0,57.0,4.0,20.0,37.0,17.0,16.0,1.0,0.0,8.0,58.0,31.0,112.0,84.0,44.0,48.0,68.0,41.38
448,8482187,Ronan Seeley,CAR,D,https://assets.nhle.com/mugs/nhl/20252026/CAR/8482187.png,https://assets.nhle.com/logos/nhl/svg/CAR_light.svg,91,ronanseeley,1.0,15.2,0.0,0.0,0.0,0.0,0.0,0.00,0.0,-,0.0,1.0,0.0,0.0,0.0,0.0,0.0,0.0,0.0,0.0,0.0,0.0,0.0,1.0,0.0,0.0,0.0,2.0,0.0,0.0,-
449,8477511,Anthony Mantha,PIT,R,https://assets.nhle.com/mugs/nhl/20252026/PIT/8477511.png,https://assets.nhle.com/logos/nhl/svg/PIT_light.svg,39,anthonymantha,81.0,1230.1666666667,33.0,31.0,16.0,15.0,64.0,66.67,152.0,21.71,19.57,281.0,210.0,169.0,90.0,6.0,29.0,43.0,20.0,19.0,1.0,0.0,20.0,82.0,20.0,52.0,39.0,40.0,14.0,32.0,30.43
450,8482911,Joel Nystrom,CAR,D,https://assets.nhle.com/mugs/nhl/20252026/CAR/8482911.png,https://assets.nhle.com/logos/nhl/svg/CAR_light.svg,64,joelnystrom,38.0,577.06666666667,1.0,9.0,7.0,2.0,10.0,40.00,43.0,2.33,1.5,121.0,63.0,34.0,6.0,1.0,19.0,6.0,3.0,3.0,0.0,0.0,1.0,32.0,5.0,10.0,58.0,22.0,0.0,0.0,-
451,8483760,Hunter McDonald,PHI,D,https://assets.nhle.com/mugs/nhl/20252026/PHI/8483760.png,https://assets.nhle.com/logos/nhl/svg/PHI_light.svg,19,huntermcdonald,1.0,15.183333333333,0.0,1.0,0.0,1.0,1.0,33.33,0.0,-,0.0,1.0,0.0,0.0,0.0,0.0,0.0,4.0,2.0,2.0,0.0,0.0,1.0,0.0,0.0,5.0,2.0,1.0,0.0,0.0,-
452,8481721,Arseny Gritsyuk,NJD,R,https://assets.nhle.com/mugs/nhl/20252026/NJD/8481721.png,https://assets.nhle.com/logos/nhl/svg/NJD_light.svg,81,arsenygritsyuk,66.0,1001.5,13.0,18.0,13.0,5.0,31.0,58.49,149.0,8.72,13.46,270.0,215.0,126.0,39.0,5.0,23.0,26.0,13.0,13.0,0.0,0.0,10.0,46.0,24.0,58.0,71.0,18.0,4.0,9.0,30.77
453,8484860,Matvei Gridin,CGY,R,https://assets.nhle.com/mugs/nhl/20252026/CGY/8484860.png,https://assets.nhle.com/logos/nhl/svg/CGY_light.svg,92,matveigridin,37.0,560.41666666667,6.0,14.0,9.0,5.0,20.0,68.97,70.0,8.57,7.6,140.0,102.0,64.0,26.0,4.0,14.0,2.0,1.0,1.0,0.0,0.0,5.0,42.0,7.0,11.0,32.0,28.0,3.0,14.0,17.65
454,8479999,Casey Mittelstadt,BOS,C,https://assets.nhle.com/mugs/nhl/20252026/BOS/8479999.png,https://assets.nhle.com/logos/nhl/svg/BOS_light.svg?season=20252026,11,caseymittelstadt,71.0,1076.5333333333,15.0,27.0,15.0,12.0,42.0,57.53,79.0,18.99,11.93,161.0,135.0,102.0,49.0,3.0,9.0,12.0,6.0,6.0,0.0,0.0,13.0,74.0,12.0,23.0,63.0,21.0,91.0,95.0,48.92
455,8481553,Bobby Brink,MIN,R,https://assets.nhle.com/mugs/nhl/20252026/MIN/8481553.png,https://assets.nhle.com/logos/nhl/svg/MIN_light.svg,10,bobbybrink,68.0,1030.8333333333,15.0,15.0,10.0,5.0,30.0,63.83,104.0,14.42,16.77,206.0,161.0,132.0,59.0,0.0,23.0,24.0,11.0,11.0,0.0,0.0,14.0,44.0,12.0,80.0,78.0,39.0,18.0,32.0,36.00
456,8476448,William Karlsson,VGK,C,https://assets.nhle.com/mugs/nhl/20252026/VGK/8476448.png,https://assets.nhle.com/logos/nhl/svg/VGK_light.svg,71,willkarlsson,14.0,212.05,4.0,3.0,2.0,1.0,7.0,100.00,30.0,13.33,3.32,48.0,38.0,21.0,12.0,0.0,4.0,4.0,2.0,2.0,0.0,0.0,1.0,11.0,3.0,3.0,15.0,13.0,91.0,67.0,57.59
457,8480849,Barrett Hayton,UTA,C,https://assets.nhle.com/mugs/nhl/20252026/UTA/8480849.png,https://assets.nhle.com/logos/nhl/svg/UTA_light.svg?season=20252026,27,barretthayton,67.0,1013.2333333333,10.0,15.0,7.0,8.0,25.0,47.17,118.0,8.47,20.95,207.0,170.0,141.0,82.0,2.0,25.0,54.0,22.0,21.0,0.0,1.0,16.0,40.0,13.0,34.0,58.0,29.0,409.0,368.0,52.64
458,8484386,Dmitri Simashev,UTA,D,https://assets.nhle.com/mugs/nhl/20252026/UTA/8484386.png,https://assets.nhle.com/logos/nhl/svg/UTA_light.svg?season=20252026,26,dmitrisimashev,28.0,423.01666666667,0.0,1.0,1.0,0.0,1.0,14.29,26.0,0.00,1.09,50.0,36.0,14.0,4.0,0.0,5.0,23.0,6.0,4.0,1.0,1.0,2.0,30.0,1.0,14.0,50.0,28.0,0.0,0.0,-
459,8482131,Donovan Sebrango,FLA,D,https://assets.nhle.com/mugs/nhl/20252026/FLA/8482131.png,https://assets.nhle.com/logos/nhl/svg/FLA_light.svg,73,donovansebrango,42.0,634.36666666667,0.0,8.0,5.0,3.0,8.0,29.63,33.0,0.00,1.36,100.0,63.0,17.0,2.0,1.0,6.0,68.0,20.0,14.0,4.0,2.0,10.0,27.0,5.0,77.0,68.0,32.0,0.0,0.0,-
460,8480068,Ryan Poehling,ANA,C,https://assets.nhle.com/mugs/nhl/20252026/ANA/8480068.png,https://assets.nhle.com/logos/nhl/svg/ANA_light.svg,25,ryanpoehling,75.0,1130.05,11.0,25.0,19.0,6.0,36.0,65.45,94.0,11.70,11.19,184.0,147.0,98.0,54.0,8.0,18.0,12.0,6.0,6.0,0.0,0.0,15.0,48.0,17.0,44.0,61.0,86.0,499.0,529.0,48.54
461,8485414,Ben Kindel,PIT,C,https://assets.nhle.com/mugs/nhl/20252026/PIT/8485414.png,https://assets.nhle.com/logos/nhl/svg/PIT_light.svg,81,benkindel,77.0,1159.8666666667,17.0,18.0,14.0,4.0,35.0,55.56,151.0,11.26,21.16,285.0,219.0,174.0,81.0,8.0,25.0,18.0,9.0,9.0,0.0,0.0,16.0,83.0,25.0,30.0,79.0,57.0,282.0,367.0,43.45
462,8484994,Igor Chernyshov,SJS,L,https://assets.nhle.com/mugs/nhl/20252026/SJS/8484994.png,https://assets.nhle.com/logos/nhl/svg/SJS_light.svg,92,igorchernyshov,28.0,421.61666666667,9.0,10.0,9.0,1.0,19.0,59.38,46.0,19.57,6.65,81.0,71.0,62.0,32.0,1.0,10.0,6.0,3.0,3.0,0.0,0.0,3.0,24.0,4.0,17.0,26.0,13.0,0.0,0.0,-
463,8479639,Dylan Coghlan,VGK,D,https://assets.nhle.com/mugs/nhl/20252026/VGK/8479639.png,https://assets.nhle.com/logos/nhl/svg/VGK_light.svg,52,dylancoghlan,3.0,45.166666666667,0.0,0.0,0.0,0.0,0.0,0.00,2.0,0.00,0.11,7.0,5.0,1.0,0.0,0.0,0.0,2.0,1.0,1.0,0.0,0.0,0.0,2.0,0.0,4.0,5.0,4.0,0.0,0.0,-
464,8481004,Josiah Slavin,CAR,L,https://assets.nhle.com/mugs/nhl/20252026/CAR/8481004.png,https://assets.nhle.com/logos/nhl/svg/CAR_light.svg,23,josiahslavin,2.0,30.033333333333,0.0,0.0,0.0,0.0,0.0,0.00,0.0,-,0.19,4.0,3.0,1.0,1.0,0.0,0.0,2.0,1.0,1.0,0.0,0.0,0.0,0.0,1.0,1.0,2.0,1.0,1.0,1.0,50.00
465,8484380,Wilmer Skoog,FLA,C,https://assets.nhle.com/mugs/nhl/20252026/FLA/8484380.png,https://assets.nhle.com/logos/nhl/svg/FLA_light.svg,73,wilmerskoog,3.0,45.05,0.0,2.0,2.0,0.0,2.0,66.67,4.0,0.00,0.49,10.0,7.0,4.0,0.0,1.0,1.0,4.0,2.0,2.0,0.0,0.0,1.0,1.0,0.0,2.0,5.0,5.0,0.0,0.0,-
466,8480291,Skyler Brind'Amour,CAR,C,https://assets.nhle.com/mugs/nhl/20252026/CAR/8480291.png,https://assets.nhle.com/logos/nhl/svg/CAR_light.svg,76,skylerbrindamour,4.0,60.066666666667,0.0,0.0,0.0,0.0,0.0,-,2.0,0.00,0.17,10.0,3.0,5.0,0.0,1.0,1.0,2.0,1.0,1.0,0.0,0.0,0.0,2.0,0.0,5.0,5.0,0.0,22.0,21.0,51.16
467,8482804,Ty Murchison,PHI,D,https://assets.nhle.com/mugs/nhl/20252026/PHI/8482804.png,https://assets.nhle.com/logos/nhl/svg/PHI_light.svg,29,tymurchison,3.0,45.016666666667,0.0,0.0,0.0,0.0,0.0,0.00,1.0,0.00,0.01,2.0,1.0,0.0,0.0,0.0,0.0,0.0,0.0,0.0,0.0,0.0,0.0,3.0,0.0,5.0,6.0,2.0,0.0,0.0,-
468,8480078,Filip Chytil,VAN,C,https://assets.nhle.com/mugs/nhl/20252026/VAN/8480078.png,https://assets.nhle.com/logos/nhl/svg/VAN_light.svg,77,filipchytil,12.0,180.06666666667,3.0,0.0,0.0,0.0,3.0,60.00,24.0,12.50,3.64,40.0,35.0,27.0,16.0,0.0,7.0,6.0,3.0,3.0,0.0,0.0,0.0,12.0,4.0,4.0,17.0,4.0,60.0,62.0,49.18
469,8482209,Rory Kerins,CGY,C,https://assets.nhle.com/mugs/nhl/20252026/CGY/8482209.png,https://assets.nhle.com/logos/nhl/svg/CGY_light.svg,6,rorykerins,4.0,59.983333333333,0.0,0.0,0.0,0.0,0.0,-,1.0,0.00,0.83,8.0,5.0,8.0,5.0,1.0,3.0,2.0,1.0,1.0,0.0,0.0,0.0,2.0,1.0,3.0,3.0,5.0,10.0,16.0,38.46
470,8483678,Elias Pettersson,VAN,D,https://assets.nhle.com/mugs/nhl/20252026/VAN/8483678.png,https://assets.nhle.com/logos/nhl/svg/VAN_light.svg,25,eliaspetterssonD,70.0,1048.5166666667,3.0,7.0,1.0,6.0,10.0,30.30,46.0,6.52,1.79,135.0,83.0,33.0,5.0,2.0,8.0,39.0,14.0,12.0,1.0,1.0,16.0,68.0,14.0,136.0,97.0,85.0,0.0,0.0,-
471,8475726,Tyler Toffoli,SJS,C,https://assets.nhle.com/mugs/nhl/20252026/SJS/8475726.png,https://assets.nhle.com/logos/nhl/svg/SJS_light.svg,73,tylertoffoli,79.0,1182.8333333333,19.0,30.0,17.0,13.0,49.0,62.03,172.0,11.05,22.77,350.0,253.0,202.0,98.0,2.0,38.0,10.0,5.0,5.0,0.0,0.0,6.0,58.0,18.0,48.0,39.0,31.0,6.0,16.0,27.27
472,8476392,Adam Lowry,WPG,C,https://assets.nhle.com/mugs/nhl/20252026/WPG/8476392.png,https://assets.nhle.com/logos/nhl/svg/WPG_light.svg,17,adamlowry,70.0,1048.0,5.0,16.0,10.0,6.0,21.0,61.76,71.0,7.04,12.68,160.0,126.0,110.0,60.0,4.0,20.0,32.0,10.0,6.0,4.0,0.0,12.0,36.0,18.0,150.0,57.0,48.0,522.0,429.0,54.89
473,8476422,Mike Reilly,CAR,D,https://assets.nhle.com/mugs/nhl/20252026/CAR/8476422.png,https://assets.nhle.com/logos/nhl/svg/CAR_light.svg,6,michaelreilly,42.0,628.55,1.0,8.0,4.0,4.0,9.0,31.03,63.0,1.59,2.46,153.0,96.0,35.0,4.0,2.0,13.0,26.0,13.0,13.0,0.0,0.0,6.0,23.0,7.0,18.0,47.0,37.0,0.0,0.0,-
474,8475765,Vladimir Tarasenko,MIN,R,https://assets.nhle.com/mugs/nhl/20252026/MIN/8475765.png,https://assets.nhle.com/logos/nhl/svg/MIN_light.svg,91,vladimirtarasenko,75.0,1120.3833333333,23.0,24.0,16.0,8.0,47.0,77.05,148.0,15.54,17.95,278.0,212.0,158.0,65.0,3.0,27.0,10.0,5.0,5.0,0.0,0.0,12.0,65.0,12.0,60.0,68.0,33.0,6.0,7.0,46.15
475,8476856,Mathew Dumba,PIT,D,https://assets.nhle.com/mugs/nhl/20252026/PIT/8476856.png,https://assets.nhle.com/logos/nhl/svg/PIT_light.svg,24,mattdumba,11.0,164.3,1.0,2.0,1.0,1.0,3.0,60.00,7.0,14.29,0.39,26.0,14.0,6.0,2.0,1.0,2.0,11.0,4.0,3.0,1.0,0.0,2.0,8.0,6.0,16.0,11.0,12.0,0.0,0.0,-
476,8480075,Cameron Crotty,OTT,D,https://assets.nhle.com/mugs/nhl/20252026/OTT/8480075.png,https://assets.nhle.com/logos/nhl/svg/OTT_light.svg,5,camcrotty,6.0,89.516666666667,0.0,1.0,0.0,1.0,1.0,25.00,5.0,0.00,0.14,9.0,8.0,0.0,0.0,1.0,1.0,0.0,0.0,0.0,0.0,0.0,0.0,3.0,2.0,3.0,8.0,3.0,0.0,0.0,-
477,8483808,Andrei Kuzmenko,LAK,L,https://assets.nhle.com/mugs/nhl/20252026/LAK/8483808.png,https://assets.nhle.com/logos/nhl/svg/LAK_light.svg,62,andreikuzmenko,52.0,775.61666666667,13.0,12.0,3.0,9.0,25.0,58.14,69.0,18.84,10.17,173.0,120.0,115.0,51.0,3.0,20.0,16.0,8.0,8.0,0.0,0.0,16.0,49.0,10.0,18.0,44.0,14.0,0.0,0.0,-
478,8484933,Mikulas Hovorka,FLA,D,https://assets.nhle.com/mugs/nhl/20252026/FLA/8484933.png,https://assets.nhle.com/logos/nhl/svg/FLA_light.svg,96,mikulashovorka,4.0,59.633333333333,0.0,1.0,0.0,1.0,1.0,33.33,3.0,0.00,0.53,8.0,5.0,3.0,2.0,0.0,1.0,0.0,0.0,0.0,0.0,0.0,1.0,6.0,1.0,3.0,6.0,2.0,0.0,0.0,-
479,8479353,Brett Howden,VGK,C,https://assets.nhle.com/mugs/nhl/20252026/VGK/8479353.png,https://assets.nhle.com/logos/nhl/svg/VGK_light.svg,21,bretthowden,58.0,863.81666666667,12.0,10.0,4.0,6.0,22.0,62.86,65.0,18.46,9.27,120.0,103.0,88.0,48.0,2.0,4.0,41.0,19.0,18.0,1.0,0.0,21.0,47.0,13.0,100.0,78.0,19.0,260.0,257.0,50.29
480,8477503,Max Domi,TOR,C,https://assets.nhle.com/mugs/nhl/20252026/TOR/8477503.png,https://assets.nhle.com/logos/nhl/svg/TOR_light.svg,11,maxdomi,80.0,1190.5333333333,12.0,24.0,19.0,5.0,36.0,69.23,118.0,10.17,10.73,235.0,171.0,110.0,44.0,8.0,22.0,95.0,28.0,20.0,5.0,3.0,18.0,89.0,26.0,37.0,27.0,35.0,221.0,210.0,51.28
481,8481567,Henry Thrun,TOR,D,https://assets.nhle.com/mugs/nhl/20252026/TOR/8481567.png,https://assets.nhle.com/logos/nhl/svg/TOR_light.svg,8,henrythrun,4.0,59.45,0.0,0.0,0.0,0.0,0.0,0.00,4.0,0.00,0.09,5.0,5.0,0.0,0.0,0.0,0.0,0.0,0.0,0.0,0.0,0.0,0.0,1.0,0.0,3.0,5.0,4.0,0.0,0.0,-
482,8484169,Drew Fortescue,NYR,D,https://assets.nhle.com/mugs/nhl/20252026/NYR/8484169.png,https://assets.nhle.com/logos/nhl/svg/NYR_light.svg,45,drewfortescue,9.0,133.58333333333,0.0,2.0,1.0,1.0,2.0,25.00,3.0,0.00,0.14,13.0,8.0,2.0,0.0,0.0,0.0,4.0,2.0,2.0,0.0,0.0,0.0,5.0,0.0,6.0,13.0,7.0,0.0,0.0,-
483,8484387,Matvei Michkov,PHI,R,https://assets.nhle.com/mugs/nhl/20252026/PHI/8484387.png,https://assets.nhle.com/logos/nhl/svg/PHI_light.svg,39,matveimichkov,81.0,1202.05,20.0,31.0,19.0,12.0,51.0,71.83,163.0,12.27,20.49,299.0,232.0,165.0,84.0,4.0,35.0,71.0,33.0,32.0,1.0,0.0,18.0,87.0,22.0,33.0,74.0,19.0,1.0,11.0,8.33
484,8476921,Jordan Martinook,CAR,L,https://assets.nhle.com/mugs/nhl/20252026/CAR/8476921.png,https://assets.nhle.com/logos/nhl/svg/CAR_light.svg,48,jordanmartinook,77.0,1142.3666666667,12.0,17.0,9.0,8.0,29.0,53.70,109.0,11.01,15.86,249.0,191.0,138.0,65.0,9.0,27.0,35.0,16.0,15.0,1.0,0.0,18.0,45.0,14.0,112.0,93.0,50.0,32.0,41.0,43.84
485,8480879,Jacob Bernard-Docker,DET,D,https://assets.nhle.com/mugs/nhl/20252026/DET/8480879.png,https://assets.nhle.com/logos/nhl/svg/DET_light.svg?season=20252026,25,jakebernarddocker,63.0,933.05,1.0,4.0,2.0,2.0,5.0,20.83,41.0,2.44,1.54,113.0,64.0,29.0,3.0,1.0,9.0,25.0,11.0,10.0,1.0,0.0,7.0,41.0,8.0,66.0,128.0,87.0,0.0,0.0,-
486,8483512,Matt Savoie,EDM,C,https://assets.nhle.com/mugs/nhl/20252026/EDM/8483512.png,https://assets.nhle.com/logos/nhl/svg/EDM_light.svg,22,mattsavoie,82.0,1212.0833333333,18.0,19.0,9.0,10.0,37.0,56.92,138.0,13.04,21.47,241.0,203.0,153.0,81.0,10.0,20.0,24.0,8.0,7.0,0.0,1.0,11.0,52.0,32.0,14.0,81.0,37.0,32.0,48.0,40.00
487,8483398,Declan Carlile,TBL,D,https://assets.nhle.com/mugs/nhl/20252026/TBL/8483398.png,https://assets.nhle.com/logos/nhl/svg/TBL_light.svg,72,declancarlile,42.0,620.68333333333,1.0,2.0,0.0,2.0,3.0,12.00,33.0,3.03,1.67,99.0,51.0,35.0,1.0,2.0,5.0,40.0,13.0,10.0,2.0,1.0,13.0,22.0,6.0,51.0,86.0,38.0,0.0,0.0,-
488,8476878,Zemgus Girgensons,TBL,C,https://assets.nhle.com/mugs/nhl/20252026/TBL/8476878.png,https://assets.nhle.com/logos/nhl/svg/TBL_light.svg,28,zemgusgirgensons,74.0,1092.8,9.0,11.0,4.0,7.0,20.0,64.52,89.0,10.11,14.12,176.0,141.0,117.0,68.0,4.0,19.0,31.0,14.0,13.0,1.0,0.0,13.0,42.0,6.0,195.0,106.0,44.0,100.0,124.0,44.64
489,8473507,Jeff Petry,MIN,D,https://assets.nhle.com/mugs/nhl/20252026/MIN/8473507.png,https://assets.nhle.com/logos/nhl/svg/MIN_light.svg,2,jeffpetry,67.0,989.05,0.0,9.0,6.0,3.0,9.0,24.32,54.0,0.00,2.99,156.0,94.0,38.0,5.0,4.0,12.0,24.0,12.0,12.0,0.0,0.0,3.0,52.0,9.0,66.0,112.0,65.0,0.0,0.0,-
490,8482088,Justin Sourdif,WSH,C,https://assets.nhle.com/mugs/nhl/20252026/WSH/8482088.png,https://assets.nhle.com/logos/nhl/svg/WSH_secondary_light.svg,34,justinsourdif,78.0,1149.6333333333,15.0,20.0,11.0,9.0,35.0,56.45,108.0,13.89,16.35,225.0,175.0,135.0,75.0,2.0,26.0,35.0,16.0,15.0,1.0,0.0,26.0,55.0,21.0,98.0,89.0,40.0,316.0,372.0,45.93
491,8477987,Ryan Donato,CHI,C,https://assets.nhle.com/mugs/nhl/20252026/CHI/8477987.png,https://assets.nhle.com/logos/nhl/svg/CHI_light.svg?season=20252026,8,ryandonato,82.0,1208.4,15.0,15.0,9.0,6.0,30.0,65.22,122.0,12.30,17.25,278.0,213.0,155.0,79.0,9.0,27.0,46.0,19.0,18.0,0.0,1.0,21.0,58.0,26.0,78.0,101.0,21.0,170.0,194.0,46.70
492,8480144,David Kampf,WSH,C,https://assets.nhle.com/mugs/nhl/20252026/WSH/8480144.png,https://assets.nhle.com/logos/nhl/svg/WSH_secondary_light.svg,64,davidkampf,40.0,589.13333333333,2.0,4.0,3.0,1.0,6.0,46.15,36.0,5.56,4.5,64.0,48.0,47.0,24.0,3.0,8.0,12.0,6.0,6.0,0.0,0.0,5.0,18.0,6.0,45.0,47.0,26.0,289.0,264.0,52.26
493,8484158,Easton Cowan,TOR,R,https://assets.nhle.com/mugs/nhl/20252026/TOR/8484158.png,https://assets.nhle.com/logos/nhl/svg/TOR_light.svg,53,eastoncowan,66.0,970.93333333333,11.0,18.0,10.0,8.0,29.0,59.18,93.0,11.83,9.84,185.0,143.0,100.0,40.0,2.0,16.0,45.0,17.0,15.0,1.0,1.0,18.0,79.0,13.0,71.0,63.0,32.0,2.0,4.0,33.33
494,8479395,Dennis Cholowski,NJD,D,https://assets.nhle.com/mugs/nhl/20252026/NJD/8479395.png,https://assets.nhle.com/logos/nhl/svg/NJD_light.svg,21,dennischolowski,17.0,249.41666666667,0.0,2.0,0.0,2.0,2.0,28.57,12.0,0.00,0.51,25.0,17.0,5.0,1.0,0.0,2.0,2.0,1.0,1.0,0.0,0.0,0.0,18.0,5.0,3.0,15.0,18.0,0.0,0.0,-
495,8477810,Joel Hanley,CGY,D,https://assets.nhle.com/mugs/nhl/20252026/CGY/8477810.png,https://assets.nhle.com/logos/nhl/svg/CGY_light.svg,44,joelhanley,68.0,996.88333333333,0.0,7.0,1.0,6.0,7.0,24.14,43.0,0.00,1.91,117.0,76.0,30.0,4.0,1.0,9.0,44.0,14.0,11.0,2.0,1.0,5.0,53.0,10.0,42.0,159.0,90.0,0.0,0.0,-
496,8483472,Maveric Lamoureux,UTA,D,https://assets.nhle.com/mugs/nhl/20252026/UTA/8483472.png,https://assets.nhle.com/logos/nhl/svg/UTA_light.svg?season=20252026,10,mavericlamoureux,5.0,73.266666666667,0.0,1.0,1.0,0.0,1.0,20.00,4.0,0.00,0.18,10.0,6.0,3.0,1.0,0.0,1.0,2.0,1.0,1.0,0.0,0.0,0.0,4.0,2.0,11.0,5.0,9.0,0.0,0.0,-
497,8478042,Viktor Arvidsson,BOS,L,https://assets.nhle.com/mugs/nhl/20252026/BOS/8478042.png,https://assets.nhle.com/logos/nhl/svg/BOS_light.svg?season=20252026,33,viktorarvidsson,69.0,1007.3333333333,25.0,29.0,13.0,16.0,54.0,71.05,175.0,14.29,22.42,358.0,270.0,188.0,94.0,6.0,36.0,24.0,11.0,11.0,0.0,0.0,14.0,58.0,15.0,24.0,99.0,36.0,7.0,7.0,50.00
498,8477953,Kasperi Kapanen,EDM,R,https://assets.nhle.com/mugs/nhl/20252026/EDM/8477953.png,https://assets.nhle.com/logos/nhl/svg/EDM_light.svg,42,kasperikapanen,41.0,598.21666666667,8.0,9.0,8.0,1.0,17.0,70.83,65.0,12.31,6.52,112.0,96.0,57.0,24.0,5.0,4.0,14.0,7.0,7.0,0.0,0.0,3.0,25.0,7.0,75.0,22.0,18.0,0.0,3.0,0.00
499,8482055,Drew O'Connor,VAN,L,https://assets.nhle.com/mugs/nhl/20252026/VAN/8482055.png,https://assets.nhle.com/logos/nhl/svg/VAN_light.svg,18,drewoconnor,82.0,1196.3,17.0,12.0,10.0,2.0,29.0,63.04,136.0,12.50,20.83,269.0,208.0,159.0,102.0,6.0,34.0,47.0,18.0,16.0,1.0,1.0,14.0,62.0,23.0,77.0,78.0,26.0,54.0,57.0,48.65
500,8477018,Ben Hutton,VGK,D,https://assets.nhle.com/mugs/nhl/20252026/VGK/8477018.png,https://assets.nhle.com/logos/nhl/svg/VGK_light.svg,17,benhutton,55.0,802.25,6.0,9.0,3.0,6.0,15.0,38.46,71.0,8.45,2.92,148.0,91.0,33.0,7.0,2.0,16.0,19.0,8.0,7.0,1.0,0.0,9.0,42.0,19.0,28.0,114.0,55.0,0.0,0.0,-
501,8484392,Felix Unger Sorum,CAR,R,https://assets.nhle.com/mugs/nhl/20252026/CAR/8484392.png,https://assets.nhle.com/logos/nhl/svg/CAR_light.svg,36,felixungersorum,1.0,14.583333333333,0.0,1.0,1.0,0.0,1.0,100.00,0.0,-,0.16,2.0,2.0,2.0,1.0,0.0,0.0,0.0,0.0,0.0,0.0,0.0,0.0,3.0,0.0,0.0,3.0,1.0,0.0,0.0,-
502,8481711,Matias Maccelli,TOR,L,https://assets.nhle.com/mugs/nhl/20252026/TOR/8481711.png,https://assets.nhle.com/logos/nhl/svg/TOR_light.svg,63,matiasmaccelli,71.0,1034.1,14.0,25.0,12.0,13.0,39.0,70.91,90.0,15.56,12.04,176.0,140.0,100.0,53.0,1.0,19.0,16.0,8.0,8.0,0.0,0.0,7.0,67.0,15.0,24.0,59.0,17.0,3.0,4.0,42.86
503,8485395,James Hagens,BOS,C,https://assets.nhle.com/mugs/nhl/20252026/BOS/8485395.png,https://assets.nhle.com/logos/nhl/svg/BOS_light.svg?season=20252026,44,jameshagens,2.0,29.1,0.0,1.0,0.0,1.0,1.0,100.00,2.0,0.00,0.16,5.0,3.0,2.0,0.0,0.0,0.0,2.0,1.0,1.0,0.0,0.0,0.0,3.0,3.0,1.0,1.0,0.0,1.0,0.0,100.00
504,8474567,Zach Bogosian,MIN,D,https://assets.nhle.com/mugs/nhl/20252026/MIN/8474567.png,https://assets.nhle.com/logos/nhl/svg/MIN_light.svg,24,zachbogosian,41.0,596.31666666667,2.0,4.0,3.0,1.0,6.0,23.08,30.0,6.67,0.97,76.0,49.0,20.0,3.0,1.0,9.0,18.0,9.0,9.0,0.0,0.0,4.0,32.0,10.0,47.0,26.0,37.0,0.0,1.0,0.00
505,8479026,Philippe Myers,TOR,D,https://assets.nhle.com/mugs/nhl/20252026/TOR/8479026.png,https://assets.nhle.com/logos/nhl/svg/TOR_light.svg,51,philippemyers,39.0,567.18333333333,0.0,2.0,1.0,1.0,2.0,10.00,42.0,0.00,1.54,98.0,69.0,20.0,2.0,3.0,6.0,22.0,11.0,11.0,0.0,0.0,1.0,35.0,4.0,55.0,49.0,51.0,0.0,0.0,-
506,8475343,Nic Dowd,VGK,C,https://assets.nhle.com/mugs/nhl/20252026/VGK/8475343.png,https://assets.nhle.com/logos/nhl/svg/VGK_light.svg,26,nicdowd,75.0,1090.65,5.0,16.0,4.0,12.0,21.0,80.77,66.0,7.58,9.62,135.0,106.0,91.0,45.0,4.0,18.0,73.0,31.0,29.0,1.0,1.0,21.0,43.0,19.0,140.0,99.0,50.0,475.0,493.0,49.07
507,8484759,Carter Yakemchuk,OTT,D,https://assets.nhle.com/mugs/nhl/20252026/OTT/8484759.png,https://assets.nhle.com/logos/nhl/svg/OTT_light.svg,26,carteryakemchuk,4.0,58.133333333333,1.0,1.0,0.0,1.0,2.0,50.00,5.0,20.00,0.33,13.0,9.0,3.0,1.0,0.0,0.0,2.0,1.0,1.0,0.0,0.0,1.0,7.0,1.0,0.0,1.0,4.0,0.0,0.0,-
508,8475791,Taylor Hall,CAR,L,https://assets.nhle.com/mugs/nhl/20252026/CAR/8475791.png,https://assets.nhle.com/logos/nhl/svg/CAR_light.svg,71,taylorhall,80.0,1162.3666666667,18.0,30.0,19.0,11.0,48.0,69.57,137.0,13.14,19.85,279.0,209.0,172.0,89.0,5.0,25.0,44.0,18.0,17.0,0.0,1.0,26.0,64.0,21.0,54.0,152.0,30.0,20.0,29.0,40.82
509,8482177,Marat Khusnutdinov,BOS,C,https://assets.nhle.com/mugs/nhl/20252026/BOS/8482177.png,https://assets.nhle.com/logos/nhl/svg/BOS_light.svg?season=20252026,92,maratkhusnutdinov,77.0,1116.5,15.0,18.0,7.0,11.0,33.0,60.00,78.0,19.23,12.05,146.0,123.0,99.0,52.0,8.0,10.0,16.0,8.0,8.0,0.0,0.0,17.0,47.0,21.0,42.0,53.0,39.0,56.0,64.0,46.67
510,8473604,Jonathan Toews,WPG,C,https://assets.nhle.com/mugs/nhl/20252026/WPG/8473604.png,https://assets.nhle.com/logos/nhl/svg/WPG_light.svg,19,jonathantoews,82.0,1188.1166666667,11.0,18.0,12.0,6.0,29.0,63.04,104.0,10.58,15.73,176.0,148.0,122.0,71.0,2.0,31.0,38.0,19.0,19.0,0.0,0.0,8.0,66.0,19.0,17.0,65.0,34.0,637.0,389.0,62.09
511,8481618,Alex Newhook,MTL,C,https://assets.nhle.com/mugs/nhl/20252026/MTL/8481618.png,https://assets.nhle.com/logos/nhl/svg/MTL_light.svg,15,alexnewhook,42.0,608.35,13.0,12.0,8.0,4.0,25.0,65.79,61.0,21.31,7.14,113.0,88.0,74.0,30.0,1.0,8.0,10.0,5.0,5.0,0.0,0.0,8.0,13.0,2.0,48.0,39.0,17.0,126.0,139.0,47.55
512,8480835,Jack Drury,COL,C,https://assets.nhle.com/mugs/nhl/20252026/COL/8480835.png,https://assets.nhle.com/logos/nhl/svg/COL_light.svg,18,jackdrury,82.0,1187.25,10.0,17.0,10.0,7.0,27.0,58.70,99.0,10.10,14.49,198.0,152.0,123.0,58.0,9.0,15.0,31.0,14.0,13.0,1.0,0.0,14.0,44.0,23.0,46.0,130.0,56.0,563.0,406.0,58.10
513,8478831,Kevin Stenlund,UTA,C,https://assets.nhle.com/mugs/nhl/20252026/UTA/8478831.png,https://assets.nhle.com/logos/nhl/svg/UTA_light.svg?season=20252026,82,kevinstenlund,80.0,1158.2833333333,4.0,14.0,8.0,6.0,18.0,56.25,66.0,6.06,10.13,167.0,118.0,91.0,31.0,7.0,15.0,24.0,12.0,12.0,0.0,0.0,10.0,50.0,13.0,43.0,75.0,61.0,618.0,523.0,54.16
514,8482775,Oliver Kapanen,MTL,C,https://assets.nhle.com/mugs/nhl/20252026/MTL/8482775.png,https://assets.nhle.com/logos/nhl/svg/MTL_light.svg,91,oliverkapanen,82.0,1186.95,22.0,15.0,8.0,7.0,37.0,60.66,131.0,16.79,18.05,231.0,199.0,161.0,74.0,4.0,20.0,22.0,11.0,11.0,0.0,0.0,8.0,38.0,14.0,32.0,65.0,68.0,306.0,366.0,45.54
515,8482713,Mackie Samoskevich,FLA,R,https://assets.nhle.com/mugs/nhl/20252026/FLA/8482713.png,https://assets.nhle.com/logos/nhl/svg/FLA_light.svg,11,mackiesamoskevich,77.0,1114.1666666667,12.0,20.0,14.0,6.0,32.0,60.38,160.0,7.50,22.11,332.0,256.0,198.0,94.0,9.0,35.0,30.0,15.0,15.0,0.0,0.0,31.0,52.0,10.0,136.0,97.0,33.0,5.0,7.0,41.67
516,8480831,Alec Regula,EDM,D,https://assets.nhle.com/mugs/nhl/20252026/EDM/8480831.png,https://assets.nhle.com/logos/nhl/svg/EDM_light.svg,75,alecregula,29.0,419.6,0.0,3.0,1.0,2.0,3.0,33.33,18.0,0.00,0.63,51.0,32.0,10.0,1.0,0.0,2.0,35.0,12.0,10.0,1.0,1.0,3.0,28.0,7.0,15.0,50.0,44.0,0.0,0.0,-
517,8478462,Nicolas Roy,COL,C,https://assets.nhle.com/mugs/nhl/20252026/COL/8478462.png,https://assets.nhle.com/logos/nhl/svg/COL_light.svg,10,nicolasroy,74.0,1070.0,8.0,17.0,12.0,5.0,25.0,53.19,76.0,10.53,12.92,161.0,120.0,121.0,64.0,3.0,16.0,23.0,10.0,9.0,1.0,0.0,10.0,62.0,21.0,71.0,56.0,40.0,377.0,344.0,52.29
518,8478047,Michael Bunting,DAL,L,https://assets.nhle.com/mugs/nhl/20252026/DAL/8478047.png,https://assets.nhle.com/logos/nhl/svg/DAL_light.svg,58,michaelbunting,74.0,1068.6666666667,14.0,19.0,16.0,3.0,33.0,57.89,126.0,11.11,17.1,279.0,222.0,143.0,75.0,3.0,35.0,20.0,10.0,10.0,0.0,0.0,27.0,57.0,12.0,45.0,52.0,25.0,10.0,20.0,33.33
519,8484186,Ryan Leonard,WSH,R,https://assets.nhle.com/mugs/nhl/20252026/WSH/8484186.png,https://assets.nhle.com/logos/nhl/svg/WSH_secondary_light.svg,9,ryanleonard,75.0,1081.0166666667,20.0,25.0,18.0,7.0,45.0,65.22,153.0,13.07,15.84,327.0,240.0,168.0,58.0,2.0,37.0,47.0,21.0,20.0,1.0,0.0,32.0,72.0,14.0,124.0,93.0,25.0,6.0,5.0,54.55
520,8474612,Travis Hamonic,DET,D,https://assets.nhle.com/mugs/nhl/20252026/DET/8474612.png,https://assets.nhle.com/logos/nhl/svg/DET_light.svg?season=20252026,52,travishamonic,26.0,373.83333333333,0.0,2.0,1.0,1.0,2.0,25.00,21.0,0.00,0.45,44.0,27.0,7.0,0.0,4.0,5.0,29.0,10.0,7.0,3.0,0.0,4.0,19.0,6.0,32.0,31.0,41.0,0.0,0.0,-
521,8482074,Connor Zary,CGY,C,https://assets.nhle.com/mugs/nhl/20252026/CGY/8482074.png,https://assets.nhle.com/logos/nhl/svg/CGY_light.svg,47,connorzary,74.0,1063.3,12.0,13.0,5.0,8.0,25.0,56.82,110.0,10.91,15.17,195.0,153.0,126.0,66.0,5.0,20.0,22.0,11.0,11.0,0.0,0.0,19.0,44.0,14.0,45.0,59.0,17.0,76.0,90.0,45.78
522,8481006,Tyler Tucker,STL,D,https://assets.nhle.com/mugs/nhl/20252026/STL/8481006.png,https://assets.nhle.com/logos/nhl/svg/STL_light.svg?season=20252026,75,tylertucker,69.0,990.86666666667,3.0,14.0,6.0,8.0,17.0,36.17,67.0,4.48,3.41,160.0,96.0,44.0,7.0,5.0,12.0,81.0,25.0,17.0,7.0,1.0,22.0,58.0,13.0,100.0,102.0,51.0,0.0,0.0,-
523,8476872,Scott Laughton,LAK,C,https://assets.nhle.com/mugs/nhl/20252026/LAK/8476872.png,https://assets.nhle.com/logos/nhl/svg/LAK_light.svg,21,scottlaughton,64.0,918.66666666667,13.0,7.0,6.0,1.0,20.0,66.67,95.0,13.68,11.44,180.0,152.0,88.0,48.0,6.0,17.0,31.0,14.0,13.0,1.0,0.0,14.0,59.0,14.0,120.0,33.0,42.0,443.0,325.0,57.68
524,8484164,Dalibor Dvorsky,STL,R,https://assets.nhle.com/mugs/nhl/20252026/STL/8484164.png,https://assets.nhle.com/logos/nhl/svg/STL_light.svg?season=20252026,15,dalibordvorsky,71.0,1018.0666666667,12.0,9.0,3.0,6.0,21.0,44.68,92.0,13.04,10.74,181.0,143.0,98.0,41.0,1.0,19.0,26.0,13.0,13.0,0.0,0.0,5.0,45.0,9.0,77.0,31.0,24.0,335.0,394.0,45.95
525,8484428,Charles Alexis Legault,CAR,D,https://assets.nhle.com/mugs/nhl/20252026/CAR/8484428.png,https://assets.nhle.com/logos/nhl/svg/CAR_light.svg,62,charlesalexislegault,12.0,171.53333333333,1.0,1.0,0.0,1.0,2.0,28.57,12.0,8.33,1.03,33.0,22.0,10.0,0.0,0.0,4.0,15.0,6.0,5.0,1.0,0.0,3.0,13.0,7.0,13.0,22.0,10.0,0.0,0.0,-
526,8478438,Tommy Novak,PIT,C,https://assets.nhle.com/mugs/nhl/20252026/PIT/8478438.png,https://assets.nhle.com/logos/nhl/svg/PIT_light.svg,18,thomasnovak,82.0,1171.0666666667,16.0,26.0,17.0,9.0,42.0,61.76,130.0,12.31,17.34,245.0,200.0,173.0,82.0,5.0,16.0,24.0,11.0,11.0,0.0,0.0,7.0,54.0,28.0,12.0,145.0,34.0,216.0,288.0,42.86
527,8476525,Colin Miller,WPG,D,https://assets.nhle.com/mugs/nhl/20252026/WPG/8476525.png,https://assets.nhle.com/logos/nhl/svg/WPG_light.svg,6,colinmiller,18.0,256.95,0.0,2.0,2.0,0.0,2.0,28.57,20.0,0.00,0.94,60.0,34.0,12.0,1.0,0.0,2.0,6.0,3.0,3.0,0.0,0.0,5.0,13.0,4.0,29.0,27.0,13.0,0.0,0.0,-
528,8481554,Kaapo Kakko,SEA,R,https://assets.nhle.com/mugs/nhl/20252026/SEA/8481554.png,https://assets.nhle.com/logos/nhl/svg/SEA_light.svg,84,kaapokakko,65.0,926.73333333333,13.0,27.0,14.0,13.0,40.0,72.73,78.0,16.67,10.81,156.0,120.0,83.0,45.0,0.0,16.0,14.0,7.0,7.0,0.0,0.0,7.0,43.0,19.0,30.0,42.0,12.0,17.0,20.0,45.95
529,8482111,Justin Barron,NSH,D,https://assets.nhle.com/mugs/nhl/20252026/NSH/8482111.png,https://assets.nhle.com/logos/nhl/svg/NSH_light.svg,72,justinbarron,52.0,741.01666666667,0.0,9.0,2.0,7.0,9.0,31.03,31.0,0.00,2.72,90.0,50.0,28.0,9.0,0.0,10.0,17.0,7.0,6.0,1.0,0.0,2.0,52.0,4.0,37.0,73.0,60.0,0.0,0.0,-
530,8479671,Mathieu Olivier,CBJ,R,https://assets.nhle.com/mugs/nhl/20252026/CBJ/8479671.png,https://assets.nhle.com/logos/nhl/svg/CBJ_light.svg,24,mathieuolivier,61.0,867.93333333333,15.0,11.0,6.0,5.0,26.0,57.78,94.0,15.96,14.94,185.0,152.0,118.0,66.0,2.0,15.0,101.0,22.0,8.0,11.0,3.0,18.0,23.0,12.0,209.0,45.0,42.0,2.0,9.0,18.18
531,8480084,Nick DeSimone,UTA,D,https://assets.nhle.com/mugs/nhl/20252026/UTA/8480084.png,https://assets.nhle.com/logos/nhl/svg/UTA_light.svg?season=20252026,57,nickdesimone,40.0,568.51666666667,2.0,6.0,2.0,4.0,8.0,33.33,35.0,5.71,2.08,81.0,55.0,28.0,7.0,1.0,10.0,10.0,5.0,5.0,0.0,0.0,2.0,32.0,5.0,19.0,65.0,31.0,0.0,0.0,-
532,8480848,Ty Dellandrea,SJS,C,https://assets.nhle.com/mugs/nhl/20252026/SJS/8480848.png,https://assets.nhle.com/logos/nhl/svg/SJS_light.svg,10,tydellandrea,46.0,652.71666666667,2.0,9.0,7.0,2.0,11.0,68.75,50.0,4.00,6.72,93.0,71.0,55.0,34.0,1.0,8.0,22.0,11.0,11.0,0.0,0.0,18.0,25.0,7.0,130.0,56.0,37.0,280.0,259.0,51.95
533,8481600,Tobias Bjornfot,FLA,D,https://assets.nhle.com/mugs/nhl/20252026/FLA/8481600.png,https://assets.nhle.com/logos/nhl/svg/FLA_light.svg,22,tobiasbjornfot,19.0,269.41666666667,2.0,2.0,1.0,1.0,4.0,33.33,12.0,16.67,0.72,26.0,16.0,13.0,3.0,0.0,5.0,2.0,1.0,1.0,0.0,0.0,0.0,10.0,2.0,14.0,53.0,23.0,0.0,0.0,-
534,8483890,Braeden Bowman,VGK,R,https://assets.nhle.com/mugs/nhl/20252026/VGK/8483890.png,https://assets.nhle.com/logos/nhl/svg/VGK_light.svg,42,braedenbowman,54.0,763.08333333333,8.0,18.0,9.0,9.0,26.0,63.41,75.0,10.67,14.5,149.0,120.0,118.0,76.0,3.0,23.0,12.0,6.0,6.0,0.0,0.0,4.0,22.0,16.0,19.0,53.0,24.0,3.0,9.0,25.00
535,8482807,Ethan Del Mastro,CHI,D,https://assets.nhle.com/mugs/nhl/20252026/CHI/8482807.png,https://assets.nhle.com/logos/nhl/svg/CHI_light.svg?season=20252026,38,ethandelmastro,19.0,268.48333333333,0.0,1.0,1.0,0.0,1.0,33.33,18.0,0.00,0.51,39.0,25.0,7.0,1.0,0.0,3.0,18.0,5.0,4.0,0.0,1.0,3.0,16.0,5.0,19.0,38.0,22.0,0.0,0.0,-
536,8477931,Tomas Nosek,FLA,L,https://assets.nhle.com/mugs/nhl/20252026/FLA/8477931.png,https://assets.nhle.com/logos/nhl/svg/FLA_light.svg,92,tomasnosek,21.0,296.4,2.0,2.0,0.0,2.0,4.0,80.00,8.0,25.00,2.85,38.0,24.0,21.0,13.0,0.0,7.0,4.0,2.0,2.0,0.0,0.0,2.0,14.0,3.0,51.0,21.0,12.0,104.0,121.0,46.22
537,8481572,Ville Heinola,WPG,D,https://assets.nhle.com/mugs/nhl/20252026/WPG/8481572.png,https://assets.nhle.com/logos/nhl/svg/WPG_light.svg,14,villeheinola,5.0,70.5,0.0,0.0,0.0,0.0,0.0,0.00,7.0,0.00,0.76,15.0,12.0,5.0,1.0,0.0,4.0,4.0,1.0,1.0,0.0,0.0,1.0,3.0,1.0,6.0,10.0,3.0,0.0,0.0,-
538,8477839,Conor Sheary,NYR,L,https://assets.nhle.com/mugs/nhl/20252026/NYR/8477839.png,https://assets.nhle.com/logos/nhl/svg/NYR_light.svg,43,conorsheary,62.0,874.05,7.0,11.0,5.0,6.0,18.0,58.06,81.0,8.64,9.66,167.0,131.0,107.0,46.0,6.0,16.0,14.0,7.0,7.0,0.0,0.0,11.0,42.0,18.0,22.0,46.0,37.0,16.0,14.0,53.33
539,8477851,Jordan Oesterle,NSH,D,https://assets.nhle.com/mugs/nhl/20252026/NSH/8477851.png,https://assets.nhle.com/logos/nhl/svg/NSH_light.svg,82,jordanoesterle,1.0,14.083333333333,0.0,0.0,0.0,0.0,0.0,-,0.0,-,0.09,2.0,2.0,2.0,0.0,0.0,0.0,0.0,0.0,0.0,0.0,0.0,0.0,0.0,0.0,1.0,3.0,2.0,0.0,0.0,-
540,8476469,Joel Armia,LAK,R,https://assets.nhle.com/mugs/nhl/20252026/LAK/8476469.png,https://assets.nhle.com/logos/nhl/svg/LAK_light.svg,40,joelarmia,67.0,942.15,13.0,12.0,10.0,2.0,25.0,73.53,91.0,14.29,12.19,189.0,136.0,91.0,40.0,2.0,13.0,30.0,15.0,15.0,0.0,0.0,6.0,51.0,30.0,74.0,46.0,40.0,34.0,57.0,37.36
541,8477446,Michael McCarron,MIN,C,https://assets.nhle.com/mugs/nhl/20252026/MIN/8477446.png,https://assets.nhle.com/logos/nhl/svg/MIN_light.svg,47,michaelmccarron,79.0,1108.4833333333,8.0,9.0,4.0,5.0,17.0,62.96,109.0,7.34,15.52,203.0,171.0,104.0,72.0,3.0,24.0,93.0,32.0,24.0,7.0,1.0,25.0,38.0,24.0,205.0,104.0,77.0,522.0,472.0,52.52
542,8476981,Josh Anderson,MTL,R,https://assets.nhle.com/mugs/nhl/20252026/MTL/8476981.png,https://assets.nhle.com/logos/nhl/svg/MTL_light.svg,17,joshanderson,72.0,1009.6166666667,14.0,9.0,5.0,4.0,23.0,60.53,89.0,15.73,16.14,172.0,138.0,111.0,55.0,12.0,18.0,80.0,34.0,30.0,4.0,0.0,30.0,42.0,8.0,129.0,38.0,43.0,23.0,10.0,69.70
543,8481593,Jayden Struble,MTL,D,https://assets.nhle.com/mugs/nhl/20252026/MTL/8481593.png,https://assets.nhle.com/logos/nhl/svg/MTL_light.svg,47,jaydenstruble,59.0,827.06666666667,2.0,10.0,5.0,5.0,12.0,33.33,26.0,7.69,1.62,89.0,49.0,31.0,3.0,1.0,10.0,58.0,18.0,14.0,2.0,2.0,8.0,52.0,13.0,115.0,67.0,32.0,0.0,0.0,-
544,8483500,Noah Ostlund,BUF,C,https://assets.nhle.com/mugs/nhl/20252026/BUF/8483500.png,https://assets.nhle.com/logos/nhl/svg/BUF_light.svg,86,noahostlund,60.0,838.13333333333,11.0,16.0,9.0,7.0,27.0,60.00,60.0,18.33,7.01,131.0,92.0,64.0,31.0,1.0,13.0,14.0,7.0,7.0,0.0,0.0,8.0,35.0,17.0,5.0,57.0,30.0,86.0,187.0,31.50
545,8481716,Dmitri Voronkov,CBJ,L,https://assets.nhle.com/mugs/nhl/20252026/CBJ/8481716.png,https://assets.nhle.com/logos/nhl/svg/CBJ_light.svg,10,dmitrivoronkov,63.0,878.21666666667,17.0,15.0,9.0,6.0,32.0,59.26,109.0,15.60,18.77,194.0,167.0,137.0,92.0,1.0,22.0,59.0,24.0,21.0,3.0,0.0,7.0,41.0,9.0,105.0,32.0,27.0,6.0,19.0,24.00
546,8475762,Derek Forbort,VAN,D,https://assets.nhle.com/mugs/nhl/20252026/VAN/8475762.png,https://assets.nhle.com/logos/nhl/svg/VAN_light.svg,27,derekforbort,2.0,27.866666666667,0.0,0.0,0.0,0.0,0.0,0.00,1.0,0.00,0.05,1.0,1.0,1.0,0.0,0.0,0.0,2.0,1.0,1.0,0.0,0.0,0.0,5.0,0.0,2.0,8.0,4.0,0.0,0.0,-
547,8477938,Haydn Fleury,WPG,D,https://assets.nhle.com/mugs/nhl/20252026/WPG/8477938.png,https://assets.nhle.com/logos/nhl/svg/WPG_light.svg,24,haydnfleury,38.0,529.23333333333,2.0,2.0,0.0,2.0,4.0,25.00,26.0,7.69,1.87,70.0,44.0,15.0,4.0,1.0,8.0,12.0,6.0,6.0,0.0,0.0,0.0,28.0,8.0,54.0,53.0,56.0,0.0,0.0,-
548,8480980,Connor Dewar,PIT,C,https://assets.nhle.com/mugs/nhl/20252026/PIT/8480980.png,https://assets.nhle.com/logos/nhl/svg/PIT_light.svg,19,connordewar,78.0,1086.1,14.0,16.0,9.0,7.0,30.0,60.00,110.0,12.73,16.19,243.0,186.0,115.0,56.0,7.0,20.0,19.0,8.0,7.0,1.0,0.0,18.0,33.0,9.0,144.0,87.0,46.0,55.0,61.0,47.41
549,8482715,Ryan Ufko,NSH,D,https://assets.nhle.com/mugs/nhl/20252026/NSH/8482715.png,https://assets.nhle.com/logos/nhl/svg/NSH_light.svg,12,ryanufko,18.0,249.9,2.0,9.0,3.0,6.0,11.0,78.57,11.0,18.18,1.04,33.0,19.0,11.0,4.0,0.0,3.0,6.0,3.0,3.0,0.0,0.0,0.0,12.0,3.0,10.0,12.0,13.0,0.0,0.0,-
550,8481167,Brayden Pachal,CGY,D,https://assets.nhle.com/mugs/nhl/20252026/CGY/8481167.png,https://assets.nhle.com/logos/nhl/svg/CGY_light.svg,94,braydenpachal,39.0,541.15,1.0,6.0,2.0,4.0,7.0,33.33,28.0,3.57,1.09,85.0,46.0,18.0,2.0,2.0,10.0,47.0,14.0,11.0,1.0,2.0,9.0,31.0,7.0,89.0,62.0,40.0,0.0,0.0,-
551,8481481,Blake Lizotte,PIT,C,https://assets.nhle.com/mugs/nhl/20252026/PIT/8481481.png,https://assets.nhle.com/logos/nhl/svg/PIT_light.svg,46,blakelizotte,55.0,763.1,7.0,12.0,6.0,6.0,19.0,65.52,49.0,14.29,7.06,106.0,79.0,65.0,31.0,2.0,10.0,25.0,10.0,9.0,1.0,0.0,11.0,32.0,12.0,49.0,94.0,35.0,238.0,238.0,50.00
552,8480001,Urho Vaakanainen,NYR,D,https://assets.nhle.com/mugs/nhl/20252026/NYR/8480001.png,https://assets.nhle.com/logos/nhl/svg/NYR_light.svg,18,urhovaakanainen,34.0,471.08333333333,0.0,6.0,2.0,4.0,6.0,37.50,23.0,0.00,0.99,66.0,42.0,14.0,0.0,0.0,4.0,14.0,7.0,7.0,0.0,0.0,3.0,22.0,5.0,11.0,62.0,27.0,0.0,0.0,-
553,8480855,Jack McBain,UTA,C,https://assets.nhle.com/mugs/nhl/20252026/UTA/8480855.png,https://assets.nhle.com/logos/nhl/svg/UTA_light.svg?season=20252026,22,jackmcbain,75.0,1038.5,9.0,16.0,10.0,6.0,25.0,50.00,106.0,8.49,19.21,214.0,168.0,137.0,92.0,2.0,29.0,84.0,29.0,22.0,6.0,1.0,20.0,51.0,9.0,271.0,92.0,43.0,329.0,312.0,51.33
554,8481013,Jonatan Berggren,STL,R,https://assets.nhle.com/mugs/nhl/20252026/STL/8481013.png,https://assets.nhle.com/logos/nhl/svg/STL_light.svg?season=20252026,29,jonatanberggren,51.0,704.91666666667,8.0,14.0,7.0,7.0,22.0,70.97,58.0,13.79,6.45,128.0,91.0,66.0,19.0,1.0,13.0,12.0,6.0,6.0,0.0,0.0,12.0,41.0,8.0,41.0,50.0,14.0,3.0,2.0,60.00
555,8481591,Samuel Poulin,PIT,R,https://assets.nhle.com/mugs/nhl/20252026/PIT/8481591.png,https://assets.nhle.com/logos/nhl/svg/PIT_light.svg,88,samuelpoulin,,,,,,,,,,,,,,,,,,,,,,,,,,,,,,,
556,8478454,Noah Juulsen,PHI,D,https://assets.nhle.com/mugs/nhl/20252026/PHI/8478454.png,https://assets.nhle.com/logos/nhl/svg/PHI_light.svg,47,noahjuulsen,52.0,718.45,1.0,9.0,3.0,6.0,10.0,34.48,26.0,3.85,1.07,84.0,46.0,26.0,2.0,1.0,10.0,15.0,6.0,5.0,1.0,0.0,6.0,53.0,10.0,104.0,109.0,45.0,0.0,0.0,-
557,8483524,Shane Wright,SEA,C,https://assets.nhle.com/mugs/nhl/20252026/SEA/8483524.png,https://assets.nhle.com/logos/nhl/svg/SEA_light.svg,51,shanewright,74.0,1021.3166666667,12.0,15.0,10.0,5.0,27.0,56.25,97.0,12.37,15.28,188.0,157.0,130.0,66.0,1.0,26.0,10.0,5.0,5.0,0.0,0.0,5.0,67.0,12.0,51.0,84.0,59.0,217.0,329.0,39.74
558,8483464,Marco Kasper,DET,C,https://assets.nhle.com/mugs/nhl/20252026/DET/8483464.png,https://assets.nhle.com/logos/nhl/svg/DET_light.svg?season=20252026,92,marcokasper,81.0,1117.35,9.0,10.0,8.0,2.0,19.0,55.88,131.0,6.87,18.55,238.0,205.0,146.0,80.0,7.0,25.0,33.0,11.0,9.0,1.0,1.0,14.0,55.0,14.0,186.0,102.0,51.0,230.0,217.0,51.45
559,8476480,Vladislav Namestnikov,WPG,C,https://assets.nhle.com/mugs/nhl/20252026/WPG/8476480.png,https://assets.nhle.com/logos/nhl/svg/WPG_light.svg,7,vladislavnamestnikov,60.0,826.6,8.0,6.0,4.0,2.0,14.0,60.87,77.0,10.39,11.26,149.0,115.0,95.0,48.0,3.0,21.0,28.0,8.0,7.0,0.0,1.0,10.0,46.0,10.0,76.0,52.0,37.0,92.0,133.0,40.89
560,8477998,Warren Foegele,OTT,L,https://assets.nhle.com/mugs/nhl/20252026/OTT/8477998.png,https://assets.nhle.com/logos/nhl/svg/OTT_light.svg,37,warrenfoegele,68.0,936.68333333333,13.0,4.0,1.0,3.0,17.0,51.52,106.0,12.26,15.56,228.0,178.0,125.0,64.0,8.0,25.0,18.0,9.0,9.0,0.0,0.0,8.0,67.0,14.0,74.0,60.0,19.0,14.0,16.0,46.67
561,8475799,Nino Niederreiter,WPG,R,https://assets.nhle.com/mugs/nhl/20252026/WPG/8475799.png,https://assets.nhle.com/logos/nhl/svg/WPG_light.svg,62,ninoniederreiter,61.0,839.91666666667,8.0,11.0,6.0,5.0,19.0,65.52,84.0,9.52,13.72,150.0,118.0,100.0,58.0,3.0,17.0,18.0,9.0,9.0,0.0,0.0,10.0,41.0,9.0,70.0,44.0,20.0,3.0,4.0,42.86
562,8484214,Luca Pinelli,CBJ,C,https://assets.nhle.com/mugs/nhl/20252026/CBJ/8484214.png,https://assets.nhle.com/logos/nhl/svg/CBJ_light.svg,53,lucapinelli,3.0,41.3,0.0,0.0,0.0,0.0,0.0,0.00,6.0,0.00,0.55,10.0,9.0,8.0,1.0,0.0,4.0,0.0,0.0,0.0,0.0,0.0,0.0,3.0,0.0,2.0,3.0,1.0,0.0,0.0,-
563,8481522,Peyton Krebs,BUF,C,https://assets.nhle.com/mugs/nhl/20252026/BUF/8481522.png,https://assets.nhle.com/logos/nhl/svg/BUF_light.svg,19,peytonkrebs,82.0,1128.65,12.0,27.0,18.0,9.0,39.0,62.90,93.0,12.90,11.51,182.0,145.0,95.0,40.0,2.0,12.0,78.0,23.0,17.0,4.0,2.0,27.0,58.0,22.0,201.0,127.0,41.0,210.0,267.0,44.03
564,8481575,Lassi Thomson,OTT,D,https://assets.nhle.com/mugs/nhl/20252026/OTT/8481575.png,https://assets.nhle.com/logos/nhl/svg/OTT_light.svg,60,lassithomson,11.0,151.2,0.0,3.0,2.0,1.0,3.0,33.33,11.0,0.00,0.54,31.0,19.0,6.0,1.0,0.0,4.0,0.0,0.0,0.0,0.0,0.0,2.0,6.0,4.0,6.0,19.0,9.0,0.0,0.0,-
565,8483768,Victor Mancini,VAN,D,https://assets.nhle.com/mugs/nhl/20252026/VAN/8483768.png,https://assets.nhle.com/logos/nhl/svg/VAN_light.svg,90,victormancini,24.0,329.63333333333,0.0,3.0,3.0,0.0,3.0,33.33,14.0,0.00,0.35,32.0,16.0,8.0,0.0,0.0,2.0,7.0,2.0,1.0,1.0,0.0,1.0,14.0,1.0,28.0,48.0,26.0,0.0,0.0,-
566,8484287,Cole McWard,NYI,D,https://assets.nhle.com/mugs/nhl/20252026/NYI/8484287.png,https://assets.nhle.com/logos/nhl/svg/NYI_light.svg,4,colemcward,3.0,41.2,0.0,0.0,0.0,0.0,0.0,0.00,1.0,0.00,0.02,1.0,1.0,0.0,0.0,0.0,0.0,0.0,0.0,0.0,0.0,0.0,0.0,3.0,2.0,4.0,5.0,5.0,0.0,0.0,-
567,8480990,Declan Chisholm,WSH,D,https://assets.nhle.com/mugs/nhl/20252026/WSH/8480990.png,https://assets.nhle.com/logos/nhl/svg/WSH_secondary_light.svg,47,declanchisholm,26.0,356.86666666667,1.0,6.0,3.0,3.0,7.0,43.75,20.0,5.00,0.73,52.0,29.0,15.0,2.0,1.0,4.0,4.0,2.0,2.0,0.0,0.0,4.0,28.0,5.0,11.0,34.0,22.0,0.0,0.0,-
568,8478569,Noel Acciari,PIT,C,https://assets.nhle.com/mugs/nhl/20252026/PIT/8478569.png,https://assets.nhle.com/logos/nhl/svg/PIT_light.svg,52,noelacciari,67.0,918.41666666667,13.0,12.0,7.0,5.0,25.0,59.52,93.0,13.98,13.62,165.0,131.0,117.0,61.0,4.0,19.0,25.0,7.0,5.0,1.0,1.0,7.0,22.0,12.0,65.0,59.0,62.0,309.0,285.0,52.02
569,8475191,Reilly Smith,VGK,R,https://assets.nhle.com/mugs/nhl/20252026/VGK/8475191.png,https://assets.nhle.com/logos/nhl/svg/VGK_light.svg,19,reillysmith,69.0,944.15,16.0,10.0,6.0,4.0,26.0,74.29,95.0,16.84,10.46,164.0,134.0,104.0,40.0,2.0,17.0,4.0,2.0,2.0,0.0,0.0,9.0,62.0,10.0,25.0,59.0,13.0,17.0,36.0,32.08
570,8485702,Maxim Shabanov,NYI,R,https://assets.nhle.com/mugs/nhl/20252026/NYI/8485702.png,https://assets.nhle.com/logos/nhl/svg/NYI_light.svg,49,maximshabanov,,,,,,,,,,,,,,,,,,,,,,,,,,,,,,,
571,8477426,Nick Paul,TBL,L,https://assets.nhle.com/mugs/nhl/20252026/TBL/8477426.png,https://assets.nhle.com/logos/nhl/svg/TBL_light.svg,20,nickpaul,51.0,697.73333333333,7.0,8.0,3.0,5.0,15.0,60.00,68.0,10.29,10.68,143.0,112.0,91.0,49.0,4.0,15.0,32.0,9.0,6.0,2.0,1.0,9.0,31.0,9.0,74.0,44.0,22.0,300.0,257.0,53.86
572,8481599,Victor Soderstrom,BOS,D,https://assets.nhle.com/mugs/nhl/20252026/BOS/8481599.png,https://assets.nhle.com/logos/nhl/svg/BOS_light.svg?season=20252026,29,victorsoderstrom,8.0,109.41666666667,0.0,1.0,0.0,1.0,1.0,16.67,8.0,0.00,0.16,15.0,11.0,2.0,0.0,1.0,1.0,0.0,0.0,0.0,0.0,0.0,0.0,11.0,2.0,1.0,22.0,10.0,0.0,0.0,-
573,8470621,Corey Perry,TBL,R,https://assets.nhle.com/mugs/nhl/20252026/TBL/8470621.png,https://assets.nhle.com/logos/nhl/svg/TBL_light.svg,90,coreyperry,72.0,984.3,17.0,20.0,12.0,8.0,37.0,59.68,113.0,15.04,19.99,218.0,173.0,132.0,84.0,5.0,23.0,81.0,25.0,18.0,5.0,2.0,21.0,49.0,6.0,30.0,55.0,20.0,7.0,24.0,22.58
574,8482178,Ian Moore,ANA,D,https://assets.nhle.com/mugs/nhl/20252026/ANA/8482178.png,https://assets.nhle.com/logos/nhl/svg/ANA_light.svg,3,ianmoore,67.0,915.73333333333,4.0,8.0,4.0,4.0,12.0,44.44,66.0,6.06,5.17,165.0,114.0,62.0,19.0,1.0,12.0,24.0,12.0,12.0,0.0,0.0,5.0,40.0,21.0,42.0,114.0,80.0,0.0,2.0,0.00
575,8474568,Luke Schenn,BUF,D,https://assets.nhle.com/mugs/nhl/20252026/BUF/8474568.png,https://assets.nhle.com/logos/nhl/svg/BUF_light.svg,2,lukeschenn,50.0,683.23333333333,1.0,6.0,3.0,3.0,7.0,33.33,35.0,2.86,1.37,96.0,58.0,16.0,1.0,2.0,6.0,43.0,14.0,9.0,5.0,0.0,9.0,44.0,7.0,149.0,61.0,57.0,0.0,0.0,-
576,8481523,Kirby Dach,MTL,C,https://assets.nhle.com/mugs/nhl/20252026/MTL/8481523.png,https://assets.nhle.com/logos/nhl/svg/MTL_light.svg,77,kirbydach,37.0,505.31666666667,8.0,7.0,3.0,4.0,15.0,55.56,47.0,17.02,7.16,92.0,77.0,55.0,30.0,1.0,6.0,31.0,14.0,13.0,1.0,0.0,16.0,17.0,11.0,53.0,55.0,30.0,48.0,68.0,41.38
577,8480074,Alexandre Texier,MTL,L,https://assets.nhle.com/mugs/nhl/20252026/MTL/8480074.png,https://assets.nhle.com/logos/nhl/svg/MTL_light.svg,85,alexandretexier,51.0,696.35,8.0,13.0,6.0,7.0,21.0,70.00,74.0,10.81,7.71,150.0,110.0,76.0,37.0,3.0,9.0,26.0,9.0,8.0,0.0,1.0,8.0,23.0,6.0,65.0,24.0,15.0,3.0,13.0,18.75
578,8483466,Kevin Korchinski,CHI,D,https://assets.nhle.com/mugs/nhl/20252026/CHI/8483466.png,https://assets.nhle.com/logos/nhl/svg/CHI_light.svg?season=20252026,14,kevinkorchinski,13.0,177.28333333333,0.0,2.0,1.0,1.0,2.0,33.33,7.0,0.00,0.25,17.0,11.0,4.0,1.0,0.0,1.0,4.0,2.0,2.0,0.0,0.0,0.0,13.0,2.0,4.0,23.0,13.0,0.0,0.0,-
579,8477416,Oliver Bjorkstrand,TBL,R,https://assets.nhle.com/mugs/nhl/20252026/TBL/8477416.png,https://assets.nhle.com/logos/nhl/svg/TBL_light.svg,28,oliverbjorkstrand,80.0,1090.9,12.0,20.0,15.0,5.0,32.0,50.79,130.0,9.23,17.94,266.0,203.0,177.0,60.0,2.0,35.0,16.0,8.0,8.0,0.0,0.0,15.0,38.0,14.0,85.0,94.0,39.0,7.0,9.0,43.75
580,8482737,Zachary Bolduc,MTL,R,https://assets.nhle.com/mugs/nhl/20252026/MTL/8482737.png,https://assets.nhle.com/logos/nhl/svg/MTL_light.svg,76,zacharybolduc,78.0,1063.25,12.0,18.0,10.0,8.0,30.0,58.82,101.0,11.88,16.57,235.0,182.0,152.0,63.0,4.0,29.0,28.0,14.0,14.0,0.0,0.0,23.0,66.0,18.0,170.0,104.0,43.0,19.0,19.0,50.00
581,8484230,Otto Stenberg,STL,C,https://assets.nhle.com/mugs/nhl/20252026/STL/8484230.png,https://assets.nhle.com/logos/nhl/svg/STL_light.svg?season=20252026,28,ottostenberg,32.0,435.8,3.0,7.0,4.0,3.0,10.0,76.92,31.0,9.68,5.08,65.0,54.0,47.0,22.0,1.0,7.0,5.0,1.0,0.0,1.0,0.0,2.0,15.0,5.0,49.0,28.0,15.0,4.0,10.0,28.57
582,8479996,Cody Glass,NJD,C,https://assets.nhle.com/mugs/nhl/20252026/NJD/8479996.png,https://assets.nhle.com/logos/nhl/svg/NJD_light.svg,12,codyglass,70.0,952.96666666667,19.0,7.0,5.0,2.0,26.0,60.47,105.0,18.10,13.46,178.0,145.0,125.0,61.0,4.0,24.0,39.0,14.0,12.0,1.0,1.0,15.0,35.0,8.0,42.0,70.0,40.0,486.0,410.0,54.24
583,8474102,David Perron,DET,L,https://assets.nhle.com/mugs/nhl/20252026/DET/8474102.png,https://assets.nhle.com/logos/nhl/svg/DET_light.svg?season=20252026,57,davidperron,65.0,882.06666666667,13.0,15.0,6.0,9.0,28.0,65.12,93.0,13.98,12.5,163.0,129.0,99.0,41.0,0.0,16.0,40.0,16.0,15.0,0.0,1.0,15.0,36.0,14.0,90.0,52.0,23.0,3.0,7.0,30.00
584,8478109,Victor Olofsson,CGY,L,https://assets.nhle.com/mugs/nhl/20252026/CGY/8478109.png,https://assets.nhle.com/logos/nhl/svg/CGY_light.svg,95,victorolofsson,78.0,1057.7666666667,13.0,18.0,7.0,11.0,31.0,63.27,147.0,8.84,15.8,264.0,201.0,160.0,64.0,3.0,20.0,6.0,3.0,3.0,0.0,0.0,6.0,60.0,17.0,18.0,60.0,21.0,3.0,6.0,33.33
585,8485467,Luke Haymes,TOR,C,https://assets.nhle.com/mugs/nhl/20252026/TOR/8485467.png,https://assets.nhle.com/logos/nhl/svg/TOR_light.svg,43,lukehaymes,4.0,54.216666666667,0.0,1.0,0.0,1.0,1.0,50.00,3.0,0.00,0.31,7.0,6.0,4.0,3.0,0.0,0.0,2.0,1.0,1.0,0.0,0.0,0.0,1.0,0.0,3.0,1.0,2.0,8.0,18.0,30.77
586,8478891,Mason Appleton,DET,C,https://assets.nhle.com/mugs/nhl/20252026/DET/8478891.png,https://assets.nhle.com/logos/nhl/svg/DET_light.svg?season=20252026,22,masonappleton,65.0,879.06666666667,6.0,8.0,5.0,3.0,14.0,56.00,63.0,9.52,6.61,114.0,94.0,61.0,30.0,4.0,9.0,44.0,14.0,12.0,0.0,2.0,13.0,22.0,1.0,89.0,70.0,29.0,6.0,16.0,27.27
587,8482475,Egor Chinakhov,PIT,R,https://assets.nhle.com/mugs/nhl/20252026/PIT/8482475.png,https://assets.nhle.com/logos/nhl/svg/PIT_light.svg,59,egorchinakhov,,,,,,,,,,,,,,,,,,,,,,,,,,,,,,,
588,8483690,Noah Laba,NYR,C,https://assets.nhle.com/mugs/nhl/20252026/NYR/8483690.png,https://assets.nhle.com/logos/nhl/svg/NYR_light.svg,42,noahlaba,74.0,996.85,9.0,15.0,7.0,8.0,24.0,68.57,73.0,12.33,12.77,142.0,117.0,104.0,47.0,3.0,16.0,31.0,14.0,13.0,1.0,0.0,12.0,39.0,12.0,109.0,60.0,43.0,331.0,321.0,50.77
589,8484221,Calum Ritchie,NYI,C,https://assets.nhle.com/mugs/nhl/20252026/NYI/8484221.png,https://assets.nhle.com/logos/nhl/svg/NYI_light.svg,64,calumritchie,65.0,875.3,13.0,17.0,14.0,3.0,30.0,78.95,80.0,16.25,11.93,139.0,114.0,87.0,52.0,2.0,13.0,22.0,11.0,11.0,0.0,0.0,7.0,54.0,9.0,17.0,56.0,34.0,114.0,196.0,36.77
590,8484142,Denver Barkey,PHI,C,https://assets.nhle.com/mugs/nhl/20252026/PHI/8484142.png,https://assets.nhle.com/logos/nhl/svg/PHI_light.svg,86,denverbarkey,43.0,576.51666666667,5.0,12.0,10.0,2.0,17.0,62.96,43.0,11.63,7.31,77.0,65.0,59.0,37.0,0.0,11.0,16.0,8.0,8.0,0.0,0.0,11.0,27.0,8.0,43.0,29.0,19.0,7.0,11.0,38.89
591,8480891,Michael Kesselring,BUF,D,https://assets.nhle.com/mugs/nhl/20252026/BUF/8480891.png,https://assets.nhle.com/logos/nhl/svg/BUF_light.svg,7,michaelkesselring,34.0,455.41666666667,0.0,2.0,0.0,2.0,2.0,11.11,46.0,0.00,1.68,102.0,73.0,24.0,6.0,2.0,6.0,50.0,18.0,15.0,2.0,1.0,9.0,38.0,7.0,25.0,45.0,38.0,0.0,0.0,-
592,8482742,Zachary L'Heureux,NSH,L,https://assets.nhle.com/mugs/nhl/20252026/NSH/8482742.png,https://assets.nhle.com/logos/nhl/svg/NSH_light.svg,68,zacharylheureux,25.0,334.76666666667,4.0,1.0,1.0,0.0,5.0,55.56,32.0,12.50,5.27,64.0,48.0,45.0,30.0,3.0,6.0,21.0,5.0,3.0,1.0,1.0,6.0,16.0,5.0,64.0,29.0,15.0,3.0,4.0,42.86
593,8476438,Brandon Saad,VGK,L,https://assets.nhle.com/mugs/nhl/20252026/VGK/8476438.png,https://assets.nhle.com/logos/nhl/svg/VGK_light.svg,20,brandonsaad,49.0,655.86666666667,3.0,6.0,4.0,2.0,9.0,50.00,78.0,3.85,10.06,147.0,115.0,98.0,52.0,5.0,17.0,14.0,7.0,7.0,0.0,0.0,4.0,30.0,11.0,11.0,24.0,18.0,9.0,22.0,29.03
594,8483448,Isaiah George,NYI,D,https://assets.nhle.com/mugs/nhl/20252026/NYI/8483448.png,https://assets.nhle.com/logos/nhl/svg/NYI_light.svg,36,isaiahgeorge,4.0,53.483333333333,0.0,1.0,1.0,0.0,1.0,33.33,2.0,0.00,0.05,6.0,4.0,1.0,0.0,0.0,1.0,0.0,0.0,0.0,0.0,0.0,0.0,2.0,2.0,1.0,6.0,3.0,0.0,0.0,-
595,8480995,Pontus Holmberg,TBL,R,https://assets.nhle.com/mugs/nhl/20252026/TBL/8480995.png,https://assets.nhle.com/logos/nhl/svg/TBL_light.svg,29,pontusholmberg,70.0,934.41666666667,11.0,11.0,6.0,5.0,22.0,62.86,91.0,12.09,14.16,200.0,151.0,130.0,60.0,2.0,24.0,31.0,14.0,13.0,1.0,0.0,27.0,46.0,12.0,66.0,81.0,31.0,19.0,33.0,36.54
596,8483630,Pavol Regenda,SJS,L,https://assets.nhle.com/mugs/nhl/20252026/SJS/8483630.png,https://assets.nhle.com/logos/nhl/svg/SJS_light.svg,84,pavolregenda,24.0,320.36666666667,9.0,1.0,1.0,0.0,10.0,45.45,42.0,21.43,6.7,66.0,59.0,50.0,38.0,1.0,7.0,20.0,6.0,5.0,0.0,1.0,5.0,13.0,3.0,59.0,29.0,6.0,11.0,6.0,64.71
597,8476374,Sean Kuraly,BOS,C,https://assets.nhle.com/mugs/nhl/20252026/BOS/8476374.png,https://assets.nhle.com/logos/nhl/svg/BOS_light.svg?season=20252026,52,seankuraly,82.0,1093.0,6.0,16.0,10.0,6.0,22.0,66.67,110.0,5.45,10.74,198.0,159.0,93.0,43.0,10.0,25.0,41.0,11.0,8.0,1.0,2.0,7.0,57.0,18.0,87.0,50.0,47.0,338.0,324.0,51.06
598,8480058,Pierre-Olivier Joseph,VAN,D,https://assets.nhle.com/mugs/nhl/20252026/VAN/8480058.png,https://assets.nhle.com/logos/nhl/svg/VAN_light.svg,7,pierreolivierjoseph,,,,,,,,,,,,,,,,,,,,,,,,,,,,,,,
599,8484829,Justin Hryckowian,DAL,C,https://assets.nhle.com/mugs/nhl/20252026/DAL/8484829.png,https://assets.nhle.com/logos/nhl/svg/DAL_light.svg,49,justinhryckowian,81.0,1077.2666666667,14.0,16.0,9.0,7.0,30.0,68.18,83.0,16.87,14.43,144.0,126.0,99.0,72.0,3.0,20.0,43.0,17.0,14.0,3.0,0.0,18.0,25.0,26.0,119.0,109.0,44.0,189.0,154.0,55.10
600,8483525,Danila Yurov,MIN,R,https://assets.nhle.com/mugs/nhl/20252026/MIN/8483525.png,https://assets.nhle.com/logos/nhl/svg/MIN_light.svg,22,danilayurov,73.0,970.71666666667,12.0,15.0,5.0,10.0,27.0,60.00,79.0,15.19,12.09,171.0,130.0,114.0,63.0,0.0,14.0,28.0,14.0,14.0,0.0,0.0,14.0,45.0,16.0,62.0,79.0,43.0,291.0,451.0,39.22
601,8476458,Ryan Strome,CGY,C,https://assets.nhle.com/mugs/nhl/20252026/CGY/8476458.png,https://assets.nhle.com/logos/nhl/svg/CGY_light.svg,22,ryanstrome,52.0,691.25,8.0,13.0,6.0,7.0,21.0,60.00,57.0,14.04,8.13,119.0,90.0,71.0,41.0,1.0,15.0,35.0,14.0,13.0,1.0,0.0,9.0,42.0,8.0,22.0,32.0,15.0,185.0,221.0,45.57
602,8473994,Jamie Benn,DAL,L,https://assets.nhle.com/mugs/nhl/20252026/DAL/8473994.png,https://assets.nhle.com/logos/nhl/svg/DAL_light.svg,14,jamiebenn,60.0,797.35,15.0,21.0,12.0,9.0,36.0,65.45,72.0,20.83,11.52,126.0,103.0,89.0,52.0,1.0,13.0,53.0,22.0,19.0,3.0,0.0,7.0,35.0,11.0,79.0,41.0,23.0,49.0,52.0,48.51
603,8482062,Cole Smith,VGK,R,https://assets.nhle.com/mugs/nhl/20252026/VGK/8482062.png,https://assets.nhle.com/logos/nhl/svg/VGK_light.svg,22,colesmith,63.0,836.75,8.0,4.0,3.0,1.0,12.0,54.55,69.0,11.59,11.98,145.0,113.0,103.0,62.0,4.0,16.0,40.0,17.0,15.0,2.0,0.0,11.0,21.0,14.0,173.0,83.0,18.0,6.0,14.0,30.00
604,8478508,Yakov Trenin,MIN,C,https://assets.nhle.com/mugs/nhl/20252026/MIN/8478508.png,https://assets.nhle.com/logos/nhl/svg/MIN_light.svg,13,yakovtrenin,82.0,1089.1,6.0,17.0,12.0,5.0,23.0,48.94,98.0,6.12,15.13,191.0,158.0,125.0,75.0,1.0,25.0,38.0,16.0,14.0,2.0,0.0,10.0,63.0,24.0,412.0,98.0,39.0,46.0,74.0,38.33
605,8482660,Kent Johnson,CBJ,C,https://assets.nhle.com/mugs/nhl/20252026/CBJ/8482660.png,https://assets.nhle.com/logos/nhl/svg/CBJ_light.svg,91,kentjohnson,76.0,1006.2833333333,7.0,15.0,8.0,7.0,22.0,44.90,113.0,6.19,12.4,233.0,168.0,126.0,47.0,6.0,16.0,20.0,10.0,10.0,0.0,0.0,6.0,49.0,11.0,15.0,45.0,38.0,0.0,1.0,0.00
606,8474641,Adam Henrique,EDM,C,https://assets.nhle.com/mugs/nhl/20252026/EDM/8474641.png,https://assets.nhle.com/logos/nhl/svg/EDM_light.svg,19,adamhenrique,65.0,860.43333333333,3.0,12.0,10.0,2.0,15.0,62.50,91.0,3.30,12.65,164.0,128.0,101.0,53.0,4.0,24.0,18.0,9.0,9.0,0.0,0.0,3.0,36.0,14.0,34.0,40.0,75.0,327.0,278.0,54.05
607,8477407,Anthony Duclair,NYI,L,https://assets.nhle.com/mugs/nhl/20252026/NYI/8477407.png,https://assets.nhle.com/logos/nhl/svg/NYI_light.svg,11,anthonyduclair,62.0,818.71666666667,12.0,15.0,9.0,6.0,27.0,64.29,74.0,16.22,9.35,152.0,112.0,86.0,37.0,1.0,15.0,12.0,6.0,6.0,0.0,0.0,6.0,27.0,9.0,9.0,29.0,42.0,4.0,6.0,40.00
608,8483499,Liam Ohgren,VAN,L,https://assets.nhle.com/mugs/nhl/20252026/VAN/8483499.png,https://assets.nhle.com/logos/nhl/svg/VAN_light.svg,92,liamohgren,69.0,908.76666666667,8.0,10.0,7.0,3.0,18.0,69.23,87.0,9.20,7.2,184.0,120.0,90.0,31.0,1.0,13.0,2.0,1.0,1.0,0.0,0.0,8.0,43.0,16.0,69.0,62.0,41.0,9.0,11.0,45.00
609,8480842,Filip Hallander,PIT,C,https://assets.nhle.com/mugs/nhl/20252026/PIT/8480842.png,https://assets.nhle.com/logos/nhl/svg/PIT_light.svg,11,filiphallander,13.0,170.85,1.0,3.0,2.0,1.0,4.0,44.44,22.0,4.55,4.12,47.0,34.0,36.0,22.0,0.0,7.0,2.0,1.0,1.0,0.0,0.0,3.0,12.0,2.0,3.0,11.0,5.0,0.0,2.0,0.00
610,8484220,David Reinbacher,MTL,D,https://assets.nhle.com/mugs/nhl/20252026/MTL/8484220.png,https://assets.nhle.com/logos/nhl/svg/MTL_light.svg,64,davidreinbacher,2.0,26.283333333333,0.0,1.0,0.0,1.0,1.0,100.00,3.0,0.00,0.13,5.0,4.0,0.0,0.0,0.0,0.0,0.0,0.0,0.0,0.0,0.0,0.0,2.0,0.0,1.0,2.0,2.0,0.0,0.0,-
611,8480871,Adam Boqvist,NYI,D,https://assets.nhle.com/mugs/nhl/20252026/NYI/8480871.png,https://assets.nhle.com/logos/nhl/svg/NYI_light.svg,34,adamboqvist,28.0,366.68333333333,0.0,4.0,1.0,3.0,4.0,36.36,17.0,0.00,1.0,51.0,26.0,16.0,0.0,0.0,6.0,8.0,4.0,4.0,0.0,0.0,0.0,11.0,5.0,11.0,35.0,23.0,0.0,0.0,-
612,8482201,Gage Goncalves,TBL,C,https://assets.nhle.com/mugs/nhl/20252026/TBL/8482201.png,https://assets.nhle.com/logos/nhl/svg/TBL_light.svg,93,gagegoncalves,74.0,968.6,11.0,22.0,9.0,13.0,33.0,52.38,77.0,14.29,9.64,145.0,113.0,89.0,48.0,4.0,13.0,41.0,15.0,13.0,1.0,1.0,15.0,58.0,18.0,85.0,81.0,29.0,7.0,16.0,30.43
613,8481178,Egor Zamula,CBJ,D,https://assets.nhle.com/mugs/nhl/20252026/CBJ/8481178.png,https://assets.nhle.com/logos/nhl/svg/CBJ_light.svg,6,egorzamula,33.0,431.21666666667,0.0,3.0,2.0,1.0,3.0,15.79,18.0,0.00,0.42,51.0,24.0,11.0,0.0,0.0,5.0,4.0,2.0,2.0,0.0,0.0,0.0,27.0,6.0,7.0,33.0,40.0,0.0,0.0,-
614,8483686,Adam Engstrom,MTL,D,https://assets.nhle.com/mugs/nhl/20252026/MTL/8483686.png,https://assets.nhle.com/logos/nhl/svg/MTL_light.svg,42,adamengstrom,15.0,195.78333333333,0.0,1.0,0.0,1.0,1.0,11.11,11.0,0.00,0.44,29.0,17.0,10.0,0.0,0.0,4.0,8.0,4.0,4.0,0.0,0.0,1.0,7.0,2.0,7.0,21.0,8.0,0.0,0.0,-
615,8477541,Dakota Mermis,TOR,D,https://assets.nhle.com/mugs/nhl/20252026/TOR/8477541.png,https://assets.nhle.com/logos/nhl/svg/TOR_light.svg,3,dakotamermis,11.0,143.3,1.0,0.0,0.0,0.0,1.0,33.33,5.0,20.00,0.19,15.0,10.0,3.0,0.0,0.0,0.0,11.0,4.0,3.0,1.0,0.0,3.0,8.0,2.0,8.0,23.0,9.0,0.0,0.0,-
616,8480828,Michael Callahan,BOS,D,https://assets.nhle.com/mugs/nhl/20252026/BOS/8480828.png,https://assets.nhle.com/logos/nhl/svg/BOS_light.svg?season=20252026,79,michaelcallahan,5.0,64.95,0.0,0.0,0.0,0.0,0.0,0.00,3.0,0.00,0.14,4.0,4.0,1.0,0.0,0.0,0.0,0.0,0.0,0.0,0.0,0.0,0.0,3.0,2.0,3.0,11.0,9.0,0.0,0.0,-
617,8476897,Oskar Sundqvist,STL,C,https://assets.nhle.com/mugs/nhl/20252026/STL/8476897.png,https://assets.nhle.com/logos/nhl/svg/STL_light.svg?season=20252026,70,oskarsundqvist,52.0,674.21666666667,5.0,12.0,7.0,5.0,17.0,77.27,37.0,13.51,5.48,71.0,58.0,35.0,20.0,5.0,4.0,26.0,13.0,13.0,0.0,0.0,7.0,23.0,12.0,69.0,33.0,26.0,197.0,231.0,46.03
618,8484203,Bradly Nadeau,CAR,L,https://assets.nhle.com/mugs/nhl/20252026/CAR/8484203.png,https://assets.nhle.com/logos/nhl/svg/CAR_light.svg,29,bradlynadeau,12.0,155.53333333333,3.0,0.0,0.0,0.0,3.0,50.00,12.0,25.00,2.5,34.0,27.0,19.0,11.0,0.0,0.0,2.0,1.0,1.0,0.0,0.0,1.0,8.0,0.0,21.0,16.0,5.0,0.0,3.0,0.00
619,8484800,Berkly Catton,SEA,C,https://assets.nhle.com/mugs/nhl/20252026/SEA/8484800.png,https://assets.nhle.com/logos/nhl/svg/SEA_light.svg,27,berklycatton,66.0,853.75,7.0,10.0,2.0,8.0,17.0,50.00,78.0,8.97,10.97,161.0,131.0,101.0,47.0,2.0,12.0,31.0,13.0,12.0,1.0,0.0,16.0,40.0,16.0,8.0,83.0,30.0,70.0,88.0,44.30
620,8480188,Fabian Zetterlund,OTT,L,https://assets.nhle.com/mugs/nhl/20252026/OTT/8480188.png,https://assets.nhle.com/logos/nhl/svg/OTT_light.svg,20,fabianzetterlund,82.0,1058.6,17.0,16.0,10.0,6.0,33.0,60.00,132.0,12.88,16.58,272.0,213.0,152.0,64.0,9.0,18.0,16.0,7.0,7.0,0.0,0.0,17.0,36.0,20.0,155.0,108.0,32.0,3.0,5.0,37.50
621,8475220,Marcus Foligno,MIN,L,https://assets.nhle.com/mugs/nhl/20252026/MIN/8475220.png,https://assets.nhle.com/logos/nhl/svg/MIN_light.svg,17,marcusfoligno,56.0,719.33333333333,8.0,5.0,2.0,3.0,13.0,68.42,65.0,12.31,8.64,106.0,94.0,68.0,41.0,7.0,9.0,67.0,21.0,15.0,5.0,1.0,13.0,29.0,11.0,180.0,49.0,47.0,9.0,11.0,45.00
622,8484197,Oliver Moore,CHI,C,https://assets.nhle.com/mugs/nhl/20252026/CHI/8484197.png,https://assets.nhle.com/logos/nhl/svg/CHI_light.svg?season=20252026,11,olivermoore,51.0,658.2,5.0,14.0,6.0,8.0,19.0,76.00,57.0,8.77,6.81,111.0,93.0,60.0,26.0,2.0,14.0,19.0,8.0,7.0,1.0,0.0,9.0,41.0,15.0,25.0,68.0,13.0,99.0,106.0,48.29
623,8476292,Ondrej Palat,NYI,L,https://assets.nhle.com/mugs/nhl/20252026/NYI/8476292.png,https://assets.nhle.com/logos/nhl/svg/NYI_light.svg,81,ondrejpalat,80.0,1025.5833333333,5.0,10.0,6.0,4.0,15.0,31.91,83.0,6.02,11.8,169.0,134.0,115.0,61.0,5.0,15.0,14.0,6.0,6.0,0.0,0.0,15.0,41.0,12.0,133.0,93.0,67.0,7.0,9.0,43.75
624,8485402,Michael Misa,SJS,C,https://assets.nhle.com/mugs/nhl/20252026/SJS/8485402.png,https://assets.nhle.com/logos/nhl/svg/SJS_light.svg,77,michaelmisa,45.0,576.48333333333,9.0,12.0,3.0,9.0,21.0,67.74,56.0,16.07,9.65,105.0,82.0,73.0,46.0,0.0,20.0,10.0,5.0,5.0,0.0,0.0,5.0,28.0,8.0,14.0,58.0,23.0,162.0,192.0,45.76
625,8480289,Morgan Barron,WPG,C,https://assets.nhle.com/mugs/nhl/20252026/WPG/8480289.png,https://assets.nhle.com/logos/nhl/svg/WPG_light.svg,36,morganbarron,65.0,832.0,11.0,12.0,6.0,6.0,23.0,79.31,92.0,11.96,10.92,169.0,140.0,101.0,55.0,4.0,22.0,31.0,14.0,13.0,1.0,0.0,14.0,33.0,17.0,132.0,71.0,40.0,270.0,315.0,46.15
626,8477021,Alexander Kerfoot,UTA,C,https://assets.nhle.com/mugs/nhl/20252026/UTA/8477021.png,https://assets.nhle.com/logos/nhl/svg/UTA_light.svg?season=20252026,14,alexkerfoot,34.0,434.73333333333,7.0,6.0,3.0,3.0,13.0,65.00,28.0,25.00,3.87,63.0,46.0,32.0,14.0,3.0,4.0,23.0,9.0,8.0,1.0,0.0,5.0,26.0,6.0,30.0,46.0,27.0,115.0,110.0,51.11
627,8482067,Connor Mackey,NYR,D,https://assets.nhle.com/mugs/nhl/20252026/NYR/8482067.png,https://assets.nhle.com/logos/nhl/svg/NYR_light.svg,12,connormackey,3.0,38.35,0.0,0.0,0.0,0.0,0.0,-,2.0,0.00,0.12,7.0,4.0,2.0,0.0,0.0,0.0,4.0,2.0,2.0,0.0,0.0,0.0,3.0,0.0,2.0,3.0,2.0,0.0,0.0,-
628,8482470,Ilya Solovyov,PIT,D,https://assets.nhle.com/mugs/nhl/20252026/PIT/8482470.png,https://assets.nhle.com/logos/nhl/svg/PIT_light.svg,7,ilyasolovyov,30.0,382.4,1.0,7.0,3.0,4.0,8.0,40.00,23.0,4.35,0.82,68.0,41.0,17.0,2.0,1.0,4.0,16.0,8.0,8.0,0.0,0.0,1.0,19.0,5.0,35.0,60.0,33.0,0.0,0.0,-
629,8482758,Ville Koivunen,PIT,R,https://assets.nhle.com/mugs/nhl/20252026/PIT/8482758.png,https://assets.nhle.com/logos/nhl/svg/PIT_light.svg,41,villekoivunen,39.0,496.76666666667,2.0,5.0,1.0,4.0,7.0,43.75,36.0,5.56,4.82,86.0,56.0,58.0,25.0,3.0,8.0,10.0,5.0,5.0,0.0,0.0,4.0,18.0,11.0,5.0,48.0,14.0,2.0,0.0,100.00
630,8479619,Michael Carcone,UTA,L,https://assets.nhle.com/mugs/nhl/20252026/UTA/8479619.png,https://assets.nhle.com/logos/nhl/svg/UTA_light.svg?season=20252026,53,michaelcarcone,79.0,1005.3,16.0,15.0,8.0,7.0,31.0,64.58,147.0,10.88,16.88,317.0,234.0,131.0,60.0,8.0,32.0,22.0,7.0,6.0,0.0,1.0,15.0,52.0,16.0,147.0,104.0,16.0,14.0,17.0,45.16
631,8480448,Parker Kelly,COL,C,https://assets.nhle.com/mugs/nhl/20252026/COL/8480448.png,https://assets.nhle.com/logos/nhl/svg/COL_light.svg,17,parkerkelly,82.0,1041.6166666667,21.0,14.0,6.0,8.0,35.0,77.78,103.0,20.39,12.61,202.0,152.0,117.0,58.0,6.0,12.0,30.0,15.0,15.0,0.0,0.0,18.0,48.0,15.0,177.0,131.0,58.0,69.0,122.0,36.13
632,8478502,Dennis Gilbert,OTT,D,https://assets.nhle.com/mugs/nhl/20252026/OTT/8478502.png,https://assets.nhle.com/logos/nhl/svg/OTT_light.svg,44,dennisgilbert,8.0,101.5,0.0,1.0,0.0,1.0,1.0,33.33,2.0,0.00,0.08,7.0,2.0,2.0,0.0,0.0,0.0,2.0,1.0,1.0,0.0,0.0,0.0,6.0,0.0,10.0,12.0,12.0,0.0,0.0,-
633,8474679,Gustav Nyquist,WPG,R,https://assets.nhle.com/mugs/nhl/20252026/WPG/8474679.png,https://assets.nhle.com/logos/nhl/svg/WPG_light.svg,14,gustavnyquist,51.0,646.61666666667,1.0,11.0,6.0,5.0,12.0,54.55,62.0,1.61,7.54,115.0,86.0,68.0,25.0,2.0,13.0,10.0,5.0,5.0,0.0,0.0,5.0,25.0,12.0,28.0,36.0,19.0,8.0,12.0,40.00
634,8484185,Nick Lardis,CHI,L,https://assets.nhle.com/mugs/nhl/20252026/CHI/8484185.png,https://assets.nhle.com/logos/nhl/svg/CHI_light.svg?season=20252026,76,nicklardis,41.0,519.51666666667,10.0,5.0,2.0,3.0,15.0,78.95,57.0,17.54,6.99,121.0,95.0,67.0,22.0,0.0,7.0,10.0,5.0,5.0,0.0,0.0,6.0,19.0,5.0,57.0,29.0,12.0,1.0,1.0,50.00
635,8481582,Nick Robertson,TOR,L,https://assets.nhle.com/mugs/nhl/20252026/TOR/8481582.png,https://assets.nhle.com/logos/nhl/svg/TOR_light.svg,14,nickrobertson,78.0,987.51666666667,16.0,16.0,9.0,7.0,32.0,71.11,127.0,12.60,14.41,228.0,185.0,141.0,64.0,6.0,24.0,10.0,5.0,5.0,0.0,0.0,9.0,67.0,23.0,75.0,60.0,36.0,12.0,13.0,48.00
636,8479638,Justin Brazeau,PIT,R,https://assets.nhle.com/mugs/nhl/20252026/PIT/8479638.png,https://assets.nhle.com/logos/nhl/svg/PIT_light.svg,16,justinbrazeau,64.0,809.9,17.0,17.0,11.0,6.0,34.0,68.00,104.0,16.35,17.48,183.0,161.0,141.0,87.0,4.0,21.0,14.0,7.0,7.0,0.0,0.0,10.0,40.0,12.0,90.0,45.0,44.0,0.0,3.0,0.00
637,8479992,Michael Rasmussen,DET,C,https://assets.nhle.com/mugs/nhl/20252026/DET/8479992.png,https://assets.nhle.com/logos/nhl/svg/DET_light.svg?season=20252026,27,michaelrasmussen,64.0,809.6,6.0,8.0,6.0,2.0,14.0,73.68,65.0,9.23,9.57,133.0,103.0,79.0,42.0,3.0,13.0,8.0,4.0,4.0,0.0,0.0,6.0,28.0,10.0,64.0,62.0,63.0,131.0,155.0,45.80
638,8473422,Nick Foligno,MIN,L,https://assets.nhle.com/mugs/nhl/20252026/MIN/8473422.png,https://assets.nhle.com/logos/nhl/svg/MIN_light.svg,71,nickfoligno,54.0,683.08333333333,4.0,11.0,7.0,4.0,15.0,51.72,49.0,8.16,6.16,79.0,65.0,54.0,32.0,4.0,8.0,44.0,16.0,12.0,4.0,0.0,18.0,30.0,7.0,129.0,22.0,33.0,204.0,209.0,49.39
639,8479661,Tanner Jeannot,BOS,L,https://assets.nhle.com/mugs/nhl/20252026/BOS/8479661.png,https://assets.nhle.com/logos/nhl/svg/BOS_light.svg?season=20252026,84,tannerjeannot,77.0,973.5,6.0,16.0,9.0,7.0,22.0,73.33,78.0,7.69,12.47,182.0,124.0,112.0,59.0,6.0,17.0,66.0,21.0,13.0,8.0,0.0,18.0,44.0,7.0,239.0,82.0,58.0,8.0,10.0,44.44
640,8483731,Alex Bump,PHI,L,https://assets.nhle.com/mugs/nhl/20252026/PHI/8483731.png,https://assets.nhle.com/logos/nhl/svg/PHI_light.svg,20,alexbump,17.0,214.9,5.0,4.0,0.0,4.0,9.0,100.00,22.0,22.73,4.45,54.0,41.0,29.0,12.0,0.0,3.0,2.0,1.0,1.0,0.0,0.0,1.0,12.0,3.0,16.0,17.0,7.0,0.0,2.0,0.00
641,8480355,Mark Kastelic,BOS,C,https://assets.nhle.com/mugs/nhl/20252026/BOS/8480355.png,https://assets.nhle.com/logos/nhl/svg/BOS_light.svg?season=20252026,47,markkastelic,82.0,1034.75,12.0,10.0,7.0,3.0,22.0,64.71,101.0,11.88,15.9,219.0,174.0,117.0,68.0,11.0,22.0,140.0,39.0,25.0,10.0,4.0,31.0,42.0,30.0,215.0,81.0,64.0,342.0,222.0,60.64
642,8479339,Patrik Laine,MTL,L,https://assets.nhle.com/mugs/nhl/20252026/MTL/8479339.png,https://assets.nhle.com/logos/nhl/svg/MTL_light.svg,92,patriklaine,5.0,63.033333333333,0.0,1.0,1.0,0.0,1.0,100.00,6.0,0.00,0.71,20.0,12.0,4.0,1.0,1.0,0.0,2.0,1.0,1.0,0.0,0.0,1.0,2.0,0.0,2.0,2.0,0.0,2.0,1.0,66.67
643,8481609,Vladislav Kolyachonok,BOS,D,https://assets.nhle.com/mugs/nhl/20252026/BOS/8481609.png,https://assets.nhle.com/logos/nhl/svg/BOS_light.svg?season=20252026,18,vladislavkolyachonok,13.0,163.03333333333,1.0,2.0,0.0,2.0,3.0,60.00,12.0,8.33,0.54,24.0,18.0,10.0,3.0,0.0,1.0,4.0,2.0,2.0,0.0,0.0,3.0,4.0,3.0,5.0,21.0,13.0,0.0,0.0,-
644,8482516,Matthew Kessel,STL,D,https://assets.nhle.com/mugs/nhl/20252026/STL/8482516.png,https://assets.nhle.com/logos/nhl/svg/STL_light.svg?season=20252026,4,mattkessel,29.0,363.56666666667,2.0,1.0,1.0,0.0,3.0,25.00,20.0,10.00,0.88,43.0,32.0,8.0,2.0,1.0,2.0,10.0,5.0,5.0,0.0,0.0,4.0,15.0,1.0,22.0,45.0,26.0,0.0,0.0,-
645,8479525,Ross Colton,COL,C,https://assets.nhle.com/mugs/nhl/20252026/COL/8479525.png,https://assets.nhle.com/logos/nhl/svg/COL_light.svg,79,rosscolton,73.0,913.8,9.0,15.0,10.0,5.0,24.0,52.17,153.0,5.88,19.66,300.0,240.0,160.0,70.0,7.0,30.0,13.0,5.0,4.0,1.0,0.0,14.0,51.0,19.0,159.0,70.0,25.0,51.0,57.0,47.22
646,8484794,Michael Brandsegg-Nygård,DET,R,https://assets.nhle.com/mugs/nhl/20252026/DET/8484794.png,https://assets.nhle.com/logos/nhl/svg/DET_light.svg?season=20252026,28,michaelbrandseggnygard,14.0,175.23333333333,0.0,1.0,0.0,1.0,1.0,33.33,20.0,0.00,2.23,46.0,31.0,21.0,9.0,2.0,4.0,2.0,1.0,1.0,0.0,0.0,2.0,12.0,5.0,43.0,21.0,3.0,0.0,0.0,-
647,8481024,Linus Karlsson,VAN,C,https://assets.nhle.com/mugs/nhl/20252026/VAN/8481024.png,https://assets.nhle.com/logos/nhl/svg/VAN_light.svg,94,linuskarlsson,79.0,988.61666666667,15.0,20.0,12.0,8.0,35.0,66.04,116.0,12.93,20.42,213.0,180.0,151.0,94.0,3.0,32.0,42.0,13.0,11.0,0.0,2.0,21.0,49.0,15.0,83.0,59.0,22.0,15.0,36.0,29.41
648,8476925,Colton Sissons,VGK,C,https://assets.nhle.com/mugs/nhl/20252026/VGK/8476925.png,https://assets.nhle.com/logos/nhl/svg/VGK_light.svg,15,coltonsissons,66.0,824.81666666667,6.0,5.0,2.0,3.0,11.0,55.00,74.0,8.11,9.25,137.0,112.0,88.0,49.0,5.0,17.0,28.0,11.0,9.0,2.0,0.0,11.0,30.0,12.0,93.0,60.0,46.0,347.0,267.0,56.51
649,8478233,Andrew Mangiapane,CHI,L,https://assets.nhle.com/mugs/nhl/20252026/CHI/8478233.png,https://assets.nhle.com/logos/nhl/svg/CHI_light.svg?season=20252026,26,andrewmangiapane,62.0,774.03333333333,8.0,8.0,5.0,3.0,16.0,55.17,58.0,13.79,8.1,131.0,94.0,83.0,48.0,1.0,5.0,42.0,13.0,11.0,0.0,2.0,15.0,36.0,8.0,65.0,45.0,28.0,3.0,5.0,37.50
650,8475763,Kevin Hayes,PIT,R,https://assets.nhle.com/mugs/nhl/20252026/PIT/8475763.png,https://assets.nhle.com/logos/nhl/svg/PIT_light.svg,13,kevinhayes,28.0,349.26666666667,4.0,4.0,4.0,0.0,8.0,44.44,45.0,8.89,5.43,81.0,64.0,45.0,22.0,1.0,9.0,8.0,4.0,4.0,0.0,0.0,1.0,20.0,4.0,32.0,7.0,10.0,56.0,83.0,40.29
651,8484388,Daniil But,UTA,L,https://assets.nhle.com/mugs/nhl/20252026/UTA/8484388.png,https://assets.nhle.com/logos/nhl/svg/UTA_light.svg?season=20252026,50,daniilbut,29.0,361.61666666667,3.0,4.0,2.0,2.0,7.0,46.67,43.0,6.98,7.13,94.0,69.0,57.0,39.0,1.0,16.0,8.0,4.0,4.0,0.0,0.0,5.0,18.0,4.0,16.0,49.0,18.0,7.0,14.0,33.33
652,8482117,Lukas Reichel,BOS,L,https://assets.nhle.com/mugs/nhl/20252026/BOS/8482117.png,https://assets.nhle.com/logos/nhl/svg/BOS_light.svg?season=20252026,76,lukasreichel,29.0,361.01666666667,3.0,5.0,3.0,2.0,8.0,44.44,24.0,12.50,3.28,52.0,41.0,36.0,16.0,0.0,4.0,6.0,3.0,3.0,0.0,0.0,1.0,20.0,5.0,8.0,27.0,16.0,46.0,71.0,39.32
653,8478413,Jordan Greenway,BUF,L,https://assets.nhle.com/mugs/nhl/20252026/BUF/8478413.png,https://assets.nhle.com/logos/nhl/svg/BUF_light.svg,12,jordangreenway,40.0,497.8,1.0,5.0,2.0,3.0,6.0,60.00,32.0,3.13,3.0,68.0,50.0,28.0,7.0,3.0,10.0,29.0,13.0,12.0,1.0,0.0,8.0,19.0,6.0,56.0,24.0,22.0,8.0,25.0,24.24
654,8476988,Matt Benning,TOR,D,https://assets.nhle.com/mugs/nhl/20252026/TOR/8476988.png,https://assets.nhle.com/logos/nhl/svg/TOR_light.svg,33,mattbenning,1.0,12.433333333333,0.0,0.0,0.0,0.0,0.0,-,0.0,-,0.0,1.0,0.0,0.0,0.0,0.0,0.0,0.0,0.0,0.0,0.0,0.0,0.0,1.0,0.0,0.0,2.0,3.0,0.0,0.0,-
655,8478421,A.J. Greer,FLA,L,https://assets.nhle.com/mugs/nhl/20252026/FLA/8478421.png,https://assets.nhle.com/logos/nhl/svg/FLA_light.svg,18,ajgreer,78.0,969.46666666667,17.0,15.0,10.0,5.0,32.0,61.54,104.0,16.35,18.18,207.0,171.0,141.0,67.0,3.0,25.0,113.0,38.0,29.0,7.0,2.0,29.0,52.0,9.0,203.0,92.0,29.0,7.0,24.0,22.58
656,8482094,Daemon Hunt,MIN,D,https://assets.nhle.com/mugs/nhl/20252026/MIN/8482094.png,https://assets.nhle.com/logos/nhl/svg/MIN_light.svg,48,daemonhunt,32.0,397.71666666667,0.0,6.0,2.0,4.0,6.0,54.55,19.0,0.00,0.71,43.0,27.0,14.0,1.0,1.0,4.0,6.0,3.0,3.0,0.0,0.0,3.0,14.0,2.0,21.0,55.0,43.0,0.0,0.0,-
657,8479370,Tyson Jost,NSH,C,https://assets.nhle.com/mugs/nhl/20252026/NSH/8479370.png,https://assets.nhle.com/logos/nhl/svg/NSH_light.svg,17,tysonjost,69.0,856.53333333333,8.0,8.0,3.0,5.0,16.0,66.67,94.0,8.51,11.01,172.0,128.0,91.0,42.0,4.0,24.0,30.0,14.0,14.0,0.0,0.0,16.0,36.0,22.0,67.0,105.0,31.0,45.0,67.0,40.18
658,8480806,Isac Lundeström,CBJ,C,https://assets.nhle.com/mugs/nhl/20252026/CBJ/8480806.png,https://assets.nhle.com/logos/nhl/svg/CBJ_light.svg,21,isaclundestrom,68.0,842.2,4.0,8.0,2.0,6.0,12.0,46.15,53.0,7.55,5.44,88.0,73.0,46.0,21.0,3.0,7.0,4.0,2.0,2.0,0.0,0.0,5.0,38.0,8.0,35.0,55.0,35.0,134.0,123.0,52.14
659,8480840,Oskar Bäck,DAL,C,https://assets.nhle.com/mugs/nhl/20252026/DAL/8480840.png,https://assets.nhle.com/logos/nhl/svg/DAL_light.svg,10,oskarback,72.0,889.83333333333,5.0,7.0,2.0,5.0,12.0,41.38,42.0,11.90,7.13,82.0,63.0,58.0,37.0,3.0,10.0,10.0,5.0,5.0,0.0,0.0,9.0,38.0,15.0,29.0,87.0,37.0,30.0,40.0,42.86
660,8475848,Brendan Gallagher,MTL,R,https://assets.nhle.com/mugs/nhl/20252026/MTL/8475848.png,https://assets.nhle.com/logos/nhl/svg/MTL_light.svg,7,brendangallagher,77.0,951.0,7.0,16.0,5.0,11.0,23.0,51.11,119.0,5.88,16.94,234.0,177.0,124.0,74.0,8.0,26.0,39.0,18.0,17.0,1.0,0.0,19.0,37.0,11.0,98.0,60.0,20.0,6.0,4.0,60.00
661,8475784,Jeff Skinner,SJS,L,https://assets.nhle.com/mugs/nhl/20252026/SJS/8475784.png,https://assets.nhle.com/logos/nhl/svg/SJS_light.svg,53,jeffskinner,32.0,394.95,6.0,7.0,3.0,4.0,13.0,59.09,56.0,10.71,6.15,117.0,81.0,69.0,27.0,1.0,14.0,14.0,7.0,7.0,0.0,0.0,15.0,27.0,10.0,17.0,16.0,11.0,3.0,8.0,27.27
662,8484180,Samuel Honzek,CGY,L,https://assets.nhle.com/mugs/nhl/20252026/CGY/8484180.png,https://assets.nhle.com/logos/nhl/svg/CGY_light.svg,29,samuelhonzek,18.0,222.15,2.0,2.0,0.0,2.0,4.0,40.00,22.0,9.09,2.77,42.0,34.0,22.0,14.0,3.0,2.0,2.0,1.0,1.0,0.0,0.0,3.0,9.0,1.0,35.0,14.0,6.0,6.0,5.0,54.55
663,8484241,Matthew Wood,NSH,R,https://assets.nhle.com/mugs/nhl/20252026/NSH/8484241.png,https://assets.nhle.com/logos/nhl/svg/NSH_light.svg,71,mattwood,71.0,874.8,17.0,13.0,10.0,3.0,30.0,54.55,103.0,16.50,12.87,192.0,149.0,120.0,48.0,0.0,24.0,14.0,7.0,7.0,0.0,0.0,14.0,41.0,10.0,53.0,58.0,25.0,82.0,124.0,39.81
664,8483699,Angus Booth,LAK,D,https://assets.nhle.com/mugs/nhl/20252026/LAK/8483699.png,https://assets.nhle.com/logos/nhl/svg/LAK_light.svg,81,angusbooth,1.0,12.3,1.0,0.0,0.0,0.0,1.0,100.00,1.0,100.00,0.11,2.0,2.0,1.0,1.0,0.0,0.0,0.0,0.0,0.0,0.0,0.0,0.0,1.0,0.0,2.0,0.0,1.0,0.0,0.0,-
665,8481754,Nikita Nesterenko,ANA,C,https://assets.nhle.com/mugs/nhl/20252026/ANA/8481754.png,https://assets.nhle.com/logos/nhl/svg/ANA_light.svg,13,nikitanesterenko,29.0,355.45,1.0,8.0,6.0,2.0,9.0,75.00,31.0,3.23,3.62,69.0,47.0,37.0,17.0,2.0,5.0,8.0,3.0,3.0,0.0,0.0,4.0,14.0,1.0,53.0,12.0,8.0,11.0,17.0,39.29
666,8478841,Colton White,NJD,D,https://assets.nhle.com/mugs/nhl/20252026/NJD/8478841.png,https://assets.nhle.com/logos/nhl/svg/NJD_light.svg,6,coltonwhite,23.0,281.88333333333,0.0,4.0,1.0,3.0,4.0,40.00,14.0,0.00,0.52,32.0,18.0,6.0,1.0,1.0,4.0,2.0,1.0,1.0,0.0,0.0,2.0,21.0,4.0,23.0,48.0,16.0,0.0,0.0,-
667,8478057,Dakota Joshua,TOR,C,https://assets.nhle.com/mugs/nhl/20252026/TOR/8478057.png,https://assets.nhle.com/logos/nhl/svg/TOR_light.svg,81,dakotajosh,55.0,673.65,10.0,8.0,6.0,2.0,18.0,64.29,52.0,19.23,9.17,93.0,80.0,67.0,44.0,1.0,10.0,49.0,16.0,12.0,3.0,1.0,16.0,20.0,9.0,195.0,35.0,32.0,6.0,19.0,24.00
668,8483573,Ethen Frank,WSH,R,https://assets.nhle.com/mugs/nhl/20252026/WSH/8483573.png,https://assets.nhle.com/logos/nhl/svg/WSH_secondary_light.svg,53,ethenfrank,62.0,758.68333333333,12.0,12.0,7.0,5.0,24.0,57.14,91.0,13.19,13.53,166.0,128.0,122.0,75.0,2.0,19.0,18.0,9.0,9.0,0.0,0.0,10.0,29.0,8.0,53.0,55.0,44.0,1.0,5.0,16.67
669,8483752,Dominic James,TBL,C,https://assets.nhle.com/mugs/nhl/20252026/TBL/8483752.png,https://assets.nhle.com/logos/nhl/svg/TBL_light.svg,17,dominicjames,43.0,526.18333333333,7.0,8.0,7.0,1.0,15.0,65.22,56.0,12.50,6.7,113.0,85.0,56.0,26.0,1.0,7.0,8.0,4.0,4.0,0.0,0.0,12.0,41.0,14.0,58.0,49.0,13.0,139.0,137.0,50.36
670,8479383,Boris Katchouk,TBL,L,https://assets.nhle.com/mugs/nhl/20252026/TBL/8479383.png,https://assets.nhle.com/logos/nhl/svg/TBL_light.svg,61,boriskatchouk,3.0,36.566666666667,0.0,0.0,0.0,0.0,0.0,0.00,0.0,-,0.24,1.0,1.0,1.0,1.0,0.0,0.0,0.0,0.0,0.0,0.0,0.0,0.0,0.0,0.0,5.0,4.0,2.0,7.0,12.0,36.84
671,8485251,Kai Uchacz,VGK,C,https://assets.nhle.com/mugs/nhl/20252026/VGK/8485251.png,https://assets.nhle.com/logos/nhl/svg/VGK_light.svg,77,kaiuchacz,3.0,36.55,0.0,0.0,0.0,0.0,0.0,0.00,2.0,0.00,0.14,3.0,2.0,1.0,1.0,0.0,1.0,5.0,1.0,0.0,1.0,0.0,1.0,2.0,0.0,7.0,3.0,3.0,13.0,15.0,46.43
672,8484177,Lenni Hameenaho,NJD,R,https://assets.nhle.com/mugs/nhl/20252026/NJD/8484177.png,https://assets.nhle.com/logos/nhl/svg/NJD_light.svg,29,lennihameenaho,33.0,401.98333333333,2.0,6.0,5.0,1.0,8.0,53.33,47.0,4.26,4.13,91.0,75.0,38.0,15.0,2.0,10.0,14.0,6.0,6.0,0.0,0.0,7.0,12.0,6.0,20.0,43.0,16.0,0.0,5.0,0.00
673,8481577,Philip Tomasino,PIT,R,https://assets.nhle.com/mugs/nhl/20252026/PIT/8481577.png,https://assets.nhle.com/logos/nhl/svg/PIT_light.svg,62,philiptomasino,9.0,109.55,0.0,1.0,0.0,1.0,1.0,50.00,9.0,0.00,1.37,21.0,16.0,17.0,6.0,1.0,1.0,0.0,0.0,0.0,0.0,0.0,0.0,3.0,0.0,11.0,17.0,7.0,2.0,2.0,50.00
674,8479533,Joona Koppanen,PIT,L,https://assets.nhle.com/mugs/nhl/20252026/PIT/8479533.png,https://assets.nhle.com/logos/nhl/svg/PIT_light.svg,15,joonakoppanen,13.0,157.8,0.0,1.0,0.0,1.0,1.0,25.00,7.0,0.00,0.91,18.0,15.0,11.0,6.0,1.0,2.0,2.0,1.0,1.0,0.0,0.0,1.0,5.0,4.0,11.0,13.0,4.0,20.0,28.0,41.67
675,8478476,Kyle Capobianco,DAL,D,https://assets.nhle.com/mugs/nhl/20252026/DAL/8478476.png,https://assets.nhle.com/logos/nhl/svg/DAL_light.svg,20,kylecapobianco,33.0,400.4,2.0,3.0,1.0,2.0,5.0,26.32,18.0,11.11,0.85,66.0,31.0,21.0,2.0,2.0,5.0,8.0,4.0,4.0,0.0,0.0,3.0,20.0,9.0,12.0,39.0,27.0,0.0,0.0,-
676,8483505,Matthew Poitras,BOS,C,https://assets.nhle.com/mugs/nhl/20252026/BOS/8483505.png,https://assets.nhle.com/logos/nhl/svg/BOS_light.svg?season=20252026,51,mattpoitras,3.0,36.35,1.0,0.0,0.0,0.0,1.0,100.00,8.0,12.50,0.53,8.0,8.0,6.0,3.0,0.0,1.0,4.0,2.0,2.0,0.0,0.0,3.0,1.0,0.0,0.0,5.0,2.0,7.0,11.0,38.89
677,8483503,Owen Pickering,PIT,D,https://assets.nhle.com/mugs/nhl/20252026/PIT/8483503.png,https://assets.nhle.com/logos/nhl/svg/PIT_light.svg,38,owenpickering,4.0,48.383333333333,0.0,0.0,0.0,0.0,0.0,0.00,1.0,0.00,0.02,6.0,2.0,2.0,0.0,0.0,0.0,2.0,1.0,1.0,0.0,0.0,0.0,4.0,1.0,1.0,6.0,2.0,0.0,0.0,-
678,8480813,Joseph Veleno,MTL,C,https://assets.nhle.com/mugs/nhl/20252026/MTL/8480813.png,https://assets.nhle.com/logos/nhl/svg/MTL_light.svg,90,josephveleno,,,,,,,,,,,,,,,,,,,,,,,,,,,,,,,
679,8480007,Jonas Rondbjerg,VGK,R,https://assets.nhle.com/mugs/nhl/20252026/VGK/8480007.png,https://assets.nhle.com/logos/nhl/svg/VGK_light.svg,46,jonasrondbjerg,4.0,48.316666666667,0.0,1.0,1.0,0.0,1.0,50.00,6.0,0.00,0.86,12.0,9.0,9.0,5.0,1.0,1.0,0.0,0.0,0.0,0.0,0.0,0.0,0.0,1.0,0.0,7.0,0.0,0.0,0.0,-
680,8482768,Fedor Svechkov,NSH,C,https://assets.nhle.com/mugs/nhl/20252026/NSH/8482768.png,https://assets.nhle.com/logos/nhl/svg/NSH_light.svg,9,fedorsvechkov,70.0,845.36666666667,4.0,13.0,7.0,6.0,17.0,54.84,70.0,5.71,7.93,143.0,101.0,84.0,36.0,3.0,14.0,22.0,11.0,11.0,0.0,0.0,16.0,49.0,19.0,60.0,81.0,29.0,235.0,314.0,42.81
681,8485512,Tim Washe,ANA,C,https://assets.nhle.com/mugs/nhl/20252026/ANA/8485512.png,https://assets.nhle.com/logos/nhl/svg/ANA_light.svg,42,timwashe,39.0,470.03333333333,2.0,3.0,2.0,1.0,5.0,45.45,32.0,6.25,5.29,75.0,60.0,53.0,28.0,3.0,14.0,14.0,7.0,7.0,0.0,0.0,6.0,11.0,12.0,91.0,36.0,25.0,225.0,163.0,57.99
682,8479388,Riley Stillman,EDM,D,https://assets.nhle.com/mugs/nhl/20252026/EDM/8479388.png,https://assets.nhle.com/logos/nhl/svg/EDM_light.svg,61,rileystillman,4.0,48.133333333333,0.0,0.0,0.0,0.0,0.0,0.00,1.0,0.00,0.28,4.0,3.0,1.0,1.0,0.0,0.0,0.0,0.0,0.0,0.0,0.0,0.0,2.0,0.0,7.0,10.0,4.0,0.0,0.0,-
683,8482691,Aatu Räty,VAN,C,https://assets.nhle.com/mugs/nhl/20252026/VAN/8482691.png,https://assets.nhle.com/logos/nhl/svg/VAN_light.svg,54,aaturaty,66.0,793.4,4.0,10.0,6.0,4.0,14.0,60.87,65.0,6.15,9.28,142.0,116.0,87.0,38.0,5.0,15.0,22.0,11.0,11.0,0.0,0.0,7.0,29.0,10.0,165.0,39.0,16.0,469.0,308.0,60.36
684,8483709,Abram Wiebe,CGY,D,https://assets.nhle.com/mugs/nhl/20252026/CGY/8483709.png,https://assets.nhle.com/logos/nhl/svg/CGY_light.svg,52,abramwiebe,4.0,48.083333333333,0.0,0.0,0.0,0.0,0.0,0.00,0.0,-,0.04,5.0,2.0,1.0,0.0,0.0,0.0,2.0,1.0,1.0,0.0,0.0,0.0,2.0,0.0,2.0,6.0,1.0,0.0,0.0,-
685,8483460,David Jiricek,PHI,D,https://assets.nhle.com/mugs/nhl/20252026/PHI/8483460.png,https://assets.nhle.com/logos/nhl/svg/PHI_light.svg,5,davidjiricek,26.0,312.4,0.0,0.0,0.0,0.0,0.0,0.00,16.0,0.00,0.56,42.0,23.0,11.0,1.0,0.0,4.0,16.0,8.0,8.0,0.0,0.0,2.0,26.0,3.0,8.0,34.0,19.0,0.0,0.0,-
686,8480281,Alexey Toropchenko,STL,R,https://assets.nhle.com/mugs/nhl/20252026/STL/8480281.png,https://assets.nhle.com/logos/nhl/svg/STL_light.svg?season=20252026,13,alexeitoropchenko,65.0,779.53333333333,4.0,7.0,5.0,2.0,11.0,57.89,68.0,5.88,6.85,113.0,91.0,74.0,37.0,4.0,10.0,28.0,7.0,4.0,2.0,1.0,6.0,30.0,8.0,132.0,64.0,56.0,4.0,2.0,66.67
687,8477573,Nathan Walker,STL,L,https://assets.nhle.com/mugs/nhl/20252026/STL/8477573.png,https://assets.nhle.com/logos/nhl/svg/STL_light.svg?season=20252026,26,nathanwalker,46.0,551.53333333333,4.0,7.0,4.0,3.0,11.0,52.38,39.0,10.26,5.32,72.0,61.0,46.0,29.0,0.0,7.0,28.0,12.0,12.0,0.0,0.0,7.0,26.0,3.0,179.0,47.0,35.0,56.0,47.0,54.37
688,8478472,Mathieu Joseph,LAK,R,https://assets.nhle.com/mugs/nhl/20252026/LAK/8478472.png,https://assets.nhle.com/logos/nhl/svg/LAK_light.svg,21,mathieujoseph,51.0,611.36666666667,2.0,9.0,3.0,6.0,11.0,68.75,36.0,5.56,5.38,86.0,67.0,54.0,35.0,1.0,11.0,9.0,3.0,2.0,1.0,0.0,14.0,25.0,14.0,115.0,51.0,34.0,5.0,15.0,25.00
689,8482751,Ryan Winterton,SEA,C,https://assets.nhle.com/mugs/nhl/20252026/SEA/8482751.png,https://assets.nhle.com/logos/nhl/svg/SEA_light.svg,26,ryanwinterton,68.0,814.58333333333,4.0,14.0,11.0,3.0,18.0,60.00,87.0,4.60,10.98,159.0,122.0,93.0,37.0,8.0,14.0,15.0,6.0,5.0,1.0,0.0,15.0,37.0,21.0,74.0,89.0,33.0,0.0,6.0,0.00
690,8481789,Tye Kartye,NYR,L,https://assets.nhle.com/mugs/nhl/20252026/NYR/8481789.png,https://assets.nhle.com/logos/nhl/svg/NYR_light.svg,24,tyekartye,64.0,765.63333333333,8.0,14.0,9.0,5.0,22.0,73.33,56.0,14.29,6.16,136.0,92.0,68.0,27.0,1.0,12.0,38.0,12.0,9.0,2.0,1.0,17.0,30.0,17.0,173.0,71.0,41.0,3.0,9.0,25.00
691,8483487,Rutger McGroarty,PIT,R,https://assets.nhle.com/mugs/nhl/20252026/PIT/8483487.png,https://assets.nhle.com/logos/nhl/svg/PIT_light.svg,2,rutgermcgroarty,24.0,287.06666666667,3.0,3.0,1.0,2.0,6.0,50.00,37.0,8.11,4.71,63.0,51.0,32.0,16.0,2.0,7.0,4.0,2.0,2.0,0.0,0.0,8.0,15.0,4.0,26.0,32.0,8.0,8.0,9.0,47.06
692,8483570,Ben Meyers,SEA,C,https://assets.nhle.com/mugs/nhl/20252026/SEA/8483570.png,https://assets.nhle.com/logos/nhl/svg/SEA_light.svg,59,benmeyers,52.0,620.78333333333,7.0,8.0,5.0,3.0,15.0,68.18,61.0,11.48,7.16,115.0,89.0,64.0,35.0,2.0,14.0,16.0,5.0,3.0,2.0,0.0,8.0,29.0,11.0,66.0,52.0,14.0,185.0,151.0,55.06
693,8482206,Ethan Cardwell,SJS,R,https://assets.nhle.com/mugs/nhl/20252026/SJS/8482206.png,https://assets.nhle.com/logos/nhl/svg/SJS_light.svg,56,ethancardwell,7.0,83.516666666667,1.0,0.0,0.0,0.0,1.0,50.00,6.0,16.67,0.86,19.0,14.0,11.0,3.0,1.0,1.0,2.0,1.0,1.0,0.0,0.0,0.0,5.0,3.0,9.0,9.0,1.0,0.0,0.0,-
694,8479705,Jeffrey Viel,ANA,L,https://assets.nhle.com/mugs/nhl/20252026/ANA/8479705.png,https://assets.nhle.com/logos/nhl/svg/ANA_light.svg,25,jeffreyviel,45.0,536.85,3.0,7.0,5.0,2.0,10.0,40.00,62.0,4.84,8.63,128.0,99.0,79.0,46.0,1.0,12.0,79.0,25.0,17.0,7.0,1.0,18.0,30.0,8.0,121.0,48.0,21.0,1.0,4.0,20.00
695,8482634,Alex Steeves,BOS,C,https://assets.nhle.com/mugs/nhl/20252026/BOS/8482634.png,https://assets.nhle.com/logos/nhl/svg/BOS_light.svg?season=20252026,21,alexsteeves,43.0,512.9,9.0,7.0,3.0,4.0,16.0,55.17,55.0,16.36,7.09,109.0,86.0,65.0,27.0,1.0,5.0,34.0,9.0,6.0,2.0,1.0,10.0,23.0,9.0,144.0,52.0,27.0,3.0,4.0,42.86
696,8484797,Konsta Helenius,BUF,C,https://assets.nhle.com/mugs/nhl/20252026/BUF/8484797.png,https://assets.nhle.com/logos/nhl/svg/BUF_light.svg,94,konstahelenius,9.0,107.18333333333,1.0,3.0,3.0,0.0,4.0,80.00,15.0,6.67,1.05,24.0,22.0,10.0,4.0,1.0,2.0,0.0,0.0,0.0,0.0,0.0,2.0,6.0,1.0,10.0,17.0,3.0,10.0,14.0,41.67
697,8476867,Brendan Gaunce,CBJ,C,https://assets.nhle.com/mugs/nhl/20252026/CBJ/8476867.png,https://assets.nhle.com/logos/nhl/svg/CBJ_light.svg,50,brendangaunce,25.0,297.56666666667,2.0,4.0,3.0,1.0,6.0,54.55,29.0,6.90,4.02,61.0,48.0,29.0,16.0,0.0,7.0,12.0,6.0,6.0,0.0,0.0,2.0,7.0,6.0,44.0,13.0,21.0,103.0,78.0,56.91
698,8476278,Colin Blackwell,DAL,C,https://assets.nhle.com/mugs/nhl/20252026/DAL/8476278.png,https://assets.nhle.com/logos/nhl/svg/DAL_light.svg,15,colinblackwell,70.0,832.48333333333,4.0,11.0,8.0,3.0,15.0,62.50,61.0,6.56,7.21,145.0,102.0,70.0,34.0,3.0,15.0,40.0,16.0,15.0,0.0,1.0,17.0,31.0,17.0,112.0,67.0,37.0,124.0,163.0,43.21
699,8478904,Steven Lorentz,TOR,C,https://assets.nhle.com/mugs/nhl/20252026/TOR/8478904.png,https://assets.nhle.com/logos/nhl/svg/TOR_light.svg,18,stevenlorentz,71.0,842.46666666667,7.0,11.0,6.0,5.0,18.0,62.07,70.0,10.00,8.8,123.0,104.0,71.0,36.0,3.0,15.0,16.0,4.0,3.0,0.0,1.0,5.0,34.0,17.0,155.0,61.0,48.0,56.0,67.0,45.53
700,8477406,Mattias Janmark,EDM,C,https://assets.nhle.com/mugs/nhl/20252026/EDM/8477406.png,https://assets.nhle.com/logos/nhl/svg/EDM_light.svg,13,mattiasjanmark,43.0,509.88333333333,1.0,7.0,3.0,4.0,8.0,80.00,24.0,4.17,4.21,53.0,39.0,31.0,21.0,1.0,8.0,22.0,7.0,6.0,0.0,1.0,7.0,14.0,5.0,10.0,39.0,13.0,7.0,12.0,36.84
701,8477425,Miles Wood,CBJ,L,https://assets.nhle.com/mugs/nhl/20252026/CBJ/8477425.png,https://assets.nhle.com/logos/nhl/svg/CBJ_light.svg,11,mileswood,54.0,640.25,8.0,6.0,3.0,3.0,14.0,63.64,71.0,11.27,8.96,132.0,103.0,78.0,48.0,3.0,12.0,26.0,13.0,13.0,0.0,0.0,14.0,34.0,5.0,63.0,47.0,19.0,4.0,11.0,26.67
702,8479336,Carl Grundstrom,PHI,R,https://assets.nhle.com/mugs/nhl/20252026/PHI/8479336.png,https://assets.nhle.com/logos/nhl/svg/PHI_light.svg,91,carlgrundstrom,47.0,557.01666666667,9.0,4.0,1.0,3.0,13.0,56.52,56.0,16.07,7.99,111.0,91.0,63.0,33.0,3.0,5.0,19.0,8.0,7.0,1.0,0.0,7.0,21.0,7.0,140.0,58.0,23.0,7.0,18.0,28.00
703,8479390,Taylor Raddysh,NYR,R,https://assets.nhle.com/mugs/nhl/20252026/NYR/8479390.png,https://assets.nhle.com/logos/nhl/svg/NYR_light.svg,14,taylorraddysh,68.0,805.33333333333,9.0,10.0,7.0,3.0,19.0,65.52,52.0,17.31,8.54,105.0,87.0,66.0,38.0,3.0,7.0,12.0,6.0,6.0,0.0,0.0,3.0,25.0,14.0,49.0,32.0,40.0,3.0,12.0,20.00
704,8475714,Calle Jarnkrok,TOR,C,https://assets.nhle.com/mugs/nhl/20252026/TOR/8475714.png,https://assets.nhle.com/logos/nhl/svg/TOR_light.svg,19,callejarnkrok,56.0,663.0,6.0,2.0,2.0,0.0,8.0,57.14,45.0,13.33,4.26,79.0,66.0,38.0,18.0,1.0,5.0,8.0,4.0,4.0,0.0,0.0,4.0,19.0,4.0,33.0,35.0,11.0,28.0,30.0,48.28
705,8480003,Jesper Boqvist,FLA,C,https://assets.nhle.com/mugs/nhl/20252026/FLA/8480003.png,https://assets.nhle.com/logos/nhl/svg/FLA_light.svg,70,jesperboqvist,73.0,863.51666666667,4.0,9.0,4.0,5.0,13.0,56.52,64.0,6.25,8.98,143.0,113.0,61.0,30.0,2.0,10.0,16.0,8.0,8.0,0.0,0.0,17.0,55.0,9.0,141.0,75.0,33.0,37.0,85.0,30.33
706,8478366,Frank Vatrano,ANA,R,https://assets.nhle.com/mugs/nhl/20252026/ANA/8478366.png,https://assets.nhle.com/logos/nhl/svg/ANA_light.svg,77,frankvatrano,50.0,591.11666666667,5.0,4.0,2.0,2.0,9.0,50.00,79.0,6.33,9.12,148.0,119.0,75.0,33.0,2.0,10.0,40.0,13.0,10.0,2.0,1.0,9.0,17.0,6.0,84.0,29.0,28.0,6.0,8.0,42.86
707,8477952,Robby Fabbri,MIN,C,https://assets.nhle.com/mugs/nhl/20252026/MIN/8477952.png,https://assets.nhle.com/logos/nhl/svg/MIN_light.svg,21,robbyfabbri,21.0,247.96666666667,2.0,3.0,3.0,0.0,5.0,71.43,30.0,6.67,3.49,46.0,39.0,34.0,18.0,1.0,4.0,16.0,7.0,7.0,0.0,0.0,3.0,7.0,0.0,44.0,17.0,9.0,5.0,4.0,55.56
708,8479977,Kailer Yamamoto,UTA,R,https://assets.nhle.com/mugs/nhl/20252026/UTA/8479977.png,https://assets.nhle.com/logos/nhl/svg/UTA_light.svg?season=20252026,56,kaileryamamoto,59.0,695.98333333333,13.0,10.0,7.0,3.0,23.0,62.16,60.0,21.67,8.35,92.0,77.0,71.0,39.0,1.0,5.0,14.0,7.0,7.0,0.0,0.0,11.0,24.0,17.0,47.0,51.0,19.0,21.0,30.0,41.18
709,8484938,Arttu Hyry,DAL,R,https://assets.nhle.com/mugs/nhl/20252026/DAL/8484938.png,https://assets.nhle.com/logos/nhl/svg/DAL_light.svg,25,arttuhyry,20.0,235.51666666667,3.0,2.0,1.0,1.0,5.0,62.50,25.0,12.00,3.07,43.0,39.0,26.0,12.0,2.0,2.0,2.0,1.0,1.0,0.0,0.0,2.0,12.0,4.0,32.0,19.0,6.0,121.0,88.0,57.89
710,8475231,Casey Cizikas,NYI,C,https://assets.nhle.com/mugs/nhl/20252026/NYI/8475231.png,https://assets.nhle.com/logos/nhl/svg/NYI_light.svg,53,caseycizikas,81.0,953.2,10.0,8.0,8.0,0.0,18.0,66.67,79.0,12.66,12.9,155.0,128.0,93.0,56.0,6.0,19.0,20.0,10.0,10.0,0.0,0.0,4.0,49.0,10.0,153.0,73.0,57.0,351.0,291.0,54.67
711,8476474,Stefan Noesen,NJD,R,https://assets.nhle.com/mugs/nhl/20252026/NJD/8476474.png,https://assets.nhle.com/logos/nhl/svg/NJD_light.svg,11,stefannoesen,38.0,446.66666666667,3.0,4.0,2.0,2.0,7.0,53.85,52.0,5.77,8.67,93.0,74.0,52.0,36.0,3.0,19.0,33.0,12.0,9.0,3.0,0.0,7.0,23.0,3.0,33.0,26.0,15.0,17.0,16.0,51.52
712,8474037,James van Riemsdyk,DET,L,https://assets.nhle.com/mugs/nhl/20252026/DET/8474037.png,https://assets.nhle.com/logos/nhl/svg/DET_light.svg?season=20252026,21,jamesvanriemsdyk,72.0,846.16666666667,15.0,16.0,8.0,8.0,31.0,65.96,99.0,15.15,19.77,201.0,164.0,151.0,109.0,6.0,29.0,14.0,7.0,7.0,0.0,0.0,9.0,39.0,11.0,15.0,47.0,28.0,6.0,8.0,42.86
713,8476889,Radek Faksa,DAL,C,https://assets.nhle.com/mugs/nhl/20252026/DAL/8476889.png,https://assets.nhle.com/logos/nhl/svg/DAL_light.svg,12,radekfaksa,58.0,680.61666666667,2.0,15.0,9.0,6.0,17.0,94.44,38.0,5.26,6.41,79.0,60.0,45.0,31.0,1.0,9.0,18.0,8.0,8.0,0.0,0.0,9.0,18.0,14.0,78.0,66.0,44.0,235.0,206.0,53.29
714,8484136,Max Sasson,VAN,C,https://assets.nhle.com/mugs/nhl/20252026/VAN/8484136.png,https://assets.nhle.com/logos/nhl/svg/VAN_light.svg,63,maxsasson,66.0,773.45,13.0,6.0,4.0,2.0,19.0,70.37,61.0,21.31,7.28,113.0,92.0,68.0,35.0,3.0,10.0,26.0,13.0,13.0,0.0,0.0,7.0,38.0,12.0,30.0,57.0,36.0,122.0,168.0,42.07
715,8479941,Justin Danforth,BUF,R,https://assets.nhle.com/mugs/nhl/20252026/BUF/8479941.png,https://assets.nhle.com/logos/nhl/svg/BUF_light.svg,15,justindanforth,4.0,46.816666666667,0.0,0.0,0.0,0.0,0.0,-,2.0,0.00,0.17,6.0,3.0,2.0,1.0,1.0,0.0,2.0,1.0,1.0,0.0,0.0,0.0,3.0,0.0,3.0,2.0,4.0,17.0,14.0,54.84
716,8483476,Jonathan Lekkerimäki,VAN,R,https://assets.nhle.com/mugs/nhl/20252026/VAN/8483476.png,https://assets.nhle.com/logos/nhl/svg/VAN_light.svg,88,jonathanlekkerimaki,13.0,151.81666666667,2.0,1.0,0.0,1.0,3.0,100.00,10.0,20.00,0.98,26.0,17.0,9.0,2.0,0.0,2.0,0.0,0.0,0.0,0.0,0.0,2.0,7.0,1.0,10.0,9.0,5.0,0.0,0.0,-
717,8479362,Riley Tufte,BOS,L,https://assets.nhle.com/mugs/nhl/20252026/BOS/8479362.png,https://assets.nhle.com/logos/nhl/svg/BOS_light.svg?season=20252026,10,rileytufte,4.0,46.683333333333,1.0,0.0,0.0,0.0,1.0,100.00,4.0,25.00,0.89,8.0,8.0,4.0,4.0,0.0,0.0,0.0,0.0,0.0,0.0,0.0,0.0,1.0,0.0,7.0,4.0,1.0,0.0,0.0,-
718,8484234,Aydar Suniev,CGY,L,https://assets.nhle.com/mugs/nhl/20252026/CGY/8484234.png,https://assets.nhle.com/logos/nhl/svg/CGY_light.svg,61,aydarsuniev,6.0,69.733333333333,0.0,1.0,1.0,0.0,1.0,50.00,9.0,0.00,0.96,15.0,11.0,8.0,2.0,1.0,0.0,2.0,1.0,1.0,0.0,0.0,1.0,3.0,2.0,2.0,5.0,3.0,0.0,0.0,-
719,8483482,Tristan Luneau,ANA,D,https://assets.nhle.com/mugs/nhl/20252026/ANA/8483482.png,https://assets.nhle.com/logos/nhl/svg/ANA_light.svg,67,tristanluneau,1.0,11.616666666667,1.0,0.0,0.0,0.0,1.0,50.00,2.0,50.00,0.3,3.0,2.0,1.0,1.0,0.0,0.0,0.0,0.0,0.0,0.0,0.0,0.0,0.0,0.0,1.0,0.0,1.0,0.0,0.0,-
720,8477979,Nicolas Aube-Kubel,MIN,R,https://assets.nhle.com/mugs/nhl/20252026/MIN/8477979.png,https://assets.nhle.com/logos/nhl/svg/MIN_light.svg,16,nicolasaubekubel,6.0,69.7,0.0,2.0,1.0,1.0,2.0,66.67,5.0,0.00,0.84,13.0,11.0,10.0,3.0,0.0,0.0,6.0,3.0,3.0,0.0,0.0,1.0,1.0,2.0,7.0,6.0,5.0,0.0,5.0,0.00
721,8478434,Keegan Kolesar,VGK,R,https://assets.nhle.com/mugs/nhl/20252026/VGK/8478434.png,https://assets.nhle.com/logos/nhl/svg/VGK_light.svg,55,keegankolesar,82.0,946.05,6.0,11.0,9.0,2.0,17.0,58.62,67.0,8.96,7.83,140.0,105.0,77.0,43.0,2.0,12.0,55.0,16.0,10.0,5.0,1.0,12.0,39.0,6.0,270.0,111.0,43.0,12.0,19.0,38.71
722,8484262,Travis Mitchell,NYI,D,https://assets.nhle.com/mugs/nhl/20252026/NYI/8484262.png,https://assets.nhle.com/logos/nhl/svg/NYI_light.svg,34,travismitch,9.0,103.83333333333,1.0,0.0,0.0,0.0,1.0,33.33,4.0,25.00,0.23,13.0,7.0,5.0,1.0,1.0,1.0,6.0,3.0,3.0,0.0,0.0,2.0,6.0,0.0,13.0,20.0,6.0,0.0,0.0,-
723,8482072,Jack Ahcan,COL,D,https://assets.nhle.com/mugs/nhl/20252026/COL/8482072.png,https://assets.nhle.com/logos/nhl/svg/COL_light.svg,47,jackahcan,11.0,126.85,0.0,2.0,1.0,1.0,2.0,33.33,8.0,0.00,0.47,19.0,10.0,6.0,2.0,0.0,3.0,2.0,1.0,1.0,0.0,0.0,0.0,6.0,0.0,6.0,9.0,6.0,0.0,0.0,-
724,8481535,Nils Hoglander,VAN,L,https://assets.nhle.com/mugs/nhl/20252026/VAN/8481535.png,https://assets.nhle.com/logos/nhl/svg/VAN_light.svg,21,nilshoglander,38.0,437.83333333333,2.0,3.0,2.0,1.0,5.0,50.00,35.0,5.71,3.96,89.0,63.0,55.0,21.0,1.0,7.0,8.0,4.0,4.0,0.0,0.0,6.0,26.0,5.0,52.0,41.0,8.0,1.0,0.0,100.00
725,8482765,Isak Rosen,WPG,R,https://assets.nhle.com/mugs/nhl/20252026/WPG/8482765.png,https://assets.nhle.com/logos/nhl/svg/WPG_light.svg,27,isakrosen,37.0,425.66666666667,6.0,4.0,4.0,0.0,10.0,62.50,35.0,17.14,4.43,95.0,63.0,48.0,15.0,0.0,8.0,0.0,0.0,0.0,0.0,0.0,4.0,18.0,5.0,17.0,37.0,20.0,1.0,2.0,33.33
726,8481077,John Leonard,DET,L,https://assets.nhle.com/mugs/nhl/20252026/DET/8481077.png,https://assets.nhle.com/logos/nhl/svg/DET_light.svg?season=20252026,43,johnleonard,11.0,126.51666666667,2.0,2.0,2.0,0.0,4.0,100.00,11.0,18.18,1.92,30.0,24.0,19.0,8.0,1.0,4.0,0.0,0.0,0.0,0.0,0.0,1.0,13.0,2.0,12.0,7.0,9.0,0.0,0.0,-
727,8482698,Tristan Broz,PIT,C,https://assets.nhle.com/mugs/nhl/20252026/PIT/8482698.png,https://assets.nhle.com/logos/nhl/svg/PIT_light.svg,26,tristanbroz,1.0,11.5,0.0,0.0,0.0,0.0,0.0,-,2.0,0.00,0.06,2.0,2.0,2.0,0.0,0.0,0.0,0.0,0.0,0.0,0.0,0.0,0.0,1.0,0.0,0.0,0.0,0.0,3.0,3.0,50.00
728,8482168,Maxim Groshev,TBL,D,https://assets.nhle.com/mugs/nhl/20252026/TBL/8482168.png,https://assets.nhle.com/logos/nhl/svg/TBL_light.svg,52,maximgroshev,2.0,23.0,0.0,1.0,0.0,1.0,1.0,100.00,1.0,0.00,0.01,1.0,1.0,0.0,0.0,0.0,0.0,0.0,0.0,0.0,0.0,0.0,0.0,1.0,0.0,0.0,7.0,1.0,0.0,0.0,-
729,8482125,Alexander Holtz,VGK,R,https://assets.nhle.com/mugs/nhl/20252026/VGK/8482125.png,https://assets.nhle.com/logos/nhl/svg/VGK_light.svg,10,alexholtz,28.0,321.46666666667,3.0,6.0,2.0,4.0,9.0,64.29,30.0,10.00,5.19,71.0,53.0,40.0,23.0,1.0,6.0,10.0,4.0,4.0,0.0,0.0,1.0,20.0,1.0,29.0,28.0,11.0,3.0,11.0,21.43
730,8482703,Colton Dach,EDM,C,https://assets.nhle.com/mugs/nhl/20252026/EDM/8482703.png,https://assets.nhle.com/logos/nhl/svg/EDM_light.svg,34,coltondach,61.0,700.15,5.0,8.0,4.0,4.0,13.0,72.22,58.0,8.62,8.21,136.0,109.0,82.0,38.0,4.0,20.0,52.0,16.0,11.0,4.0,1.0,16.0,31.0,14.0,219.0,67.0,29.0,26.0,45.0,36.62
731,8481569,Marshall Warren,NYI,D,https://assets.nhle.com/mugs/nhl/20252026/NYI/8481569.png,https://assets.nhle.com/logos/nhl/svg/NYI_light.svg,41,marshallwarren,8.0,91.816666666667,0.0,3.0,2.0,1.0,3.0,100.00,7.0,0.00,0.31,19.0,14.0,3.0,0.0,1.0,3.0,4.0,2.0,2.0,0.0,0.0,2.0,7.0,1.0,7.0,14.0,5.0,0.0,0.0,-
732,8478874,Adam Gaudette,SJS,R,https://assets.nhle.com/mugs/nhl/20252026/SJS/8478874.png,https://assets.nhle.com/logos/nhl/svg/SJS_light.svg,81,adamgaudette,66.0,757.28333333333,17.0,8.0,3.0,5.0,25.0,71.43,96.0,17.71,13.27,187.0,145.0,109.0,58.0,2.0,21.0,20.0,10.0,10.0,0.0,0.0,6.0,26.0,13.0,53.0,56.0,33.0,133.0,146.0,47.67
733,8474189,Lars Eller,OTT,C,https://assets.nhle.com/mugs/nhl/20252026/OTT/8474189.png,https://assets.nhle.com/logos/nhl/svg/OTT_light.svg,20,larseller,68.0,778.43333333333,5.0,10.0,7.0,3.0,15.0,46.88,67.0,7.46,8.03,120.0,89.0,88.0,42.0,5.0,16.0,12.0,6.0,6.0,0.0,0.0,8.0,35.0,12.0,50.0,71.0,34.0,332.0,283.0,53.98
734,8481186,Logan O'Connor,COL,R,https://assets.nhle.com/mugs/nhl/20252026/COL/8481186.png,https://assets.nhle.com/logos/nhl/svg/COL_light.svg,25,loganoconnor,13.0,148.78333333333,0.0,2.0,1.0,1.0,2.0,100.00,13.0,0.00,1.13,22.0,18.0,15.0,6.0,1.0,4.0,4.0,2.0,2.0,0.0,0.0,5.0,6.0,3.0,11.0,12.0,3.0,0.0,1.0,0.00
735,8483756,Jared Wright,LAK,R,https://assets.nhle.com/mugs/nhl/20252026/LAK/8483756.png,https://assets.nhle.com/logos/nhl/svg/LAK_light.svg,25,jaredwright,23.0,262.91666666667,0.0,4.0,4.0,0.0,4.0,50.00,32.0,0.00,3.71,54.0,40.0,31.0,22.0,2.0,8.0,4.0,2.0,2.0,0.0,0.0,2.0,7.0,4.0,27.0,19.0,18.0,0.0,1.0,0.00
736,8480762,Eric Robinson,CAR,L,https://assets.nhle.com/mugs/nhl/20252026/CAR/8480762.png,https://assets.nhle.com/logos/nhl/svg/CAR_light.svg,50,ericrobinson,67.0,765.66666666667,12.0,6.0,5.0,1.0,18.0,58.06,84.0,14.29,11.74,182.0,140.0,115.0,62.0,5.0,17.0,8.0,4.0,4.0,0.0,0.0,7.0,29.0,9.0,90.0,56.0,13.0,1.0,12.0,7.69
737,8476393,Nick Cousins,OTT,C,https://assets.nhle.com/mugs/nhl/20252026/OTT/8476393.png,https://assets.nhle.com/logos/nhl/svg/OTT_light.svg,21,nickcousins,81.0,925.28333333333,9.0,14.0,6.0,8.0,23.0,63.89,79.0,11.39,9.86,138.0,108.0,82.0,46.0,2.0,17.0,92.0,31.0,26.0,2.0,3.0,23.0,47.0,17.0,169.0,120.0,41.0,13.0,15.0,46.43
738,8482964,Arber Xhekaj,MTL,D,https://assets.nhle.com/mugs/nhl/20252026/MTL/8482964.png,https://assets.nhle.com/logos/nhl/svg/MTL_light.svg,72,arberxhekaj,65.0,742.46666666667,1.0,3.0,2.0,1.0,4.0,16.67,40.0,2.50,1.5,125.0,64.0,22.0,5.0,1.0,8.0,116.0,34.0,23.0,8.0,3.0,18.0,35.0,2.0,178.0,89.0,42.0,0.0,0.0,-
739,8485405,Brady Martin,NSH,C,https://assets.nhle.com/mugs/nhl/20252026/NSH/8485405.png,https://assets.nhle.com/logos/nhl/svg/NSH_light.svg,44,bradymartin,3.0,34.25,0.0,1.0,1.0,0.0,1.0,50.00,2.0,0.00,0.1,3.0,3.0,2.0,0.0,0.0,0.0,0.0,0.0,0.0,0.0,0.0,0.0,4.0,0.0,0.0,2.0,2.0,5.0,11.0,31.25
740,8483696,Cole O'Hara,NSH,R,https://assets.nhle.com/mugs/nhl/20252026/NSH/8483696.png,https://assets.nhle.com/logos/nhl/svg/NSH_light.svg,19,coleohara,1.0,11.383333333333,0.0,1.0,1.0,0.0,1.0,100.00,1.0,0.00,0.06,1.0,1.0,0.0,0.0,0.0,0.0,0.0,0.0,0.0,0.0,0.0,0.0,2.0,1.0,2.0,1.0,0.0,0.0,0.0,-
741,8480829,Jesperi Kotkaniemi,CAR,C,https://assets.nhle.com/mugs/nhl/20252026/CAR/8480829.png,https://assets.nhle.com/logos/nhl/svg/CAR_light.svg,82,jesperikotkaniemi,42.0,476.73333333333,2.0,7.0,4.0,3.0,9.0,42.86,42.0,4.76,5.4,80.0,58.0,47.0,25.0,2.0,6.0,8.0,4.0,4.0,0.0,0.0,9.0,32.0,3.0,63.0,57.0,18.0,131.0,139.0,48.52
742,8476624,Barclay Goodrow,SJS,C,https://assets.nhle.com/mugs/nhl/20252026/SJS/8476624.png,https://assets.nhle.com/logos/nhl/svg/SJS_light.svg,23,barclaygoodrow,82.0,930.5,5.0,7.0,3.0,4.0,12.0,63.16,65.0,7.69,10.21,123.0,93.0,70.0,42.0,8.0,12.0,73.0,20.0,14.0,3.0,3.0,14.0,37.0,11.0,140.0,64.0,60.0,16.0,24.0,40.00
743,8478046,Danton Heinen,CBJ,L,https://assets.nhle.com/mugs/nhl/20252026/CBJ/8478046.png,https://assets.nhle.com/logos/nhl/svg/CBJ_light.svg,58,dantonheinen,46.0,521.63333333333,6.0,6.0,4.0,2.0,12.0,52.17,44.0,13.64,6.96,96.0,74.0,64.0,32.0,3.0,9.0,16.0,8.0,8.0,0.0,0.0,4.0,21.0,9.0,54.0,35.0,24.0,9.0,16.0,36.00
744,8483733,Nikita Grebenkin,PHI,R,https://assets.nhle.com/mugs/nhl/20252026/PHI/8483733.png,https://assets.nhle.com/logos/nhl/svg/PHI_light.svg,17,nikitagrebenkin,55.0,620.76666666667,4.0,10.0,6.0,4.0,14.0,70.00,32.0,12.50,3.78,73.0,45.0,38.0,16.0,1.0,5.0,46.0,12.0,8.0,2.0,2.0,15.0,35.0,13.0,86.0,84.0,17.0,4.0,2.0,66.67
745,8480853,Liam Foudy,NYI,C,https://assets.nhle.com/mugs/nhl/20252026/NYI/8480853.png,https://assets.nhle.com/logos/nhl/svg/NYI_light.svg,43,liamfoudy,1.0,11.283333333333,0.0,0.0,0.0,0.0,0.0,-,1.0,0.00,0.05,2.0,1.0,2.0,0.0,0.0,0.0,0.0,0.0,0.0,0.0,0.0,0.0,1.0,0.0,1.0,1.0,1.0,0.0,1.0,0.00
746,8482896,Tyson Kozak,BUF,C,https://assets.nhle.com/mugs/nhl/20252026/BUF/8482896.png,https://assets.nhle.com/logos/nhl/svg/BUF_light.svg,48,tysonkozak,46.0,518.7,2.0,4.0,3.0,1.0,6.0,42.86,30.0,6.67,3.83,54.0,41.0,30.0,14.0,1.0,5.0,2.0,1.0,1.0,0.0,0.0,2.0,29.0,12.0,120.0,41.0,37.0,187.0,200.0,48.32
747,8479359,Beck Malenstyn,BUF,L,https://assets.nhle.com/mugs/nhl/20252026/BUF/8479359.png,https://assets.nhle.com/logos/nhl/svg/BUF_light.svg,29,beckmalenstyn,81.0,910.26666666667,7.0,7.0,5.0,2.0,14.0,51.85,72.0,9.72,9.88,138.0,109.0,82.0,49.0,3.0,18.0,38.0,12.0,9.0,2.0,1.0,21.0,35.0,12.0,282.0,117.0,75.0,10.0,15.0,40.00
748,8483669,Adam Sykora,NYR,L,https://assets.nhle.com/mugs/nhl/20252026/NYR/8483669.png,https://assets.nhle.com/logos/nhl/svg/NYR_light.svg,38,adamsykora,11.0,122.91666666667,3.0,1.0,0.0,1.0,4.0,80.00,14.0,21.43,2.25,26.0,22.0,18.0,11.0,0.0,2.0,5.0,1.0,0.0,1.0,0.0,3.0,3.0,2.0,20.0,7.0,10.0,1.0,1.0,50.00
749,8477380,Jonny Brodzinski,NYR,C,https://assets.nhle.com/mugs/nhl/20252026/NYR/8477380.png,https://assets.nhle.com/logos/nhl/svg/NYR_light.svg,76,jonnybrodzinski,55.0,614.45,6.0,10.0,5.0,5.0,16.0,80.00,63.0,9.52,9.22,153.0,110.0,77.0,35.0,2.0,19.0,12.0,6.0,6.0,0.0,0.0,9.0,20.0,14.0,47.0,36.0,19.0,44.0,39.0,53.01
750,8482993,Avery Hayes,PIT,R,https://assets.nhle.com/mugs/nhl/20252026/PIT/8482993.png,https://assets.nhle.com/logos/nhl/svg/PIT_light.svg,85,averyhayes,16.0,178.7,5.0,0.0,0.0,0.0,5.0,71.43,26.0,19.23,3.03,53.0,45.0,26.0,14.0,2.0,5.0,12.0,3.0,1.0,2.0,0.0,6.0,8.0,5.0,23.0,21.0,9.0,1.0,4.0,20.00
751,8476873,Mark Jankowski,CAR,L,https://assets.nhle.com/mugs/nhl/20252026/CAR/8476873.png,https://assets.nhle.com/logos/nhl/svg/CAR_light.svg,77,markjankowski,68.0,758.28333333333,11.0,10.0,6.0,4.0,21.0,67.74,63.0,17.46,12.04,135.0,105.0,108.0,59.0,3.0,16.0,16.0,7.0,7.0,0.0,0.0,3.0,35.0,11.0,45.0,62.0,45.0,362.0,341.0,51.49
752,8481725,Elmer Soderblom,PIT,L,https://assets.nhle.com/mugs/nhl/20252026/PIT/8481725.png,https://assets.nhle.com/logos/nhl/svg/PIT_light.svg,25,elmersoderblom,59.0,655.48333333333,7.0,6.0,4.0,2.0,13.0,65.00,69.0,10.14,8.78,145.0,104.0,83.0,44.0,1.0,15.0,23.0,10.0,9.0,1.0,0.0,14.0,46.0,13.0,99.0,51.0,18.0,3.0,5.0,37.50
753,8474090,Brendan Smith,CBJ,D,https://assets.nhle.com/mugs/nhl/20252026/CBJ/8474090.png,https://assets.nhle.com/logos/nhl/svg/CBJ_light.svg,7,brendansmith,15.0,166.16666666667,0.0,2.0,1.0,1.0,2.0,40.00,10.0,0.00,0.23,21.0,10.0,5.0,0.0,0.0,5.0,11.0,4.0,3.0,1.0,0.0,2.0,15.0,5.0,12.0,19.0,11.0,0.0,0.0,-
754,8479520,Brandon Duhaime,WSH,L,https://assets.nhle.com/mugs/nhl/20252026/WSH/8479520.png,https://assets.nhle.com/logos/nhl/svg/WSH_secondary_light.svg,24,brandonduhaime,82.0,907.63333333333,4.0,5.0,2.0,3.0,9.0,42.86,64.0,6.25,10.65,145.0,103.0,76.0,48.0,4.0,19.0,78.0,27.0,19.0,8.0,0.0,23.0,29.0,7.0,159.0,73.0,57.0,14.0,29.0,32.56
755,8484160,Nate Danielson,DET,C,https://assets.nhle.com/mugs/nhl/20252026/DET/8484160.png,https://assets.nhle.com/logos/nhl/svg/DET_light.svg?season=20252026,29,nathandannyson,28.0,309.48333333333,2.0,5.0,3.0,2.0,7.0,50.00,31.0,6.45,4.51,59.0,49.0,34.0,15.0,5.0,8.0,4.0,2.0,2.0,0.0,0.0,2.0,17.0,8.0,8.0,31.0,9.0,55.0,91.0,37.67
756,8479365,Trent Frederic,EDM,C,https://assets.nhle.com/mugs/nhl/20252026/EDM/8479365.png,https://assets.nhle.com/logos/nhl/svg/EDM_light.svg,10,trentfrederic,74.0,816.9,4.0,3.0,2.0,1.0,7.0,38.89,77.0,5.19,10.62,139.0,109.0,90.0,52.0,2.0,15.0,58.0,15.0,9.0,4.0,2.0,17.0,35.0,9.0,193.0,74.0,22.0,89.0,67.0,57.05
757,8486056,Tyson Gross,CGY,C,https://assets.nhle.com/mugs/nhl/20252026/CGY/8486056.png,https://assets.nhle.com/logos/nhl/svg/CGY_light.svg,39,tysongross,6.0,66.15,1.0,0.0,0.0,0.0,1.0,33.33,5.0,20.00,0.82,9.0,7.0,5.0,3.0,2.0,2.0,2.0,1.0,1.0,0.0,0.0,0.0,2.0,1.0,4.0,3.0,5.0,27.0,26.0,50.94
758,8481093,Rafael Harvey-Pinard,PIT,L,https://assets.nhle.com/mugs/nhl/20252026/PIT/8481093.png,https://assets.nhle.com/logos/nhl/svg/PIT_light.svg,48,rafaelharveypinard,1.0,11.016666666667,0.0,0.0,0.0,0.0,0.0,0.00,2.0,0.00,0.22,3.0,2.0,2.0,2.0,0.0,0.0,0.0,0.0,0.0,0.0,0.0,1.0,1.0,0.0,0.0,1.0,0.0,0.0,0.0,-
759,8484242,Brayden Yager,WPG,C,https://assets.nhle.com/mugs/nhl/20252026/WPG/8484242.png,https://assets.nhle.com/logos/nhl/svg/WPG_light.svg,29,braydenyager,3.0,32.966666666667,0.0,0.0,0.0,0.0,0.0,0.00,2.0,0.00,0.11,4.0,4.0,1.0,0.0,0.0,1.0,2.0,1.0,1.0,0.0,0.0,0.0,1.0,0.0,0.0,2.0,0.0,6.0,13.0,31.58
760,8484305,Zach Metsa,BUF,D,https://assets.nhle.com/mugs/nhl/20252026/BUF/8484305.png,https://assets.nhle.com/logos/nhl/svg/BUF_light.svg,73,zachmetsa,43.0,471.61666666667,2.0,4.0,0.0,4.0,6.0,24.00,24.0,8.33,1.17,56.0,35.0,12.0,3.0,1.0,4.0,8.0,4.0,4.0,0.0,0.0,4.0,28.0,5.0,5.0,90.0,31.0,0.0,0.0,-
761,8481477,Nico Sturm,MIN,C,https://assets.nhle.com/mugs/nhl/20252026/MIN/8481477.png,https://assets.nhle.com/logos/nhl/svg/MIN_light.svg,78,nicosturm,49.0,536.16666666667,5.0,6.0,2.0,4.0,11.0,68.75,37.0,13.51,7.69,73.0,62.0,46.0,23.0,4.0,4.0,16.0,8.0,8.0,0.0,0.0,1.0,20.0,10.0,55.0,23.0,19.0,205.0,167.0,55.11
762,8476994,Vinnie Hinostroza,FLA,C,https://assets.nhle.com/mugs/nhl/20252026/FLA/8476994.png,https://assets.nhle.com/logos/nhl/svg/FLA_light.svg,18,vinniehinostroza,65.0,710.95,6.0,12.0,5.0,7.0,18.0,60.00,65.0,9.23,7.85,129.0,104.0,69.0,33.0,2.0,14.0,31.0,10.0,8.0,1.0,1.0,11.0,49.0,19.0,41.0,41.0,27.0,22.0,25.0,46.81
763,8475760,Nick Bjugstad,NJD,C,https://assets.nhle.com/mugs/nhl/20252026/NJD/8475760.png,https://assets.nhle.com/logos/nhl/svg/NJD_light.svg,72,nickbjugstad,61.0,667.18333333333,6.0,3.0,2.0,1.0,9.0,52.94,77.0,7.79,8.02,139.0,114.0,78.0,36.0,4.0,18.0,33.0,14.0,13.0,1.0,0.0,10.0,23.0,10.0,108.0,39.0,33.0,175.0,176.0,49.86
764,8479591,Michael Eyssimont,BOS,C,https://assets.nhle.com/mugs/nhl/20252026/BOS/8479591.png,https://assets.nhle.com/logos/nhl/svg/BOS_light.svg?season=20252026,81,michaeleyssimont,56.0,610.93333333333,8.0,10.0,5.0,5.0,18.0,72.00,109.0,7.34,11.14,193.0,155.0,97.0,52.0,9.0,20.0,31.0,14.0,13.0,1.0,0.0,16.0,37.0,4.0,54.0,50.0,21.0,3.0,3.0,50.00
765,8481070,Hugh McGing,STL,L,https://assets.nhle.com/mugs/nhl/20252026/STL/8481070.png,https://assets.nhle.com/logos/nhl/svg/STL_light.svg?season=20252026,56,hughmcging,3.0,32.616666666667,1.0,1.0,1.0,0.0,2.0,100.00,4.0,25.00,0.39,5.0,4.0,3.0,1.0,0.0,0.0,0.0,0.0,0.0,0.0,0.0,0.0,2.0,1.0,0.0,1.0,2.0,4.0,1.0,80.00
766,8481712,Matěj  Blümel,BOS,R,https://assets.nhle.com/mugs/nhl/20252026/BOS/8481712.png,https://assets.nhle.com/logos/nhl/svg/BOS_light.svg?season=20252026,13,matejblumel,4.0,43.466666666667,0.0,0.0,0.0,0.0,0.0,0.00,4.0,0.00,0.49,10.0,6.0,7.0,1.0,0.0,0.0,0.0,0.0,0.0,0.0,0.0,0.0,3.0,0.0,2.0,3.0,2.0,0.0,1.0,0.00
767,8480196,Jacob Bryson,WPG,D,https://assets.nhle.com/mugs/nhl/20252026/WPG/8480196.png,https://assets.nhle.com/logos/nhl/svg/WPG_light.svg,78,jakebryson,50.0,543.15,2.0,6.0,4.0,2.0,8.0,36.36,22.0,9.09,1.17,60.0,35.0,13.0,4.0,0.0,7.0,10.0,5.0,5.0,0.0,0.0,4.0,17.0,5.0,14.0,63.0,29.0,0.0,0.0,-
768,8484406,Ty Mueller,VAN,C,https://assets.nhle.com/mugs/nhl/20252026/VAN/8484406.png,https://assets.nhle.com/logos/nhl/svg/VAN_light.svg,39,tymueller,6.0,65.133333333333,1.0,0.0,0.0,0.0,1.0,50.00,2.0,50.00,0.54,7.0,6.0,5.0,2.0,0.0,0.0,2.0,1.0,1.0,0.0,0.0,0.0,3.0,1.0,5.0,7.0,4.0,10.0,11.0,47.62
769,8483452,Hunter Haight,MIN,C,https://assets.nhle.com/mugs/nhl/20252026/MIN/8483452.png,https://assets.nhle.com/logos/nhl/svg/MIN_light.svg,37,hunterhaight,9.0,97.533333333333,1.0,1.0,1.0,0.0,2.0,100.00,13.0,7.69,1.67,19.0,16.0,13.0,6.0,2.0,3.0,4.0,2.0,2.0,0.0,0.0,1.0,4.0,1.0,10.0,6.0,2.0,30.0,37.0,44.78
770,8476871,Tanner Pearson,BUF,L,https://assets.nhle.com/mugs/nhl/20252026/BUF/8476871.png,https://assets.nhle.com/logos/nhl/svg/BUF_light.svg,70,tannerpearson,56.0,606.61666666667,7.0,8.0,5.0,3.0,15.0,62.50,52.0,13.46,6.07,102.0,79.0,47.0,19.0,7.0,9.0,27.0,12.0,11.0,1.0,0.0,5.0,28.0,6.0,74.0,31.0,27.0,4.0,16.0,20.00
771,8481532,Alex Turcotte,LAK,C,https://assets.nhle.com/mugs/nhl/20252026/LAK/8481532.png,https://assets.nhle.com/logos/nhl/svg/LAK_light.svg,15,alexturcotte,62.0,671.18333333333,3.0,11.0,4.0,7.0,14.0,66.67,67.0,4.48,11.37,138.0,108.0,109.0,64.0,5.0,28.0,21.0,9.0,8.0,1.0,0.0,10.0,27.0,14.0,51.0,76.0,34.0,257.0,218.0,54.11
772,8483471,Brad Lambert,WPG,C,https://assets.nhle.com/mugs/nhl/20252026/WPG/8483471.png,https://assets.nhle.com/logos/nhl/svg/WPG_light.svg,93,bradlambert,25.0,270.15,3.0,3.0,2.0,1.0,6.0,75.00,27.0,11.11,3.42,50.0,40.0,29.0,16.0,1.0,7.0,6.0,3.0,3.0,0.0,0.0,3.0,16.0,2.0,22.0,25.0,6.0,4.0,10.0,28.57
773,8481518,Nolan Foote,FLA,L,https://assets.nhle.com/mugs/nhl/20252026/FLA/8481518.png,https://assets.nhle.com/logos/nhl/svg/FLA_light.svg,25,nolanfoote,12.0,129.51666666667,1.0,0.0,0.0,0.0,1.0,33.33,13.0,7.69,1.79,27.0,22.0,18.0,8.0,1.0,2.0,6.0,3.0,3.0,0.0,0.0,1.0,2.0,2.0,27.0,16.0,4.0,0.0,0.0,-
774,8485385,Braeden Cootes,VAN,C,https://assets.nhle.com/mugs/nhl/20252026/VAN/8485385.png,https://assets.nhle.com/logos/nhl/svg/VAN_light.svg,80,braedencootes,3.0,32.333333333333,0.0,0.0,0.0,0.0,0.0,-,0.0,-,0.0,0.0,0.0,0.0,0.0,0.0,0.0,0.0,0.0,0.0,0.0,0.0,0.0,4.0,0.0,3.0,1.0,1.0,5.0,8.0,38.46
775,8479550,Tanner Laczynski,VGK,C,https://assets.nhle.com/mugs/nhl/20252026/VGK/8479550.png,https://assets.nhle.com/logos/nhl/svg/VGK_light.svg,28,tannerlaczynski,10.0,107.7,0.0,5.0,4.0,1.0,5.0,83.33,12.0,0.00,1.49,24.0,17.0,17.0,9.0,1.0,4.0,4.0,2.0,2.0,0.0,0.0,2.0,5.0,3.0,2.0,9.0,5.0,38.0,40.0,48.72
776,8485493,David Tomasek,EDM,R,https://assets.nhle.com/mugs/nhl/20252026/EDM/8485493.png,https://assets.nhle.com/logos/nhl/svg/EDM_light.svg,86,davidtomasek,22.0,236.68333333333,3.0,2.0,1.0,1.0,5.0,35.71,30.0,10.00,4.0,52.0,45.0,28.0,18.0,1.0,5.0,10.0,5.0,5.0,0.0,0.0,2.0,12.0,3.0,17.0,18.0,6.0,30.0,34.0,46.88
777,8479387,Keaton Middleton,COL,D,https://assets.nhle.com/mugs/nhl/20252026/COL/8479387.png,https://assets.nhle.com/logos/nhl/svg/COL_light.svg,67,keatonmiddleton,3.0,32.266666666667,0.0,1.0,0.0,1.0,1.0,100.00,0.0,-,0.0,4.0,0.0,0.0,0.0,0.0,0.0,4.0,2.0,2.0,0.0,0.0,1.0,1.0,0.0,6.0,3.0,1.0,0.0,0.0,-
778,8477478,William Carrier,CAR,L,https://assets.nhle.com/mugs/nhl/20252026/CAR/8477478.png,https://assets.nhle.com/logos/nhl/svg/CAR_light.svg,28,willcarrier,70.0,752.76666666667,7.0,11.0,8.0,3.0,18.0,51.43,80.0,8.75,10.36,172.0,131.0,97.0,63.0,6.0,20.0,18.0,9.0,9.0,0.0,0.0,14.0,19.0,15.0,172.0,76.0,18.0,7.0,11.0,38.89
779,8481715,Hunter Skinner,STL,D,https://assets.nhle.com/mugs/nhl/20252026/STL/8481715.png,https://assets.nhle.com/logos/nhl/svg/STL_light.svg?season=20252026,57,hunterskinner,1.0,10.75,0.0,0.0,0.0,0.0,0.0,0.00,0.0,-,0.0,1.0,0.0,1.0,0.0,0.0,0.0,0.0,0.0,0.0,0.0,0.0,0.0,0.0,0.0,4.0,1.0,1.0,0.0,0.0,-
780,8483766,David Spacek,MIN,D,https://assets.nhle.com/mugs/nhl/20252026/MIN/8483766.png,https://assets.nhle.com/logos/nhl/svg/MIN_light.svg,82,davidspacek,2.0,21.5,0.0,0.0,0.0,0.0,0.0,0.00,0.0,-,0.0,0.0,0.0,0.0,0.0,0.0,0.0,0.0,0.0,0.0,0.0,0.0,0.0,1.0,0.0,1.0,4.0,2.0,0.0,0.0,-
781,8482802,Carter Mazur,DET,L,https://assets.nhle.com/mugs/nhl/20252026/DET/8482802.png,https://assets.nhle.com/logos/nhl/svg/DET_light.svg?season=20252026,34,cartermazur,8.0,85.583333333333,0.0,0.0,0.0,0.0,0.0,0.00,3.0,0.00,0.22,7.0,4.0,3.0,1.0,1.0,1.0,0.0,0.0,0.0,0.0,0.0,1.0,3.0,0.0,10.0,9.0,6.0,0.0,1.0,0.00
782,8482785,Justin Robidas,CAR,C,https://assets.nhle.com/mugs/nhl/20252026/CAR/8482785.png,https://assets.nhle.com/logos/nhl/svg/CAR_light.svg,46,justinrobidas,2.0,21.366666666667,0.0,1.0,1.0,0.0,1.0,100.00,2.0,0.00,0.11,3.0,2.0,2.0,0.0,0.0,0.0,0.0,0.0,0.0,0.0,0.0,1.0,1.0,0.0,3.0,2.0,1.0,12.0,12.0,50.00
783,8481032,Paul Cotter,NJD,L,https://assets.nhle.com/mugs/nhl/20252026/NJD/8481032.png,https://assets.nhle.com/logos/nhl/svg/NJD_light.svg,47,paulcotter,79.0,843.55,9.0,6.0,2.0,4.0,15.0,75.00,61.0,14.75,8.94,144.0,106.0,78.0,43.0,7.0,15.0,19.0,8.0,7.0,1.0,0.0,18.0,27.0,7.0,192.0,95.0,22.0,68.0,64.0,51.52
784,8474149,Evgenii Dadonov,NJD,L,https://assets.nhle.com/mugs/nhl/20252026/NJD/8474149.png,https://assets.nhle.com/logos/nhl/svg/NJD_light.svg,33,evgenydadonov,24.0,255.71666666667,1.0,0.0,0.0,0.0,1.0,20.00,20.0,5.00,1.87,39.0,26.0,21.0,10.0,1.0,3.0,2.0,1.0,1.0,0.0,0.0,4.0,15.0,2.0,7.0,17.0,12.0,0.0,1.0,0.00
785,8481133,Cole Reinhardt,FLA,L,https://assets.nhle.com/mugs/nhl/20252026/FLA/8481133.png,https://assets.nhle.com/logos/nhl/svg/FLA_light.svg,29,colereinhardt,59.0,628.3,9.0,6.0,4.0,2.0,15.0,68.18,49.0,18.37,5.84,106.0,78.0,57.0,27.0,1.0,7.0,21.0,9.0,8.0,1.0,0.0,12.0,28.0,5.0,129.0,51.0,16.0,7.0,4.0,63.64
786,8483609,Adam Klapka,CGY,R,https://assets.nhle.com/mugs/nhl/20252026/CGY/8483609.png,https://assets.nhle.com/logos/nhl/svg/CGY_light.svg,43,adamklapka,79.0,840.78333333333,6.0,12.0,8.0,4.0,18.0,64.29,80.0,7.50,9.82,182.0,138.0,96.0,50.0,4.0,20.0,112.0,35.0,26.0,6.0,3.0,19.0,36.0,14.0,295.0,84.0,51.0,12.0,25.0,32.43
787,8477034,Jaycob Megna,VGK,D,https://assets.nhle.com/mugs/nhl/20252026/VGK/8477034.png,https://assets.nhle.com/logos/nhl/svg/VGK_light.svg,88,jaycobmegna,4.0,42.483333333333,0.0,0.0,0.0,0.0,0.0,-,1.0,0.00,0.03,1.0,1.0,0.0,0.0,0.0,0.0,2.0,1.0,1.0,0.0,0.0,0.0,2.0,0.0,6.0,4.0,1.0,0.0,0.0,-
788,8481560,Arthur Kaliyev,OTT,R,https://assets.nhle.com/mugs/nhl/20252026/OTT/8481560.png,https://assets.nhle.com/logos/nhl/svg/OTT_light.svg,34,arthurkaliyev,2.0,21.216666666667,0.0,1.0,0.0,1.0,1.0,50.00,4.0,0.00,0.56,8.0,5.0,3.0,2.0,0.0,2.0,0.0,0.0,0.0,0.0,0.0,0.0,2.0,0.0,0.0,0.0,0.0,0.0,0.0,-
789,8482153,Brendan Brisson,NYR,C,https://assets.nhle.com/mugs/nhl/20252026/NYR/8482153.png,https://assets.nhle.com/logos/nhl/svg/NYR_light.svg,91,brendanbrisson,3.0,31.766666666667,0.0,1.0,0.0,1.0,1.0,100.00,2.0,0.00,0.49,3.0,3.0,3.0,3.0,0.0,0.0,0.0,0.0,0.0,0.0,0.0,0.0,1.0,1.0,1.0,3.0,1.0,0.0,0.0,-
790,8483567,Georgii Merkulov,BOS,C,https://assets.nhle.com/mugs/nhl/20252026/BOS/8483567.png,https://assets.nhle.com/logos/nhl/svg/BOS_light.svg?season=20252026,49,georgiimerkulov,1.0,10.583333333333,0.0,0.0,0.0,0.0,0.0,-,0.0,-,0.02,1.0,1.0,0.0,0.0,0.0,0.0,0.0,0.0,0.0,0.0,0.0,0.0,0.0,0.0,0.0,1.0,0.0,0.0,0.0,-
791,8483497,Jani Nyman,SEA,R,https://assets.nhle.com/mugs/nhl/20252026/SEA/8483497.png,https://assets.nhle.com/logos/nhl/svg/SEA_light.svg,38,janinyman,28.0,295.9,4.0,3.0,2.0,1.0,7.0,70.00,33.0,12.12,4.23,70.0,57.0,39.0,16.0,2.0,8.0,6.0,3.0,3.0,0.0,0.0,7.0,13.0,1.0,23.0,28.0,6.0,2.0,4.0,33.33
792,8484509,Josh Samanski,EDM,C,https://assets.nhle.com/mugs/nhl/20252026/EDM/8484509.png,https://assets.nhle.com/logos/nhl/svg/EDM_light.svg,81,joshsamanski,24.0,253.33333333333,2.0,2.0,1.0,1.0,4.0,36.36,10.0,20.00,1.38,27.0,20.0,16.0,7.0,0.0,4.0,6.0,3.0,3.0,0.0,0.0,1.0,10.0,6.0,27.0,17.0,14.0,54.0,58.0,48.21
793,8482172,Landon Slaggert,CHI,L,https://assets.nhle.com/mugs/nhl/20252026/CHI/8482172.png,https://assets.nhle.com/logos/nhl/svg/CHI_light.svg?season=20252026,84,landonslaggert,53.0,559.38333333333,3.0,4.0,1.0,3.0,7.0,53.85,47.0,6.38,6.48,83.0,70.0,60.0,34.0,2.0,10.0,16.0,4.0,3.0,0.0,1.0,9.0,12.0,4.0,79.0,51.0,24.0,1.0,2.0,33.33
794,8482132,Brett Berard,NYR,L,https://assets.nhle.com/mugs/nhl/20252026/NYR/8482132.png,https://assets.nhle.com/logos/nhl/svg/NYR_light.svg,37,brettberard,13.0,137.05,0.0,0.0,0.0,0.0,0.0,0.00,9.0,0.00,1.43,35.0,22.0,19.0,7.0,0.0,2.0,6.0,2.0,2.0,0.0,0.0,0.0,9.0,1.0,17.0,12.0,9.0,0.0,0.0,-
795,8476822,Luke Glendening,PHI,C,https://assets.nhle.com/mugs/nhl/20252026/PHI/8476822.png,https://assets.nhle.com/logos/nhl/svg/PHI_light.svg,41,lukeglendening,70.0,737.65,2.0,7.0,6.0,1.0,9.0,52.94,50.0,4.00,6.91,83.0,68.0,56.0,39.0,1.0,8.0,8.0,4.0,4.0,0.0,0.0,3.0,11.0,6.0,97.0,54.0,53.0,345.0,304.0,53.16
796,8482167,Bogdan Trineyev,WSH,R,https://assets.nhle.com/mugs/nhl/20252026/WSH/8482167.png,https://assets.nhle.com/logos/nhl/svg/WSH_secondary_light.svg,87,bogdantrineyev,2.0,21.05,0.0,0.0,0.0,0.0,0.0,-,1.0,0.00,0.16,3.0,3.0,1.0,1.0,0.0,0.0,0.0,0.0,0.0,0.0,0.0,0.0,1.0,1.0,1.0,1.0,2.0,0.0,0.0,-
797,8481237,Kyle MacLean,NYI,C,https://assets.nhle.com/mugs/nhl/20252026/NYI/8481237.png,https://assets.nhle.com/logos/nhl/svg/NYI_light.svg,32,kylemaclean,59.0,620.65,2.0,5.0,2.0,3.0,7.0,50.00,43.0,4.65,6.44,94.0,78.0,55.0,34.0,0.0,13.0,40.0,13.0,10.0,2.0,1.0,12.0,30.0,8.0,121.0,51.0,23.0,48.0,31.0,60.76
798,8479022,Rodrigo Abols,PHI,C,https://assets.nhle.com/mugs/nhl/20252026/PHI/8479022.png,https://assets.nhle.com/logos/nhl/svg/PHI_light.svg,18,rodrigoabols,42.0,441.03333333333,3.0,7.0,4.0,3.0,10.0,71.43,43.0,6.98,5.73,88.0,66.0,51.0,26.0,2.0,9.0,22.0,8.0,6.0,2.0,0.0,7.0,14.0,11.0,50.0,39.0,24.0,158.0,145.0,52.15
799,8475842,Sam Carrick,BUF,C,https://assets.nhle.com/mugs/nhl/20252026/BUF/8475842.png,https://assets.nhle.com/logos/nhl/svg/BUF_light.svg,10,samcarrick,73.0,764.33333333333,9.0,7.0,5.0,2.0,16.0,61.54,75.0,12.00,8.63,144.0,118.0,73.0,45.0,6.0,17.0,65.0,19.0,10.0,9.0,0.0,18.0,29.0,13.0,106.0,70.0,35.0,296.0,244.0,54.81
800,8481043,Cole Koepke,WPG,L,https://assets.nhle.com/mugs/nhl/20252026/WPG/8481043.png,https://assets.nhle.com/logos/nhl/svg/WPG_light.svg,45,colekoepke,66.0,690.26666666667,8.0,9.0,5.0,4.0,17.0,85.00,86.0,9.30,10.4,166.0,128.0,84.0,46.0,8.0,15.0,16.0,4.0,3.0,0.0,1.0,9.0,30.0,14.0,186.0,48.0,19.0,0.0,2.0,0.00
801,8481556,John Beecher,CGY,C,https://assets.nhle.com/mugs/nhl/20252026/CGY/8481556.png,https://assets.nhle.com/logos/nhl/svg/CGY_light.svg,17,johnbeecher,35.0,365.2,3.0,4.0,2.0,2.0,7.0,87.50,37.0,8.11,3.47,68.0,53.0,37.0,18.0,4.0,4.0,31.0,6.0,3.0,1.0,2.0,5.0,14.0,6.0,23.0,22.0,31.0,85.0,111.0,43.37
802,8483465,Joakim Kemell,NSH,R,https://assets.nhle.com/mugs/nhl/20252026/NSH/8483465.png,https://assets.nhle.com/logos/nhl/svg/NSH_light.svg,25,joakimkemell,16.0,166.56666666667,1.0,2.0,2.0,0.0,3.0,42.86,12.0,8.33,1.1,34.0,22.0,14.0,6.0,1.0,3.0,0.0,0.0,0.0,0.0,0.0,2.0,5.0,4.0,25.0,19.0,9.0,1.0,7.0,12.50
803,8477903,Garnet Hathaway,PHI,R,https://assets.nhle.com/mugs/nhl/20252026/PHI/8477903.png,https://assets.nhle.com/logos/nhl/svg/PHI_light.svg,21,garnethathaway,66.0,686.56666666667,1.0,2.0,0.0,2.0,3.0,23.08,34.0,2.94,3.92,73.0,61.0,37.0,22.0,3.0,7.0,59.0,22.0,17.0,5.0,0.0,24.0,35.0,9.0,252.0,68.0,58.0,15.0,10.0,60.00
804,8483771,Sandis Vilmanis,FLA,L,https://assets.nhle.com/mugs/nhl/20252026/FLA/8483771.png,https://assets.nhle.com/logos/nhl/svg/FLA_light.svg,95,sandisvilmanis,19.0,197.55,3.0,2.0,0.0,2.0,5.0,71.43,15.0,20.00,2.01,30.0,27.0,21.0,9.0,0.0,4.0,4.0,2.0,2.0,0.0,0.0,5.0,11.0,5.0,39.0,26.0,5.0,3.0,1.0,75.00
805,8483463,Aleksanteri Kaskimaki,STL,C,https://assets.nhle.com/mugs/nhl/20252026/STL/8483463.png,https://assets.nhle.com/logos/nhl/svg/STL_light.svg?season=20252026,41,aleksanterikaskimaki,5.0,51.966666666667,0.0,0.0,0.0,0.0,0.0,0.00,6.0,0.00,0.3,8.0,8.0,3.0,1.0,1.0,0.0,0.0,0.0,0.0,0.0,0.0,1.0,2.0,0.0,2.0,7.0,3.0,1.0,1.0,50.00
806,8481641,Joel Kiviranta,COL,L,https://assets.nhle.com/mugs/nhl/20252026/COL/8481641.png,https://assets.nhle.com/logos/nhl/svg/COL_light.svg,22,joelkiviranta,51.0,529.06666666667,3.0,6.0,2.0,4.0,9.0,45.00,50.0,6.00,6.66,92.0,72.0,57.0,27.0,2.0,12.0,8.0,4.0,4.0,0.0,0.0,3.0,17.0,8.0,63.0,62.0,15.0,4.0,6.0,40.00
807,8477463,Steven Santini,TBL,D,https://assets.nhle.com/mugs/nhl/20252026/TBL/8477463.png,https://assets.nhle.com/logos/nhl/svg/TBL_light.svg,16,stevensantini,12.0,124.01666666667,0.0,1.0,1.0,0.0,1.0,25.00,4.0,0.00,0.24,21.0,8.0,4.0,0.0,0.0,1.0,2.0,1.0,1.0,0.0,0.0,0.0,7.0,0.0,9.0,11.0,7.0,0.0,0.0,-
808,8483455,Isaac Howard,EDM,L,https://assets.nhle.com/mugs/nhl/20252026/EDM/8483455.png,https://assets.nhle.com/logos/nhl/svg/EDM_light.svg,53,isaachoward,29.0,299.01666666667,2.0,3.0,2.0,1.0,5.0,55.56,36.0,5.56,4.24,74.0,56.0,36.0,16.0,0.0,7.0,12.0,6.0,6.0,0.0,0.0,3.0,17.0,2.0,7.0,17.0,5.0,0.0,0.0,-
809,8481732,Andre Lee,LAK,L,https://assets.nhle.com/mugs/nhl/20252026/LAK/8481732.png,https://assets.nhle.com/logos/nhl/svg/LAK_light.svg,47,andrelee,7.0,71.983333333333,1.0,1.0,1.0,0.0,2.0,100.00,5.0,20.00,0.68,14.0,9.0,7.0,5.0,0.0,2.0,0.0,0.0,0.0,0.0,0.0,0.0,2.0,3.0,17.0,8.0,3.0,0.0,0.0,-
810,8484901,Jacob Quillan,TOR,C,https://assets.nhle.com/mugs/nhl/20252026/TOR/8484901.png,https://assets.nhle.com/logos/nhl/svg/TOR_light.svg,26,jakequillan,23.0,236.2,1.0,2.0,1.0,1.0,3.0,50.00,14.0,7.14,1.41,32.0,24.0,9.0,6.0,0.0,3.0,2.0,1.0,1.0,0.0,0.0,3.0,12.0,6.0,46.0,37.0,13.0,68.0,94.0,41.98
811,8482781,Carson Lambos,MIN,D,https://assets.nhle.com/mugs/nhl/20252026/MIN/8482781.png,https://assets.nhle.com/logos/nhl/svg/MIN_light.svg,28,carsonlambos,1.0,10.266666666667,0.0,0.0,0.0,0.0,0.0,0.00,1.0,0.00,0.06,2.0,2.0,0.0,0.0,0.0,0.0,0.0,0.0,0.0,0.0,0.0,0.0,2.0,0.0,0.0,5.0,1.0,0.0,0.0,-
812,8482451,Mikael Pyyhtia,CBJ,L,https://assets.nhle.com/mugs/nhl/20252026/CBJ/8482451.png,https://assets.nhle.com/logos/nhl/svg/CBJ_light.svg,82,mikaelpyyhtia,5.0,51.3,1.0,0.0,0.0,0.0,1.0,100.00,6.0,16.67,0.69,15.0,12.0,7.0,3.0,0.0,3.0,0.0,0.0,0.0,0.0,0.0,0.0,1.0,1.0,1.0,6.0,2.0,0.0,0.0,-
813,8476907,Mackenzie MacEachern,VAN,L,https://assets.nhle.com/mugs/nhl/20252026/VAN/8476907.png,https://assets.nhle.com/logos/nhl/svg/VAN_light.svg,20,mackenziemaceachern,8.0,81.466666666667,1.0,3.0,3.0,0.0,4.0,80.00,6.0,16.67,0.54,10.0,8.0,4.0,4.0,0.0,1.0,12.0,2.0,1.0,0.0,1.0,1.0,3.0,1.0,10.0,8.0,6.0,1.0,1.0,50.00
814,8482103,Ozzy Wiesblatt,NSH,C,https://assets.nhle.com/mugs/nhl/20252026/NSH/8482103.png,https://assets.nhle.com/logos/nhl/svg/NSH_light.svg,89,ozzywiesblatt,40.0,407.28333333333,1.0,4.0,3.0,1.0,5.0,31.25,25.0,4.00,2.95,62.0,40.0,30.0,13.0,3.0,3.0,38.0,16.0,14.0,2.0,0.0,13.0,15.0,7.0,100.0,64.0,18.0,2.0,5.0,28.57
815,8482118,Sam Colangelo,ANA,R,https://assets.nhle.com/mugs/nhl/20252026/ANA/8482118.png,https://assets.nhle.com/logos/nhl/svg/ANA_light.svg,12,samcolangelo,9.0,91.6,1.0,0.0,0.0,0.0,1.0,50.00,7.0,14.29,0.6,17.0,10.0,6.0,2.0,1.0,1.0,4.0,2.0,2.0,0.0,0.0,0.0,8.0,1.0,11.0,8.0,1.0,1.0,1.0,50.00
816,8481028,Martin Pospisil,CGY,C,https://assets.nhle.com/mugs/nhl/20252026/CGY/8481028.png,https://assets.nhle.com/logos/nhl/svg/CGY_light.svg,76,martinpospisil,22.0,223.3,1.0,2.0,1.0,1.0,3.0,75.00,19.0,5.26,1.9,36.0,28.0,15.0,5.0,0.0,4.0,17.0,7.0,6.0,1.0,0.0,8.0,5.0,3.0,84.0,10.0,6.0,16.0,18.0,47.06
817,8482859,Zack Ostapchuk,SJS,C,https://assets.nhle.com/mugs/nhl/20252026/SJS/8482859.png,https://assets.nhle.com/logos/nhl/svg/SJS_light.svg,63,zackostapchuk,59.0,595.58333333333,4.0,3.0,2.0,1.0,7.0,50.00,44.0,9.09,5.63,75.0,59.0,54.0,33.0,5.0,8.0,45.0,14.0,10.0,3.0,1.0,16.0,20.0,8.0,140.0,55.0,29.0,236.0,221.0,51.64
818,8483553,Marc Gatcomb,NYI,C,https://assets.nhle.com/mugs/nhl/20252026/NYI/8483553.png,https://assets.nhle.com/logos/nhl/svg/NYI_light.svg,17,marcgatcomb,49.0,494.26666666667,3.0,4.0,1.0,3.0,7.0,63.64,55.0,5.45,6.52,94.0,78.0,51.0,33.0,2.0,15.0,10.0,5.0,5.0,0.0,0.0,3.0,12.0,6.0,192.0,53.0,24.0,1.0,3.0,25.00
819,8477401,John Hayden,SEA,C,https://assets.nhle.com/mugs/nhl/20252026/SEA/8477401.png,https://assets.nhle.com/logos/nhl/svg/SEA_light.svg,15,johnhayden,3.0,30.233333333333,0.0,0.0,0.0,0.0,0.0,-,2.0,0.00,0.22,5.0,3.0,2.0,0.0,0.0,0.0,2.0,1.0,1.0,0.0,0.0,0.0,2.0,1.0,7.0,0.0,2.0,6.0,9.0,40.00
820,8481161,Jake Christiansen,CBJ,D,https://assets.nhle.com/mugs/nhl/20252026/CBJ/8481161.png,https://assets.nhle.com/logos/nhl/svg/CBJ_light.svg,2,jakechristiansen,40.0,401.75,0.0,3.0,2.0,1.0,3.0,37.50,26.0,0.00,0.8,77.0,45.0,19.0,1.0,0.0,4.0,8.0,4.0,4.0,0.0,0.0,1.0,13.0,2.0,30.0,54.0,24.0,0.0,0.0,-
821,8481655,Cole Schwindt,FLA,R,https://assets.nhle.com/mugs/nhl/20252026/FLA/8481655.png,https://assets.nhle.com/logos/nhl/svg/FLA_light.svg,79,coleschwindt,29.0,291.1,5.0,2.0,2.0,0.0,7.0,50.00,25.0,20.00,3.66,45.0,41.0,34.0,21.0,0.0,6.0,2.0,1.0,1.0,0.0,0.0,1.0,8.0,3.0,39.0,18.0,11.0,91.0,115.0,44.17
822,8477454,Adam Erne,DAL,L,https://assets.nhle.com/mugs/nhl/20252026/DAL/8477454.png,https://assets.nhle.com/logos/nhl/svg/DAL_light.svg,73,adamerne,45.0,450.3,6.0,2.0,0.0,2.0,8.0,57.14,43.0,13.95,6.27,87.0,66.0,57.0,34.0,1.0,11.0,19.0,8.0,7.0,1.0,0.0,9.0,17.0,9.0,142.0,24.0,20.0,2.0,8.0,20.00
823,8482747,Brennan Othmann,CGY,L,https://assets.nhle.com/mugs/nhl/20252026/CGY/8482747.png,https://assets.nhle.com/logos/nhl/svg/CGY_light.svg,78,brennanothmann,19.0,190.03333333333,2.0,1.0,1.0,0.0,3.0,37.50,15.0,13.33,2.19,30.0,23.0,19.0,8.0,0.0,1.0,11.0,4.0,3.0,1.0,0.0,9.0,5.0,2.0,44.0,16.0,8.0,0.0,3.0,0.00
824,8481491,Noah Philp,CAR,C,https://assets.nhle.com/mugs/nhl/20252026/CAR/8481491.png,https://assets.nhle.com/logos/nhl/svg/CAR_light.svg,15,noahphilp,17.0,169.03333333333,2.0,1.0,0.0,1.0,3.0,100.00,14.0,14.29,1.41,22.0,16.0,16.0,6.0,0.0,2.0,4.0,2.0,2.0,0.0,0.0,2.0,7.0,5.0,30.0,14.0,2.0,69.0,54.0,56.10
825,8483447,Conor Geekie,TBL,C,https://assets.nhle.com/mugs/nhl/20252026/TBL/8483447.png,https://assets.nhle.com/logos/nhl/svg/TBL_light.svg,94,conorgeekie,14.0,138.5,1.0,2.0,1.0,1.0,3.0,60.00,10.0,10.00,0.95,21.0,15.0,8.0,5.0,1.0,0.0,8.0,4.0,4.0,0.0,0.0,1.0,10.0,3.0,33.0,17.0,6.0,31.0,38.0,44.93
826,8480245,Olle Lycksell,OTT,R,https://assets.nhle.com/mugs/nhl/20252026/OTT/8480245.png,https://assets.nhle.com/logos/nhl/svg/OTT_light.svg,15,ollelycksell,7.0,69.133333333333,1.0,1.0,0.0,1.0,2.0,66.67,7.0,14.29,0.54,10.0,9.0,5.0,2.0,0.0,2.0,0.0,0.0,0.0,0.0,0.0,1.0,1.0,1.0,4.0,7.0,4.0,0.0,0.0,-
827,8477996,Juho Lammikko,NJD,C,https://assets.nhle.com/mugs/nhl/20252026/NJD/8477996.png,https://assets.nhle.com/logos/nhl/svg/NJD_light.svg,83,juholammikko,24.0,237.0,0.0,2.0,2.0,0.0,2.0,40.00,15.0,0.00,2.46,25.0,22.0,17.0,11.0,0.0,4.0,4.0,2.0,2.0,0.0,0.0,0.0,4.0,2.0,40.0,6.0,14.0,55.0,57.0,49.11
828,8482525,Ryan Tverberg,TOR,C,https://assets.nhle.com/mugs/nhl/20252026/TOR/8482525.png,https://assets.nhle.com/logos/nhl/svg/TOR_light.svg,77,ryantverberg,2.0,19.733333333333,0.0,0.0,0.0,0.0,0.0,0.00,1.0,0.00,0.08,2.0,2.0,1.0,0.0,0.0,0.0,2.0,1.0,1.0,0.0,0.0,1.0,1.0,0.0,3.0,1.0,1.0,0.0,0.0,-
829,8477993,Justin Kirkland,CGY,C,https://assets.nhle.com/mugs/nhl/20252026/CGY/8477993.png,https://assets.nhle.com/logos/nhl/svg/CGY_light.svg,23,justinkirkland,20.0,196.45,1.0,1.0,1.0,0.0,2.0,33.33,11.0,9.09,1.63,29.0,20.0,17.0,10.0,1.0,0.0,2.0,1.0,1.0,0.0,0.0,0.0,14.0,3.0,29.0,16.0,10.0,63.0,63.0,50.00
830,8482749,Joshua Roy,MTL,R,https://assets.nhle.com/mugs/nhl/20252026/MTL/8482749.png,https://assets.nhle.com/logos/nhl/svg/MTL_light.svg,N/A,joshroy,3.0,29.366666666667,0.0,0.0,0.0,0.0,0.0,0.00,2.0,0.00,0.1,6.0,4.0,2.0,0.0,0.0,0.0,2.0,1.0,1.0,0.0,0.0,0.0,3.0,0.0,6.0,1.0,0.0,0.0,0.0,-
831,8484135,Parker Ford,WPG,C,https://assets.nhle.com/mugs/nhl/20252026/WPG/8484135.png,https://assets.nhle.com/logos/nhl/svg/WPG_light.svg,25,parkerford,15.0,146.25,0.0,1.0,1.0,0.0,1.0,25.00,10.0,0.00,1.61,25.0,20.0,13.0,6.0,0.0,4.0,4.0,2.0,2.0,0.0,0.0,1.0,1.0,2.0,27.0,17.0,12.0,30.0,36.0,45.45
832,8477527,Ross Johnston,ANA,L,https://assets.nhle.com/mugs/nhl/20252026/ANA/8477527.png,https://assets.nhle.com/logos/nhl/svg/ANA_light.svg,49,rossjohnston,62.0,604.11666666667,3.0,11.0,6.0,5.0,14.0,51.85,33.0,9.09,4.97,72.0,57.0,46.0,26.0,1.0,7.0,107.0,25.0,11.0,11.0,3.0,12.0,34.0,5.0,192.0,43.0,16.0,5.0,6.0,45.45
833,8479291,Kevin Rooney,UTA,C,https://assets.nhle.com/mugs/nhl/20252026/UTA/8479291.png,https://assets.nhle.com/logos/nhl/svg/UTA_light.svg?season=20252026,25,kevinrooney,1.0,9.7333333333333,1.0,0.0,0.0,0.0,1.0,100.00,1.0,100.00,0.19,3.0,2.0,3.0,1.0,1.0,0.0,0.0,0.0,0.0,0.0,0.0,0.0,1.0,0.0,0.0,0.0,0.0,2.0,6.0,25.00
834,8479944,Zachary Aston-Reese,CBJ,L,https://assets.nhle.com/mugs/nhl/20252026/CBJ/8479944.png,https://assets.nhle.com/logos/nhl/svg/CBJ_light.svg,21,zacharyastonreese,,,,,,,,,,,,,,,,,,,,,,,,,,,,,,,
835,8482090,Jack Finley,STL,C,https://assets.nhle.com/mugs/nhl/20252026/STL/8482090.png,https://assets.nhle.com/logos/nhl/svg/STL_light.svg?season=20252026,37,jackfinley,44.0,427.2,2.0,3.0,1.0,2.0,5.0,55.56,26.0,7.69,3.69,45.0,37.0,30.0,18.0,1.0,10.0,38.0,14.0,12.0,2.0,0.0,5.0,12.0,1.0,75.0,33.0,9.0,201.0,194.0,50.89
836,8479316,Luke Kunin,FLA,C,https://assets.nhle.com/mugs/nhl/20252026/FLA/8479316.png,https://assets.nhle.com/logos/nhl/svg/FLA_light.svg,71,lukekunin,62.0,600.16666666667,4.0,6.0,6.0,0.0,10.0,50.00,49.0,8.16,6.07,102.0,71.0,52.0,26.0,3.0,10.0,47.0,11.0,6.0,3.0,2.0,10.0,22.0,3.0,123.0,61.0,47.0,219.0,224.0,49.44
837,8483546,Marshall Rifai,TOR,D,https://assets.nhle.com/mugs/nhl/20252026/TOR/8483546.png,https://assets.nhle.com/logos/nhl/svg/TOR_light.svg,83,marshallrifai,1.0,9.6666666666667,0.0,0.0,0.0,0.0,0.0,0.00,1.0,0.00,0.01,2.0,1.0,0.0,0.0,1.0,0.0,0.0,0.0,0.0,0.0,0.0,0.0,1.0,0.0,0.0,1.0,1.0,0.0,0.0,-
838,8483513,Reid Schaefer,NSH,L,https://assets.nhle.com/mugs/nhl/20252026/NSH/8483513.png,https://assets.nhle.com/logos/nhl/svg/NSH_light.svg,49,reidschaefer,47.0,453.15,6.0,2.0,1.0,1.0,8.0,88.89,38.0,15.79,4.45,82.0,58.0,42.0,25.0,0.0,5.0,17.0,7.0,6.0,1.0,0.0,8.0,19.0,5.0,108.0,47.0,30.0,1.0,7.0,12.50
839,8483491,Ivan Miroshnichenko,WSH,L,https://assets.nhle.com/mugs/nhl/20252026/WSH/8483491.png,https://assets.nhle.com/logos/nhl/svg/WSH_secondary_light.svg,63,ivanmiroshnichenko,13.0,125.33333333333,2.0,1.0,1.0,0.0,3.0,60.00,12.0,16.67,1.62,32.0,26.0,16.0,5.0,1.0,4.0,2.0,1.0,1.0,0.0,0.0,2.0,5.0,0.0,19.0,8.0,6.0,0.0,0.0,-
840,8484403,Florian Xhekaj,MTL,L,https://assets.nhle.com/mugs/nhl/20252026/MTL/8484403.png,https://assets.nhle.com/logos/nhl/svg/MTL_light.svg,63,florianxhekaj,5.0,47.983333333333,0.0,1.0,1.0,0.0,1.0,100.00,4.0,0.00,0.29,8.0,5.0,3.0,2.0,0.0,1.0,7.0,2.0,1.0,1.0,0.0,1.0,4.0,0.0,9.0,2.0,4.0,0.0,0.0,-
841,8478424,Jansen Harkins,ANA,C,https://assets.nhle.com/mugs/nhl/20252026/ANA/8478424.png,https://assets.nhle.com/logos/nhl/svg/ANA_light.svg,10,jansenharkins,44.0,421.98333333333,3.0,5.0,5.0,0.0,8.0,80.00,37.0,8.11,4.87,78.0,60.0,44.0,22.0,1.0,11.0,28.0,7.0,4.0,2.0,1.0,14.0,27.0,6.0,113.0,23.0,24.0,95.0,90.0,51.35
842,8482070,Mitchell Chaffee,TBL,R,https://assets.nhle.com/mugs/nhl/20252026/TBL/8482070.png,https://assets.nhle.com/logos/nhl/svg/TBL_light.svg,26,mitchchaffee,11.0,105.16666666667,0.0,1.0,0.0,1.0,1.0,100.00,9.0,0.00,1.33,12.0,10.0,9.0,5.0,0.0,3.0,4.0,2.0,2.0,0.0,0.0,2.0,7.0,0.0,29.0,9.0,5.0,5.0,5.0,50.00
843,8479393,Noah Gregor,FLA,L,https://assets.nhle.com/mugs/nhl/20252026/FLA/8479393.png,https://assets.nhle.com/logos/nhl/svg/FLA_light.svg,73,noahgregor,37.0,353.71666666667,4.0,5.0,5.0,0.0,9.0,75.00,42.0,9.52,4.67,90.0,69.0,39.0,16.0,2.0,9.0,16.0,5.0,3.0,2.0,0.0,4.0,11.0,5.0,37.0,21.0,11.0,19.0,27.0,41.30
844,8484149,Gavin Brindley,COL,C,https://assets.nhle.com/mugs/nhl/20252026/COL/8484149.png,https://assets.nhle.com/logos/nhl/svg/COL_light.svg,54,gavinbrindley,56.0,534.88333333333,6.0,7.0,3.0,4.0,13.0,52.00,62.0,9.68,8.79,109.0,91.0,77.0,34.0,2.0,14.0,8.0,4.0,4.0,0.0,0.0,10.0,20.0,5.0,37.0,79.0,15.0,13.0,21.0,38.24
845,8476425,Joseph LaBate,VAN,C,https://assets.nhle.com/mugs/nhl/20252026/VAN/8476425.png,https://assets.nhle.com/logos/nhl/svg/VAN_light.svg,14,josephlabate,1.0,9.5333333333333,0.0,0.0,0.0,0.0,0.0,-,2.0,0.00,0.27,3.0,3.0,2.0,2.0,0.0,0.0,0.0,0.0,0.0,0.0,0.0,0.0,0.0,0.0,6.0,1.0,2.0,1.0,1.0,50.00
846,8482192,Isaak Phillips,WPG,D,https://assets.nhle.com/mugs/nhl/20252026/WPG/8482192.png,https://assets.nhle.com/logos/nhl/svg/WPG_light.svg,3,isaakphillips,3.0,28.55,0.0,0.0,0.0,0.0,0.0,-,3.0,0.00,0.05,5.0,3.0,0.0,0.0,0.0,0.0,2.0,1.0,1.0,0.0,0.0,1.0,2.0,0.0,3.0,7.0,1.0,0.0,0.0,-
847,8482652,Walker Duehr,WPG,R,https://assets.nhle.com/mugs/nhl/20252026/WPG/8482652.png,https://assets.nhle.com/logos/nhl/svg/WPG_light.svg,71,walkerduehr,3.0,28.5,0.0,0.0,0.0,0.0,0.0,-,2.0,0.00,0.33,5.0,5.0,4.0,1.0,0.0,0.0,0.0,0.0,0.0,0.0,0.0,0.0,1.0,2.0,10.0,3.0,2.0,0.0,1.0,0.00
848,8482623,Josh Dunne,BUF,C,https://assets.nhle.com/mugs/nhl/20252026/BUF/8482623.png,https://assets.nhle.com/logos/nhl/svg/BUF_light.svg,40,joshdunne,34.0,322.16666666667,1.0,3.0,1.0,2.0,4.0,66.67,29.0,3.45,5.02,61.0,50.0,36.0,25.0,1.0,7.0,38.0,12.0,9.0,2.0,1.0,14.0,16.0,6.0,40.0,18.0,16.0,66.0,56.0,54.10
849,8483406,Taylor Ward,LAK,R,https://assets.nhle.com/mugs/nhl/20252026/LAK/8483406.png,https://assets.nhle.com/logos/nhl/svg/LAK_light.svg,17,taylorward,36.0,340.88333333333,3.0,4.0,2.0,2.0,7.0,63.64,38.0,7.89,5.28,99.0,72.0,54.0,20.0,2.0,16.0,7.0,2.0,1.0,1.0,0.0,3.0,20.0,2.0,38.0,21.0,9.0,4.0,6.0,40.00
850,8481726,Adam Edstrom,NYR,C,https://assets.nhle.com/mugs/nhl/20252026/NYR/8481726.png,https://assets.nhle.com/logos/nhl/svg/NYR_light.svg,84,adamedstrom,35.0,331.13333333333,3.0,2.0,2.0,0.0,5.0,41.67,31.0,9.68,4.21,54.0,44.0,38.0,25.0,0.0,8.0,2.0,1.0,1.0,0.0,0.0,2.0,18.0,5.0,65.0,17.0,22.0,7.0,14.0,33.33
851,8482663,Dylan Duke,TBL,L,https://assets.nhle.com/mugs/nhl/20252026/TBL/8482663.png,https://assets.nhle.com/logos/nhl/svg/TBL_light.svg,53,dylanduke,1.0,9.3666666666667,0.0,0.0,0.0,0.0,0.0,-,1.0,0.00,0.02,2.0,1.0,0.0,0.0,0.0,0.0,0.0,0.0,0.0,0.0,0.0,0.0,1.0,1.0,0.0,0.0,0.0,0.0,0.0,-
852,8482874,Jacob Melanson,SEA,R,https://assets.nhle.com/mugs/nhl/20252026/SEA/8482874.png,https://assets.nhle.com/logos/nhl/svg/SEA_light.svg,63,jakemelanson,36.0,337.2,2.0,3.0,1.0,2.0,5.0,45.45,33.0,6.06,5.31,80.0,67.0,49.0,26.0,2.0,5.0,32.0,9.0,6.0,2.0,1.0,13.0,15.0,4.0,189.0,63.0,13.0,1.0,0.0,100.00
853,8479293,Brandon Tanev,UTA,L,https://assets.nhle.com/mugs/nhl/20252026/UTA/8479293.png,https://assets.nhle.com/logos/nhl/svg/UTA_light.svg?season=20252026,13,brandontanev,56.0,524.06666666667,0.0,3.0,2.0,1.0,3.0,33.33,42.0,0.00,5.36,86.0,67.0,43.0,26.0,2.0,9.0,50.0,15.0,10.0,4.0,1.0,19.0,35.0,7.0,155.0,77.0,34.0,3.0,11.0,21.43
854,8481592,Jakob Pelletier,TBL,L,https://assets.nhle.com/mugs/nhl/20252026/TBL/8481592.png,https://assets.nhle.com/logos/nhl/svg/TBL_light.svg,22,jakobpelletier,5.0,46.716666666667,0.0,0.0,0.0,0.0,0.0,-,4.0,0.00,0.55,7.0,7.0,6.0,2.0,1.0,0.0,0.0,0.0,0.0,0.0,0.0,0.0,4.0,0.0,8.0,10.0,3.0,2.0,0.0,100.00
855,8484821,Sam Morton,CGY,C,https://assets.nhle.com/mugs/nhl/20252026/CGY/8484821.png,https://assets.nhle.com/logos/nhl/svg/CGY_light.svg,45,sammorton,3.0,28.0,0.0,0.0,0.0,0.0,0.0,-,3.0,0.00,0.65,7.0,5.0,4.0,2.0,0.0,1.0,10.0,1.0,0.0,0.0,1.0,1.0,2.0,1.0,9.0,0.0,1.0,16.0,8.0,66.67
856,8475795,Dylan McIlrath,WSH,D,https://assets.nhle.com/mugs/nhl/20252026/WSH/8475795.png,https://assets.nhle.com/logos/nhl/svg/WSH_secondary_light.svg,52,dylanmcilrath,13.0,121.06666666667,0.0,0.0,0.0,0.0,0.0,0.00,5.0,0.00,0.31,15.0,10.0,2.0,0.0,0.0,1.0,10.0,2.0,0.0,2.0,0.0,3.0,7.0,0.0,26.0,13.0,9.0,0.0,0.0,-
857,8484793,Sacha Boisvert,CHI,C,https://assets.nhle.com/mugs/nhl/20252026/CHI/8484793.png,https://assets.nhle.com/logos/nhl/svg/CHI_light.svg?season=20252026,90,sachaboisvert,7.0,64.716666666667,1.0,1.0,1.0,0.0,2.0,100.00,6.0,16.67,0.47,12.0,8.0,7.0,2.0,0.0,1.0,9.0,3.0,2.0,1.0,0.0,3.0,4.0,0.0,9.0,10.0,1.0,17.0,28.0,37.78
858,8484168,Oscar Fisker Molgaard,SEA,C,https://assets.nhle.com/mugs/nhl/20252026/SEA/8484168.png,https://assets.nhle.com/logos/nhl/svg/SEA_light.svg,78,oscarfiskermolgaard,13.0,120.06666666667,0.0,2.0,1.0,1.0,2.0,100.00,6.0,0.00,0.71,15.0,10.0,10.0,6.0,0.0,3.0,2.0,1.0,1.0,0.0,0.0,1.0,8.0,1.0,9.0,15.0,8.0,34.0,42.0,44.74
859,8483395,Arshdeep Bains,VAN,L,https://assets.nhle.com/mugs/nhl/20252026/VAN/8483395.png,https://assets.nhle.com/logos/nhl/svg/VAN_light.svg,13,arshdeepbains,28.0,257.76666666667,1.0,4.0,2.0,2.0,5.0,62.50,18.0,5.56,2.59,31.0,22.0,23.0,14.0,0.0,4.0,12.0,6.0,6.0,0.0,0.0,0.0,11.0,6.0,24.0,21.0,5.0,2.0,12.0,14.29
860,8482787,Nikita Chibrikov,WPG,R,https://assets.nhle.com/mugs/nhl/20252026/WPG/8482787.png,https://assets.nhle.com/logos/nhl/svg/WPG_light.svg,90,nikitachibrikov,11.0,101.1,0.0,0.0,0.0,0.0,0.0,0.00,9.0,0.00,1.16,24.0,17.0,14.0,6.0,0.0,1.0,14.0,6.0,6.0,0.0,0.0,4.0,8.0,2.0,16.0,11.0,5.0,0.0,0.0,-
861,8483424,Owen Beck,MTL,C,https://assets.nhle.com/mugs/nhl/20252026/MTL/8483424.png,https://assets.nhle.com/logos/nhl/svg/MTL_light.svg,62,owenbeck,15.0,137.83333333333,1.0,0.0,0.0,0.0,1.0,20.00,11.0,9.09,1.66,25.0,19.0,14.0,7.0,0.0,2.0,6.0,3.0,3.0,0.0,0.0,3.0,10.0,2.0,24.0,31.0,8.0,44.0,31.0,58.67
862,8476952,Dominic Toninato,CHI,C,https://assets.nhle.com/mugs/nhl/20252026/CHI/8476952.png,https://assets.nhle.com/logos/nhl/svg/CHI_light.svg?season=20252026,25,dominictoninato,8.0,73.233333333333,0.0,1.0,1.0,0.0,1.0,100.00,8.0,0.00,1.04,16.0,15.0,7.0,5.0,1.0,3.0,6.0,3.0,3.0,0.0,0.0,1.0,2.0,2.0,12.0,8.0,1.0,21.0,17.0,55.26
863,8482877,Jaroslav Chmelar,NYR,R,https://assets.nhle.com/mugs/nhl/20252026/NYR/8482877.png,https://assets.nhle.com/logos/nhl/svg/NYR_light.svg,49,jaroslavchmelar,28.0,256.23333333333,4.0,2.0,0.0,2.0,6.0,66.67,23.0,17.39,2.42,42.0,28.0,27.0,15.0,1.0,7.0,11.0,4.0,3.0,1.0,0.0,10.0,4.0,6.0,53.0,24.0,16.0,0.0,4.0,0.00
864,8477070,Liam O'Brien,UTA,C,https://assets.nhle.com/mugs/nhl/20252026/UTA/8477070.png,https://assets.nhle.com/logos/nhl/svg/UTA_light.svg?season=20252026,38,liamobrien,38.0,347.61666666667,3.0,1.0,1.0,0.0,4.0,66.67,35.0,8.57,5.67,86.0,66.0,53.0,30.0,1.0,11.0,43.0,9.0,4.0,3.0,2.0,7.0,11.0,1.0,115.0,27.0,14.0,6.0,3.0,66.67
865,8479644,Matt Luff,STL,R,https://assets.nhle.com/mugs/nhl/20252026/STL/8479644.png,https://assets.nhle.com/logos/nhl/svg/STL_light.svg?season=20252026,25,mattluff,5.0,45.666666666667,1.0,0.0,0.0,0.0,1.0,100.00,5.0,20.00,0.36,7.0,5.0,4.0,1.0,1.0,1.0,0.0,0.0,0.0,0.0,0.0,0.0,0.0,2.0,8.0,2.0,4.0,0.0,0.0,-
866,8484958,Maxim Tsyplakov,NJD,R,https://assets.nhle.com/mugs/nhl/20252026/NJD/8484958.png,https://assets.nhle.com/logos/nhl/svg/NJD_light.svg,72,maximtsyplakov,49.0,446.91666666667,2.0,2.0,2.0,0.0,4.0,44.44,42.0,4.76,4.9,91.0,71.0,43.0,25.0,5.0,10.0,6.0,3.0,3.0,0.0,0.0,5.0,28.0,8.0,83.0,32.0,8.0,9.0,11.0,45.00
867,8483432,Luca Del Bel Belluz,CBJ,C,https://assets.nhle.com/mugs/nhl/20252026/CBJ/8483432.png,https://assets.nhle.com/logos/nhl/svg/CBJ_light.svg,93,lucadelbelbelluz,14.0,127.36666666667,0.0,1.0,0.0,1.0,1.0,50.00,11.0,0.00,0.97,16.0,14.0,11.0,4.0,0.0,2.0,4.0,2.0,2.0,0.0,0.0,1.0,1.0,2.0,3.0,9.0,10.0,23.0,37.0,38.33
868,8479066,Ryan Lomberg,CGY,L,https://assets.nhle.com/mugs/nhl/20252026/CGY/8479066.png,https://assets.nhle.com/logos/nhl/svg/CGY_light.svg,94,ryanlomberg,57.0,515.53333333333,4.0,5.0,4.0,1.0,9.0,64.29,53.0,7.55,5.06,99.0,85.0,46.0,16.0,0.0,6.0,59.0,14.0,7.0,5.0,2.0,14.0,18.0,3.0,129.0,33.0,17.0,5.0,8.0,38.46
869,8481564,Ryan Johnson,BUF,D,https://assets.nhle.com/mugs/nhl/20252026/BUF/8481564.png,https://assets.nhle.com/logos/nhl/svg/BUF_light.svg,33,ryanjohnsonD,3.0,27.0,0.0,0.0,0.0,0.0,0.0,0.00,0.0,-,0.03,4.0,2.0,0.0,0.0,0.0,0.0,2.0,1.0,1.0,0.0,0.0,0.0,2.0,2.0,2.0,6.0,3.0,0.0,0.0,-
870,8484779,Jett Luchanko,PHI,C,https://assets.nhle.com/mugs/nhl/20252026/PHI/8484779.png,https://assets.nhle.com/logos/nhl/svg/PHI_light.svg,77,jettluchanko,4.0,35.866666666667,0.0,0.0,0.0,0.0,0.0,-,1.0,0.00,0.16,2.0,2.0,2.0,1.0,0.0,0.0,2.0,1.0,1.0,0.0,0.0,1.0,1.0,0.0,2.0,5.0,3.0,11.0,10.0,52.38
871,8478211,Dryden Hunt,CGY,L,https://assets.nhle.com/mugs/nhl/20252026/CGY/8478211.png,https://assets.nhle.com/logos/nhl/svg/CGY_light.svg,15,drydenhunt,3.0,26.8,0.0,0.0,0.0,0.0,0.0,-,4.0,0.00,0.6,5.0,4.0,4.0,4.0,0.0,2.0,2.0,1.0,1.0,0.0,0.0,1.0,3.0,0.0,9.0,0.0,4.0,0.0,0.0,-
872,8477508,Curtis Lazar,EDM,C,https://assets.nhle.com/mugs/nhl/20252026/EDM/8477508.png,https://assets.nhle.com/logos/nhl/svg/EDM_light.svg,20,curtislazar,45.0,401.38333333333,4.0,2.0,2.0,0.0,6.0,54.55,30.0,13.33,5.18,71.0,50.0,51.0,29.0,1.0,10.0,10.0,4.0,4.0,0.0,0.0,3.0,9.0,3.0,95.0,41.0,20.0,178.0,113.0,61.17
873,8477947,Sonny Milano,WSH,L,https://assets.nhle.com/mugs/nhl/20252026/WSH/8477947.png,https://assets.nhle.com/logos/nhl/svg/WSH_secondary_light.svg,15,sonnymilano,31.0,275.38333333333,4.0,4.0,4.0,0.0,8.0,57.14,33.0,12.12,4.08,57.0,47.0,39.0,17.0,0.0,2.0,4.0,2.0,2.0,0.0,0.0,3.0,19.0,4.0,9.0,21.0,3.0,8.0,4.0,66.67
874,8480825,Patrick Giles,SJS,R,https://assets.nhle.com/mugs/nhl/20252026/SJS/8480825.png,https://assets.nhle.com/logos/nhl/svg/SJS_light.svg,54,patgiles,3.0,26.6,0.0,1.0,0.0,1.0,1.0,100.00,2.0,0.00,0.04,5.0,2.0,0.0,0.0,0.0,0.0,0.0,0.0,0.0,0.0,0.0,0.0,1.0,0.0,3.0,3.0,2.0,9.0,6.0,60.00
875,8478967,Lane Pederson,PHI,C,https://assets.nhle.com/mugs/nhl/20252026/PHI/8478967.png,https://assets.nhle.com/logos/nhl/svg/PHI_light.svg,29,lanepederson,5.0,44.316666666667,0.0,0.0,0.0,0.0,0.0,0.00,0.0,-,0.19,4.0,2.0,2.0,1.0,0.0,0.0,0.0,0.0,0.0,0.0,0.0,0.0,6.0,1.0,16.0,1.0,3.0,13.0,14.0,48.15
876,8481704,Juuso Parssinen,NYR,C,https://assets.nhle.com/mugs/nhl/20252026/NYR/8481704.png,https://assets.nhle.com/logos/nhl/svg/NYR_light.svg,71,juusoparssinen,20.0,176.88333333333,2.0,1.0,0.0,1.0,3.0,42.86,16.0,12.50,1.89,28.0,23.0,16.0,10.0,0.0,1.0,10.0,5.0,5.0,0.0,0.0,4.0,9.0,3.0,28.0,17.0,9.0,28.0,32.0,46.67
877,8482148,Hendrix Lapierre,WSH,C,https://assets.nhle.com/mugs/nhl/20252026/WSH/8482148.png,https://assets.nhle.com/logos/nhl/svg/WSH_secondary_light.svg,22,hendrixlapierre,74.0,653.71666666667,4.0,12.0,5.0,7.0,16.0,61.54,53.0,7.55,9.17,104.0,85.0,73.0,41.0,2.0,14.0,31.0,9.0,7.0,1.0,1.0,8.0,34.0,7.0,49.0,52.0,22.0,120.0,181.0,39.87
878,8480259,Ben Jones,MIN,C,https://assets.nhle.com/mugs/nhl/20252026/MIN/8480259.png,https://assets.nhle.com/logos/nhl/svg/MIN_light.svg,18,benjones,28.0,247.28333333333,1.0,2.0,0.0,2.0,3.0,60.00,26.0,3.85,2.66,45.0,36.0,19.0,11.0,0.0,6.0,0.0,0.0,0.0,0.0,0.0,4.0,9.0,1.0,58.0,17.0,11.0,73.0,66.0,52.52
879,8482408,Jeff Malott,LAK,L,https://assets.nhle.com/mugs/nhl/20252026/LAK/8482408.png,https://assets.nhle.com/logos/nhl/svg/LAK_light.svg,39,jeffmalott,58.0,511.5,3.0,6.0,5.0,1.0,9.0,50.00,54.0,5.56,9.69,126.0,98.0,81.0,51.0,1.0,21.0,55.0,15.0,10.0,3.0,2.0,11.0,18.0,8.0,166.0,58.0,27.0,4.0,10.0,28.57
880,8477971,Andreas Englund,NSH,D,https://assets.nhle.com/mugs/nhl/20252026/NSH/8477971.png,https://assets.nhle.com/logos/nhl/svg/NSH_light.svg,24,andreasenglund,3.0,26.45,0.0,0.0,0.0,0.0,0.0,-,2.0,0.00,0.07,3.0,2.0,1.0,0.0,0.0,0.0,2.0,1.0,1.0,0.0,0.0,1.0,2.0,0.0,4.0,2.0,1.0,0.0,0.0,-
881,8481848,Jacob Gaucher,PHI,C,https://assets.nhle.com/mugs/nhl/20252026/PHI/8481848.png,https://assets.nhle.com/logos/nhl/svg/PHI_light.svg,78,jakegaucher,4.0,35.233333333333,0.0,0.0,0.0,0.0,0.0,-,4.0,0.00,0.28,6.0,5.0,4.0,2.0,0.0,0.0,0.0,0.0,0.0,0.0,0.0,1.0,3.0,0.0,3.0,3.0,1.0,10.0,12.0,45.45
882,8479421,Jacob Moverare,LAK,D,https://assets.nhle.com/mugs/nhl/20252026/LAK/8479421.png,https://assets.nhle.com/logos/nhl/svg/LAK_light.svg,43,jakemoverare,15.0,131.7,0.0,0.0,0.0,0.0,0.0,0.00,7.0,0.00,0.13,23.0,11.0,7.0,1.0,0.0,2.0,0.0,0.0,0.0,0.0,0.0,0.0,6.0,2.0,3.0,20.0,12.0,0.0,0.0,-
883,8483728,Jared Davidson,MTL,C,https://assets.nhle.com/mugs/nhl/20252026/MTL/8483728.png,https://assets.nhle.com/logos/nhl/svg/MTL_light.svg,49,jareddavidson,10.0,87.166666666667,0.0,1.0,0.0,1.0,1.0,50.00,9.0,0.00,1.37,19.0,13.0,12.0,5.0,0.0,2.0,10.0,5.0,5.0,0.0,0.0,2.0,5.0,1.0,18.0,8.0,1.0,0.0,1.0,0.00
884,8475253,Garrett Wilson,PHI,L,https://assets.nhle.com/mugs/nhl/20252026/PHI/8475253.png,https://assets.nhle.com/logos/nhl/svg/PHI_light.svg,10,garrettwilson,3.0,26.033333333333,0.0,0.0,0.0,0.0,0.0,0.00,3.0,0.00,0.25,3.0,3.0,1.0,1.0,0.0,1.0,5.0,1.0,0.0,1.0,0.0,1.0,1.0,1.0,6.0,1.0,0.0,0.0,0.0,-
885,8482496,Nils Aman,VAN,C,https://assets.nhle.com/mugs/nhl/20252026/VAN/8482496.png,https://assets.nhle.com/logos/nhl/svg/VAN_light.svg,88,nilsaman,2.0,17.316666666667,0.0,0.0,0.0,0.0,0.0,0.00,1.0,0.00,0.05,3.0,1.0,3.0,0.0,0.0,0.0,0.0,0.0,0.0,0.0,0.0,0.0,1.0,0.0,2.0,1.0,1.0,1.0,1.0,50.00
886,8483675,Kenny Connors,LAK,C,https://assets.nhle.com/mugs/nhl/20252026/LAK/8483675.png,https://assets.nhle.com/logos/nhl/svg/LAK_light.svg,34,kennyconnors,2.0,17.316666666667,0.0,0.0,0.0,0.0,0.0,-,5.0,0.00,0.37,7.0,6.0,2.0,1.0,0.0,1.0,0.0,0.0,0.0,0.0,0.0,0.0,1.0,0.0,3.0,0.0,1.0,2.0,5.0,28.57
887,8479414,Nathan Bastian,DAL,R,https://assets.nhle.com/mugs/nhl/20252026/DAL/8479414.png,https://assets.nhle.com/logos/nhl/svg/DAL_light.svg,11,nathanbastian,36.0,311.2,6.0,1.0,1.0,0.0,7.0,58.33,25.0,24.00,3.91,43.0,36.0,29.0,20.0,2.0,5.0,21.0,9.0,8.0,1.0,0.0,5.0,11.0,1.0,85.0,32.0,7.0,0.0,2.0,0.00
888,8482460,Matt Rempe,NYR,C,https://assets.nhle.com/mugs/nhl/20252026/NYR/8482460.png,https://assets.nhle.com/logos/nhl/svg/NYR_light.svg,73,mattrempe,26.0,223.8,1.0,0.0,0.0,0.0,1.0,14.29,15.0,6.67,2.85,32.0,25.0,23.0,16.0,1.0,5.0,11.0,4.0,3.0,1.0,0.0,4.0,5.0,2.0,87.0,24.0,6.0,3.0,5.0,37.50
889,8481065,Angus Crookshank,NJD,C,https://assets.nhle.com/mugs/nhl/20252026/NJD/8481065.png,https://assets.nhle.com/logos/nhl/svg/NJD_light.svg,28,anguscrookshank,8.0,68.85,1.0,0.0,0.0,0.0,1.0,50.00,4.0,25.00,0.27,9.0,6.0,3.0,2.0,0.0,0.0,4.0,2.0,2.0,0.0,0.0,1.0,2.0,0.0,5.0,11.0,7.0,1.0,2.0,33.33
890,8478043,Sam Lafferty,CHI,C,https://assets.nhle.com/mugs/nhl/20252026/CHI/8478043.png,https://assets.nhle.com/logos/nhl/svg/CHI_light.svg?season=20252026,18,samlafferty,29.0,266.05,1.0,1.0,0.0,1.0,2.0,28.57,9.0,11.11,1.32,20.0,14.0,14.0,10.0,0.0,2.0,14.0,3.0,2.0,0.0,1.0,1.0,15.0,2.0,35.0,26.0,5.0,26.0,26.0,50.00
891,8481517,Brett Leason,WSH,R,https://assets.nhle.com/mugs/nhl/20252026/WSH/8481517.png,https://assets.nhle.com/logos/nhl/svg/WSH_secondary_light.svg,17,brettleason,6.0,51.483333333333,0.0,0.0,0.0,0.0,0.0,-,1.0,0.00,0.29,4.0,3.0,2.0,1.0,0.0,0.0,0.0,0.0,0.0,0.0,0.0,0.0,1.0,0.0,10.0,4.0,0.0,2.0,3.0,40.00
892,8483841,Xavier Parent,NJD,C,https://assets.nhle.com/mugs/nhl/20252026/NJD/8483841.png,https://assets.nhle.com/logos/nhl/svg/NJD_light.svg,67,xavierparent,5.0,42.866666666667,0.0,0.0,0.0,0.0,0.0,0.00,2.0,0.00,0.25,6.0,6.0,2.0,1.0,0.0,0.0,2.0,1.0,1.0,0.0,0.0,0.0,1.0,1.0,7.0,4.0,1.0,0.0,0.0,-
893,8481534,Raphael Lavoie,VGK,C,https://assets.nhle.com/mugs/nhl/20252026/VGK/8481534.png,https://assets.nhle.com/logos/nhl/svg/VGK_light.svg,36,raphaellavoie,1.0,8.5666666666667,0.0,0.0,0.0,0.0,0.0,-,0.0,-,0.03,2.0,1.0,0.0,0.0,0.0,0.0,0.0,0.0,0.0,0.0,0.0,0.0,1.0,0.0,1.0,0.0,0.0,0.0,1.0,0.00
894,8475235,Nicolas Deslauriers,CAR,L,https://assets.nhle.com/mugs/nhl/20252026/CAR/8475235.png,https://assets.nhle.com/logos/nhl/svg/CAR_light.svg,44,nicolasdeslauriers,31.0,264.96666666667,0.0,2.0,1.0,1.0,2.0,50.00,18.0,0.00,2.07,36.0,27.0,16.0,8.0,1.0,5.0,38.0,10.0,4.0,6.0,0.0,6.0,10.0,3.0,121.0,14.0,8.0,1.0,0.0,100.00
895,8483676,Stephen Halliday,OTT,C,https://assets.nhle.com/mugs/nhl/20252026/OTT/8483676.png,https://assets.nhle.com/logos/nhl/svg/OTT_light.svg,34,stephenhalliday,30.0,255.31666666667,4.0,7.0,5.0,2.0,11.0,68.75,34.0,11.76,3.89,58.0,44.0,39.0,24.0,0.0,5.0,2.0,1.0,1.0,0.0,0.0,2.0,16.0,2.0,30.0,31.0,8.0,26.0,41.0,38.81
896,8483433,Jack Devine,FLA,R,https://assets.nhle.com/mugs/nhl/20252026/FLA/8483433.png,https://assets.nhle.com/logos/nhl/svg/FLA_light.svg,38,jackdevine,6.0,50.633333333333,0.0,0.0,0.0,0.0,0.0,-,6.0,0.00,0.93,14.0,11.0,6.0,4.0,0.0,1.0,2.0,1.0,1.0,0.0,0.0,1.0,2.0,0.0,4.0,2.0,0.0,0.0,0.0,-
897,8478104,Sammy Blais,MTL,L,https://assets.nhle.com/mugs/nhl/20252026/MTL/8478104.png,https://assets.nhle.com/logos/nhl/svg/MTL_light.svg,79,samuelblais,21.0,176.93333333333,3.0,5.0,3.0,2.0,8.0,100.00,18.0,16.67,2.8,28.0,23.0,21.0,14.0,0.0,5.0,10.0,5.0,5.0,0.0,0.0,4.0,2.0,4.0,78.0,17.0,12.0,0.0,3.0,0.00
898,8479718,Alex Barré-Boulet,COL,C,https://assets.nhle.com/mugs/nhl/20252026/COL/8479718.png,https://assets.nhle.com/logos/nhl/svg/COL_light.svg,16,alexbarreboulet,2.0,16.8,0.0,1.0,0.0,1.0,1.0,inf,0.0,-,0.15,3.0,2.0,1.0,1.0,0.0,0.0,0.0,0.0,0.0,0.0,0.0,0.0,0.0,0.0,3.0,2.0,0.0,2.0,0.0,100.00
899,8478062,Dysin Mayo,CBJ,D,https://assets.nhle.com/mugs/nhl/20252026/CBJ/8478062.png,https://assets.nhle.com/logos/nhl/svg/CBJ_light.svg,37,dysinmayo,3.0,25.2,0.0,1.0,0.0,1.0,1.0,50.00,5.0,0.00,0.1,7.0,5.0,1.0,0.0,0.0,0.0,0.0,0.0,0.0,0.0,0.0,0.0,0.0,0.0,0.0,4.0,1.0,0.0,0.0,-
900,8479368,Max Jones,EDM,L,https://assets.nhle.com/mugs/nhl/20252026/EDM/8479368.png,https://assets.nhle.com/logos/nhl/svg/EDM_light.svg,46,maxjones,21.0,175.26666666667,3.0,2.0,2.0,0.0,5.0,62.50,22.0,13.64,2.2,38.0,26.0,22.0,12.0,1.0,6.0,9.0,3.0,2.0,1.0,0.0,4.0,8.0,5.0,56.0,13.0,3.0,0.0,0.0,-
901,8481594,Nathan Légaré,NJD,R,https://assets.nhle.com/mugs/nhl/20252026/NJD/8481594.png,https://assets.nhle.com/logos/nhl/svg/NJD_light.svg,37,nathanlegare,1.0,8.25,0.0,0.0,0.0,0.0,0.0,-,0.0,-,0.0,0.0,0.0,0.0,0.0,0.0,0.0,0.0,0.0,0.0,0.0,0.0,0.0,0.0,0.0,2.0,1.0,1.0,0.0,1.0,0.00
902,8476391,T.J. Tynan,COL,C,https://assets.nhle.com/mugs/nhl/20252026/COL/8476391.png,https://assets.nhle.com/logos/nhl/svg/COL_light.svg,9,tjtynan,1.0,8.2166666666667,0.0,0.0,0.0,0.0,0.0,0.00,1.0,0.00,0.17,1.0,1.0,1.0,1.0,0.0,0.0,0.0,0.0,0.0,0.0,0.0,0.0,0.0,0.0,0.0,1.0,0.0,4.0,6.0,40.00
903,8483397,Marc McLaughlin,NJD,C,https://assets.nhle.com/mugs/nhl/20252026/NJD/8483397.png,https://assets.nhle.com/logos/nhl/svg/NJD_light.svg,21,marcmclaughlin,7.0,57.366666666667,0.0,0.0,0.0,0.0,0.0,0.00,0.0,-,0.25,6.0,4.0,4.0,1.0,0.0,0.0,0.0,0.0,0.0,0.0,0.0,0.0,1.0,1.0,4.0,1.0,2.0,12.0,21.0,36.36
904,8483444,Nathan Gaucher,ANA,C,https://assets.nhle.com/mugs/nhl/20252026/ANA/8483444.png,https://assets.nhle.com/logos/nhl/svg/ANA_light.svg,41,nathangaucher,3.0,24.066666666667,0.0,0.0,0.0,0.0,0.0,-,2.0,0.00,0.05,2.0,2.0,1.0,0.0,0.0,0.0,0.0,0.0,0.0,0.0,0.0,1.0,1.0,1.0,6.0,5.0,1.0,3.0,9.0,25.00
905,8482162,Roby Jarventie,EDM,L,https://assets.nhle.com/mugs/nhl/20252026/EDM/8482162.png,https://assets.nhle.com/logos/nhl/svg/EDM_light.svg,61,robyjarventie,3.0,24.016666666667,0.0,0.0,0.0,0.0,0.0,-,2.0,0.00,0.2,3.0,2.0,2.0,1.0,0.0,1.0,0.0,0.0,0.0,0.0,0.0,0.0,0.0,0.0,1.0,3.0,4.0,2.0,2.0,50.00
906,8485511,Quinn Hutson,EDM,R,https://assets.nhle.com/mugs/nhl/20252026/EDM/8485511.png,https://assets.nhle.com/logos/nhl/svg/EDM_light.svg,23,quinnhutson,4.0,31.983333333333,1.0,0.0,0.0,0.0,1.0,100.00,3.0,33.33,0.45,6.0,4.0,1.0,1.0,0.0,1.0,0.0,0.0,0.0,0.0,0.0,0.0,3.0,0.0,0.0,1.0,1.0,0.0,1.0,0.00
907,8482726,Samuel Helenius,LAK,C,https://assets.nhle.com/mugs/nhl/20252026/LAK/8482726.png,https://assets.nhle.com/logos/nhl/svg/LAK_light.svg,79,samuelhelenius,53.0,422.91666666667,5.0,4.0,1.0,3.0,9.0,81.82,38.0,13.16,4.56,84.0,62.0,41.0,23.0,2.0,10.0,50.0,12.0,5.0,6.0,1.0,13.0,14.0,4.0,144.0,40.0,17.0,114.0,138.0,45.24
908,8477149,Scott Sabourin,TBL,R,https://assets.nhle.com/mugs/nhl/20252026/TBL/8477149.png,https://assets.nhle.com/logos/nhl/svg/TBL_light.svg,49,scottsabourin,26.0,206.76666666667,1.0,4.0,3.0,1.0,5.0,62.50,11.0,9.09,2.32,34.0,27.0,19.0,12.0,0.0,3.0,89.0,21.0,12.0,5.0,4.0,11.0,10.0,1.0,63.0,22.0,11.0,0.0,2.0,0.00
909,8479981,Jonah Gadjovich,FLA,L,https://assets.nhle.com/mugs/nhl/20252026/FLA/8479981.png,https://assets.nhle.com/logos/nhl/svg/FLA_light.svg,12,jonahgadjovich,10.0,79.433333333333,0.0,3.0,3.0,0.0,3.0,100.00,8.0,0.00,0.59,12.0,8.0,9.0,3.0,1.0,0.0,7.0,2.0,1.0,1.0,0.0,1.0,3.0,3.0,30.0,10.0,3.0,0.0,0.0,-
910,8471817,Ryan Reaves,SJS,R,https://assets.nhle.com/mugs/nhl/20252026/SJS/8471817.png,https://assets.nhle.com/logos/nhl/svg/SJS_light.svg,75,ryanreaves,50.0,390.4,3.0,0.0,0.0,0.0,3.0,33.33,25.0,12.00,3.67,55.0,40.0,35.0,25.0,3.0,8.0,37.0,11.0,6.0,5.0,0.0,9.0,19.0,8.0,160.0,22.0,15.0,0.0,2.0,0.00
911,8475752,Tyler Pitlick,MIN,C,https://assets.nhle.com/mugs/nhl/20252026/MIN/8475752.png,https://assets.nhle.com/logos/nhl/svg/MIN_light.svg,19,tylerpitlick,32.0,248.73333333333,2.0,0.0,0.0,0.0,2.0,40.00,26.0,7.69,2.66,50.0,41.0,30.0,17.0,0.0,5.0,14.0,4.0,2.0,2.0,0.0,4.0,8.0,5.0,78.0,31.0,19.0,0.0,3.0,0.00
912,8477320,Anton Blidh,NYR,L,https://assets.nhle.com/mugs/nhl/20252026/NYR/8477320.png,https://assets.nhle.com/logos/nhl/svg/NYR_light.svg,25,antonblidh,4.0,30.816666666667,0.0,1.0,0.0,1.0,1.0,100.00,4.0,0.00,0.37,5.0,5.0,3.0,2.0,0.0,2.0,0.0,0.0,0.0,0.0,0.0,0.0,1.0,0.0,10.0,1.0,0.0,0.0,0.0,-
913,8478147,Bokondji Imama,PIT,L,https://assets.nhle.com/mugs/nhl/20252026/PIT/8478147.png,https://assets.nhle.com/logos/nhl/svg/PIT_light.svg,14,bokondjiimama,2.0,15.283333333333,0.0,0.0,0.0,0.0,0.0,-,2.0,0.00,0.23,4.0,3.0,2.0,1.0,0.0,1.0,5.0,1.0,0.0,1.0,0.0,1.0,2.0,0.0,3.0,2.0,0.0,0.0,0.0,-
914,8483531,Brian Halonen,NJD,L,https://assets.nhle.com/mugs/nhl/20252026/NJD/8483531.png,https://assets.nhle.com/logos/nhl/svg/NJD_light.svg,48,brianhalonen,15.0,114.18333333333,1.0,1.0,0.0,1.0,2.0,66.67,8.0,12.50,0.96,20.0,16.0,7.0,3.0,0.0,0.0,9.0,3.0,2.0,1.0,0.0,1.0,5.0,3.0,28.0,17.0,2.0,0.0,1.0,0.00
915,8483526,Danil Zhilkin,WPG,C,https://assets.nhle.com/mugs/nhl/20252026/WPG/8483526.png,https://assets.nhle.com/logos/nhl/svg/WPG_light.svg,53,danilzhilkin,6.0,45.5,0.0,1.0,1.0,0.0,1.0,33.33,4.0,0.00,0.28,7.0,7.0,3.0,2.0,3.0,1.0,0.0,0.0,0.0,0.0,0.0,0.0,1.0,0.0,5.0,1.0,4.0,9.0,16.0,36.00
916,8484255,Jason Polin,COL,R,https://assets.nhle.com/mugs/nhl/20252026/COL/8484255.png,https://assets.nhle.com/logos/nhl/svg/COL_light.svg,41,jasonpolin,4.0,30.316666666667,0.0,0.0,0.0,0.0,0.0,0.00,0.0,-,0.23,5.0,3.0,3.0,1.0,0.0,1.0,0.0,0.0,0.0,0.0,0.0,0.0,0.0,0.0,12.0,4.0,3.0,0.0,0.0,-
917,8483930,Ivan Ivan,COL,C,https://assets.nhle.com/mugs/nhl/20252026/COL/8483930.png,https://assets.nhle.com/logos/nhl/svg/COL_light.svg,49,ivanivan,9.0,67.066666666667,0.0,1.0,1.0,0.0,1.0,50.00,4.0,0.00,0.23,7.0,6.0,2.0,2.0,0.0,1.0,2.0,1.0,1.0,0.0,0.0,0.0,3.0,0.0,3.0,7.0,1.0,10.0,14.0,41.67
918,8482941,Shane Lachance,NJD,L,https://assets.nhle.com/mugs/nhl/20252026/NJD/8482941.png,https://assets.nhle.com/logos/nhl/svg/NJD_light.svg,20,shanelachance,1.0,7.4166666666667,0.0,0.0,0.0,0.0,0.0,-,0.0,-,0.0,0.0,0.0,0.0,0.0,0.0,0.0,0.0,0.0,0.0,0.0,0.0,0.0,0.0,0.0,1.0,2.0,0.0,1.0,0.0,100.00
919,8478888,Cameron Hughes,DAL,C,https://assets.nhle.com/mugs/nhl/20252026/DAL/8478888.png,https://assets.nhle.com/logos/nhl/svg/DAL_light.svg,34,camhughes,3.0,21.95,1.0,0.0,0.0,0.0,1.0,50.00,2.0,50.00,0.42,2.0,2.0,2.0,2.0,0.0,0.0,0.0,0.0,0.0,0.0,0.0,1.0,1.0,0.0,3.0,1.0,2.0,0.0,0.0,-
920,8482766,William Stromgren,CGY,L,https://assets.nhle.com/mugs/nhl/20252026/CGY/8482766.png,https://assets.nhle.com/logos/nhl/svg/CGY_light.svg,65,willstromgren,3.0,21.866666666667,0.0,0.0,0.0,0.0,0.0,-,2.0,0.00,0.17,2.0,2.0,2.0,1.0,0.0,0.0,0.0,0.0,0.0,0.0,0.0,2.0,0.0,0.0,0.0,3.0,0.0,0.0,0.0,-
921,8484529,Connor Clattenburg,EDM,C,https://assets.nhle.com/mugs/nhl/20252026/EDM/8484529.png,https://assets.nhle.com/logos/nhl/svg/EDM_light.svg,64,connorclattenburg,5.0,36.033333333333,1.0,0.0,0.0,0.0,1.0,100.00,3.0,33.33,0.97,7.0,5.0,5.0,4.0,0.0,1.0,13.0,5.0,4.0,1.0,0.0,4.0,4.0,0.0,17.0,3.0,3.0,0.0,0.0,-
922,8482947,Zakhar Bardakov,COL,C,https://assets.nhle.com/mugs/nhl/20252026/COL/8482947.png,https://assets.nhle.com/logos/nhl/svg/COL_light.svg,93,zakharbardakov,60.0,432.26666666667,1.0,9.0,4.0,5.0,10.0,58.82,35.0,2.86,4.86,79.0,64.0,38.0,23.0,3.0,10.0,14.0,7.0,7.0,0.0,0.0,10.0,27.0,7.0,50.0,50.0,22.0,73.0,99.0,42.44
923,8475413,Justin Dowling,NYR,C,https://assets.nhle.com/mugs/nhl/20252026/NYR/8475413.png,https://assets.nhle.com/logos/nhl/svg/NYR_light.svg,37,justindowling,2.0,14.383333333333,0.0,0.0,0.0,0.0,0.0,-,1.0,0.00,0.32,3.0,3.0,1.0,1.0,0.0,1.0,0.0,0.0,0.0,0.0,0.0,0.0,0.0,0.0,3.0,1.0,1.0,1.0,2.0,33.33
924,8478409,Anthony Richard,PHI,C,https://assets.nhle.com/mugs/nhl/20252026/PHI/8478409.png,https://assets.nhle.com/logos/nhl/svg/PHI_light.svg,90,anthonyrichard,1.0,7.1333333333333,0.0,0.0,0.0,0.0,0.0,-,0.0,-,0.0,0.0,0.0,0.0,0.0,0.0,0.0,0.0,0.0,0.0,0.0,0.0,0.0,0.0,0.0,0.0,1.0,0.0,0.0,0.0,-
925,8480021,Jack Studnicka,FLA,C,https://assets.nhle.com/mugs/nhl/20252026/FLA/8480021.png,https://assets.nhle.com/logos/nhl/svg/FLA_light.svg,53,jackstudnicka,19.0,134.81666666667,0.0,0.0,0.0,0.0,0.0,0.00,16.0,0.00,1.14,26.0,20.0,12.0,5.0,1.0,3.0,4.0,2.0,2.0,0.0,0.0,3.0,4.0,3.0,19.0,22.0,6.0,22.0,36.0,37.93
926,8483435,Jorian Donovan,OTT,D,https://assets.nhle.com/mugs/nhl/20252026/OTT/8483435.png,https://assets.nhle.com/logos/nhl/svg/OTT_light.svg,56,joriandonovan,2.0,14.066666666667,0.0,0.0,0.0,0.0,0.0,-,1.0,0.00,0.01,2.0,1.0,1.0,0.0,0.0,0.0,0.0,0.0,0.0,0.0,0.0,0.0,1.0,0.0,2.0,2.0,1.0,0.0,0.0,-
927,8478173,Hayden Hodgson,OTT,R,https://assets.nhle.com/mugs/nhl/20252026/OTT/8478173.png,https://assets.nhle.com/logos/nhl/svg/OTT_light.svg,42,haydenhodgson,10.0,70.25,0.0,0.0,0.0,0.0,0.0,0.00,4.0,0.00,0.63,11.0,9.0,6.0,2.0,0.0,1.0,11.0,4.0,3.0,1.0,0.0,2.0,3.0,1.0,29.0,7.0,0.0,0.0,0.0,-
928,8480326,Sheldon Dries,DET,C,https://assets.nhle.com/mugs/nhl/20252026/DET/8480326.png,https://assets.nhle.com/logos/nhl/svg/DET_light.svg?season=20252026,15,sheldondries,5.0,34.866666666667,0.0,0.0,0.0,0.0,0.0,-,2.0,0.00,0.25,4.0,3.0,3.0,2.0,0.0,0.0,0.0,0.0,0.0,0.0,0.0,1.0,1.0,3.0,8.0,1.0,3.0,9.0,12.0,42.86
929,8479942,Dominik Shine,DET,R,https://assets.nhle.com/mugs/nhl/20252026/DET/8479942.png,https://assets.nhle.com/logos/nhl/svg/DET_light.svg?season=20252026,65,dominikshine,18.0,124.83333333333,3.0,0.0,0.0,0.0,3.0,75.00,13.0,23.08,2.1,19.0,16.0,13.0,5.0,1.0,1.0,7.0,2.0,1.0,1.0,0.0,3.0,8.0,6.0,14.0,14.0,6.0,5.0,6.0,45.45
930,8480876,Curtis Douglas,VAN,C,https://assets.nhle.com/mugs/nhl/20252026/VAN/8480876.png,https://assets.nhle.com/logos/nhl/svg/VAN_light.svg,42,curtisdouglas,43.0,290.25,1.0,3.0,3.0,0.0,4.0,57.14,29.0,3.45,4.81,58.0,50.0,37.0,25.0,1.0,10.0,108.0,23.0,9.0,10.0,4.0,13.0,18.0,6.0,64.0,16.0,12.0,6.0,7.0,46.15
931,8479543,Michael Pezzetta,TOR,L,https://assets.nhle.com/mugs/nhl/20252026/TOR/8479543.png,https://assets.nhle.com/logos/nhl/svg/TOR_light.svg,61,michaelpezzetta,9.0,58.25,0.0,0.0,0.0,0.0,0.0,-,2.0,0.00,0.24,4.0,4.0,2.0,2.0,0.0,0.0,35.0,8.0,5.0,1.0,2.0,2.0,3.0,0.0,30.0,8.0,3.0,0.0,2.0,0.00
932,8479772,Zack MacEwen,NJD,R,https://assets.nhle.com/mugs/nhl/20252026/NJD/8479772.png,https://assets.nhle.com/logos/nhl/svg/NJD_light.svg,19,zackmacewen,3.0,19.0,0.0,0.0,0.0,0.0,0.0,-,4.0,0.00,0.6,7.0,7.0,4.0,3.0,0.0,0.0,0.0,0.0,0.0,0.0,0.0,0.0,2.0,1.0,6.0,2.0,1.0,0.0,2.0,0.00
933,8483039,Tristen Nielsen,COL,C,https://assets.nhle.com/mugs/nhl/20252026/COL/8483039.png,https://assets.nhle.com/logos/nhl/svg/COL_light.svg,57,tristennielsen,4.0,25.216666666667,0.0,1.0,1.0,0.0,1.0,100.00,3.0,0.00,0.26,6.0,5.0,4.0,1.0,1.0,1.0,0.0,0.0,0.0,0.0,0.0,0.0,2.0,0.0,8.0,0.0,1.0,0.0,0.0,-
934,8482953,Taylor Makar,COL,L,https://assets.nhle.com/mugs/nhl/20252026/COL/8482953.png,https://assets.nhle.com/logos/nhl/svg/COL_light.svg,16,taylormakar,12.0,74.516666666667,0.0,0.0,0.0,0.0,0.0,0.00,7.0,0.00,0.86,15.0,9.0,8.0,5.0,1.0,1.0,4.0,2.0,2.0,0.0,0.0,0.0,1.0,1.0,17.0,9.0,1.0,0.0,2.0,0.00
935,8475461,Andrew Agozzino,UTA,L,https://assets.nhle.com/mugs/nhl/20252026/UTA/8475461.png,https://assets.nhle.com/logos/nhl/svg/UTA_light.svg?season=20252026,36,andrewagozzino,2.0,12.266666666667,0.0,0.0,0.0,0.0,0.0,-,0.0,-,0.01,1.0,1.0,0.0,0.0,0.0,0.0,0.0,0.0,0.0,0.0,0.0,1.0,1.0,1.0,4.0,1.0,1.0,3.0,4.0,42.86
936,8482673,Xavier Bourgault,OTT,R,https://assets.nhle.com/mugs/nhl/20252026/OTT/8482673.png,https://assets.nhle.com/logos/nhl/svg/OTT_light.svg,53,xavierbourgault,2.0,11.916666666667,0.0,0.0,0.0,0.0,0.0,0.00,3.0,0.00,0.45,7.0,6.0,5.0,4.0,1.0,2.0,0.0,0.0,0.0,0.0,0.0,0.0,1.0,0.0,3.0,0.0,0.0,0.0,0.0,-
937,8482479,Trevor Kuntar,BUF,C,https://assets.nhle.com/mugs/nhl/20252026/BUF/8482479.png,https://assets.nhle.com/logos/nhl/svg/BUF_light.svg,52,trevorkuntar,1.0,5.2,0.0,0.0,0.0,0.0,0.0,-,0.0,-,0.0,1.0,0.0,0.0,0.0,0.0,0.0,0.0,0.0,0.0,0.0,0.0,0.0,0.0,0.0,1.0,1.0,0.0,0.0,0.0,-
938,8477073,Kurtis MacDermid,OTT,L,https://assets.nhle.com/mugs/nhl/20252026/OTT/8477073.png,https://assets.nhle.com/logos/nhl/svg/OTT_light.svg,23,kurtismacdermid,19.0,79.833333333333,0.0,1.0,1.0,0.0,1.0,100.00,4.0,0.00,0.28,5.0,5.0,3.0,2.0,1.0,1.0,33.0,9.0,4.0,5.0,0.0,7.0,2.0,0.0,18.0,7.0,6.0,0.0,0.0,-
939,8477419,Mason Geertsen,BUF,L,https://assets.nhle.com/mugs/nhl/20252026/BUF/8477419.png,https://assets.nhle.com/logos/nhl/svg/BUF_light.svg,55,masongeertsen,5.0,20.6,0.0,0.0,0.0,0.0,0.0,-,1.0,0.00,0.01,2.0,1.0,0.0,0.0,0.0,0.0,12.0,2.0,1.0,0.0,1.0,0.0,0.0,0.0,8.0,5.0,0.0,0.0,0.0,-
940,,,,,,,,fredericgaudreau,68.0,1097.7666666667,7.0,17.0,11.0,6.0,24.0,60.00,70.0,10.00,9.74,157.0,118.0,74.0,37.0,5.0,16.0,11.0,4.0,3.0,1.0,0.0,8.0,36.0,25.0,35.0,40.0,52.0,296.0,385.0,43.47
941,,,,,,,,zachastonreese,27.0,262.8,1.0,4.0,3.0,1.0,5.0,83.33,17.0,5.88,2.52,31.0,28.0,19.0,12.0,2.0,2.0,12.0,6.0,6.0,0.0,0.0,6.0,10.0,2.0,78.0,18.0,17.0,7.0,18.0,28.00
942,,,,,,,,pojoseph,31.0,412.45,1.0,5.0,2.0,3.0,6.0,50.00,22.0,4.55,1.1,55.0,33.0,13.0,2.0,0.0,3.0,8.0,4.0,4.0,0.0,0.0,1.0,25.0,9.0,18.0,32.0,28.0,0.0,0.0,-
943,,,,,,,,joeveleno,61.0,737.56666666667,2.0,3.0,0.0,3.0,5.0,26.32,52.0,3.85,7.09,100.0,80.0,58.0,26.0,5.0,11.0,19.0,8.0,7.0,1.0,0.0,8.0,19.0,8.0,166.0,49.0,32.0,163.0,153.0,51.58
944,,,,,,,,sampoulin,2.0,27.633333333333,0.0,0.0,0.0,0.0,0.0,-,1.0,0.00,0.2,6.0,5.0,3.0,1.0,0.0,0.0,0.0,0.0,0.0,0.0,0.0,0.0,1.0,1.0,2.0,5.0,2.0,0.0,0.0,-
945,,,,,,,,yegorchinakhov,72.0,970.55,21.0,21.0,9.0,12.0,42.0,73.68,139.0,15.11,13.27,300.0,218.0,146.0,54.0,12.0,17.0,10.0,5.0,5.0,0.0,0.0,13.0,38.0,9.0,49.0,37.0,31.0,3.0,6.0,33.33
946,,,,,,,,maxshabanov,44.0,602.05,5.0,13.0,8.0,5.0,18.0,58.06,57.0,8.77,6.24,115.0,87.0,68.0,19.0,0.0,5.0,2.0,1.0,1.0,0.0,0.0,5.0,35.0,11.0,27.0,50.0,16.0,0.0,2.0,0.00
