,PlayerID,Player,Team,Position,Headshot,Team Logo,Jersey Number,playerStripped,GP,TOI,Goals,Total Assists,First Assists,Second Assists,Total Points,IPP,Shots,SH%,ixG,iCF,iFF,iSCF,iHDCF,Rush Attempts,Rebounds Created,PIM,Total Penalties,Minor,Major,Misconduct,Penalties Drawn,Giveaways,Takeaways,Hits,Hits Taken,Shots Blocked,Faceoffs Won,Faceoffs Lost,Faceoffs %
0,8478460,Zach Werenski,CBJ,D,https://assets.nhle.com/mugs/nhl/20262027/CBJ/8478460.png,https://assets.nhle.com/logos/nhl/svg/CBJ_light.svg,8,zachwerenski,2.0,60.483333333333,0.0,2.0,1.0,1.0,2.0,66.67,4.0,0.00,0.18,8.0,5.0,3.0,0.0,0.0,0.0,0.0,0.0,0.0,0.0,0.0,0.0,5.0,2.0,0.0,8.0,6.0,0.0,0.0,-
1,8481605,Jackson LaCombe,ANA,D,https://assets.nhle.com/mugs/nhl/20262027/ANA/8481605.png,https://assets.nhle.com/logos/nhl/svg/ANA_light.svg,2,jacksonlacombe,2.0,58.3,0.0,2.0,1.0,1.0,2.0,50.00,2.0,0.00,0.4,7.0,4.0,4.0,1.0,1.0,1.0,0.0,0.0,0.0,0.0,0.0,0.0,2.0,3.0,2.0,12.0,4.0,0.0,0.0,-
2,8477495,Seth Jones,FLA,D,https://assets.nhle.com/mugs/nhl/20262027/FLA/8477495.png,https://assets.nhle.com/logos/nhl/svg/FLA_light.svg,3,sethjones,3.0,85.283333333333,0.0,0.0,0.0,0.0,0.0,-,7.0,0.00,0.56,17.0,12.0,8.0,1.0,0.0,2.0,2.0,1.0,1.0,0.0,0.0,0.0,2.0,2.0,1.0,7.0,2.0,0.0,0.0,-
3,8483485,Denton Mateychuk,CBJ,D,https://assets.nhle.com/mugs/nhl/20262027/CBJ/8483485.png,https://assets.nhle.com/logos/nhl/svg/CBJ_light.svg,5,dentonmateychuk,2.0,55.583333333333,0.0,1.0,0.0,1.0,1.0,33.33,3.0,0.00,0.1,8.0,5.0,2.0,0.0,0.0,0.0,4.0,2.0,2.0,0.0,0.0,0.0,2.0,1.0,0.0,7.0,3.0,0.0,0.0,-
4,8483457,Lane Hutson,MTL,D,https://assets.nhle.com/mugs/nhl/20262027/MTL/8483457.png,https://assets.nhle.com/logos/nhl/svg/MTL_light.svg,48,lanehutson,3.0,82.566666666667,0.0,4.0,1.0,3.0,4.0,66.67,5.0,0.00,0.27,14.0,10.0,2.0,0.0,0.0,1.0,0.0,0.0,0.0,0.0,0.0,2.0,5.0,2.0,0.0,11.0,3.0,0.0,0.0,-
5,8480839,Rasmus Dahlin,BUF,D,https://assets.nhle.com/mugs/nhl/20262027/BUF/8480839.png,https://assets.nhle.com/logos/nhl/svg/BUF_light.svg,26,rasmusdahlin,3.0,80.6,1.0,1.0,0.0,1.0,2.0,66.67,10.0,10.00,0.43,19.0,10.0,8.0,0.0,0.0,2.0,2.0,1.0,1.0,0.0,0.0,0.0,4.0,1.0,7.0,7.0,4.0,0.0,0.0,-
6,8483482,Tristan Luneau,ANA,D,https://assets.nhle.com/mugs/nhl/20262027/ANA/8483482.png,https://assets.nhle.com/logos/nhl/svg/ANA_light.svg,67,tristanluneau,2.0,53.566666666667,0.0,1.0,0.0,1.0,1.0,33.33,1.0,0.00,0.12,8.0,4.0,2.0,0.0,0.0,0.0,0.0,0.0,0.0,0.0,0.0,1.0,2.0,0.0,0.0,8.0,7.0,0.0,0.0,-
7,8482671,Owen Power,BUF,D,https://assets.nhle.com/mugs/nhl/20262027/BUF/8482671.png,https://assets.nhle.com/logos/nhl/svg/BUF_light.svg,25,owenpower,3.0,78.966666666667,1.0,4.0,2.0,2.0,5.0,83.33,3.0,33.33,0.22,9.0,6.0,5.0,1.0,0.0,1.0,0.0,0.0,0.0,0.0,0.0,2.0,4.0,1.0,1.0,6.0,1.0,0.0,0.0,-
8,8480800,Quinn Hughes,MIN,D,https://assets.nhle.com/mugs/nhl/20262027/MIN/8480800.png,https://assets.nhle.com/logos/nhl/svg/MIN_light.svg,43,quinnhughes,3.0,79.383333333333,1.0,3.0,2.0,1.0,4.0,80.00,10.0,10.00,0.69,24.0,15.0,15.0,0.0,0.0,2.0,0.0,0.0,0.0,0.0,0.0,1.0,4.0,1.0,0.0,1.0,2.0,0.0,0.0,-
9,8479425,Filip Hronek,VAN,D,https://assets.nhle.com/mugs/nhl/20262027/VAN/8479425.png,https://assets.nhle.com/logos/nhl/svg/VAN_light.svg,17,filiphronek,4.0,103.45,0.0,5.0,3.0,2.0,5.0,45.45,5.0,0.00,0.12,11.0,5.0,2.0,0.0,0.0,2.0,0.0,0.0,0.0,0.0,0.0,1.0,5.0,0.0,5.0,13.0,17.0,0.0,0.0,-
10,8478469,Thomas Chabot,OTT,D,https://assets.nhle.com/mugs/nhl/20262027/OTT/8478469.png,https://assets.nhle.com/logos/nhl/svg/OTT_light.svg,72,thomaschabot,3.0,77.583333333333,1.0,1.0,0.0,1.0,2.0,28.57,8.0,12.50,0.46,16.0,10.0,3.0,1.0,1.0,0.0,2.0,1.0,1.0,0.0,0.0,3.0,3.0,2.0,2.0,3.0,12.0,0.0,0.0,-
11,8480803,Evan Bouchard,EDM,D,https://assets.nhle.com/mugs/nhl/20262027/EDM/8480803.png,https://assets.nhle.com/logos/nhl/svg/EDM_light.svg,2,evanbouchard,3.0,77.05,4.0,4.0,2.0,2.0,8.0,72.73,13.0,30.77,0.59,29.0,18.0,11.0,1.0,0.0,2.0,0.0,0.0,0.0,0.0,0.0,0.0,4.0,1.0,3.0,3.0,3.0,0.0,0.0,-
12,8474600,Roman Josi,NSH,D,https://assets.nhle.com/mugs/nhl/20262027/NSH/8474600.png,https://assets.nhle.com/logos/nhl/svg/NSH_light.svg,59,romanjosi,3.0,76.616666666667,1.0,2.0,0.0,2.0,3.0,100.00,4.0,25.00,0.18,7.0,6.0,1.0,0.0,0.0,1.0,0.0,0.0,0.0,0.0,0.0,1.0,4.0,0.0,3.0,7.0,4.0,0.0,0.0,-
13,8481542,Moritz Seider,DET,D,https://assets.nhle.com/mugs/nhl/20262027/DET/8481542.png,https://assets.nhle.com/logos/nhl/svg/DET_light.svg,53,moritzseider,3.0,74.916666666667,0.0,1.0,0.0,1.0,1.0,33.33,8.0,0.00,0.46,12.0,11.0,2.0,0.0,0.0,0.0,2.0,1.0,1.0,0.0,0.0,0.0,4.0,1.0,4.0,0.0,8.0,0.0,0.0,-
14,8476875,Mike Matheson,MTL,D,https://assets.nhle.com/mugs/nhl/20262027/MTL/8476875.png,https://assets.nhle.com/logos/nhl/svg/MTL_light.svg,8,michaelmatheson,3.0,74.05,0.0,1.0,1.0,0.0,1.0,33.33,7.0,0.00,0.27,11.0,7.0,5.0,3.0,0.0,1.0,4.0,2.0,2.0,0.0,0.0,1.0,3.0,1.0,2.0,3.0,7.0,0.0,0.0,-
15,8477948,Travis Sanheim,PHI,D,https://assets.nhle.com/mugs/nhl/20262027/PHI/8477948.png,https://assets.nhle.com/logos/nhl/svg/PHI_light.svg,6,travissanheim,4.0,98.183333333333,1.0,1.0,1.0,0.0,2.0,66.67,8.0,12.50,0.24,13.0,9.0,1.0,0.0,0.0,2.0,0.0,0.0,0.0,0.0,0.0,0.0,10.0,2.0,2.0,5.0,9.0,0.0,0.0,-
16,8485366,Matthew Schaefer,NYI,D,https://assets.nhle.com/mugs/nhl/20262027/NYI/8485366.png,https://assets.nhle.com/logos/nhl/svg/NYI_light.svg,48,mattschaefer,3.0,73.366666666667,0.0,2.0,1.0,1.0,2.0,40.00,7.0,0.00,0.42,25.0,14.0,7.0,1.0,0.0,3.0,2.0,1.0,1.0,0.0,0.0,0.0,6.0,5.0,1.0,7.0,2.0,0.0,0.0,-
17,8482684,Luke Hughes,NJD,D,https://assets.nhle.com/mugs/nhl/20262027/NJD/8482684.png,https://assets.nhle.com/logos/nhl/svg/NJD_light.svg,43,lukehughes,3.0,72.183333333333,1.0,0.0,0.0,0.0,1.0,33.33,11.0,9.09,0.66,26.0,13.0,11.0,2.0,0.0,1.0,2.0,1.0,1.0,0.0,0.0,1.0,3.0,3.0,0.0,5.0,0.0,0.0,0.0,-
18,8480036,Miro Heiskanen,DAL,D,https://assets.nhle.com/mugs/nhl/20262027/DAL/8480036.png,https://assets.nhle.com/logos/nhl/svg/DAL_light.svg,4,miroheiskanen,3.0,71.95,2.0,0.0,0.0,0.0,2.0,50.00,8.0,25.00,0.59,17.0,11.0,8.0,0.0,0.0,3.0,0.0,0.0,0.0,0.0,0.0,1.0,0.0,0.0,0.0,4.0,5.0,0.0,0.0,-
19,8481524,Bowen Byram,CHI,D,https://assets.nhle.com/mugs/nhl/20262027/CHI/8481524.png,https://assets.nhle.com/logos/nhl/svg/CHI_light.svg,24,bowenbyram,3.0,71.316666666667,0.0,0.0,0.0,0.0,0.0,0.00,2.0,0.00,0.1,9.0,4.0,3.0,0.0,0.0,2.0,0.0,0.0,0.0,0.0,0.0,0.0,2.0,1.0,0.0,4.0,4.0,0.0,0.0,-
20,8478402,Connor McDavid,EDM,C,https://assets.nhle.com/mugs/nhl/20262027/EDM/8478402.png,https://assets.nhle.com/logos/nhl/svg/EDM_light.svg,97,connormcdavid,3.0,71.183333333333,2.0,7.0,5.0,2.0,9.0,75.00,7.0,28.57,0.9,16.0,9.0,10.0,1.0,1.0,1.0,0.0,0.0,0.0,0.0,0.0,1.0,4.0,1.0,2.0,5.0,2.0,19.0,20.0,48.72
21,8477504,Josh Morrissey,WPG,D,https://assets.nhle.com/mugs/nhl/20262027/WPG/8477504.png,https://assets.nhle.com/logos/nhl/svg/WPG_light.svg,44,joshmorrissey,3.0,70.75,0.0,3.0,2.0,1.0,3.0,60.00,11.0,0.00,0.59,18.0,13.0,9.0,1.0,0.0,3.0,2.0,1.0,1.0,0.0,0.0,0.0,5.0,0.0,1.0,3.0,4.0,0.0,0.0,-
22,8477986,Brandon Montour,SEA,D,https://assets.nhle.com/mugs/nhl/20262027/SEA/8477986.png,https://assets.nhle.com/logos/nhl/svg/SEA_light.svg,62,brandonmontour,3.0,70.733333333333,0.0,2.0,1.0,1.0,2.0,40.00,7.0,0.00,0.47,16.0,12.0,5.0,0.0,1.0,1.0,10.0,1.0,0.0,0.0,1.0,1.0,1.0,2.0,5.0,3.0,6.0,0.0,0.0,-
23,8481606,Jordan Spence,OTT,D,https://assets.nhle.com/mugs/nhl/20262027/OTT/8481606.png,https://assets.nhle.com/logos/nhl/svg/OTT_light.svg,10,jordanspence,3.0,69.8,0.0,0.0,0.0,0.0,0.0,0.00,4.0,0.00,0.21,9.0,7.0,2.0,0.0,0.0,1.0,0.0,0.0,0.0,0.0,0.0,0.0,2.0,0.0,1.0,7.0,3.0,0.0,0.0,-
24,8478178,Darren Raddysh,TOR,D,https://assets.nhle.com/mugs/nhl/20262027/TOR/8478178.png,https://assets.nhle.com/logos/nhl/svg/TOR_light.svg,43,darrenraddysh,4.0,93.0,0.0,1.0,1.0,0.0,1.0,20.00,11.0,0.00,0.79,29.0,15.0,10.0,3.0,0.0,4.0,0.0,0.0,0.0,0.0,0.0,0.0,8.0,2.0,0.0,6.0,5.0,0.0,0.0,-
25,8480817,K'Andre Miller,CAR,D,https://assets.nhle.com/mugs/nhl/20262027/CAR/8480817.png,https://assets.nhle.com/logos/nhl/svg/CAR_light.svg,19,kandremiller,4.0,92.85,0.0,1.0,1.0,0.0,1.0,50.00,3.0,0.00,0.2,12.0,6.0,5.0,2.0,0.0,0.0,2.0,1.0,1.0,0.0,0.0,0.0,3.0,3.0,5.0,6.0,7.0,0.0,0.0,-
26,8480865,Noah Dobson,MTL,D,https://assets.nhle.com/mugs/nhl/20262027/MTL/8480865.png,https://assets.nhle.com/logos/nhl/svg/MTL_light.svg,53,noahdobson,3.0,69.283333333333,0.0,1.0,0.0,1.0,1.0,33.33,4.0,0.00,1.03,19.0,10.0,2.0,0.0,1.0,2.0,6.0,3.0,3.0,0.0,0.0,3.0,8.0,1.0,4.0,12.0,4.0,0.0,0.0,-
27,8475764,Cam Fowler,STL,D,https://assets.nhle.com/mugs/nhl/20262027/STL/8475764.png,https://assets.nhle.com/logos/nhl/svg/STL_light.svg,17,camfowler,3.0,69.1,0.0,0.0,0.0,0.0,0.0,0.00,5.0,0.00,0.12,12.0,6.0,1.0,0.0,0.0,1.0,2.0,1.0,1.0,0.0,0.0,0.0,2.0,0.0,0.0,4.0,5.0,0.0,0.0,-
28,8479345,Jakob Chychrun,WSH,D,https://assets.nhle.com/mugs/nhl/20262027/WSH/8479345.png,https://assets.nhle.com/logos/nhl/svg/WSH_secondary_light.svg,6,jakobchychrun,2.0,46.033333333333,1.0,2.0,1.0,1.0,3.0,100.00,5.0,20.00,0.38,12.0,9.0,4.0,1.0,1.0,2.0,4.0,2.0,2.0,0.0,0.0,1.0,0.0,0.0,0.0,6.0,2.0,0.0,0.0,-
29,8476453,Nikita Kucherov,TBL,R,https://assets.nhle.com/mugs/nhl/20262027/TBL/8476453.png,https://assets.nhle.com/logos/nhl/svg/TBL_light.svg,86,nikitakucherov,3.0,68.866666666667,1.0,3.0,2.0,1.0,4.0,100.00,5.0,20.00,0.91,19.0,11.0,9.0,2.0,0.0,3.0,0.0,0.0,0.0,0.0,0.0,1.0,10.0,1.0,0.0,2.0,1.0,1.0,0.0,100.00
30,8480145,Neal Pionk,WPG,D,https://assets.nhle.com/mugs/nhl/20262027/WPG/8480145.png,https://assets.nhle.com/logos/nhl/svg/WPG_light.svg,4,nealpionk,3.0,68.566666666667,0.0,0.0,0.0,0.0,0.0,0.00,7.0,0.00,0.67,15.0,12.0,2.0,0.0,0.0,1.0,0.0,0.0,0.0,0.0,0.0,1.0,7.0,1.0,4.0,5.0,6.0,0.0,0.0,-
31,8481581,Thomas Harley,DAL,D,https://assets.nhle.com/mugs/nhl/20262027/DAL/8481581.png,https://assets.nhle.com/logos/nhl/svg/DAL_light.svg,55,thomasharley,3.0,68.45,0.0,0.0,0.0,0.0,0.0,0.00,3.0,0.00,0.25,14.0,7.0,2.0,0.0,0.0,1.0,2.0,1.0,1.0,0.0,0.0,0.0,4.0,2.0,2.0,12.0,1.0,0.0,0.0,-
32,8481559,Jack Hughes,NJD,C,https://assets.nhle.com/mugs/nhl/20262027/NJD/8481559.png,https://assets.nhle.com/logos/nhl/svg/NJD_light.svg,86,jackhughes,3.0,68.35,1.0,1.0,1.0,0.0,2.0,66.67,14.0,7.14,1.13,26.0,19.0,15.0,4.0,0.0,2.0,0.0,0.0,0.0,0.0,0.0,0.0,6.0,0.0,0.0,7.0,1.0,7.0,23.0,23.33
33,8477447,Shea Theodore,VGK,D,https://assets.nhle.com/mugs/nhl/20262027/VGK/8477447.png,https://assets.nhle.com/logos/nhl/svg/VGK_light.svg,27,sheatheodore,3.0,68.216666666667,1.0,2.0,0.0,2.0,3.0,33.33,7.0,14.29,0.24,15.0,8.0,3.0,0.0,1.0,2.0,0.0,0.0,0.0,0.0,0.0,0.0,7.0,1.0,0.0,4.0,5.0,0.0,0.0,-
34,8481546,Cam York,PHI,D,https://assets.nhle.com/mugs/nhl/20262027/PHI/8481546.png,https://assets.nhle.com/logos/nhl/svg/PHI_light.svg,8,camyork,4.0,90.833333333333,0.0,0.0,0.0,0.0,0.0,0.00,4.0,0.00,0.25,9.0,6.0,5.0,0.0,0.0,0.0,0.0,0.0,0.0,0.0,0.0,1.0,8.0,1.0,5.0,4.0,8.0,0.0,0.0,-
35,8478854,Ryan Shea,EDM,D,https://assets.nhle.com/mugs/nhl/20262027/EDM/8478854.png,https://assets.nhle.com/logos/nhl/svg/EDM_light.svg,6,ryanshea,3.0,67.283333333333,1.0,2.0,0.0,2.0,3.0,37.50,1.0,100.00,0.16,4.0,4.0,1.0,1.0,0.0,0.0,0.0,0.0,0.0,0.0,0.0,1.0,1.0,0.0,3.0,6.0,0.0,0.0,0.0,-
36,8479318,Auston Matthews,TOR,C,https://assets.nhle.com/mugs/nhl/20262027/TOR/8479318.png,https://assets.nhle.com/logos/nhl/svg/TOR_light.svg,34,austonmatts,4.0,89.616666666667,2.0,3.0,3.0,0.0,5.0,83.33,14.0,14.29,2.21,24.0,21.0,19.0,9.0,0.0,5.0,0.0,0.0,0.0,0.0,0.0,1.0,3.0,2.0,2.0,2.0,3.0,27.0,27.0,50.00
37,8484801,Macklin Celebrini,SJS,C,https://assets.nhle.com/mugs/nhl/20262027/SJS/8484801.png,https://assets.nhle.com/logos/nhl/svg/SJS_light.svg,71,macklincelebrini,2.0,44.65,0.0,5.0,3.0,2.0,5.0,83.33,9.0,0.00,0.56,13.0,11.0,6.0,1.0,2.0,1.0,2.0,1.0,1.0,0.0,0.0,0.0,5.0,2.0,0.0,4.0,3.0,15.0,15.0,50.00
38,8477933,Sam Reinhart,FLA,C,https://assets.nhle.com/mugs/nhl/20262027/FLA/8477933.png,https://assets.nhle.com/logos/nhl/svg/FLA_light.svg,13,samreinhart,3.0,66.816666666667,0.0,0.0,0.0,0.0,0.0,-,7.0,0.00,1.32,19.0,13.0,12.0,5.0,0.0,0.0,0.0,0.0,0.0,0.0,0.0,1.0,2.0,0.0,9.0,7.0,1.0,6.0,13.0,31.58
39,8476462,Dougie Hamilton,NJD,D,https://assets.nhle.com/mugs/nhl/20262027/NJD/8476462.png,https://assets.nhle.com/logos/nhl/svg/NJD_light.svg,7,dougiehamilton,3.0,66.55,1.0,1.0,1.0,0.0,2.0,100.00,10.0,10.00,0.7,24.0,16.0,7.0,1.0,0.0,5.0,0.0,0.0,0.0,0.0,0.0,1.0,6.0,2.0,5.0,4.0,5.0,0.0,0.0,-
40,8476331,Dylan DeMelo,WPG,D,https://assets.nhle.com/mugs/nhl/20262027/WPG/8476331.png,https://assets.nhle.com/logos/nhl/svg/WPG_light.svg,2,dylandemelo,3.0,66.166666666667,1.0,1.0,0.0,1.0,2.0,100.00,2.0,50.00,0.07,4.0,4.0,1.0,0.0,0.0,0.0,4.0,2.0,2.0,0.0,0.0,1.0,7.0,2.0,2.0,9.0,4.0,0.0,0.0,-
41,8479542,Brandon Hagel,TBL,L,https://assets.nhle.com/mugs/nhl/20262027/TBL/8479542.png,https://assets.nhle.com/logos/nhl/svg/TBL_light.svg,38,brandonhagel,3.0,65.966666666667,1.0,2.0,2.0,0.0,3.0,100.00,17.0,5.88,2.45,30.0,23.0,16.0,9.0,0.0,6.0,2.0,1.0,1.0,0.0,0.0,2.0,4.0,3.0,1.0,4.0,1.0,1.0,2.0,33.33
42,8481598,Philip Broberg,STL,D,https://assets.nhle.com/mugs/nhl/20262027/STL/8481598.png,https://assets.nhle.com/logos/nhl/svg/STL_light.svg,6,philipbroberg,3.0,65.833333333333,0.0,2.0,2.0,0.0,2.0,66.67,5.0,0.00,0.23,10.0,6.0,3.0,1.0,0.0,0.0,0.0,0.0,0.0,0.0,0.0,3.0,3.0,1.0,2.0,4.0,3.0,0.0,0.0,-
43,8477934,Leon Draisaitl,EDM,C,https://assets.nhle.com/mugs/nhl/20262027/EDM/8477934.png,https://assets.nhle.com/logos/nhl/svg/EDM_light.svg,29,leondraisaitl,3.0,65.7,3.0,2.0,1.0,1.0,5.0,55.56,15.0,20.00,1.99,31.0,21.0,20.0,6.0,1.0,0.0,0.0,0.0,0.0,0.0,0.0,1.0,6.0,0.0,1.0,3.0,0.0,25.0,21.0,54.35
44,8478483,Mitch Marner,VGK,R,https://assets.nhle.com/mugs/nhl/20262027/VGK/8478483.png,https://assets.nhle.com/logos/nhl/svg/VGK_light.svg,93,mitchmarner,3.0,65.65,1.0,1.0,1.0,0.0,2.0,66.67,8.0,12.50,0.71,15.0,11.0,8.0,2.0,0.0,1.0,0.0,0.0,0.0,0.0,0.0,1.0,6.0,1.0,2.0,1.0,1.0,0.0,0.0,-
45,8475158,Ryan O'Reilly,NSH,C,https://assets.nhle.com/mugs/nhl/20262027/NSH/8475158.png,https://assets.nhle.com/logos/nhl/svg/NSH_light.svg,90,ryanoreilly,3.0,65.616666666667,0.0,2.0,2.0,0.0,2.0,50.00,6.0,0.00,0.48,7.0,7.0,6.0,2.0,0.0,1.0,0.0,0.0,0.0,0.0,0.0,0.0,3.0,1.0,2.0,3.0,2.0,30.0,21.0,58.82
46,8476958,Jaccob Slavin,CAR,D,https://assets.nhle.com/mugs/nhl/20262027/CAR/8476958.png,https://assets.nhle.com/logos/nhl/svg/CAR_light.svg,74,jaccobslavin,4.0,87.133333333333,0.0,2.0,1.0,1.0,2.0,40.00,7.0,0.00,0.29,15.0,11.0,3.0,0.0,0.0,2.0,0.0,0.0,0.0,0.0,0.0,1.0,1.0,0.0,2.0,9.0,11.0,0.0,0.0,-
47,8479314,Matthew Tkachuk,FLA,L,https://assets.nhle.com/mugs/nhl/20262027/FLA/8479314.png,https://assets.nhle.com/logos/nhl/svg/FLA_light.svg,19,matttkachuk,3.0,65.266666666667,1.0,1.0,0.0,1.0,2.0,100.00,5.0,20.00,1.29,17.0,12.0,8.0,4.0,0.0,2.0,0.0,0.0,0.0,0.0,0.0,2.0,6.0,1.0,4.0,7.0,1.0,0.0,0.0,-
48,8480807,Mattias Samuelsson,BUF,D,https://assets.nhle.com/mugs/nhl/20262027/BUF/8480807.png,https://assets.nhle.com/logos/nhl/svg/BUF_light.svg,23,mattiassamuelsson,3.0,65.216666666667,1.0,1.0,0.0,1.0,2.0,100.00,4.0,25.00,0.22,8.0,7.0,3.0,0.0,0.0,1.0,4.0,2.0,2.0,0.0,0.0,2.0,5.0,1.0,3.0,3.0,3.0,0.0,0.0,-
49,8484798,Zeev Buium,VAN,D,https://assets.nhle.com/mugs/nhl/20262027/VAN/8484798.png,https://assets.nhle.com/logos/nhl/svg/VAN_light.svg,8,zeevbuium,4.0,86.666666666667,0.0,0.0,0.0,0.0,0.0,0.00,5.0,0.00,0.26,11.0,6.0,3.0,0.0,0.0,1.0,0.0,0.0,0.0,0.0,0.0,1.0,7.0,0.0,0.0,5.0,5.0,0.0,0.0,-
50,8477220,Nate Schmidt,UTA,D,https://assets.nhle.com/mugs/nhl/20262027/UTA/8477220.png,https://assets.nhle.com/logos/nhl/svg/UTA_light.svg,88,nathanschmidt,4.0,86.583333333333,0.0,1.0,0.0,1.0,1.0,33.33,5.0,0.00,0.43,16.0,7.0,6.0,1.0,0.0,0.0,0.0,0.0,0.0,0.0,0.0,0.0,5.0,1.0,7.0,3.0,3.0,0.0,0.0,-
51,8478864,Kirill Kaprizov,MIN,L,https://assets.nhle.com/mugs/nhl/20262027/MIN/8478864.png,https://assets.nhle.com/logos/nhl/svg/MIN_light.svg,97,kirillkaprizov,3.0,64.666666666667,3.0,0.0,0.0,0.0,3.0,100.00,9.0,33.33,2.33,23.0,18.0,15.0,6.0,2.0,1.0,0.0,0.0,0.0,0.0,0.0,1.0,2.0,0.0,1.0,1.0,0.0,1.0,3.0,25.00
52,8478882,Vladislav Gavrikov,NYR,D,https://assets.nhle.com/mugs/nhl/20262027/NYR/8478882.png,https://assets.nhle.com/logos/nhl/svg/NYR_light.svg,44,vladislavgavrikov,5.0,107.73333333333,1.0,2.0,1.0,1.0,3.0,42.86,7.0,14.29,0.17,11.0,7.0,2.0,0.0,0.0,1.0,0.0,0.0,0.0,0.0,0.0,2.0,6.0,0.0,5.0,12.0,13.0,0.0,0.0,-
53,8478055,Gustav Forsling,FLA,D,https://assets.nhle.com/mugs/nhl/20262027/FLA/8478055.png,https://assets.nhle.com/logos/nhl/svg/FLA_light.svg,42,gustavforsling,2.0,43.083333333333,1.0,0.0,0.0,0.0,1.0,100.00,2.0,50.00,0.04,8.0,3.0,2.0,0.0,0.0,0.0,4.0,2.0,2.0,0.0,0.0,0.0,1.0,0.0,3.0,4.0,4.0,0.0,0.0,-
54,8478859,Niko Mikkola,FLA,D,https://assets.nhle.com/mugs/nhl/20262027/FLA/8478859.png,https://assets.nhle.com/logos/nhl/svg/FLA_light.svg,77,nikomikkola,3.0,64.516666666667,0.0,0.0,0.0,0.0,0.0,-,7.0,0.00,0.22,15.0,12.0,2.0,0.0,1.0,1.0,2.0,1.0,1.0,0.0,0.0,0.0,4.0,3.0,1.0,9.0,4.0,0.0,0.0,-
55,8477429,Andrew Copp,DET,C,https://assets.nhle.com/mugs/nhl/20262027/DET/8477429.png,https://assets.nhle.com/logos/nhl/svg/DET_light.svg,18,andrewcopp,3.0,64.416666666667,0.0,1.0,1.0,0.0,1.0,50.00,5.0,0.00,0.45,11.0,8.0,6.0,2.0,0.0,0.0,2.0,1.0,1.0,0.0,0.0,0.0,6.0,0.0,4.0,4.0,2.0,40.0,26.0,60.61
56,8474563,Drew Doughty,LAK,D,https://assets.nhle.com/mugs/nhl/20262027/LAK/8474563.png,https://assets.nhle.com/logos/nhl/svg/LAK_light.svg,8,drewdoughty,2.0,42.883333333333,0.0,1.0,1.0,0.0,1.0,33.33,1.0,0.00,0.06,6.0,3.0,1.0,0.0,0.0,0.0,4.0,2.0,2.0,0.0,0.0,1.0,1.0,0.0,1.0,5.0,3.0,0.0,0.0,-
57,8475218,Mattias Ekholm,EDM,D,https://assets.nhle.com/mugs/nhl/20262027/EDM/8475218.png,https://assets.nhle.com/logos/nhl/svg/EDM_light.svg,14,mattiasekholm,3.0,64.316666666667,0.0,0.0,0.0,0.0,0.0,0.00,2.0,0.00,0.07,6.0,3.0,2.0,0.0,0.0,2.0,10.0,1.0,0.0,0.0,1.0,2.0,7.0,0.0,4.0,7.0,2.0,0.0,0.0,-
58,8476457,Adam Larsson,SEA,D,https://assets.nhle.com/mugs/nhl/20262027/SEA/8476457.png,https://assets.nhle.com/logos/nhl/svg/SEA_light.svg,6,adamlarsson,3.0,64.183333333333,0.0,0.0,0.0,0.0,0.0,0.00,2.0,0.00,0.03,3.0,2.0,0.0,0.0,0.0,0.0,0.0,0.0,0.0,0.0,0.0,0.0,4.0,0.0,10.0,5.0,10.0,0.0,0.0,-
59,8476874,Olli Maatta,MIN,D,https://assets.nhle.com/mugs/nhl/20262027/MIN/8476874.png,https://assets.nhle.com/logos/nhl/svg/MIN_light.svg,3,ollimaatta,3.0,64.083333333333,0.0,1.0,0.0,1.0,1.0,100.00,1.0,0.00,0.04,2.0,2.0,1.0,0.0,0.0,0.0,2.0,1.0,1.0,0.0,0.0,0.0,4.0,1.0,0.0,6.0,3.0,0.0,0.0,-
60,8482095,Tyler Kleven,OTT,D,https://assets.nhle.com/mugs/nhl/20262027/OTT/8482095.png,https://assets.nhle.com/logos/nhl/svg/OTT_light.svg,43,tylerkleven,3.0,64.033333333333,0.0,0.0,0.0,0.0,0.0,0.00,4.0,0.00,0.06,6.0,4.0,1.0,0.0,0.0,1.0,2.0,1.0,1.0,0.0,0.0,1.0,5.0,1.0,4.0,9.0,9.0,0.0,0.0,-
61,8478550,Artemi Panarin,LAK,L,https://assets.nhle.com/mugs/nhl/20262027/LAK/8478550.png,https://assets.nhle.com/logos/nhl/svg/LAK_light.svg,10,artemipanarin,2.0,42.616666666667,2.0,1.0,1.0,0.0,3.0,75.00,6.0,33.33,0.96,17.0,13.0,8.0,3.0,1.0,3.0,0.0,0.0,0.0,0.0,0.0,2.0,3.0,0.0,0.0,0.0,0.0,0.0,0.0,-
62,8482078,Lucas Raymond,DET,L,https://assets.nhle.com/mugs/nhl/20262027/DET/8482078.png,https://assets.nhle.com/logos/nhl/svg/DET_light.svg,23,lucasraymond,3.0,63.716666666667,0.0,3.0,1.0,2.0,3.0,75.00,10.0,0.00,0.71,21.0,14.0,10.0,4.0,0.0,2.0,2.0,1.0,1.0,0.0,0.0,1.0,2.0,1.0,1.0,5.0,1.0,0.0,0.0,-
63,8477404,Jake Guentzel,TBL,C,https://assets.nhle.com/mugs/nhl/20262027/TBL/8477404.png,https://assets.nhle.com/logos/nhl/svg/TBL_light.svg,59,jakeguentzel,3.0,63.666666666667,1.0,2.0,0.0,2.0,3.0,100.00,10.0,10.00,2.03,12.0,11.0,11.0,5.0,0.0,2.0,0.0,0.0,0.0,0.0,0.0,0.0,3.0,1.0,1.0,2.0,1.0,13.0,9.0,59.09
64,8478420,Mikko Rantanen,DAL,R,https://assets.nhle.com/mugs/nhl/20262027/DAL/8478420.png,https://assets.nhle.com/logos/nhl/svg/DAL_light.svg,96,mikkorantanen,3.0,63.65,1.0,1.0,1.0,0.0,2.0,66.67,7.0,14.29,0.72,16.0,11.0,6.0,3.0,0.0,0.0,0.0,0.0,0.0,0.0,0.0,2.0,2.0,2.0,2.0,6.0,3.0,3.0,3.0,50.00
65,8480049,Dylan Samberg,WPG,D,https://assets.nhle.com/mugs/nhl/20262027/WPG/8480049.png,https://assets.nhle.com/logos/nhl/svg/WPG_light.svg,54,dylansamberg,3.0,63.65,0.0,0.0,0.0,0.0,0.0,0.00,2.0,0.00,0.11,7.0,6.0,1.0,0.0,0.0,0.0,0.0,0.0,0.0,0.0,0.0,0.0,0.0,0.0,2.0,1.0,8.0,0.0,0.0,-
66,8474578,Erik Karlsson,PIT,D,https://assets.nhle.com/mugs/nhl/20262027/PIT/8474578.png,https://assets.nhle.com/logos/nhl/svg/PIT_light.svg,65,erikkarlsson,3.0,63.616666666667,0.0,4.0,2.0,2.0,4.0,66.67,4.0,0.00,0.24,16.0,10.0,3.0,1.0,0.0,0.0,0.0,0.0,0.0,0.0,0.0,0.0,6.0,0.0,1.0,2.0,2.0,0.0,0.0,-
67,8480860,Kevin Bahl,CGY,D,https://assets.nhle.com/mugs/nhl/20262027/CGY/8480860.png,https://assets.nhle.com/logos/nhl/svg/CGY_light.svg,7,kevinbahl,3.0,63.516666666667,0.0,0.0,0.0,0.0,0.0,-,1.0,0.00,0.07,5.0,2.0,2.0,0.0,0.0,1.0,6.0,3.0,3.0,0.0,0.0,1.0,1.0,0.0,4.0,2.0,2.0,0.0,0.0,-
68,8479323,Adam Fox,NYR,D,https://assets.nhle.com/mugs/nhl/20262027/NYR/8479323.png,https://assets.nhle.com/logos/nhl/svg/NYR_light.svg,23,adamfox,5.0,105.71666666667,0.0,5.0,3.0,2.0,5.0,55.56,3.0,0.00,0.78,16.0,8.0,7.0,1.0,0.0,0.0,2.0,1.0,1.0,0.0,0.0,0.0,5.0,1.0,2.0,7.0,4.0,0.0,0.0,-
69,8482116,Tim Stützle,OTT,C,https://assets.nhle.com/mugs/nhl/20262027/OTT/8482116.png,https://assets.nhle.com/logos/nhl/svg/OTT_light.svg,18,timstutzle,3.0,63.4,3.0,3.0,2.0,1.0,6.0,85.71,7.0,42.86,0.68,13.0,8.0,5.0,2.0,0.0,0.0,2.0,1.0,1.0,0.0,0.0,2.0,2.0,0.0,9.0,2.0,3.0,26.0,18.0,59.09
70,8480018,Nick Suzuki,MTL,C,https://assets.nhle.com/mugs/nhl/20262027/MTL/8480018.png,https://assets.nhle.com/logos/nhl/svg/MTL_light.svg,14,nicksuzuki,3.0,63.25,2.0,4.0,3.0,1.0,6.0,85.71,8.0,25.00,0.79,17.0,14.0,7.0,1.0,0.0,0.0,2.0,1.0,1.0,0.0,0.0,0.0,4.0,2.0,8.0,3.0,1.0,26.0,28.0,48.15
71,8480727,Zach Whitecloud,CGY,D,https://assets.nhle.com/mugs/nhl/20262027/CGY/8480727.png,https://assets.nhle.com/logos/nhl/svg/CGY_light.svg,28,zachwhitecloud,3.0,63.233333333333,0.0,0.0,0.0,0.0,0.0,0.00,2.0,0.00,0.13,6.0,3.0,0.0,0.0,0.0,0.0,0.0,0.0,0.0,0.0,0.0,0.0,3.0,0.0,3.0,9.0,7.0,0.0,0.0,-
72,8478407,Vince Dunn,SEA,D,https://assets.nhle.com/mugs/nhl/20262027/SEA/8478407.png,https://assets.nhle.com/logos/nhl/svg/SEA_light.svg,29,vincedunn,3.0,63.016666666667,1.0,3.0,1.0,2.0,4.0,80.00,3.0,33.33,0.17,10.0,4.0,4.0,0.0,0.0,0.0,4.0,2.0,2.0,0.0,0.0,1.0,3.0,0.0,3.0,6.0,3.0,0.0,0.0,-
73,8478398,Kyle Connor,WPG,L,https://assets.nhle.com/mugs/nhl/20262027/WPG/8478398.png,https://assets.nhle.com/logos/nhl/svg/WPG_light.svg,81,kyleconnor,3.0,63.0,3.0,2.0,1.0,1.0,5.0,83.33,20.0,15.00,2.33,32.0,26.0,20.0,7.0,0.0,5.0,0.0,0.0,0.0,0.0,0.0,0.0,1.0,1.0,1.0,1.0,3.0,0.0,0.0,-
74,8481557,Matt Boldy,MIN,L,https://assets.nhle.com/mugs/nhl/20262027/MIN/8481557.png,https://assets.nhle.com/logos/nhl/svg/MIN_light.svg,12,mattboldy,3.0,62.95,0.0,0.0,0.0,0.0,0.0,0.00,16.0,0.00,2.2,27.0,21.0,13.0,5.0,1.0,2.0,2.0,1.0,1.0,0.0,0.0,2.0,4.0,1.0,2.0,4.0,4.0,1.0,4.0,20.00
75,8479410,Mikhail Sergachev,UTA,D,https://assets.nhle.com/mugs/nhl/20262027/UTA/8479410.png,https://assets.nhle.com/logos/nhl/svg/UTA_light.svg,98,mikhailsergachev,4.0,83.883333333333,1.0,5.0,1.0,4.0,6.0,60.00,12.0,8.33,0.42,23.0,14.0,5.0,0.0,0.0,7.0,6.0,3.0,3.0,0.0,0.0,0.0,5.0,2.0,3.0,6.0,6.0,0.0,0.0,-
76,8477932,Aaron Ekblad,FLA,D,https://assets.nhle.com/mugs/nhl/20262027/FLA/8477932.png,https://assets.nhle.com/logos/nhl/svg/FLA_light.svg,5,aaronekblad,2.0,41.833333333333,0.0,1.0,0.0,1.0,1.0,50.00,0.0,-,0.11,6.0,2.0,2.0,0.0,1.0,1.0,0.0,0.0,0.0,0.0,0.0,0.0,2.0,0.0,2.0,2.0,0.0,0.0,0.0,-
77,8476473,Connor Murphy,EDM,D,https://assets.nhle.com/mugs/nhl/20262027/EDM/8476473.png,https://assets.nhle.com/logos/nhl/svg/EDM_light.svg,5,connormurphy,3.0,62.616666666667,0.0,0.0,0.0,0.0,0.0,0.00,3.0,0.00,0.08,6.0,4.0,1.0,0.0,1.0,0.0,2.0,1.0,1.0,0.0,0.0,0.0,4.0,0.0,1.0,5.0,12.0,0.0,0.0,-
78,8483495,Simon Nemec,CGY,D,https://assets.nhle.com/mugs/nhl/20262027/CGY/8483495.png,https://assets.nhle.com/logos/nhl/svg/CGY_light.svg,71,simonnemec,3.0,62.516666666667,0.0,0.0,0.0,0.0,0.0,-,7.0,0.00,0.82,19.0,10.0,5.0,3.0,0.0,3.0,0.0,0.0,0.0,0.0,0.0,1.0,4.0,1.0,0.0,3.0,2.0,0.0,0.0,-
79,8482124,Quinton Byfield,LAK,R,https://assets.nhle.com/mugs/nhl/20262027/LAK/8482124.png,https://assets.nhle.com/logos/nhl/svg/LAK_light.svg,55,quintonbyfield,2.0,41.65,1.0,1.0,1.0,0.0,2.0,66.67,7.0,14.29,0.72,13.0,11.0,9.0,4.0,1.0,0.0,0.0,0.0,0.0,0.0,0.0,0.0,2.0,6.0,0.0,2.0,2.0,27.0,9.0,75.00
80,8477346,MacKenzie Weegar,UTA,D,https://assets.nhle.com/mugs/nhl/20262027/UTA/8477346.png,https://assets.nhle.com/logos/nhl/svg/UTA_light.svg,52,mackenzieweegar,4.0,83.283333333333,1.0,0.0,0.0,0.0,1.0,50.00,6.0,16.67,0.4,22.0,12.0,7.0,2.0,0.0,1.0,15.0,6.0,5.0,1.0,0.0,2.0,5.0,1.0,17.0,7.0,17.0,0.0,0.0,-
81,8482511,Mason Lohrei,BOS,D,https://assets.nhle.com/mugs/nhl/20262027/BOS/8482511.png,https://assets.nhle.com/logos/nhl/svg/BOS_light.svg,6,masonlohrei,4.0,83.25,0.0,2.0,1.0,1.0,2.0,100.00,2.0,0.00,0.2,12.0,5.0,7.0,0.0,0.0,1.0,0.0,0.0,0.0,0.0,0.0,1.0,3.0,1.0,0.0,11.0,2.0,0.0,0.0,-
82,8480434,Sean Durzi,NYR,D,https://assets.nhle.com/mugs/nhl/20262027/NYR/8480434.png,https://assets.nhle.com/logos/nhl/svg/NYR_light.svg,5,seandurzi,5.0,103.98333333333,1.0,0.0,0.0,0.0,1.0,33.33,3.0,33.33,0.18,10.0,4.0,6.0,0.0,0.0,1.0,9.0,3.0,2.0,1.0,0.0,1.0,7.0,1.0,3.0,12.0,8.0,0.0,0.0,-
83,8484240,Tom Willander,VAN,D,https://assets.nhle.com/mugs/nhl/20262027/VAN/8484240.png,https://assets.nhle.com/logos/nhl/svg/VAN_light.svg,5,tomwillander,4.0,83.15,0.0,3.0,0.0,3.0,3.0,60.00,1.0,0.00,0.07,12.0,4.0,1.0,0.0,0.0,3.0,4.0,2.0,2.0,0.0,0.0,1.0,4.0,1.0,1.0,13.0,4.0,0.0,0.0,-
84,8476885,Jacob Trouba,SJS,D,https://assets.nhle.com/mugs/nhl/20262027/SJS/8476885.png,https://assets.nhle.com/logos/nhl/svg/SJS_light.svg,65,jaketrouba,3.0,62.233333333333,0.0,1.0,0.0,1.0,1.0,33.33,3.0,0.00,0.11,7.0,6.0,1.0,0.0,0.0,2.0,5.0,1.0,0.0,1.0,0.0,1.0,6.0,0.0,5.0,4.0,5.0,0.0,0.0,-
85,8482858,Ryker Evans,SEA,D,https://assets.nhle.com/mugs/nhl/20262027/SEA/8482858.png,https://assets.nhle.com/logos/nhl/svg/SEA_light.svg,41,rykerevans,3.0,62.2,0.0,2.0,0.0,2.0,2.0,50.00,4.0,0.00,0.22,8.0,6.0,2.0,1.0,0.0,2.0,2.0,1.0,1.0,0.0,0.0,1.0,5.0,2.0,4.0,12.0,2.0,0.0,0.0,-
86,8476887,Filip Forsberg,NSH,L,https://assets.nhle.com/mugs/nhl/20262027/NSH/8476887.png,https://assets.nhle.com/logos/nhl/svg/NSH_light.svg,9,filipforsberg,3.0,62.15,0.0,3.0,2.0,1.0,3.0,60.00,5.0,0.00,0.53,13.0,8.0,6.0,4.0,1.0,1.0,0.0,0.0,0.0,0.0,0.0,0.0,3.0,3.0,4.0,0.0,1.0,0.0,2.0,0.00
87,8474590,John Carlson,TBL,D,https://assets.nhle.com/mugs/nhl/20262027/TBL/8474590.png,https://assets.nhle.com/logos/nhl/svg/TBL_light.svg,74,johncarlson,3.0,62.116666666667,0.0,2.0,1.0,1.0,2.0,100.00,5.0,0.00,0.37,14.0,9.0,5.0,0.0,0.0,1.0,0.0,0.0,0.0,0.0,0.0,0.0,4.0,0.0,1.0,2.0,3.0,0.0,0.0,-
88,8477960,Adrian Kempe,LAK,R,https://assets.nhle.com/mugs/nhl/20262027/LAK/8477960.png,https://assets.nhle.com/logos/nhl/svg/LAK_light.svg,9,adriankempe,2.0,41.383333333333,1.0,1.0,0.0,1.0,2.0,66.67,9.0,11.11,1.5,19.0,16.0,11.0,6.0,0.0,2.0,2.0,1.0,1.0,0.0,0.0,0.0,3.0,0.0,4.0,0.0,0.0,2.0,2.0,50.00
89,8480336,Sean Walker,CAR,D,https://assets.nhle.com/mugs/nhl/20262027/CAR/8480336.png,https://assets.nhle.com/logos/nhl/svg/CAR_light.svg,26,seanwalker,4.0,82.75,0.0,0.0,0.0,0.0,0.0,-,8.0,0.00,0.29,21.0,11.0,3.0,0.0,0.0,3.0,6.0,3.0,3.0,0.0,0.0,2.0,4.0,2.0,6.0,11.0,8.0,0.0,0.0,-
90,8477946,Dylan Larkin,DET,C,https://assets.nhle.com/mugs/nhl/20262027/DET/8477946.png,https://assets.nhle.com/logos/nhl/svg/DET_light.svg,71,dylanlarkin,1.0,20.683333333333,1.0,1.0,1.0,0.0,2.0,66.67,4.0,25.00,0.68,8.0,7.0,6.0,3.0,0.0,1.0,2.0,1.0,1.0,0.0,0.0,1.0,4.0,0.0,0.0,1.0,1.0,11.0,6.0,64.71
91,8476459,Mika Zibanejad,NYR,C,https://assets.nhle.com/mugs/nhl/20262027/NYR/8476459.png,https://assets.nhle.com/logos/nhl/svg/NYR_light.svg,93,mikazibanejad,5.0,103.36666666667,1.0,5.0,1.0,4.0,6.0,100.00,9.0,11.11,1.42,18.0,15.0,11.0,4.0,0.0,1.0,0.0,0.0,0.0,0.0,0.0,1.0,7.0,2.0,6.0,7.0,5.0,45.0,33.0,57.69
92,8481568,Alex Vlasic,CHI,D,https://assets.nhle.com/mugs/nhl/20262027/CHI/8481568.png,https://assets.nhle.com/logos/nhl/svg/CHI_light.svg,72,alexvlasic,4.0,82.666666666667,0.0,2.0,1.0,1.0,2.0,40.00,2.0,0.00,0.13,10.0,7.0,1.0,0.0,0.0,0.0,0.0,0.0,0.0,0.0,0.0,0.0,4.0,1.0,1.0,14.0,4.0,0.0,0.0,-
93,8476460,Mark Scheifele,WPG,C,https://assets.nhle.com/mugs/nhl/20262027/WPG/8476460.png,https://assets.nhle.com/logos/nhl/svg/WPG_light.svg,55,markscheifele,3.0,61.883333333333,0.0,0.0,0.0,0.0,0.0,0.00,5.0,0.00,1.34,11.0,8.0,6.0,4.0,1.0,0.0,0.0,0.0,0.0,0.0,0.0,0.0,6.0,2.0,1.0,2.0,1.0,26.0,22.0,54.17
94,8476869,Brady Skjei,NSH,D,https://assets.nhle.com/mugs/nhl/20262027/NSH/8476869.png,https://assets.nhle.com/logos/nhl/svg/NSH_light.svg,76,bradyskjei,3.0,61.85,0.0,1.0,0.0,1.0,1.0,50.00,2.0,0.00,0.02,4.0,2.0,1.0,0.0,0.0,1.0,0.0,0.0,0.0,0.0,0.0,0.0,3.0,1.0,2.0,2.0,3.0,0.0,0.0,-
95,8480891,Michael Kesselring,SJS,D,https://assets.nhle.com/mugs/nhl/20262027/SJS/8480891.png,https://assets.nhle.com/logos/nhl/svg/SJS_light.svg,7,michaelkesselring,3.0,61.85,0.0,0.0,0.0,0.0,0.0,0.00,2.0,0.00,0.03,4.0,2.0,2.0,0.0,0.0,0.0,0.0,0.0,0.0,0.0,0.0,0.0,6.0,1.0,2.0,4.0,4.0,0.0,0.0,-
96,8477935,Sam Bennett,FLA,C,https://assets.nhle.com/mugs/nhl/20262027/FLA/8477935.png,https://assets.nhle.com/logos/nhl/svg/FLA_light.svg,9,sambennett,3.0,61.816666666667,0.0,2.0,2.0,0.0,2.0,66.67,6.0,0.00,0.79,15.0,8.0,8.0,4.0,0.0,2.0,2.0,1.0,1.0,0.0,0.0,1.0,5.0,1.0,12.0,2.0,0.0,18.0,18.0,50.00
97,8475798,Mikael Granlund,ANA,C,https://assets.nhle.com/mugs/nhl/20262027/ANA/8475798.png,https://assets.nhle.com/logos/nhl/svg/ANA_light.svg,64,mikaelgranlund,2.0,41.166666666667,1.0,1.0,0.0,1.0,2.0,50.00,2.0,50.00,0.88,6.0,6.0,6.0,5.0,0.0,0.0,0.0,0.0,0.0,0.0,0.0,1.0,5.0,0.0,0.0,1.0,1.0,13.0,15.0,46.43
98,8479337,Alex DeBrincat,DET,R,https://assets.nhle.com/mugs/nhl/20262027/DET/8479337.png,https://assets.nhle.com/logos/nhl/svg/DET_light.svg,93,alexdebrincat,3.0,61.733333333333,2.0,2.0,0.0,2.0,4.0,66.67,8.0,25.00,1.34,20.0,11.0,11.0,1.0,0.0,1.0,4.0,2.0,2.0,0.0,0.0,3.0,2.0,1.0,4.0,3.0,3.0,1.0,1.0,50.00
99,8475786,Zach Hyman,EDM,L,https://assets.nhle.com/mugs/nhl/20262027/EDM/8475786.png,https://assets.nhle.com/logos/nhl/svg/EDM_light.svg,18,zachhyman,1.0,20.55,0.0,0.0,0.0,0.0,0.0,0.00,3.0,0.00,0.4,6.0,3.0,5.0,4.0,0.0,2.0,0.0,0.0,0.0,0.0,0.0,0.0,0.0,0.0,2.0,1.0,0.0,0.0,0.0,-
100,8484152,Luca Cagnoni,SJS,D,https://assets.nhle.com/mugs/nhl/20262027/SJS/8484152.png,https://assets.nhle.com/logos/nhl/svg/SJS_light.svg,42,lucacagnoni,3.0,61.65,1.0,1.0,0.0,1.0,2.0,50.00,6.0,16.67,0.39,10.0,8.0,5.0,0.0,0.0,0.0,2.0,1.0,1.0,0.0,0.0,2.0,5.0,1.0,1.0,6.0,5.0,0.0,0.0,-
101,8482097,Jack Quinn,BUF,R,https://assets.nhle.com/mugs/nhl/20262027/BUF/8482097.png,https://assets.nhle.com/logos/nhl/svg/BUF_light.svg,22,jackquinn,3.0,61.633333333333,2.0,0.0,0.0,0.0,2.0,66.67,11.0,18.18,2.16,27.0,21.0,16.0,6.0,0.0,2.0,0.0,0.0,0.0,0.0,0.0,2.0,5.0,0.0,3.0,0.0,2.0,0.0,0.0,-
102,8471724,Kris Letang,PIT,D,https://assets.nhle.com/mugs/nhl/20262027/PIT/8471724.png,https://assets.nhle.com/logos/nhl/svg/PIT_light.svg,58,krisletang,3.0,61.616666666667,0.0,3.0,2.0,1.0,3.0,75.00,9.0,0.00,0.33,15.0,10.0,1.0,0.0,0.0,1.0,0.0,0.0,0.0,0.0,0.0,0.0,8.0,2.0,3.0,5.0,1.0,0.0,0.0,-
103,8478507,John Marino,UTA,D,https://assets.nhle.com/mugs/nhl/20262027/UTA/8478507.png,https://assets.nhle.com/logos/nhl/svg/UTA_light.svg,6,johnmarino,4.0,82.15,0.0,1.0,0.0,1.0,1.0,25.00,2.0,0.00,0.13,8.0,4.0,2.0,0.0,0.0,0.0,2.0,1.0,1.0,0.0,0.0,2.0,9.0,2.0,0.0,4.0,2.0,0.0,0.0,-
104,8483490,Pavel Mintyukov,ANA,D,https://assets.nhle.com/mugs/nhl/20262027/ANA/8483490.png,https://assets.nhle.com/logos/nhl/svg/ANA_light.svg,98,pavelmintyukov,2.0,41.0,0.0,0.0,0.0,0.0,0.0,0.00,1.0,0.00,0.06,3.0,1.0,2.0,0.0,0.0,1.0,0.0,0.0,0.0,0.0,0.0,0.0,3.0,0.0,0.0,4.0,3.0,0.0,0.0,-
105,8476463,Jonas Brodin,MIN,D,https://assets.nhle.com/mugs/nhl/20262027/MIN/8476463.png,https://assets.nhle.com/logos/nhl/svg/MIN_light.svg,25,jonasbrodin,3.0,61.416666666667,0.0,0.0,0.0,0.0,0.0,-,1.0,0.00,0.0,3.0,1.0,0.0,0.0,0.0,0.0,2.0,1.0,1.0,0.0,0.0,0.0,3.0,2.0,0.0,6.0,9.0,0.0,0.0,-
106,8482740,Wyatt Johnston,DAL,C,https://assets.nhle.com/mugs/nhl/20262027/DAL/8482740.png,https://assets.nhle.com/logos/nhl/svg/DAL_light.svg,53,wyattjohnston,3.0,61.4,0.0,1.0,0.0,1.0,1.0,50.00,9.0,0.00,1.36,20.0,12.0,13.0,7.0,0.0,5.0,0.0,0.0,0.0,0.0,0.0,0.0,2.0,0.0,2.0,2.0,4.0,11.0,15.0,42.31
107,8480002,Nico Hischier,NJD,C,https://assets.nhle.com/mugs/nhl/20262027/NJD/8480002.png,https://assets.nhle.com/logos/nhl/svg/NJD_light.svg,13,nicohischier,3.0,61.383333333333,0.0,0.0,0.0,0.0,0.0,0.00,5.0,0.00,0.6,9.0,6.0,7.0,4.0,0.0,1.0,0.0,0.0,0.0,0.0,0.0,1.0,2.0,1.0,2.0,3.0,3.0,33.0,30.0,52.38
108,8476892,Colton Parayko,STL,D,https://assets.nhle.com/mugs/nhl/20262027/STL/8476892.png,https://assets.nhle.com/logos/nhl/svg/STL_light.svg,55,coltonparayko,3.0,61.366666666667,0.0,1.0,1.0,0.0,1.0,33.33,6.0,0.00,0.47,12.0,10.0,4.0,1.0,0.0,1.0,0.0,0.0,0.0,0.0,0.0,0.0,1.0,1.0,3.0,4.0,8.0,0.0,0.0,-
109,8478010,Brayden Point,TBL,C,https://assets.nhle.com/mugs/nhl/20262027/TBL/8478010.png,https://assets.nhle.com/logos/nhl/svg/TBL_light.svg,21,braydenpoint,3.0,61.316666666667,1.0,1.0,0.0,1.0,2.0,50.00,7.0,14.29,1.19,17.0,14.0,13.0,7.0,0.0,2.0,2.0,1.0,1.0,0.0,0.0,0.0,2.0,1.0,0.0,4.0,3.0,12.0,15.0,44.44
110,8484783,Artyom Levshunov,CHI,D,https://assets.nhle.com/mugs/nhl/20262027/CHI/8484783.png,https://assets.nhle.com/logos/nhl/svg/CHI_light.svg,55,artyomlevshunov,4.0,81.75,0.0,1.0,1.0,0.0,1.0,50.00,5.0,0.00,0.37,12.0,10.0,5.0,0.0,0.0,1.0,2.0,1.0,1.0,0.0,0.0,0.0,8.0,4.0,2.0,19.0,3.0,0.0,0.0,-
111,8477969,Marcus Pettersson,NYR,D,https://assets.nhle.com/mugs/nhl/20262027/NYR/8477969.png,https://assets.nhle.com/logos/nhl/svg/NYR_light.svg,26,marcuspettersson,5.0,102.11666666667,0.0,0.0,0.0,0.0,0.0,0.00,4.0,0.00,0.74,16.0,8.0,4.0,0.0,0.0,0.0,2.0,1.0,1.0,0.0,0.0,0.0,6.0,4.0,4.0,16.0,10.0,0.0,0.0,-
112,8477498,Darnell Nurse,SJS,D,https://assets.nhle.com/mugs/nhl/20262027/SJS/8477498.png,https://assets.nhle.com/logos/nhl/svg/SJS_light.svg,25,darnellnurse,3.0,61.233333333333,0.0,0.0,0.0,0.0,0.0,0.00,3.0,0.00,0.13,11.0,5.0,2.0,0.0,0.0,0.0,4.0,2.0,2.0,0.0,0.0,0.0,4.0,1.0,5.0,4.0,8.0,0.0,0.0,-
113,8477956,David Pastrnak,BOS,R,https://assets.nhle.com/mugs/nhl/20262027/BOS/8477956.png,https://assets.nhle.com/logos/nhl/svg/BOS_light.svg,88,davidpastrnak,4.0,81.633333333333,0.0,2.0,2.0,0.0,2.0,66.67,15.0,0.00,1.37,29.0,21.0,16.0,7.0,1.0,3.0,0.0,0.0,0.0,0.0,0.0,0.0,11.0,1.0,8.0,1.0,2.0,2.0,0.0,100.00
114,8478970,Jalen Chatfield,CAR,D,https://assets.nhle.com/mugs/nhl/20262027/CAR/8478970.png,https://assets.nhle.com/logos/nhl/svg/CAR_light.svg,5,jalenchatfield,4.0,81.616666666667,0.0,1.0,1.0,0.0,1.0,25.00,5.0,0.00,0.3,17.0,7.0,4.0,1.0,1.0,0.0,2.0,1.0,1.0,0.0,0.0,0.0,5.0,2.0,3.0,8.0,5.0,0.0,0.0,-
115,8474716,Jared Spurgeon,MIN,D,https://assets.nhle.com/mugs/nhl/20262027/MIN/8474716.png,https://assets.nhle.com/logos/nhl/svg/MIN_light.svg,46,jaredspurgeon,3.0,61.066666666667,1.0,2.0,1.0,1.0,3.0,50.00,2.0,50.00,0.06,4.0,4.0,0.0,0.0,0.0,0.0,4.0,2.0,2.0,0.0,0.0,0.0,4.0,0.0,1.0,3.0,5.0,0.0,0.0,-
116,8482176,Wyatt Kaiser,CHI,D,https://assets.nhle.com/mugs/nhl/20262027/CHI/8482176.png,https://assets.nhle.com/logos/nhl/svg/CHI_light.svg,44,wyattkaiser,4.0,81.35,0.0,1.0,0.0,1.0,1.0,33.33,3.0,0.00,0.11,5.0,5.0,1.0,0.0,0.0,0.0,0.0,0.0,0.0,0.0,0.0,1.0,7.0,1.0,3.0,13.0,7.0,0.0,0.0,-
117,8476917,Adam Pelech,NYI,D,https://assets.nhle.com/mugs/nhl/20262027/NYI/8476917.png,https://assets.nhle.com/logos/nhl/svg/NYI_light.svg,3,adampelech,3.0,60.666666666667,0.0,1.0,0.0,1.0,1.0,25.00,0.0,-,0.04,5.0,3.0,1.0,1.0,0.0,0.0,5.0,1.0,0.0,1.0,0.0,1.0,5.0,0.0,3.0,6.0,3.0,0.0,0.0,-
118,8474141,Patrick Kane,CHI,R,https://assets.nhle.com/mugs/nhl/20262027/CHI/8474141.png,https://assets.nhle.com/logos/nhl/svg/CHI_light.svg,88,patkane,4.0,80.85,1.0,0.0,0.0,0.0,1.0,100.00,6.0,16.67,0.83,20.0,15.0,8.0,3.0,0.0,1.0,6.0,3.0,3.0,0.0,0.0,0.0,0.0,0.0,4.0,3.0,2.0,0.0,0.0,-
119,8476854,Hampus Lindholm,BOS,D,https://assets.nhle.com/mugs/nhl/20262027/BOS/8476854.png,https://assets.nhle.com/logos/nhl/svg/BOS_light.svg,27,hampuslindholm,4.0,80.716666666667,1.0,1.0,0.0,1.0,2.0,66.67,4.0,25.00,0.2,16.0,9.0,2.0,0.0,1.0,0.0,0.0,0.0,0.0,0.0,0.0,1.0,6.0,2.0,2.0,14.0,4.0,0.0,0.0,-
120,8482142,Jamie Drysdale,PHI,D,https://assets.nhle.com/mugs/nhl/20262027/PHI/8482142.png,https://assets.nhle.com/logos/nhl/svg/PHI_light.svg,9,jamiedrysdale,4.0,80.716666666667,0.0,0.0,0.0,0.0,0.0,0.00,1.0,0.00,0.01,3.0,1.0,1.0,0.0,0.0,0.0,2.0,1.0,1.0,0.0,0.0,1.0,5.0,2.0,2.0,4.0,9.0,0.0,0.0,-
121,8481540,Cole Caufield,MTL,R,https://assets.nhle.com/mugs/nhl/20262027/MTL/8481540.png,https://assets.nhle.com/logos/nhl/svg/MTL_light.svg,13,colecaufield,3.0,60.5,2.0,0.0,0.0,0.0,2.0,28.57,7.0,28.57,0.53,13.0,11.0,7.0,1.0,0.0,0.0,4.0,2.0,2.0,0.0,0.0,1.0,3.0,1.0,5.0,3.0,1.0,1.0,1.0,50.00
122,8476467,Jamie Oleksiak,VAN,D,https://assets.nhle.com/mugs/nhl/20262027/VAN/8476467.png,https://assets.nhle.com/logos/nhl/svg/VAN_light.svg,4,jamieoleksiak,4.0,80.633333333333,1.0,2.0,0.0,2.0,3.0,75.00,1.0,100.00,0.04,2.0,1.0,2.0,0.0,0.0,0.0,4.0,2.0,2.0,0.0,0.0,1.0,7.0,1.0,8.0,11.0,6.0,0.0,0.0,-
123,8477939,William Nylander,TOR,R,https://assets.nhle.com/mugs/nhl/20262027/TOR/8477939.png,https://assets.nhle.com/logos/nhl/svg/TOR_light.svg,88,willnylander,4.0,80.616666666667,3.0,3.0,1.0,2.0,6.0,85.71,10.0,30.00,1.44,28.0,21.0,18.0,7.0,0.0,4.0,0.0,0.0,0.0,0.0,0.0,1.0,3.0,2.0,1.0,4.0,2.0,2.0,5.0,28.57
124,8476853,Morgan Rielly,TOR,D,https://assets.nhle.com/mugs/nhl/20262027/TOR/8476853.png,https://assets.nhle.com/logos/nhl/svg/TOR_light.svg,44,morganrielly,4.0,80.35,0.0,3.0,2.0,1.0,3.0,75.00,5.0,0.00,0.31,6.0,6.0,3.0,1.0,1.0,0.0,2.0,1.0,1.0,0.0,0.0,1.0,3.0,1.0,2.0,6.0,4.0,0.0,0.0,-
125,8478427,Sebastian Aho,CAR,C,https://assets.nhle.com/mugs/nhl/20262027/CAR/8478427.png,https://assets.nhle.com/logos/nhl/svg/CAR_light.svg,20,sebastianahoC,4.0,80.016666666667,4.0,3.0,1.0,2.0,7.0,100.00,15.0,26.67,1.72,22.0,21.0,14.0,1.0,1.0,1.0,10.0,5.0,5.0,0.0,0.0,3.0,4.0,0.0,2.0,5.0,1.0,34.0,20.0,62.96
126,8478403,Jack Eichel,VGK,C,https://assets.nhle.com/mugs/nhl/20262027/VGK/8478403.png,https://assets.nhle.com/logos/nhl/svg/VGK_light.svg,9,jackeichel,3.0,59.983333333333,1.0,5.0,2.0,3.0,6.0,100.00,6.0,16.67,0.68,13.0,9.0,4.0,1.0,0.0,3.0,2.0,1.0,1.0,0.0,0.0,1.0,2.0,2.0,1.0,4.0,1.0,22.0,23.0,48.89
127,8480023,Robert Thomas,STL,C,https://assets.nhle.com/mugs/nhl/20262027/STL/8480023.png,https://assets.nhle.com/logos/nhl/svg/STL_light.svg,18,robertthomas,3.0,59.983333333333,0.0,0.0,0.0,0.0,0.0,0.00,3.0,0.00,0.3,5.0,4.0,3.0,2.0,1.0,2.0,0.0,0.0,0.0,0.0,0.0,0.0,3.0,1.0,0.0,2.0,1.0,30.0,35.0,46.15
128,8480012,Elias Pettersson,VAN,C,https://assets.nhle.com/mugs/nhl/20262027/VAN/8480012.png,https://assets.nhle.com/logos/nhl/svg/VAN_light.svg,40,eliaspetterssonC,4.0,79.866666666667,2.0,4.0,1.0,3.0,6.0,75.00,7.0,28.57,0.72,12.0,8.0,7.0,2.0,0.0,2.0,0.0,0.0,0.0,0.0,0.0,3.0,5.0,2.0,19.0,2.0,6.0,41.0,39.0,51.25
129,8479420,Tage Thompson,BUF,C,https://assets.nhle.com/mugs/nhl/20262027/BUF/8479420.png,https://assets.nhle.com/logos/nhl/svg/BUF_light.svg,72,tagethompson,3.0,59.833333333333,2.0,1.0,0.0,1.0,3.0,75.00,17.0,11.76,2.24,29.0,25.0,15.0,8.0,0.0,3.0,2.0,1.0,1.0,0.0,0.0,0.0,6.0,2.0,3.0,1.0,2.0,20.0,22.0,47.62
130,8484762,Beckett Sennecke,ANA,R,https://assets.nhle.com/mugs/nhl/20262027/ANA/8484762.png,https://assets.nhle.com/logos/nhl/svg/ANA_light.svg,45,beckettsennecke,2.0,39.8,1.0,1.0,1.0,0.0,2.0,40.00,4.0,25.00,0.55,8.0,5.0,6.0,2.0,0.0,0.0,0.0,0.0,0.0,0.0,0.0,1.0,4.0,2.0,2.0,1.0,3.0,0.0,1.0,0.00
131,8480893,Kirill Marchenko,TOR,R,https://assets.nhle.com/mugs/nhl/20262027/TOR/8480893.png,https://assets.nhle.com/logos/nhl/svg/TOR_light.svg,86,kirillmarchenko,4.0,79.416666666667,1.0,2.0,0.0,2.0,3.0,100.00,12.0,8.33,1.38,25.0,17.0,14.0,8.0,0.0,2.0,6.0,3.0,3.0,0.0,0.0,0.0,2.0,0.0,8.0,6.0,1.0,0.0,0.0,-
132,8482730,Brandt Clarke,LAK,D,https://assets.nhle.com/mugs/nhl/20262027/LAK/8482730.png,https://assets.nhle.com/logos/nhl/svg/LAK_light.svg,92,brandtclarke,2.0,39.683333333333,0.0,2.0,0.0,2.0,2.0,66.67,6.0,0.00,0.11,9.0,6.0,2.0,0.0,0.0,0.0,5.0,1.0,0.0,1.0,0.0,3.0,2.0,0.0,0.0,5.0,4.0,0.0,0.0,-
133,8477365,Connor Clifton,BOS,D,https://assets.nhle.com/mugs/nhl/20262027/BOS/8477365.png,https://assets.nhle.com/logos/nhl/svg/BOS_light.svg,75,connorclifton,4.0,79.35,0.0,1.0,0.0,1.0,1.0,33.33,5.0,0.00,0.31,12.0,7.0,1.0,0.0,0.0,1.0,2.0,1.0,1.0,0.0,0.0,0.0,4.0,2.0,6.0,6.0,4.0,0.0,0.0,-
134,8479398,Samuel Girard,PIT,D,https://assets.nhle.com/mugs/nhl/20262027/PIT/8479398.png,https://assets.nhle.com/logos/nhl/svg/PIT_light.svg,49,samuelgirard,3.0,59.416666666667,1.0,2.0,1.0,1.0,3.0,60.00,6.0,16.67,0.75,12.0,10.0,6.0,5.0,0.0,3.0,0.0,0.0,0.0,0.0,0.0,2.0,3.0,1.0,3.0,7.0,3.0,0.0,0.0,-
135,8475753,Justin Faulk,DET,D,https://assets.nhle.com/mugs/nhl/20262027/DET/8475753.png,https://assets.nhle.com/logos/nhl/svg/DET_light.svg,72,justinfaulk,3.0,59.366666666667,1.0,1.0,0.0,1.0,2.0,50.00,7.0,14.29,0.51,15.0,10.0,7.0,1.0,1.0,4.0,2.0,1.0,1.0,0.0,0.0,0.0,2.0,1.0,3.0,4.0,0.0,0.0,0.0,-
136,8477488,Brett Pesce,NJD,D,https://assets.nhle.com/mugs/nhl/20262027/NJD/8477488.png,https://assets.nhle.com/logos/nhl/svg/NJD_light.svg,22,brettpesce,3.0,59.35,0.0,0.0,0.0,0.0,0.0,0.00,3.0,0.00,0.06,13.0,6.0,5.0,0.0,0.0,1.0,0.0,0.0,0.0,0.0,0.0,1.0,2.0,1.0,1.0,10.0,2.0,0.0,0.0,-
137,8477500,Bo Horvat,NYI,C,https://assets.nhle.com/mugs/nhl/20262027/NYI/8477500.png,https://assets.nhle.com/logos/nhl/svg/NYI_light.svg,14,bohorvat,3.0,58.85,2.0,1.0,1.0,0.0,3.0,100.00,10.0,20.00,1.09,22.0,15.0,14.0,5.0,0.0,3.0,2.0,1.0,1.0,0.0,0.0,2.0,4.0,0.0,4.0,1.0,2.0,26.0,24.0,52.00
138,8478416,Erik Cernak,TBL,D,https://assets.nhle.com/mugs/nhl/20262027/TBL/8478416.png,https://assets.nhle.com/logos/nhl/svg/TBL_light.svg,81,erikcernak,3.0,58.816666666667,0.0,0.0,0.0,0.0,0.0,0.00,6.0,0.00,0.35,11.0,7.0,4.0,1.0,0.0,0.0,0.0,0.0,0.0,0.0,0.0,1.0,0.0,0.0,11.0,3.0,4.0,0.0,0.0,-
139,8484145,Zach Benson,BUF,L,https://assets.nhle.com/mugs/nhl/20262027/BUF/8484145.png,https://assets.nhle.com/logos/nhl/svg/BUF_light.svg,6,zachbenson,3.0,58.8,0.0,1.0,1.0,0.0,1.0,33.33,4.0,0.00,1.44,14.0,11.0,9.0,7.0,1.0,1.0,4.0,2.0,2.0,0.0,0.0,0.0,4.0,0.0,5.0,2.0,1.0,1.0,2.0,33.33
140,8477507,Nikita Zadorov,BOS,D,https://assets.nhle.com/mugs/nhl/20262027/BOS/8477507.png,https://assets.nhle.com/logos/nhl/svg/BOS_light.svg,91,nikitazadorov,4.0,78.2,0.0,2.0,1.0,1.0,2.0,50.00,4.0,0.00,0.24,13.0,8.0,1.0,1.0,0.0,1.0,14.0,3.0,2.0,0.0,1.0,0.0,4.0,1.0,17.0,5.0,5.0,0.0,0.0,-
141,8478493,Joel Eriksson Ek,MIN,C,https://assets.nhle.com/mugs/nhl/20262027/MIN/8478493.png,https://assets.nhle.com/logos/nhl/svg/MIN_light.svg,14,joelerikssonek,3.0,58.55,0.0,1.0,0.0,1.0,1.0,33.33,5.0,0.00,0.57,10.0,8.0,8.0,3.0,1.0,2.0,0.0,0.0,0.0,0.0,0.0,1.0,2.0,0.0,3.0,4.0,1.0,24.0,29.0,45.28
142,8474564,Steven Stamkos,NSH,C,https://assets.nhle.com/mugs/nhl/20262027/NSH/8474564.png,https://assets.nhle.com/logos/nhl/svg/NSH_light.svg,91,stevenstamkos,3.0,58.516666666667,3.0,1.0,0.0,1.0,4.0,100.00,8.0,37.50,1.79,21.0,14.0,13.0,8.0,0.0,3.0,0.0,0.0,0.0,0.0,0.0,0.0,3.0,0.0,3.0,4.0,1.0,9.0,5.0,64.29
143,8477845,Trevor van Riemsdyk,PIT,D,https://assets.nhle.com/mugs/nhl/20262027/PIT/8477845.png,https://assets.nhle.com/logos/nhl/svg/PIT_light.svg,57,trevorvanriemsdyk,3.0,58.5,0.0,0.0,0.0,0.0,0.0,0.00,1.0,0.00,0.02,2.0,1.0,1.0,0.0,0.0,0.0,2.0,1.0,1.0,0.0,0.0,1.0,1.0,0.0,2.0,3.0,7.0,0.0,0.0,-
144,8478038,Devon Toews,COL,D,https://assets.nhle.com/mugs/nhl/20262027/COL/8478038.png,https://assets.nhle.com/logos/nhl/svg/COL_light.svg,7,devontoews,2.0,38.983333333333,0.0,2.0,0.0,2.0,2.0,40.00,0.0,-,0.03,4.0,3.0,3.0,1.0,0.0,0.0,2.0,1.0,1.0,0.0,0.0,0.0,2.0,1.0,2.0,2.0,1.0,0.0,0.0,-
145,8477476,Artturi Lehkonen,COL,L,https://assets.nhle.com/mugs/nhl/20262027/COL/8477476.png,https://assets.nhle.com/logos/nhl/svg/COL_light.svg,62,artturilehkonen,2.0,38.883333333333,3.0,1.0,0.0,1.0,4.0,57.14,5.0,60.00,0.73,6.0,5.0,6.0,5.0,0.0,0.0,0.0,0.0,0.0,0.0,0.0,0.0,2.0,1.0,3.0,1.0,4.0,0.0,0.0,-
146,8477505,Alexander Wennberg,SJS,C,https://assets.nhle.com/mugs/nhl/20262027/SJS/8477505.png,https://assets.nhle.com/logos/nhl/svg/SJS_light.svg,21,alexwennberg,3.0,58.1,0.0,0.0,0.0,0.0,0.0,0.00,5.0,0.00,0.49,6.0,5.0,4.0,2.0,0.0,0.0,0.0,0.0,0.0,0.0,0.0,1.0,1.0,2.0,1.0,1.0,3.0,25.0,20.0,55.56
147,8483445,Cutter Gauthier,ANA,L,https://assets.nhle.com/mugs/nhl/20262027/ANA/8483445.png,https://assets.nhle.com/logos/nhl/svg/ANA_light.svg,61,cuttergauthier,2.0,38.683333333333,2.0,2.0,0.0,2.0,4.0,80.00,9.0,22.22,0.97,19.0,16.0,11.0,2.0,1.0,2.0,4.0,2.0,2.0,0.0,0.0,0.0,4.0,1.0,5.0,3.0,2.0,0.0,1.0,0.00
148,8478396,Noah Hanifin,VGK,D,https://assets.nhle.com/mugs/nhl/20262027/VGK/8478396.png,https://assets.nhle.com/logos/nhl/svg/VGK_light.svg,15,noahhanifin,3.0,58.016666666667,1.0,0.0,0.0,0.0,1.0,100.00,5.0,20.00,0.21,9.0,7.0,3.0,0.0,0.0,1.0,0.0,0.0,0.0,0.0,0.0,0.0,2.0,0.0,0.0,5.0,4.0,0.0,0.0,-
149,8480039,Martin Necas,COL,C,https://assets.nhle.com/mugs/nhl/20262027/COL/8480039.png,https://assets.nhle.com/logos/nhl/svg/COL_light.svg,88,martinnecas,2.0,38.533333333333,2.0,2.0,2.0,0.0,4.0,66.67,8.0,25.00,0.53,13.0,8.0,8.0,2.0,0.0,2.0,0.0,0.0,0.0,0.0,0.0,1.0,1.0,1.0,2.0,1.0,0.0,0.0,0.0,-
150,8475913,Mark Stone,VGK,R,https://assets.nhle.com/mugs/nhl/20262027/VGK/8475913.png,https://assets.nhle.com/logos/nhl/svg/VGK_light.svg,61,markstone,3.0,57.583333333333,1.0,1.0,1.0,0.0,2.0,40.00,4.0,25.00,1.29,6.0,4.0,4.0,3.0,1.0,0.0,2.0,1.0,1.0,0.0,0.0,0.0,1.0,0.0,6.0,2.0,2.0,0.0,0.0,-
151,8476483,Rickard Rakell,PIT,R,https://assets.nhle.com/mugs/nhl/20262027/PIT/8476483.png,https://assets.nhle.com/logos/nhl/svg/PIT_light.svg,67,rickardrakell,3.0,57.583333333333,0.0,2.0,1.0,1.0,2.0,40.00,6.0,0.00,0.81,14.0,11.0,10.0,3.0,0.0,1.0,2.0,1.0,1.0,0.0,0.0,1.0,1.0,1.0,6.0,3.0,1.0,1.0,3.0,25.00
152,8480246,Nick Perbix,NSH,D,https://assets.nhle.com/mugs/nhl/20262027/NSH/8480246.png,https://assets.nhle.com/logos/nhl/svg/NSH_light.svg,48,nickperbix,3.0,57.533333333333,0.0,0.0,0.0,0.0,0.0,0.00,2.0,0.00,0.26,8.0,6.0,3.0,0.0,0.0,0.0,2.0,1.0,1.0,0.0,0.0,0.0,3.0,2.0,0.0,3.0,8.0,0.0,0.0,-
153,8480069,Cale Makar,COL,D,https://assets.nhle.com/mugs/nhl/20262027/COL/8480069.png,https://assets.nhle.com/logos/nhl/svg/COL_light.svg,8,calemakar,2.0,38.3,1.0,2.0,1.0,1.0,3.0,75.00,4.0,25.00,0.29,7.0,5.0,3.0,2.0,0.0,3.0,0.0,0.0,0.0,0.0,0.0,0.0,0.0,0.0,0.0,0.0,3.0,0.0,0.0,-
154,8482109,Alexis Lafrenière,NYR,L,https://assets.nhle.com/mugs/nhl/20262027/NYR/8482109.png,https://assets.nhle.com/logos/nhl/svg/NYR_light.svg,13,alexislafreniere,5.0,95.666666666667,3.0,2.0,2.0,0.0,5.0,71.43,11.0,27.27,2.24,25.0,14.0,13.0,6.0,1.0,1.0,2.0,1.0,1.0,0.0,0.0,4.0,8.0,3.0,8.0,9.0,1.0,3.0,2.0,60.00
155,8482113,Anton Lundell,FLA,C,https://assets.nhle.com/mugs/nhl/20262027/FLA/8482113.png,https://assets.nhle.com/logos/nhl/svg/FLA_light.svg,15,antonlundell,3.0,57.3,0.0,1.0,0.0,1.0,1.0,50.00,7.0,0.00,0.76,15.0,11.0,9.0,4.0,0.0,0.0,0.0,0.0,0.0,0.0,0.0,2.0,5.0,0.0,5.0,3.0,1.0,27.0,16.0,62.79
156,8484227,Will Smith,SJS,C,https://assets.nhle.com/mugs/nhl/20262027/SJS/8484227.png,https://assets.nhle.com/logos/nhl/svg/SJS_light.svg,2,willsmith,3.0,57.3,2.0,1.0,1.0,0.0,3.0,75.00,5.0,40.00,1.05,13.0,8.0,8.0,3.0,1.0,1.0,0.0,0.0,0.0,0.0,0.0,0.0,3.0,0.0,2.0,3.0,1.0,3.0,1.0,75.00
157,8484873,Cole Hutson,WSH,D,https://assets.nhle.com/mugs/nhl/20262027/WSH/8484873.png,https://assets.nhle.com/logos/nhl/svg/WSH_secondary_light.svg,44,colehutson,2.0,38.183333333333,1.0,0.0,0.0,0.0,1.0,33.33,4.0,25.00,0.3,10.0,5.0,7.0,1.0,0.0,1.0,4.0,2.0,2.0,0.0,0.0,0.0,3.0,0.0,1.0,4.0,3.0,0.0,0.0,-
158,8484153,Leo Carlsson,ANA,C,https://assets.nhle.com/mugs/nhl/20262027/ANA/8484153.png,https://assets.nhle.com/logos/nhl/svg/ANA_light.svg,91,leocarlsson,2.0,38.15,1.0,4.0,2.0,2.0,5.0,100.00,1.0,100.00,0.31,2.0,2.0,1.0,1.0,0.0,0.0,0.0,0.0,0.0,0.0,0.0,2.0,0.0,0.0,0.0,2.0,3.0,11.0,13.0,45.83
159,8471675,Sidney Crosby,PIT,C,https://assets.nhle.com/mugs/nhl/20262027/PIT/8471675.png,https://assets.nhle.com/logos/nhl/svg/PIT_light.svg,87,sidneycrosby,3.0,56.983333333333,0.0,2.0,1.0,1.0,2.0,40.00,10.0,0.00,1.57,16.0,15.0,11.0,7.0,0.0,3.0,0.0,0.0,0.0,0.0,0.0,1.0,5.0,1.0,4.0,3.0,0.0,39.0,31.0,55.71
160,8484166,Adam Fantilli,CBJ,C,https://assets.nhle.com/mugs/nhl/20262027/CBJ/8484166.png,https://assets.nhle.com/logos/nhl/svg/CBJ_light.svg,19,adamfantilli,2.0,37.983333333333,1.0,0.0,0.0,0.0,1.0,25.00,3.0,33.33,0.29,9.0,5.0,4.0,1.0,0.0,0.0,0.0,0.0,0.0,0.0,0.0,0.0,2.0,2.0,8.0,4.0,3.0,31.0,9.0,77.50
161,8476902,Esa Lindell,DAL,D,https://assets.nhle.com/mugs/nhl/20262027/DAL/8476902.png,https://assets.nhle.com/logos/nhl/svg/DAL_light.svg,23,esalindell,3.0,56.8,0.0,0.0,0.0,0.0,0.0,0.00,2.0,0.00,0.1,3.0,3.0,1.0,0.0,0.0,1.0,2.0,1.0,1.0,0.0,0.0,0.0,2.0,0.0,3.0,4.0,6.0,0.0,0.0,-
162,8481617,Vasily Podkolzin,EDM,R,https://assets.nhle.com/mugs/nhl/20262027/EDM/8481617.png,https://assets.nhle.com/logos/nhl/svg/EDM_light.svg,92,vasilypodkolzin,3.0,56.766666666667,3.0,2.0,1.0,1.0,5.0,55.56,13.0,23.08,1.83,21.0,17.0,14.0,6.0,0.0,2.0,0.0,0.0,0.0,0.0,0.0,0.0,1.0,1.0,13.0,2.0,0.0,0.0,2.0,0.00
163,8478399,Jonas Siegenthaler,NJD,D,https://assets.nhle.com/mugs/nhl/20262027/NJD/8478399.png,https://assets.nhle.com/logos/nhl/svg/NJD_light.svg,71,jonassiegenthaler,3.0,56.683333333333,0.0,0.0,0.0,0.0,0.0,0.00,2.0,0.00,0.13,6.0,2.0,2.0,1.0,0.0,1.0,0.0,0.0,0.0,0.0,0.0,0.0,1.0,2.0,1.0,6.0,3.0,0.0,0.0,-
164,8482809,Jackson Blake,CAR,R,https://assets.nhle.com/mugs/nhl/20262027/CAR/8482809.png,https://assets.nhle.com/logos/nhl/svg/CAR_light.svg,53,jacksonblake,4.0,75.55,0.0,3.0,2.0,1.0,3.0,60.00,9.0,0.00,1.19,19.0,14.0,12.0,7.0,0.0,2.0,2.0,1.0,1.0,0.0,0.0,1.0,4.0,1.0,0.0,5.0,3.0,0.0,0.0,-
165,8482165,Yan Kuznetsov,CGY,D,https://assets.nhle.com/mugs/nhl/20262027/CGY/8482165.png,https://assets.nhle.com/logos/nhl/svg/CGY_light.svg,37,yankuznetsov,2.0,37.7,0.0,0.0,0.0,0.0,0.0,0.00,4.0,0.00,0.08,13.0,5.0,5.0,0.0,0.0,1.0,0.0,0.0,0.0,0.0,0.0,0.0,0.0,0.0,3.0,3.0,1.0,0.0,0.0,-
166,8475690,Chris Tanev,TOR,D,https://assets.nhle.com/mugs/nhl/20262027/TOR/8475690.png,https://assets.nhle.com/logos/nhl/svg/TOR_light.svg,8,christanev,4.0,75.4,0.0,0.0,0.0,0.0,0.0,0.00,1.0,0.00,0.03,1.0,1.0,0.0,0.0,0.0,0.0,0.0,0.0,0.0,0.0,0.0,0.0,4.0,1.0,1.0,20.0,10.0,0.0,0.0,-
167,8480796,Martin Fehérváry,WSH,D,https://assets.nhle.com/mugs/nhl/20262027/WSH/8480796.png,https://assets.nhle.com/logos/nhl/svg/WSH_secondary_light.svg,42,martinfehervary,2.0,37.666666666667,0.0,0.0,0.0,0.0,0.0,-,1.0,0.00,0.11,2.0,2.0,1.0,0.0,0.0,0.0,4.0,2.0,2.0,0.0,0.0,0.0,1.0,0.0,3.0,6.0,7.0,0.0,0.0,-
168,8481528,Dylan Cozens,OTT,C,https://assets.nhle.com/mugs/nhl/20262027/OTT/8481528.png,https://assets.nhle.com/logos/nhl/svg/OTT_light.svg,24,dylancozens,3.0,56.4,0.0,0.0,0.0,0.0,0.0,0.00,7.0,0.00,0.77,16.0,11.0,12.0,4.0,0.0,3.0,0.0,0.0,0.0,0.0,0.0,2.0,4.0,0.0,11.0,3.0,2.0,22.0,21.0,51.16
169,8476906,Shayne Gostisbehere,CAR,D,https://assets.nhle.com/mugs/nhl/20262027/CAR/8476906.png,https://assets.nhle.com/logos/nhl/svg/CAR_light.svg,4,shaynegostisbehere,4.0,75.116666666667,1.0,1.0,0.0,1.0,2.0,40.00,6.0,16.67,0.61,22.0,12.0,7.0,1.0,1.0,3.0,2.0,1.0,1.0,0.0,0.0,2.0,0.0,1.0,2.0,1.0,2.0,0.0,0.0,-
170,8482702,Logan Stankoven,CAR,C,https://assets.nhle.com/mugs/nhl/20262027/CAR/8482702.png,https://assets.nhle.com/logos/nhl/svg/CAR_light.svg,22,loganstankoven,4.0,75.016666666667,1.0,0.0,0.0,0.0,1.0,50.00,9.0,11.11,1.67,18.0,12.0,12.0,7.0,0.0,3.0,2.0,1.0,1.0,0.0,0.0,0.0,3.0,1.0,3.0,7.0,2.0,16.0,27.0,37.21
171,8480027,Jason Robertson,DAL,L,https://assets.nhle.com/mugs/nhl/20262027/DAL/8480027.png,https://assets.nhle.com/logos/nhl/svg/DAL_light.svg,21,jasonrobertson,3.0,56.25,1.0,1.0,1.0,0.0,2.0,66.67,7.0,14.29,0.8,13.0,10.0,7.0,3.0,0.0,0.0,2.0,1.0,1.0,0.0,0.0,1.0,3.0,2.0,1.0,3.0,0.0,0.0,0.0,-
172,8483493,Frank Nazar,CHI,C,https://assets.nhle.com/mugs/nhl/20262027/CHI/8483493.png,https://assets.nhle.com/logos/nhl/svg/CHI_light.svg,91,franknazar,4.0,74.95,1.0,1.0,1.0,0.0,2.0,100.00,8.0,12.50,2.11,10.0,10.0,9.0,6.0,0.0,2.0,2.0,1.0,1.0,0.0,0.0,1.0,6.0,2.0,1.0,8.0,2.0,29.0,35.0,45.31
173,8479987,Morgan Geekie,BOS,C,https://assets.nhle.com/mugs/nhl/20262027/BOS/8479987.png,https://assets.nhle.com/logos/nhl/svg/BOS_light.svg,39,morgangeekie,4.0,74.9,0.0,1.0,1.0,0.0,1.0,50.00,5.0,0.00,0.88,16.0,13.0,11.0,2.0,0.0,0.0,0.0,0.0,0.0,0.0,0.0,2.0,5.0,1.0,11.0,2.0,1.0,3.0,7.0,30.00
174,8483017,Frederic Brunet,BOS,D,https://assets.nhle.com/mugs/nhl/20262027/BOS/8483017.png,https://assets.nhle.com/logos/nhl/svg/BOS_light.svg,42,fredericbrunet,1.0,18.716666666667,0.0,0.0,0.0,0.0,0.0,-,1.0,0.00,0.03,2.0,2.0,0.0,0.0,0.0,0.0,0.0,0.0,0.0,0.0,0.0,0.0,3.0,0.0,0.0,2.0,3.0,0.0,0.0,-
175,8479407,Jesper Bratt,NJD,L,https://assets.nhle.com/mugs/nhl/20262027/NJD/8479407.png,https://assets.nhle.com/logos/nhl/svg/NJD_light.svg,63,jesperbratt,3.0,56.133333333333,0.0,2.0,1.0,1.0,2.0,66.67,10.0,0.00,1.27,14.0,11.0,8.0,4.0,0.0,2.0,0.0,0.0,0.0,0.0,0.0,0.0,4.0,1.0,3.0,2.0,0.0,0.0,0.0,-
176,8481533,Trevor Zegras,PHI,C,https://assets.nhle.com/mugs/nhl/20262027/PHI/8481533.png,https://assets.nhle.com/logos/nhl/svg/PHI_light.svg,46,trevorzegras,4.0,74.816666666667,0.0,1.0,1.0,0.0,1.0,50.00,2.0,0.00,0.81,10.0,7.0,6.0,4.0,0.0,1.0,4.0,2.0,2.0,0.0,0.0,0.0,4.0,0.0,0.0,0.0,1.0,17.0,28.0,37.78
177,8476448,William Karlsson,VGK,C,https://assets.nhle.com/mugs/nhl/20262027/VGK/8476448.png,https://assets.nhle.com/logos/nhl/svg/VGK_light.svg,71,willkarlsson,3.0,55.983333333333,0.0,0.0,0.0,0.0,0.0,0.00,5.0,0.00,0.79,14.0,10.0,10.0,4.0,0.0,0.0,0.0,0.0,0.0,0.0,0.0,0.0,0.0,2.0,0.0,2.0,0.0,33.0,16.0,67.35
178,8475692,Mats Zuccarello,LAK,R,https://assets.nhle.com/mugs/nhl/20262027/LAK/8475692.png,https://assets.nhle.com/logos/nhl/svg/LAK_light.svg,36,matszuccarello,2.0,37.283333333333,0.0,1.0,1.0,0.0,1.0,25.00,1.0,0.00,0.18,4.0,1.0,1.0,1.0,0.0,1.0,0.0,0.0,0.0,0.0,0.0,1.0,3.0,0.0,0.0,2.0,0.0,0.0,0.0,-
179,8478401,Pavel Zacha,BOS,C,https://assets.nhle.com/mugs/nhl/20262027/BOS/8478401.png,https://assets.nhle.com/logos/nhl/svg/BOS_light.svg,18,pavelzacha,4.0,74.433333333333,0.0,0.0,0.0,0.0,0.0,0.00,8.0,0.00,1.17,17.0,15.0,14.0,5.0,1.0,0.0,0.0,0.0,0.0,0.0,0.0,0.0,2.0,2.0,2.0,2.0,5.0,30.0,27.0,52.63
180,8483515,Juraj Slafkovský,MTL,L,https://assets.nhle.com/mugs/nhl/20262027/MTL/8483515.png,https://assets.nhle.com/logos/nhl/svg/MTL_light.svg,20,jurajslafkovsky,3.0,55.8,1.0,0.0,0.0,0.0,1.0,33.33,5.0,20.00,0.89,11.0,8.0,4.0,2.0,0.0,1.0,2.0,1.0,1.0,0.0,0.0,0.0,3.0,2.0,3.0,1.0,1.0,1.0,2.0,33.33
181,8484768,Zayne Parekh,CGY,D,https://assets.nhle.com/mugs/nhl/20262027/CGY/8484768.png,https://assets.nhle.com/logos/nhl/svg/CGY_light.svg,19,zayneparekh,3.0,55.766666666667,0.0,1.0,1.0,0.0,1.0,50.00,7.0,0.00,0.65,23.0,14.0,6.0,1.0,1.0,1.0,2.0,1.0,1.0,0.0,0.0,1.0,6.0,1.0,2.0,11.0,3.0,0.0,0.0,-
182,8475188,Brayden McNabb,VGK,D,https://assets.nhle.com/mugs/nhl/20262027/VGK/8475188.png,https://assets.nhle.com/logos/nhl/svg/VGK_light.svg,3,braydenmcnabb,3.0,55.7,0.0,4.0,2.0,2.0,4.0,57.14,2.0,0.00,0.12,10.0,7.0,4.0,0.0,1.0,1.0,0.0,0.0,0.0,0.0,0.0,0.0,6.0,1.0,3.0,5.0,5.0,0.0,0.0,-
183,8484321,Nikolas Matinpalo,OTT,D,https://assets.nhle.com/mugs/nhl/20262027/OTT/8484321.png,https://assets.nhle.com/logos/nhl/svg/OTT_light.svg,33,nikolasmatinpalo,3.0,55.633333333333,0.0,0.0,0.0,0.0,0.0,0.00,3.0,0.00,0.05,6.0,4.0,2.0,0.0,1.0,0.0,4.0,2.0,2.0,0.0,0.0,0.0,4.0,0.0,2.0,10.0,5.0,0.0,0.0,-
184,8479980,Nicolas Hague,NSH,D,https://assets.nhle.com/mugs/nhl/20262027/NSH/8479980.png,https://assets.nhle.com/logos/nhl/svg/NSH_light.svg,41,nicolashague,3.0,55.583333333333,0.0,0.0,0.0,0.0,0.0,-,1.0,0.00,0.03,7.0,4.0,2.0,0.0,0.0,0.0,0.0,0.0,0.0,0.0,0.0,0.0,3.0,2.0,4.0,6.0,5.0,0.0,0.0,-
185,8476879,Cody Ceci,LAK,D,https://assets.nhle.com/mugs/nhl/20262027/LAK/8476879.png,https://assets.nhle.com/logos/nhl/svg/LAK_light.svg,5,codyceci,2.0,37.033333333333,0.0,1.0,0.0,1.0,1.0,33.33,3.0,0.00,0.08,6.0,4.0,0.0,0.0,1.0,1.0,0.0,0.0,0.0,0.0,0.0,0.0,0.0,0.0,1.0,2.0,3.0,0.0,0.0,-
186,8477409,Carter Verhaeghe,FLA,C,https://assets.nhle.com/mugs/nhl/20262027/FLA/8477409.png,https://assets.nhle.com/logos/nhl/svg/FLA_light.svg,23,carterverhaeghe,3.0,55.5,1.0,1.0,1.0,0.0,2.0,40.00,4.0,25.00,0.75,11.0,8.0,5.0,2.0,0.0,1.0,2.0,1.0,1.0,0.0,0.0,0.0,2.0,1.0,1.0,9.0,1.0,0.0,1.0,0.00
187,8475200,Dmitry Orlov,SJS,D,https://assets.nhle.com/mugs/nhl/20262027/SJS/8475200.png,https://assets.nhle.com/logos/nhl/svg/SJS_light.svg,9,dmitryorlov,3.0,55.433333333333,0.0,0.0,0.0,0.0,0.0,-,2.0,0.00,0.13,11.0,5.0,4.0,0.0,0.0,1.0,2.0,1.0,1.0,0.0,0.0,0.0,4.0,1.0,3.0,3.0,4.0,0.0,0.0,-
188,8483398,Declan Carlile,PIT,D,https://assets.nhle.com/mugs/nhl/20262027/PIT/8483398.png,https://assets.nhle.com/logos/nhl/svg/PIT_light.svg,72,declancarlile,3.0,55.416666666667,2.0,2.0,1.0,1.0,4.0,80.00,8.0,25.00,0.34,13.0,11.0,5.0,0.0,0.0,2.0,4.0,2.0,2.0,0.0,0.0,0.0,0.0,1.0,1.0,12.0,6.0,0.0,0.0,-
189,8482146,Luke Evangelista,NJD,R,https://assets.nhle.com/mugs/nhl/20262027/NJD/8482146.png,https://assets.nhle.com/logos/nhl/svg/NJD_light.svg,77,lukeevangelista,3.0,55.383333333333,2.0,1.0,1.0,0.0,3.0,100.00,9.0,22.22,1.83,17.0,14.0,14.0,9.0,0.0,1.0,2.0,1.0,1.0,0.0,0.0,3.0,3.0,0.0,1.0,5.0,3.0,0.0,0.0,-
190,8478136,Jake Middleton,CGY,D,https://assets.nhle.com/mugs/nhl/20262027/CGY/8478136.png,https://assets.nhle.com/logos/nhl/svg/CGY_light.svg,55,jakemiddleton,3.0,55.35,0.0,0.0,0.0,0.0,0.0,-,4.0,0.00,0.21,8.0,6.0,2.0,1.0,0.0,0.0,4.0,2.0,2.0,0.0,0.0,0.0,1.0,0.0,7.0,1.0,3.0,0.0,0.0,-
191,8482145,Mavrik Bourque,NSH,C,https://assets.nhle.com/mugs/nhl/20262027/NSH/8482145.png,https://assets.nhle.com/logos/nhl/svg/NSH_light.svg,22,mavrikbourque,3.0,55.3,0.0,1.0,0.0,1.0,1.0,50.00,7.0,0.00,0.49,9.0,7.0,7.0,2.0,1.0,3.0,2.0,1.0,1.0,0.0,0.0,1.0,2.0,0.0,3.0,4.0,0.0,14.0,15.0,48.28
192,8478911,Matt Roy,WSH,D,https://assets.nhle.com/mugs/nhl/20262027/WSH/8478911.png,https://assets.nhle.com/logos/nhl/svg/WSH_secondary_light.svg,3,mattroy,2.0,36.85,0.0,0.0,0.0,0.0,0.0,0.00,0.0,-,0.22,4.0,1.0,1.0,1.0,0.0,2.0,0.0,0.0,0.0,0.0,0.0,0.0,2.0,2.0,5.0,6.0,5.0,0.0,0.0,-
193,8478397,Rasmus Andersson,VGK,D,https://assets.nhle.com/mugs/nhl/20262027/VGK/8478397.png,https://assets.nhle.com/logos/nhl/svg/VGK_light.svg,4,rasmusandersson,3.0,55.2,0.0,0.0,0.0,0.0,0.0,-,5.0,0.00,0.22,11.0,7.0,5.0,0.0,0.0,0.0,2.0,1.0,1.0,0.0,0.0,0.0,4.0,0.0,0.0,4.0,1.0,0.0,0.0,-
194,8482159,Tyson Foerster,PHI,R,https://assets.nhle.com/mugs/nhl/20262027/PHI/8482159.png,https://assets.nhle.com/logos/nhl/svg/PHI_light.svg,71,tysonfoerster,4.0,73.6,1.0,0.0,0.0,0.0,1.0,100.00,10.0,10.00,1.17,20.0,16.0,11.0,3.0,0.0,1.0,0.0,0.0,0.0,0.0,0.0,1.0,1.0,0.0,6.0,7.0,2.0,0.0,0.0,-
195,8479983,Mario Ferraro,WPG,D,https://assets.nhle.com/mugs/nhl/20262027/WPG/8479983.png,https://assets.nhle.com/logos/nhl/svg/WPG_light.svg,38,marioferraro,3.0,55.133333333333,1.0,0.0,0.0,0.0,1.0,50.00,5.0,20.00,0.14,6.0,5.0,1.0,0.0,0.0,0.0,0.0,0.0,0.0,0.0,0.0,0.0,6.0,1.0,5.0,3.0,4.0,0.0,0.0,-
196,8482700,Nolan Allan,SJS,D,https://assets.nhle.com/mugs/nhl/20262027/SJS/8482700.png,https://assets.nhle.com/logos/nhl/svg/SJS_light.svg,5,nolanallan,2.0,36.733333333333,1.0,0.0,0.0,0.0,1.0,33.33,3.0,33.33,0.13,5.0,5.0,3.0,0.0,0.0,0.0,2.0,1.0,1.0,0.0,0.0,0.0,2.0,1.0,2.0,10.0,2.0,0.0,0.0,-
197,8477369,Carson Soucy,CBJ,D,https://assets.nhle.com/mugs/nhl/20262027/CBJ/8477369.png,https://assets.nhle.com/logos/nhl/svg/CBJ_light.svg,7,carsonsoucy,2.0,36.716666666667,0.0,0.0,0.0,0.0,0.0,0.00,2.0,0.00,0.05,6.0,3.0,2.0,0.0,0.0,0.0,2.0,1.0,1.0,0.0,0.0,0.0,1.0,0.0,5.0,4.0,3.0,0.0,0.0,-
198,8478042,Viktor Arvidsson,DET,L,https://assets.nhle.com/mugs/nhl/20262027/DET/8478042.png,https://assets.nhle.com/logos/nhl/svg/DET_light.svg,33,viktorarvidsson,3.0,55.016666666667,2.0,1.0,1.0,0.0,3.0,75.00,8.0,25.00,1.48,15.0,11.0,11.0,6.0,0.0,1.0,2.0,1.0,1.0,0.0,0.0,0.0,2.0,0.0,1.0,6.0,3.0,3.0,2.0,60.00
199,8479576,Vincent Desharnais,WSH,D,https://assets.nhle.com/mugs/nhl/20262027/WSH/8479576.png,https://assets.nhle.com/logos/nhl/svg/WSH_secondary_light.svg,73,vincentdesharnais,2.0,36.666666666667,0.0,0.0,0.0,0.0,0.0,0.00,1.0,0.00,0.01,2.0,1.0,1.0,0.0,0.0,0.0,5.0,1.0,0.0,1.0,0.0,1.0,3.0,0.0,7.0,3.0,3.0,0.0,0.0,-
200,8481596,Shane Pinto,OTT,C,https://assets.nhle.com/mugs/nhl/20262027/OTT/8481596.png,https://assets.nhle.com/logos/nhl/svg/OTT_light.svg,12,shanepinto,3.0,55.0,0.0,2.0,1.0,1.0,2.0,66.67,7.0,0.00,0.7,13.0,10.0,8.0,3.0,1.0,1.0,6.0,3.0,3.0,0.0,0.0,3.0,1.0,1.0,12.0,2.0,0.0,20.0,25.0,44.44
201,8482175,JJ Peterka,BOS,R,https://assets.nhle.com/mugs/nhl/20262027/BOS/8482175.png,https://assets.nhle.com/logos/nhl/svg/BOS_light.svg,10,jjpeterka,4.0,73.2,2.0,0.0,0.0,0.0,2.0,66.67,8.0,25.00,0.8,13.0,11.0,8.0,4.0,0.0,1.0,0.0,0.0,0.0,0.0,0.0,1.0,6.0,2.0,1.0,2.0,2.0,0.0,0.0,-
202,8478414,Timo Meier,NJD,R,https://assets.nhle.com/mugs/nhl/20262027/NJD/8478414.png,https://assets.nhle.com/logos/nhl/svg/NJD_light.svg,28,timomeier,3.0,54.866666666667,0.0,1.0,1.0,0.0,1.0,50.00,17.0,0.00,1.24,24.0,20.0,15.0,6.0,3.0,4.0,4.0,2.0,2.0,0.0,0.0,4.0,2.0,1.0,6.0,5.0,2.0,1.0,3.0,25.00
203,8484390,Roman Kantserov,CHI,R,https://assets.nhle.com/mugs/nhl/20262027/CHI/8484390.png,https://assets.nhle.com/logos/nhl/svg/CHI_light.svg,80,romankantserov,4.0,73.15,0.0,0.0,0.0,0.0,0.0,-,3.0,0.00,0.23,10.0,6.0,4.0,2.0,0.0,0.0,2.0,1.0,1.0,0.0,0.0,0.0,3.0,1.0,6.0,3.0,1.0,16.0,21.0,43.24
204,8477499,Rasmus Ristolainen,PHI,D,https://assets.nhle.com/mugs/nhl/20262027/PHI/8477499.png,https://assets.nhle.com/logos/nhl/svg/PHI_light.svg,55,rasmusristolainen,3.0,54.833333333333,1.0,0.0,0.0,0.0,1.0,33.33,4.0,25.00,0.23,8.0,7.0,3.0,1.0,0.0,2.0,0.0,0.0,0.0,0.0,0.0,1.0,2.0,1.0,4.0,7.0,7.0,0.0,0.0,-
205,8476967,Brett Kulak,COL,D,https://assets.nhle.com/mugs/nhl/20262027/COL/8476967.png,https://assets.nhle.com/logos/nhl/svg/COL_light.svg,27,brettkulak,2.0,36.533333333333,0.0,0.0,0.0,0.0,0.0,0.00,0.0,-,0.0,1.0,0.0,1.0,0.0,0.0,0.0,0.0,0.0,0.0,0.0,0.0,0.0,2.0,0.0,1.0,3.0,4.0,0.0,0.0,-
206,8478840,Will Borgen,BOS,D,https://assets.nhle.com/mugs/nhl/20262027/BOS/8478840.png,https://assets.nhle.com/logos/nhl/svg/BOS_light.svg,17,willborgen,4.0,73.016666666667,0.0,1.0,0.0,1.0,1.0,33.33,1.0,0.00,0.07,4.0,1.0,1.0,0.0,0.0,0.0,0.0,0.0,0.0,0.0,0.0,0.0,2.0,2.0,11.0,15.0,4.0,0.0,0.0,-
207,8483500,Noah Ostlund,BUF,C,https://assets.nhle.com/mugs/nhl/20262027/BUF/8483500.png,https://assets.nhle.com/logos/nhl/svg/BUF_light.svg,86,noahostlund,3.0,54.733333333333,1.0,2.0,1.0,1.0,3.0,60.00,7.0,14.29,0.77,11.0,11.0,8.0,2.0,0.0,1.0,0.0,0.0,0.0,0.0,0.0,1.0,1.0,0.0,0.0,5.0,1.0,14.0,17.0,45.16
208,8477951,Nick Schmaltz,UTA,C,https://assets.nhle.com/mugs/nhl/20262027/UTA/8477951.png,https://assets.nhle.com/logos/nhl/svg/UTA_light.svg,8,nickschmaltz,4.0,72.933333333333,5.0,2.0,1.0,1.0,7.0,63.64,17.0,29.41,2.34,20.0,18.0,15.0,13.0,0.0,3.0,2.0,1.0,1.0,0.0,0.0,0.0,4.0,3.0,2.0,3.0,1.0,7.0,11.0,38.89
209,8475172,Nazem Kadri,COL,C,https://assets.nhle.com/mugs/nhl/20262027/COL/8475172.png,https://assets.nhle.com/logos/nhl/svg/COL_light.svg,91,nazemkadri,2.0,36.4,0.0,2.0,1.0,1.0,2.0,33.33,6.0,0.00,0.48,10.0,7.0,5.0,2.0,0.0,2.0,0.0,0.0,0.0,0.0,0.0,0.0,4.0,0.0,1.0,6.0,1.0,5.0,3.0,62.50
210,8477953,Kasperi Kapanen,EDM,R,https://assets.nhle.com/mugs/nhl/20262027/EDM/8477953.png,https://assets.nhle.com/logos/nhl/svg/EDM_light.svg,42,kasperikapanen,3.0,54.516666666667,1.0,1.0,1.0,0.0,2.0,50.00,5.0,20.00,0.74,7.0,7.0,4.0,2.0,0.0,0.0,2.0,1.0,1.0,0.0,0.0,0.0,5.0,0.0,5.0,2.0,1.0,2.0,0.0,100.00
211,8484790,Adam Jiricek,STL,D,https://assets.nhle.com/mugs/nhl/20262027/STL/8484790.png,https://assets.nhle.com/logos/nhl/svg/STL_light.svg,36,adamjiricek,3.0,54.5,0.0,0.0,0.0,0.0,0.0,0.00,5.0,0.00,0.56,19.0,12.0,6.0,1.0,0.0,2.0,0.0,0.0,0.0,0.0,0.0,0.0,5.0,1.0,4.0,5.0,3.0,0.0,0.0,-
212,8482667,William Eklund,OTT,L,https://assets.nhle.com/mugs/nhl/20262027/OTT/8482667.png,https://assets.nhle.com/logos/nhl/svg/OTT_light.svg,27,willeklund,3.0,54.3,1.0,1.0,1.0,0.0,2.0,100.00,9.0,11.11,2.41,15.0,14.0,13.0,11.0,0.0,1.0,2.0,1.0,1.0,0.0,0.0,0.0,1.0,1.0,1.0,3.0,1.0,0.0,0.0,-
213,8482149,Cole Perfetti,WPG,C,https://assets.nhle.com/mugs/nhl/20262027/WPG/8482149.png,https://assets.nhle.com/logos/nhl/svg/WPG_light.svg,91,coleperfetti,3.0,54.25,2.0,3.0,0.0,3.0,5.0,100.00,10.0,20.00,1.94,20.0,19.0,15.0,8.0,0.0,5.0,0.0,0.0,0.0,0.0,0.0,0.0,0.0,0.0,7.0,0.0,2.0,0.0,3.0,0.00
214,8476372,Nick Seeler,PHI,D,https://assets.nhle.com/mugs/nhl/20262027/PHI/8476372.png,https://assets.nhle.com/logos/nhl/svg/PHI_light.svg,24,nickseeler,4.0,72.333333333333,0.0,1.0,1.0,0.0,1.0,100.00,1.0,0.00,0.04,6.0,1.0,0.0,0.0,0.0,0.0,4.0,2.0,2.0,0.0,0.0,0.0,2.0,1.0,6.0,2.0,12.0,0.0,0.0,-
215,8478519,Anthony Cirelli,TBL,C,https://assets.nhle.com/mugs/nhl/20262027/TBL/8478519.png,https://assets.nhle.com/logos/nhl/svg/TBL_light.svg,71,anthonycirelli,3.0,54.15,0.0,0.0,0.0,0.0,0.0,0.00,5.0,0.00,0.49,11.0,6.0,6.0,3.0,0.0,0.0,2.0,1.0,1.0,0.0,0.0,1.0,2.0,0.0,3.0,2.0,4.0,26.0,24.0,52.00
216,8475279,Ben Chiarot,DET,D,https://assets.nhle.com/mugs/nhl/20262027/DET/8475279.png,https://assets.nhle.com/logos/nhl/svg/DET_light.svg,8,benchiarot,3.0,54.133333333333,0.0,0.0,0.0,0.0,0.0,0.00,3.0,0.00,0.11,8.0,4.0,0.0,0.0,0.0,0.0,4.0,2.0,2.0,0.0,0.0,2.0,1.0,1.0,7.0,4.0,5.0,0.0,0.0,-
217,8477492,Nathan MacKinnon,COL,C,https://assets.nhle.com/mugs/nhl/20262027/COL/8477492.png,https://assets.nhle.com/logos/nhl/svg/COL_light.svg,29,nathanmackinnon,2.0,36.0,2.0,3.0,1.0,2.0,5.0,100.00,12.0,16.67,1.01,17.0,15.0,9.0,3.0,0.0,1.0,5.0,1.0,0.0,1.0,0.0,2.0,1.0,0.0,2.0,2.0,0.0,17.0,20.0,45.95
218,8480043,Timothy Liljegren,WSH,D,https://assets.nhle.com/mugs/nhl/20262027/WSH/8480043.png,https://assets.nhle.com/logos/nhl/svg/WSH_secondary_light.svg,27,timliljegren,2.0,35.983333333333,0.0,0.0,0.0,0.0,0.0,0.00,1.0,0.00,0.1,4.0,3.0,0.0,0.0,1.0,0.0,0.0,0.0,0.0,0.0,0.0,0.0,2.0,0.0,2.0,10.0,4.0,0.0,0.0,-
219,8479998,Mikey Anderson,LAK,D,https://assets.nhle.com/mugs/nhl/20262027/LAK/8479998.png,https://assets.nhle.com/logos/nhl/svg/LAK_light.svg,44,michaelyanderson,2.0,35.766666666667,0.0,1.0,1.0,0.0,1.0,100.00,3.0,0.00,0.1,3.0,3.0,1.0,0.0,0.0,0.0,0.0,0.0,0.0,0.0,0.0,0.0,0.0,0.0,2.0,3.0,3.0,0.0,0.0,-
220,8479378,Logan Stanley,NYI,D,https://assets.nhle.com/mugs/nhl/20262027/NYI/8479378.png,https://assets.nhle.com/logos/nhl/svg/NYI_light.svg,8,loganstanley,3.0,53.616666666667,0.0,2.0,0.0,2.0,2.0,66.67,2.0,0.00,0.03,6.0,4.0,0.0,0.0,0.0,0.0,2.0,1.0,1.0,0.0,0.0,1.0,1.0,0.0,9.0,9.0,5.0,0.0,0.0,-
221,8483506,Sam Rinzel,CHI,D,https://assets.nhle.com/mugs/nhl/20262027/CHI/8483506.png,https://assets.nhle.com/logos/nhl/svg/CHI_light.svg,6,samrinzel,3.0,53.516666666667,1.0,0.0,0.0,0.0,1.0,50.00,6.0,16.67,0.51,14.0,10.0,3.0,1.0,1.0,1.0,0.0,0.0,0.0,0.0,0.0,1.0,4.0,1.0,2.0,10.0,2.0,0.0,0.0,-
222,8480830,Andrei Svechnikov,CAR,R,https://assets.nhle.com/mugs/nhl/20262027/CAR/8480830.png,https://assets.nhle.com/logos/nhl/svg/CAR_light.svg,37,andreisvechnikov,4.0,71.183333333333,1.0,3.0,1.0,2.0,4.0,57.14,15.0,6.67,3.23,30.0,25.0,14.0,8.0,0.0,3.0,2.0,1.0,1.0,0.0,0.0,4.0,4.0,1.0,15.0,9.0,2.0,0.0,1.0,0.00
223,8479343,Clayton Keller,UTA,R,https://assets.nhle.com/mugs/nhl/20262027/UTA/8479343.png,https://assets.nhle.com/logos/nhl/svg/UTA_light.svg,9,claytonkeller,4.0,71.133333333333,1.0,6.0,3.0,3.0,7.0,70.00,11.0,9.09,1.88,23.0,17.0,16.0,8.0,0.0,3.0,2.0,1.0,1.0,0.0,0.0,2.0,4.0,0.0,1.0,3.0,3.0,0.0,0.0,-
224,8471215,Evgeni Malkin,PIT,C,https://assets.nhle.com/mugs/nhl/20262027/PIT/8471215.png,https://assets.nhle.com/logos/nhl/svg/PIT_light.svg,71,evgenimalkin,3.0,53.25,2.0,2.0,1.0,1.0,4.0,100.00,7.0,28.57,0.83,12.0,9.0,9.0,6.0,0.0,3.0,2.0,1.0,1.0,0.0,0.0,1.0,1.0,0.0,0.0,4.0,1.0,2.0,0.0,100.00
225,8478450,Parker Wotherspoon,VGK,D,https://assets.nhle.com/mugs/nhl/20262027/VGK/8478450.png,https://assets.nhle.com/logos/nhl/svg/VGK_light.svg,29,parkerwotherspoon,3.0,53.2,0.0,0.0,0.0,0.0,0.0,-,2.0,0.00,0.04,3.0,3.0,0.0,0.0,0.0,2.0,2.0,1.0,1.0,0.0,0.0,1.0,7.0,1.0,1.0,5.0,2.0,0.0,0.0,-
226,8477950,Tony DeAngelo,NYI,D,https://assets.nhle.com/mugs/nhl/20262027/NYI/8477950.png,https://assets.nhle.com/logos/nhl/svg/NYI_light.svg,77,anthonydeangelo,3.0,53.166666666667,0.0,0.0,0.0,0.0,0.0,0.00,4.0,0.00,0.21,9.0,6.0,1.0,0.0,0.0,0.0,0.0,0.0,0.0,0.0,0.0,3.0,6.0,1.0,0.0,5.0,4.0,0.0,0.0,-
227,8475754,Brock Nelson,COL,C,https://assets.nhle.com/mugs/nhl/20262027/COL/8475754.png,https://assets.nhle.com/logos/nhl/svg/COL_light.svg,11,brocknelson,2.0,35.416666666667,1.0,2.0,2.0,0.0,3.0,100.00,2.0,50.00,0.17,3.0,2.0,2.0,0.0,0.0,0.0,0.0,0.0,0.0,0.0,0.0,0.0,0.0,0.0,0.0,2.0,1.0,13.0,19.0,40.63
228,8479442,Troy Stecher,TOR,D,https://assets.nhle.com/mugs/nhl/20262027/TOR/8479442.png,https://assets.nhle.com/logos/nhl/svg/TOR_light.svg,28,troystecher,4.0,70.666666666667,0.0,0.0,0.0,0.0,0.0,0.00,3.0,0.00,0.08,7.0,3.0,1.0,0.0,0.0,0.0,0.0,0.0,0.0,0.0,0.0,1.0,2.0,1.0,2.0,5.0,3.0,0.0,0.0,-
229,8485391,Anton Frondell,CHI,C,https://assets.nhle.com/mugs/nhl/20262027/CHI/8485391.png,https://assets.nhle.com/logos/nhl/svg/CHI_light.svg,16,antonfrondell,4.0,70.55,1.0,3.0,2.0,1.0,4.0,80.00,6.0,16.67,0.57,14.0,10.0,6.0,3.0,1.0,1.0,0.0,0.0,0.0,0.0,0.0,0.0,1.0,2.0,4.0,5.0,1.0,20.0,32.0,38.46
230,8483516,Jimmy Snuggerud,STL,R,https://assets.nhle.com/mugs/nhl/20262027/STL/8483516.png,https://assets.nhle.com/logos/nhl/svg/STL_light.svg,21,jimmysnuggerud,3.0,52.8,1.0,1.0,0.0,1.0,2.0,100.00,8.0,12.50,0.99,19.0,10.0,6.0,2.0,0.0,4.0,0.0,0.0,0.0,0.0,0.0,1.0,6.0,0.0,4.0,4.0,1.0,0.0,1.0,0.00
231,8475166,John Tavares,TOR,C,https://assets.nhle.com/mugs/nhl/20262027/TOR/8475166.png,https://assets.nhle.com/logos/nhl/svg/TOR_light.svg,91,johntavares,4.0,70.383333333333,1.0,2.0,0.0,2.0,3.0,75.00,14.0,7.14,2.17,23.0,19.0,18.0,12.0,0.0,4.0,4.0,2.0,2.0,0.0,0.0,1.0,5.0,1.0,1.0,3.0,4.0,35.0,26.0,57.38
232,8483431,Logan Cooley,UTA,C,https://assets.nhle.com/mugs/nhl/20262027/UTA/8483431.png,https://assets.nhle.com/logos/nhl/svg/UTA_light.svg,92,logancooley,4.0,70.25,0.0,4.0,3.0,1.0,4.0,36.36,2.0,0.00,0.67,11.0,9.0,8.0,4.0,0.0,1.0,0.0,0.0,0.0,0.0,0.0,0.0,3.0,2.0,8.0,6.0,3.0,24.0,23.0,51.06
233,8482679,Matt Coronato,CGY,R,https://assets.nhle.com/mugs/nhl/20262027/CGY/8482679.png,https://assets.nhle.com/logos/nhl/svg/CGY_light.svg,27,mattcoronato,3.0,52.4,1.0,0.0,0.0,0.0,1.0,50.00,7.0,14.29,0.58,21.0,13.0,9.0,2.0,1.0,2.0,0.0,0.0,0.0,0.0,0.0,1.0,1.0,1.0,0.0,3.0,2.0,14.0,7.0,66.67
234,8476931,Jake McCabe,TOR,D,https://assets.nhle.com/mugs/nhl/20262027/TOR/8476931.png,https://assets.nhle.com/logos/nhl/svg/TOR_light.svg,22,jakemccabe,4.0,69.683333333333,0.0,0.0,0.0,0.0,0.0,0.00,4.0,0.00,0.14,10.0,5.0,1.0,0.0,0.0,0.0,4.0,2.0,2.0,0.0,0.0,2.0,7.0,0.0,7.0,7.0,6.0,0.0,0.0,-
235,8481601,Simon Holmstrom,NYI,R,https://assets.nhle.com/mugs/nhl/20262027/NYI/8481601.png,https://assets.nhle.com/logos/nhl/svg/NYI_light.svg,92,simonholmstrom,3.0,52.233333333333,1.0,1.0,1.0,0.0,2.0,100.00,2.0,50.00,0.33,9.0,6.0,4.0,1.0,0.0,0.0,0.0,0.0,0.0,0.0,0.0,1.0,4.0,0.0,2.0,4.0,1.0,0.0,0.0,-
236,8480801,Brady Tkachuk,FLA,L,https://assets.nhle.com/mugs/nhl/20262027/FLA/8480801.png,https://assets.nhle.com/logos/nhl/svg/FLA_light.svg,8,bradytkachuk,3.0,52.2,0.0,0.0,0.0,0.0,0.0,0.00,9.0,0.00,0.95,18.0,14.0,9.0,3.0,1.0,2.0,7.0,2.0,1.0,1.0,0.0,1.0,4.0,0.0,13.0,1.0,1.0,9.0,3.0,75.00
237,8482073,Braden Schneider,NYR,D,https://assets.nhle.com/mugs/nhl/20262027/NYR/8482073.png,https://assets.nhle.com/logos/nhl/svg/NYR_light.svg,4,bradenschneider,5.0,86.983333333333,0.0,0.0,0.0,0.0,0.0,0.00,8.0,0.00,0.16,16.0,11.0,2.0,1.0,1.0,1.0,4.0,2.0,2.0,0.0,0.0,1.0,3.0,0.0,10.0,16.0,6.0,0.0,0.0,-
238,8484262,Travis Mitchell,ANA,D,https://assets.nhle.com/mugs/nhl/20262027/ANA/8484262.png,https://assets.nhle.com/logos/nhl/svg/ANA_light.svg,34,travismitch,2.0,34.766666666667,0.0,0.0,0.0,0.0,0.0,-,0.0,-,0.0,1.0,0.0,1.0,0.0,0.0,0.0,2.0,1.0,1.0,0.0,0.0,0.0,3.0,0.0,4.0,3.0,1.0,0.0,0.0,-
239,8478444,Brock Boeser,VAN,R,https://assets.nhle.com/mugs/nhl/20262027/VAN/8478444.png,https://assets.nhle.com/logos/nhl/svg/VAN_light.svg,6,brockboeser,4.0,69.4,1.0,2.0,0.0,2.0,3.0,50.00,6.0,16.67,1.14,18.0,9.0,11.0,4.0,1.0,2.0,0.0,0.0,0.0,0.0,0.0,0.0,11.0,1.0,5.0,3.0,1.0,0.0,2.0,0.00
240,8477506,Ryan Pulock,NYI,D,https://assets.nhle.com/mugs/nhl/20262027/NYI/8477506.png,https://assets.nhle.com/logos/nhl/svg/NYI_light.svg,6,ryanpulock,3.0,51.983333333333,0.0,0.0,0.0,0.0,0.0,-,1.0,0.00,0.06,3.0,2.0,1.0,0.0,0.0,1.0,0.0,0.0,0.0,0.0,0.0,0.0,2.0,0.0,2.0,5.0,3.0,0.0,0.0,-
241,8477479,Tyler Bertuzzi,CHI,L,https://assets.nhle.com/mugs/nhl/20262027/CHI/8477479.png,https://assets.nhle.com/logos/nhl/svg/CHI_light.svg,59,tylerbertuzzi,4.0,69.216666666667,1.0,1.0,1.0,0.0,2.0,50.00,3.0,33.33,0.38,6.0,5.0,3.0,2.0,0.0,0.0,0.0,0.0,0.0,0.0,0.0,1.0,9.0,0.0,5.0,4.0,0.0,0.0,0.0,-
242,8477949,Alex Tuch,WSH,R,https://assets.nhle.com/mugs/nhl/20262027/WSH/8477949.png,https://assets.nhle.com/logos/nhl/svg/WSH_secondary_light.svg,89,alextuch,2.0,34.516666666667,2.0,0.0,0.0,0.0,2.0,100.00,5.0,40.00,0.71,8.0,8.0,6.0,4.0,0.0,1.0,0.0,0.0,0.0,0.0,0.0,1.0,1.0,1.0,3.0,6.0,1.0,2.0,7.0,22.22
243,8476979,Erik Gustafsson,LAK,D,https://assets.nhle.com/mugs/nhl/20262027/LAK/8476979.png,https://assets.nhle.com/logos/nhl/svg/LAK_light.svg,64,erikgustafsson,1.0,17.25,0.0,1.0,1.0,0.0,1.0,100.00,2.0,0.00,0.02,5.0,3.0,1.0,0.0,0.0,0.0,0.0,0.0,0.0,0.0,0.0,0.0,0.0,0.0,0.0,1.0,0.0,0.0,0.0,-
244,8480878,Nils Lundkvist,DAL,D,https://assets.nhle.com/mugs/nhl/20262027/DAL/8480878.png,https://assets.nhle.com/logos/nhl/svg/DAL_light.svg,5,nilslundkvist,3.0,51.75,0.0,0.0,0.0,0.0,0.0,0.00,5.0,0.00,0.19,13.0,9.0,4.0,0.0,0.0,0.0,0.0,0.0,0.0,0.0,0.0,0.0,5.0,0.0,0.0,6.0,4.0,0.0,0.0,-
245,8475745,Charlie Coyle,CBJ,C,https://assets.nhle.com/mugs/nhl/20262027/CBJ/8475745.png,https://assets.nhle.com/logos/nhl/svg/CBJ_light.svg,3,charliecoyle,2.0,34.466666666667,0.0,3.0,3.0,0.0,3.0,100.00,0.0,-,0.09,2.0,2.0,1.0,1.0,0.0,0.0,0.0,0.0,0.0,0.0,0.0,1.0,2.0,1.0,3.0,1.0,1.0,19.0,14.0,57.58
246,8482079,Marco Rossi,VAN,C,https://assets.nhle.com/mugs/nhl/20262027/VAN/8482079.png,https://assets.nhle.com/logos/nhl/svg/VAN_light.svg,23,marcorossi,4.0,68.933333333333,3.0,1.0,1.0,0.0,4.0,66.67,7.0,42.86,1.14,13.0,8.0,6.0,5.0,0.0,1.0,4.0,2.0,2.0,0.0,0.0,0.0,4.0,3.0,9.0,4.0,4.0,10.0,10.0,50.00
247,8476468,J.T. Miller,NYR,C,https://assets.nhle.com/mugs/nhl/20262027/NYR/8476468.png,https://assets.nhle.com/logos/nhl/svg/NYR_light.svg,10,jtmiller,5.0,86.15,1.0,1.0,1.0,0.0,2.0,28.57,9.0,11.11,1.9,19.0,15.0,14.0,7.0,1.0,1.0,9.0,3.0,2.0,1.0,0.0,1.0,8.0,2.0,10.0,1.0,4.0,41.0,39.0,51.25
248,8476880,Tom Wilson,WSH,R,https://assets.nhle.com/mugs/nhl/20262027/WSH/8476880.png,https://assets.nhle.com/logos/nhl/svg/WSH_secondary_light.svg,43,tomwilson,2.0,34.433333333333,0.0,1.0,0.0,1.0,1.0,50.00,2.0,0.00,0.44,5.0,3.0,3.0,2.0,0.0,0.0,12.0,2.0,1.0,0.0,1.0,1.0,1.0,0.0,5.0,0.0,4.0,0.0,1.0,0.00
249,8475790,Erik Gudbranson,CBJ,D,https://assets.nhle.com/mugs/nhl/20262027/CBJ/8475790.png,https://assets.nhle.com/logos/nhl/svg/CBJ_light.svg,44,erikgudbranson,2.0,34.316666666667,0.0,0.0,0.0,0.0,0.0,-,0.0,-,0.03,4.0,1.0,0.0,0.0,0.0,0.0,0.0,0.0,0.0,0.0,0.0,1.0,5.0,0.0,3.0,4.0,6.0,0.0,0.0,-
250,8482655,J.J. Moser,TBL,D,https://assets.nhle.com/mugs/nhl/20262027/TBL/8482655.png,https://assets.nhle.com/logos/nhl/svg/TBL_light.svg,90,janismoser,3.0,51.333333333333,0.0,0.0,0.0,0.0,0.0,0.00,3.0,0.00,0.46,13.0,10.0,7.0,1.0,0.0,0.0,4.0,2.0,2.0,0.0,0.0,2.0,2.0,0.0,2.0,6.0,3.0,0.0,0.0,-
251,8474150,Mikael Backlund,CGY,C,https://assets.nhle.com/mugs/nhl/20262027/CGY/8474150.png,https://assets.nhle.com/logos/nhl/svg/CGY_light.svg,11,mikaelbacklund,3.0,51.333333333333,0.0,0.0,0.0,0.0,0.0,-,9.0,0.00,1.17,20.0,16.0,11.0,5.0,1.0,1.0,0.0,0.0,0.0,0.0,0.0,0.0,2.0,0.0,4.0,3.0,1.0,27.0,28.0,49.09
252,8483499,Liam Ohgren,VAN,L,https://assets.nhle.com/mugs/nhl/20262027/VAN/8483499.png,https://assets.nhle.com/logos/nhl/svg/VAN_light.svg,92,liamohgren,4.0,68.283333333333,1.0,3.0,3.0,0.0,4.0,80.00,7.0,14.29,0.92,13.0,9.0,8.0,3.0,0.0,1.0,0.0,0.0,0.0,0.0,0.0,0.0,5.0,0.0,2.0,2.0,3.0,1.0,0.0,100.00
253,8475171,Oliver Ekman-Larsson,TOR,D,https://assets.nhle.com/mugs/nhl/20262027/TOR/8475171.png,https://assets.nhle.com/logos/nhl/svg/TOR_light.svg,95,oliverekmanlarsson,4.0,68.2,0.0,0.0,0.0,0.0,0.0,0.00,3.0,0.00,0.15,8.0,6.0,3.0,0.0,0.0,1.0,2.0,1.0,1.0,0.0,0.0,1.0,5.0,1.0,4.0,9.0,3.0,0.0,0.0,-
254,8479992,Michael Rasmussen,DET,C,https://assets.nhle.com/mugs/nhl/20262027/DET/8479992.png,https://assets.nhle.com/logos/nhl/svg/DET_light.svg,27,michaelrasmussen,3.0,51.133333333333,0.0,0.0,0.0,0.0,0.0,-,4.0,0.00,0.74,9.0,9.0,6.0,5.0,0.0,0.0,2.0,1.0,1.0,0.0,0.0,2.0,1.0,2.0,10.0,3.0,2.0,1.0,2.0,33.33
255,8478443,Brandon Carlo,STL,D,https://assets.nhle.com/mugs/nhl/20262027/STL/8478443.png,https://assets.nhle.com/logos/nhl/svg/STL_light.svg,25,brandoncarlo,3.0,51.016666666667,0.0,0.0,0.0,0.0,0.0,0.00,3.0,0.00,0.07,5.0,4.0,1.0,0.0,0.0,1.0,15.0,2.0,0.0,1.0,1.0,1.0,4.0,0.0,5.0,2.0,3.0,0.0,0.0,-
256,8482077,Dylan Holloway,STL,L,https://assets.nhle.com/mugs/nhl/20262027/STL/8482077.png,https://assets.nhle.com/logos/nhl/svg/STL_light.svg,81,dylanholloway,3.0,50.983333333333,0.0,0.0,0.0,0.0,0.0,-,4.0,0.00,0.63,9.0,5.0,6.0,3.0,0.0,1.0,0.0,0.0,0.0,0.0,0.0,0.0,2.0,0.0,9.0,3.0,2.0,0.0,0.0,-
257,8477940,Nikolaj Ehlers,CAR,L,https://assets.nhle.com/mugs/nhl/20262027/CAR/8477940.png,https://assets.nhle.com/logos/nhl/svg/CAR_light.svg,27,nikolajehlers,4.0,67.95,0.0,2.0,2.0,0.0,2.0,100.00,10.0,0.00,1.09,16.0,11.0,10.0,1.0,0.0,1.0,0.0,0.0,0.0,0.0,0.0,2.0,5.0,0.0,2.0,3.0,1.0,0.0,0.0,-
258,8476905,Chandler Stephenson,SEA,C,https://assets.nhle.com/mugs/nhl/20262027/SEA/8476905.png,https://assets.nhle.com/logos/nhl/svg/SEA_light.svg,9,chandlerstephenson,3.0,50.866666666667,1.0,3.0,2.0,1.0,4.0,80.00,4.0,25.00,0.25,4.0,4.0,3.0,1.0,0.0,0.0,0.0,0.0,0.0,0.0,0.0,0.0,1.0,2.0,0.0,5.0,1.0,32.0,23.0,58.18
259,8474013,Ian Cole,CHI,D,https://assets.nhle.com/mugs/nhl/20262027/CHI/8474013.png,https://assets.nhle.com/logos/nhl/svg/CHI_light.svg,28,iancole,4.0,67.783333333333,0.0,0.0,0.0,0.0,0.0,0.00,2.0,0.00,0.03,2.0,2.0,0.0,0.0,0.0,0.0,2.0,1.0,1.0,0.0,0.0,2.0,4.0,2.0,1.0,11.0,6.0,0.0,0.0,-
260,8482720,Matthew Knies,CBJ,L,https://assets.nhle.com/mugs/nhl/20262027/CBJ/8482720.png,https://assets.nhle.com/logos/nhl/svg/CBJ_light.svg,89,mattknies,2.0,33.833333333333,2.0,2.0,1.0,1.0,4.0,100.00,5.0,40.00,0.74,5.0,5.0,5.0,4.0,0.0,0.0,0.0,0.0,0.0,0.0,0.0,1.0,1.0,2.0,1.0,1.0,1.0,0.0,1.0,0.00
261,8476389,Vincent Trocheck,UTA,C,https://assets.nhle.com/mugs/nhl/20262027/UTA/8476389.png,https://assets.nhle.com/logos/nhl/svg/UTA_light.svg,16,vincenttrocheck,4.0,67.633333333333,1.0,1.0,1.0,0.0,2.0,50.00,4.0,25.00,0.82,8.0,5.0,8.0,3.0,0.0,1.0,0.0,0.0,0.0,0.0,0.0,1.0,2.0,0.0,13.0,2.0,4.0,37.0,23.0,61.67
262,8477402,Pavel Buchnevich,STL,L,https://assets.nhle.com/mugs/nhl/20262027/STL/8477402.png,https://assets.nhle.com/logos/nhl/svg/STL_light.svg,89,pavelbuchnevich,3.0,50.616666666667,0.0,1.0,0.0,1.0,1.0,33.33,4.0,0.00,0.49,9.0,7.0,6.0,3.0,0.0,2.0,0.0,0.0,0.0,0.0,0.0,0.0,2.0,0.0,2.0,4.0,0.0,0.0,2.0,0.00
263,8483425,Lian Bichsel,DAL,D,https://assets.nhle.com/mugs/nhl/20262027/DAL/8483425.png,https://assets.nhle.com/logos/nhl/svg/DAL_light.svg,6,lianbichsel,3.0,50.616666666667,0.0,0.0,0.0,0.0,0.0,-,0.0,-,0.0,5.0,1.0,1.0,0.0,0.0,0.0,2.0,1.0,1.0,0.0,0.0,0.0,1.0,0.0,12.0,7.0,5.0,0.0,0.0,-
264,8478020,Michael Amadio,OTT,R,https://assets.nhle.com/mugs/nhl/20262027/OTT/8478020.png,https://assets.nhle.com/logos/nhl/svg/OTT_light.svg,22,michaelamadio,3.0,50.6,2.0,1.0,1.0,0.0,3.0,60.00,3.0,66.67,0.51,7.0,6.0,7.0,2.0,0.0,0.0,0.0,0.0,0.0,0.0,0.0,1.0,3.0,0.0,2.0,4.0,2.0,0.0,0.0,-
265,8484241,Matthew Wood,NSH,R,https://assets.nhle.com/mugs/nhl/20262027/NSH/8484241.png,https://assets.nhle.com/logos/nhl/svg/NSH_light.svg,71,mattwood,3.0,50.366666666667,0.0,1.0,1.0,0.0,1.0,25.00,4.0,0.00,1.17,14.0,11.0,12.0,7.0,1.0,2.0,0.0,0.0,0.0,0.0,0.0,0.0,4.0,0.0,4.0,3.0,1.0,10.0,20.0,33.33
266,8480208,Drake Batherson,OTT,R,https://assets.nhle.com/mugs/nhl/20262027/OTT/8480208.png,https://assets.nhle.com/logos/nhl/svg/OTT_light.svg,19,drakebatherson,3.0,50.333333333333,2.0,1.0,1.0,0.0,3.0,100.00,6.0,33.33,0.91,12.0,9.0,6.0,5.0,0.0,2.0,4.0,2.0,2.0,0.0,0.0,1.0,3.0,0.0,10.0,2.0,1.0,0.0,2.0,0.00
267,8486171,T.J. Hughes,COL,R,https://assets.nhle.com/mugs/nhl/20262027/COL/8486171.png,https://assets.nhle.com/logos/nhl/svg/COL_light.svg,13,tjhughes,2.0,33.516666666667,0.0,0.0,0.0,0.0,0.0,0.00,4.0,0.00,0.61,9.0,6.0,8.0,1.0,0.0,1.0,2.0,1.0,1.0,0.0,0.0,3.0,1.0,0.0,2.0,2.0,0.0,5.0,3.0,62.50
268,8478439,Travis Konecny,PHI,R,https://assets.nhle.com/mugs/nhl/20262027/PHI/8478439.png,https://assets.nhle.com/logos/nhl/svg/PHI_light.svg,11,traviskonecny,4.0,66.983333333333,0.0,2.0,1.0,1.0,2.0,100.00,6.0,0.00,1.22,14.0,11.0,9.0,5.0,1.0,2.0,4.0,2.0,2.0,0.0,0.0,0.0,5.0,0.0,8.0,4.0,3.0,3.0,1.0,75.00
269,8484759,Carter Yakemchuk,OTT,D,https://assets.nhle.com/mugs/nhl/20262027/OTT/8484759.png,https://assets.nhle.com/logos/nhl/svg/OTT_light.svg,26,carteryakemchuk,3.0,49.916666666667,0.0,1.0,0.0,1.0,1.0,50.00,4.0,0.00,0.23,9.0,7.0,0.0,0.0,0.0,1.0,0.0,0.0,0.0,0.0,0.0,1.0,3.0,2.0,0.0,10.0,2.0,0.0,0.0,-
270,8481219,Jonathan Aspirot,BOS,D,https://assets.nhle.com/mugs/nhl/20262027/BOS/8481219.png,https://assets.nhle.com/logos/nhl/svg/BOS_light.svg,45,jonathanaspirot,3.0,49.9,0.0,0.0,0.0,0.0,0.0,0.00,4.0,0.00,0.16,8.0,7.0,2.0,1.0,0.0,0.0,4.0,2.0,2.0,0.0,0.0,0.0,3.0,0.0,4.0,8.0,6.0,0.0,0.0,-
271,8483679,Anton Johansson,DET,D,https://assets.nhle.com/mugs/nhl/20262027/DET/8483679.png,https://assets.nhle.com/logos/nhl/svg/DET_light.svg,42,antonjohansson,3.0,49.883333333333,0.0,0.0,0.0,0.0,0.0,0.00,0.0,-,0.04,5.0,1.0,3.0,0.0,0.0,0.0,2.0,1.0,1.0,0.0,0.0,0.0,2.0,0.0,4.0,7.0,3.0,0.0,0.0,-
272,8475151,Kyle Palmieri,NYI,C,https://assets.nhle.com/mugs/nhl/20262027/NYI/8475151.png,https://assets.nhle.com/logos/nhl/svg/NYI_light.svg,21,kylepalmieri,3.0,49.816666666667,0.0,0.0,0.0,0.0,0.0,0.00,8.0,0.00,1.24,14.0,12.0,8.0,3.0,1.0,4.0,4.0,2.0,2.0,0.0,0.0,0.0,1.0,0.0,1.0,6.0,2.0,0.0,0.0,-
273,8481014,Alexander Romanov,NYI,D,https://assets.nhle.com/mugs/nhl/20262027/NYI/8481014.png,https://assets.nhle.com/logos/nhl/svg/NYI_light.svg,28,alexromanov,3.0,49.7,0.0,0.0,0.0,0.0,0.0,0.00,3.0,0.00,0.19,3.0,3.0,1.0,1.0,0.0,0.0,0.0,0.0,0.0,0.0,0.0,0.0,5.0,2.0,5.0,1.0,7.0,0.0,0.0,-
274,8476881,Tomas Hertl,VGK,C,https://assets.nhle.com/mugs/nhl/20262027/VGK/8476881.png,https://assets.nhle.com/logos/nhl/svg/VGK_light.svg,48,tomashertl,3.0,49.616666666667,1.0,0.0,0.0,0.0,1.0,20.00,11.0,9.09,2.52,22.0,17.0,19.0,14.0,0.0,2.0,2.0,1.0,1.0,0.0,0.0,0.0,2.0,0.0,7.0,2.0,2.0,18.0,17.0,51.43
275,8484471,Emmitt Finnie,DET,C,https://assets.nhle.com/mugs/nhl/20262027/DET/8484471.png,https://assets.nhle.com/logos/nhl/svg/DET_light.svg,58,emmittfinnie,3.0,49.616666666667,1.0,0.0,0.0,0.0,1.0,100.00,5.0,20.00,0.66,8.0,5.0,5.0,2.0,0.0,0.0,0.0,0.0,0.0,0.0,0.0,0.0,0.0,0.0,5.0,6.0,1.0,9.0,16.0,36.00
276,8480064,Josh Norris,BUF,C,https://assets.nhle.com/mugs/nhl/20262027/BUF/8480064.png,https://assets.nhle.com/logos/nhl/svg/BUF_light.svg,9,joshnorris,3.0,49.583333333333,0.0,1.0,0.0,1.0,1.0,50.00,2.0,0.00,0.74,7.0,6.0,4.0,3.0,0.0,2.0,0.0,0.0,0.0,0.0,0.0,1.0,1.0,0.0,4.0,4.0,1.0,10.0,11.0,47.62
277,8480289,Morgan Barron,WPG,C,https://assets.nhle.com/mugs/nhl/20262027/WPG/8480289.png,https://assets.nhle.com/logos/nhl/svg/WPG_light.svg,36,morganbarron,3.0,49.566666666667,0.0,1.0,1.0,0.0,1.0,50.00,4.0,0.00,0.48,10.0,8.0,3.0,1.0,1.0,1.0,2.0,1.0,1.0,0.0,0.0,0.0,1.0,0.0,13.0,4.0,2.0,1.0,3.0,25.00
278,8481527,Kaedan Korczak,PIT,D,https://assets.nhle.com/mugs/nhl/20262027/PIT/8481527.png,https://assets.nhle.com/logos/nhl/svg/PIT_light.svg,6,kaedankorczak,3.0,49.533333333333,0.0,3.0,1.0,2.0,3.0,60.00,4.0,0.00,0.22,8.0,5.0,5.0,3.0,1.0,0.0,0.0,0.0,0.0,0.0,0.0,0.0,2.0,0.0,1.0,6.0,7.0,0.0,0.0,-
279,8481068,Yegor Sharangovich,CGY,C,https://assets.nhle.com/mugs/nhl/20262027/CGY/8481068.png,https://assets.nhle.com/logos/nhl/svg/CGY_light.svg,17,yegorsharangovich,3.0,49.533333333333,0.0,1.0,1.0,0.0,1.0,100.00,2.0,0.00,0.12,6.0,2.0,1.0,1.0,1.0,0.0,0.0,0.0,0.0,0.0,0.0,2.0,3.0,0.0,2.0,1.0,1.0,4.0,1.0,80.00
280,8478468,Jeremy Lauzon,VGK,D,https://assets.nhle.com/mugs/nhl/20262027/VGK/8478468.png,https://assets.nhle.com/logos/nhl/svg/VGK_light.svg,5,jeremylauzon,3.0,49.5,0.0,0.0,0.0,0.0,0.0,0.00,6.0,0.00,0.13,14.0,7.0,2.0,0.0,0.0,1.0,0.0,0.0,0.0,0.0,0.0,1.0,2.0,0.0,9.0,5.0,3.0,0.0,0.0,-
281,8479353,Brett Howden,VGK,C,https://assets.nhle.com/mugs/nhl/20262027/VGK/8479353.png,https://assets.nhle.com/logos/nhl/svg/VGK_light.svg,21,bretthowden,3.0,49.5,0.0,1.0,1.0,0.0,1.0,33.33,7.0,0.00,0.98,11.0,10.0,9.0,5.0,0.0,0.0,0.0,0.0,0.0,0.0,0.0,1.0,2.0,0.0,5.0,6.0,0.0,1.0,0.0,100.00
282,8482259,Bobby McMann,SEA,C,https://assets.nhle.com/mugs/nhl/20262027/SEA/8482259.png,https://assets.nhle.com/logos/nhl/svg/SEA_light.svg,74,bobbymcmann,3.0,49.5,2.0,0.0,0.0,0.0,2.0,40.00,12.0,16.67,1.09,18.0,18.0,15.0,4.0,0.0,0.0,0.0,0.0,0.0,0.0,0.0,0.0,5.0,0.0,7.0,1.0,4.0,0.0,0.0,-
283,8481656,Aliaksei Protas,WSH,L,https://assets.nhle.com/mugs/nhl/20262027/WSH/8481656.png,https://assets.nhle.com/logos/nhl/svg/WSH_secondary_light.svg,21,aliakseiprotas,2.0,32.95,0.0,1.0,0.0,1.0,1.0,100.00,2.0,0.00,0.44,4.0,4.0,2.0,1.0,0.0,1.0,2.0,1.0,1.0,0.0,0.0,0.0,1.0,0.0,0.0,3.0,1.0,2.0,1.0,66.67
284,8484806,Sam Dickinson,SJS,D,https://assets.nhle.com/mugs/nhl/20262027/SJS/8484806.png,https://assets.nhle.com/logos/nhl/svg/SJS_light.svg,6,samdickinson,1.0,16.466666666667,0.0,0.0,0.0,0.0,0.0,-,1.0,0.00,0.01,2.0,1.0,1.0,0.0,0.0,0.0,2.0,1.0,1.0,0.0,0.0,0.0,3.0,0.0,1.0,2.0,1.0,0.0,0.0,-
285,8485414,Ben Kindel,PIT,C,https://assets.nhle.com/mugs/nhl/20262027/PIT/8485414.png,https://assets.nhle.com/logos/nhl/svg/PIT_light.svg,81,benkindel,2.0,32.916666666667,2.0,1.0,1.0,0.0,3.0,100.00,7.0,28.57,0.66,8.0,7.0,7.0,5.0,0.0,2.0,0.0,0.0,0.0,0.0,0.0,1.0,2.0,1.0,3.0,1.0,0.0,10.0,11.0,47.62
286,8478542,Evan Rodrigues,NJD,C,https://assets.nhle.com/mugs/nhl/20262027/NJD/8478542.png,https://assets.nhle.com/logos/nhl/svg/NJD_light.svg,17,evanrodrigues,3.0,49.283333333333,0.0,0.0,0.0,0.0,0.0,-,2.0,0.00,0.37,14.0,7.0,7.0,1.0,0.0,0.0,0.0,0.0,0.0,0.0,0.0,0.0,4.0,0.0,5.0,6.0,0.0,26.0,23.0,53.06
287,8482659,Josh Doan,BUF,R,https://assets.nhle.com/mugs/nhl/20262027/BUF/8482659.png,https://assets.nhle.com/logos/nhl/svg/BUF_light.svg,91,joshdoan,3.0,49.283333333333,0.0,0.0,0.0,0.0,0.0,0.00,4.0,0.00,0.43,10.0,7.0,7.0,2.0,0.0,2.0,2.0,1.0,1.0,0.0,0.0,0.0,1.0,1.0,5.0,3.0,3.0,1.0,1.0,50.00
288,8478458,Jack Roslovic,TOR,C,https://assets.nhle.com/mugs/nhl/20262027/TOR/8478458.png,https://assets.nhle.com/logos/nhl/svg/TOR_light.svg,96,jackroslovic,4.0,65.7,1.0,2.0,1.0,1.0,3.0,75.00,10.0,10.00,0.82,21.0,16.0,8.0,3.0,0.0,1.0,2.0,1.0,1.0,0.0,0.0,0.0,2.0,1.0,3.0,5.0,1.0,6.0,6.0,50.00
289,8473533,Jordan Staal,CAR,C,https://assets.nhle.com/mugs/nhl/20262027/CAR/8473533.png,https://assets.nhle.com/logos/nhl/svg/CAR_light.svg,11,jordanstaal,4.0,65.583333333333,0.0,0.0,0.0,0.0,0.0,0.00,5.0,0.00,1.35,9.0,9.0,6.0,4.0,0.0,2.0,0.0,0.0,0.0,0.0,0.0,0.0,2.0,0.0,16.0,3.0,1.0,47.0,42.0,52.81
290,8474586,Jordan Eberle,SEA,R,https://assets.nhle.com/mugs/nhl/20262027/SEA/8474586.png,https://assets.nhle.com/logos/nhl/svg/SEA_light.svg,7,jordaneberle,3.0,49.083333333333,2.0,1.0,1.0,0.0,3.0,60.00,7.0,28.57,1.74,18.0,14.0,11.0,8.0,0.0,2.0,0.0,0.0,0.0,0.0,0.0,1.0,2.0,1.0,3.0,3.0,3.0,0.0,0.0,-
291,8482055,Drew O'Connor,VAN,L,https://assets.nhle.com/mugs/nhl/20262027/VAN/8482055.png,https://assets.nhle.com/logos/nhl/svg/VAN_light.svg,18,drewoconnor,4.0,65.383333333333,1.0,1.0,1.0,0.0,2.0,100.00,8.0,12.50,0.91,14.0,12.0,9.0,3.0,0.0,1.0,2.0,1.0,1.0,0.0,0.0,1.0,4.0,1.0,7.0,7.0,4.0,4.0,2.0,66.67
292,8482665,Matty Beniers,SEA,C,https://assets.nhle.com/mugs/nhl/20262027/SEA/8482665.png,https://assets.nhle.com/logos/nhl/svg/SEA_light.svg,10,mattybeniers,3.0,49.033333333333,1.0,2.0,1.0,1.0,3.0,75.00,2.0,50.00,0.06,2.0,2.0,1.0,0.0,0.0,0.0,0.0,0.0,0.0,0.0,0.0,0.0,3.0,3.0,3.0,9.0,2.0,15.0,28.0,34.88
293,8482475,Egor Chinakhov,PIT,R,https://assets.nhle.com/mugs/nhl/20262027/PIT/8482475.png,https://assets.nhle.com/logos/nhl/svg/PIT_light.svg,59,egorchinakhov,3.0,48.95,1.0,1.0,1.0,0.0,2.0,66.67,5.0,20.00,0.63,11.0,8.0,6.0,3.0,2.0,1.0,2.0,1.0,1.0,0.0,0.0,1.0,1.0,2.0,2.0,2.0,1.0,0.0,0.0,-
294,8477810,Joel Hanley,CGY,D,https://assets.nhle.com/mugs/nhl/20262027/CGY/8477810.png,https://assets.nhle.com/logos/nhl/svg/CGY_light.svg,44,joelhanley,1.0,16.3,0.0,0.0,0.0,0.0,0.0,-,0.0,-,0.03,1.0,1.0,0.0,0.0,0.0,1.0,0.0,0.0,0.0,0.0,0.0,0.0,2.0,0.0,1.0,1.0,3.0,0.0,0.0,-
295,8481604,Pavel Dorofeyev,NYR,R,https://assets.nhle.com/mugs/nhl/20262027/NYR/8481604.png,https://assets.nhle.com/logos/nhl/svg/NYR_light.svg,16,paveldorofeyev,5.0,81.416666666667,1.0,1.0,1.0,0.0,2.0,50.00,15.0,6.67,1.74,30.0,21.0,16.0,8.0,0.0,6.0,0.0,0.0,0.0,0.0,0.0,2.0,4.0,2.0,2.0,8.0,2.0,0.0,0.0,-
296,8477501,Valeri Nichushkin,CBJ,R,https://assets.nhle.com/mugs/nhl/20262027/CBJ/8477501.png,https://assets.nhle.com/logos/nhl/svg/CBJ_light.svg,43,valerinichushkin,2.0,32.533333333333,0.0,1.0,1.0,0.0,1.0,100.00,2.0,0.00,0.09,2.0,2.0,1.0,1.0,0.0,0.0,0.0,0.0,0.0,0.0,0.0,1.0,3.0,1.0,1.0,0.0,2.0,0.0,0.0,-
297,8476455,Gabriel Landeskog,COL,L,https://assets.nhle.com/mugs/nhl/20262027/COL/8476455.png,https://assets.nhle.com/logos/nhl/svg/COL_light.svg,92,gabriellandeskog,2.0,32.45,1.0,1.0,1.0,0.0,2.0,66.67,1.0,100.00,0.23,1.0,1.0,1.0,1.0,0.0,0.0,0.0,0.0,0.0,0.0,0.0,0.0,0.0,0.0,1.0,2.0,1.0,7.0,4.0,63.64
298,8485512,Tim Washe,ANA,C,https://assets.nhle.com/mugs/nhl/20262027/ANA/8485512.png,https://assets.nhle.com/logos/nhl/svg/ANA_light.svg,42,timwashe,2.0,32.45,0.0,1.0,1.0,0.0,1.0,100.00,1.0,0.00,0.06,2.0,2.0,0.0,0.0,0.0,0.0,0.0,0.0,0.0,0.0,0.0,0.0,0.0,0.0,4.0,0.0,2.0,22.0,17.0,56.41
299,8478851,Alexandre Carrier,MTL,D,https://assets.nhle.com/mugs/nhl/20262027/MTL/8478851.png,https://assets.nhle.com/logos/nhl/svg/MTL_light.svg,45,alexandrecarrier,3.0,48.616666666667,1.0,1.0,1.0,0.0,2.0,50.00,4.0,25.00,0.32,8.0,6.0,4.0,0.0,1.0,0.0,2.0,1.0,1.0,0.0,0.0,1.0,1.0,1.0,1.0,5.0,3.0,0.0,0.0,-
300,8480797,Joel Farabee,CGY,L,https://assets.nhle.com/mugs/nhl/20262027/CGY/8480797.png,https://assets.nhle.com/logos/nhl/svg/CGY_light.svg,86,joelfarabee,3.0,48.616666666667,0.0,2.0,0.0,2.0,2.0,100.00,6.0,0.00,0.62,13.0,10.0,7.0,4.0,1.0,0.0,6.0,3.0,3.0,0.0,0.0,0.0,4.0,3.0,1.0,3.0,3.0,2.0,1.0,66.67
301,8477497,Sean Monahan,CBJ,C,https://assets.nhle.com/mugs/nhl/20262027/CBJ/8477497.png,https://assets.nhle.com/logos/nhl/svg/CBJ_light.svg,23,seanmonahan,2.0,32.4,1.0,0.0,0.0,0.0,1.0,100.00,2.0,50.00,0.23,3.0,3.0,3.0,1.0,0.0,0.0,0.0,0.0,0.0,0.0,0.0,0.0,1.0,2.0,1.0,2.0,1.0,14.0,22.0,38.89
302,8477021,Alexander Kerfoot,NSH,C,https://assets.nhle.com/mugs/nhl/20262027/NSH/8477021.png,https://assets.nhle.com/logos/nhl/svg/NSH_light.svg,14,alexkerfoot,3.0,48.55,0.0,1.0,0.0,1.0,1.0,100.00,3.0,0.00,0.08,3.0,3.0,1.0,0.0,0.0,0.0,0.0,0.0,0.0,0.0,0.0,1.0,0.0,2.0,2.0,4.0,2.0,0.0,2.0,0.00
303,8481618,Alex Newhook,MTL,C,https://assets.nhle.com/mugs/nhl/20262027/MTL/8481618.png,https://assets.nhle.com/logos/nhl/svg/MTL_light.svg,15,alexnewhook,3.0,48.533333333333,0.0,1.0,1.0,0.0,1.0,50.00,3.0,0.00,0.42,6.0,5.0,6.0,4.0,1.0,0.0,2.0,1.0,1.0,0.0,0.0,1.0,3.0,0.0,3.0,3.0,3.0,20.0,11.0,64.52
304,8478449,Roope Hintz,DAL,C,https://assets.nhle.com/mugs/nhl/20262027/DAL/8478449.png,https://assets.nhle.com/logos/nhl/svg/DAL_light.svg,24,roopehintz,3.0,48.516666666667,0.0,2.0,1.0,1.0,2.0,66.67,3.0,0.00,1.18,13.0,11.0,9.0,5.0,0.0,2.0,0.0,0.0,0.0,0.0,0.0,1.0,3.0,0.0,7.0,3.0,0.0,18.0,17.0,51.43
305,8482699,Dylan Guenther,UTA,R,https://assets.nhle.com/mugs/nhl/20262027/UTA/8482699.png,https://assets.nhle.com/logos/nhl/svg/UTA_light.svg,11,dylanguenther,4.0,64.666666666667,3.0,3.0,2.0,1.0,6.0,54.55,17.0,17.65,1.76,29.0,23.0,16.0,5.0,0.0,3.0,0.0,0.0,0.0,0.0,0.0,1.0,4.0,2.0,2.0,5.0,0.0,1.0,0.0,100.00
306,8476461,Sean Couturier,PHI,C,https://assets.nhle.com/mugs/nhl/20262027/PHI/8476461.png,https://assets.nhle.com/logos/nhl/svg/PHI_light.svg,14,seancouturier,4.0,64.65,0.0,2.0,1.0,1.0,2.0,100.00,3.0,0.00,0.08,4.0,3.0,2.0,0.0,0.0,0.0,2.0,1.0,1.0,0.0,0.0,0.0,2.0,0.0,5.0,3.0,0.0,24.0,16.0,60.00
307,8480014,Gabriel Vilardi,WPG,C,https://assets.nhle.com/mugs/nhl/20262027/WPG/8480014.png,https://assets.nhle.com/logos/nhl/svg/WPG_light.svg,13,gabrielvilardi,3.0,48.45,0.0,2.0,2.0,0.0,2.0,50.00,6.0,0.00,1.57,15.0,12.0,13.0,5.0,0.0,3.0,2.0,1.0,1.0,0.0,0.0,0.0,2.0,0.0,0.0,5.0,1.0,6.0,3.0,66.67
308,8477989,Christian Dvorak,PHI,C,https://assets.nhle.com/mugs/nhl/20262027/PHI/8477989.png,https://assets.nhle.com/logos/nhl/svg/PHI_light.svg,22,christiandvorak,4.0,64.6,0.0,1.0,0.0,1.0,1.0,50.00,5.0,0.00,0.61,11.0,9.0,7.0,3.0,0.0,1.0,2.0,1.0,1.0,0.0,0.0,0.0,3.0,1.0,7.0,4.0,4.0,32.0,27.0,54.24
309,8482155,Alex Laferriere,LAK,R,https://assets.nhle.com/mugs/nhl/20262027/LAK/8482155.png,https://assets.nhle.com/logos/nhl/svg/LAK_light.svg,14,alexlaferriere,2.0,32.266666666667,0.0,2.0,1.0,1.0,2.0,100.00,2.0,0.00,0.69,9.0,8.0,8.0,5.0,0.0,1.0,2.0,1.0,1.0,0.0,0.0,0.0,1.0,0.0,8.0,6.0,2.0,1.0,0.0,100.00
310,8484386,Dmitri Simashev,UTA,D,https://assets.nhle.com/mugs/nhl/20262027/UTA/8484386.png,https://assets.nhle.com/logos/nhl/svg/UTA_light.svg,26,dmitrisimashev,4.0,64.35,0.0,1.0,0.0,1.0,1.0,25.00,3.0,0.00,0.19,10.0,8.0,1.0,0.0,1.0,0.0,2.0,1.0,1.0,0.0,0.0,0.0,4.0,0.0,8.0,10.0,2.0,0.0,0.0,-
311,8477496,Elias Lindholm,BOS,C,https://assets.nhle.com/mugs/nhl/20262027/BOS/8477496.png,https://assets.nhle.com/logos/nhl/svg/BOS_light.svg,28,eliaslindholm,4.0,64.333333333333,1.0,1.0,1.0,0.0,2.0,100.00,9.0,11.11,1.54,19.0,14.0,10.0,4.0,1.0,3.0,4.0,2.0,2.0,0.0,0.0,0.0,6.0,0.0,3.0,2.0,1.0,41.0,28.0,59.42
312,8482660,Kent Johnson,CBJ,C,https://assets.nhle.com/mugs/nhl/20262027/CBJ/8482660.png,https://assets.nhle.com/logos/nhl/svg/CBJ_light.svg,91,kentjohnson,2.0,32.116666666667,1.0,1.0,0.0,1.0,2.0,50.00,6.0,16.67,0.36,7.0,7.0,5.0,1.0,0.0,0.0,2.0,1.0,1.0,0.0,0.0,0.0,3.0,0.0,0.0,0.0,1.0,0.0,1.0,0.00
313,8483678,Elias Pettersson,VAN,D,https://assets.nhle.com/mugs/nhl/20262027/VAN/8483678.png,https://assets.nhle.com/logos/nhl/svg/VAN_light.svg,25,eliaspetterssonD,4.0,64.15,1.0,0.0,0.0,0.0,1.0,20.00,3.0,33.33,0.13,10.0,5.0,4.0,1.0,0.0,1.0,2.0,1.0,1.0,0.0,0.0,2.0,1.0,1.0,6.0,11.0,8.0,0.0,0.0,-
314,8477955,Jared McCann,SEA,L,https://assets.nhle.com/mugs/nhl/20262027/SEA/8477955.png,https://assets.nhle.com/logos/nhl/svg/SEA_light.svg,19,jaredmccann,3.0,48.083333333333,0.0,4.0,3.0,1.0,4.0,66.67,8.0,0.00,0.45,13.0,11.0,7.0,2.0,0.0,3.0,0.0,0.0,0.0,0.0,0.0,0.0,3.0,0.0,0.0,1.0,0.0,0.0,1.0,0.00
315,8484829,Justin Hryckowian,DAL,C,https://assets.nhle.com/mugs/nhl/20262027/DAL/8484829.png,https://assets.nhle.com/logos/nhl/svg/DAL_light.svg,49,justinhryckowian,3.0,47.933333333333,0.0,0.0,0.0,0.0,0.0,0.00,2.0,0.00,0.18,7.0,3.0,4.0,2.0,0.0,0.0,0.0,0.0,0.0,0.0,0.0,0.0,2.0,0.0,4.0,3.0,2.0,14.0,4.0,77.78
316,8473512,Claude Giroux,OTT,R,https://assets.nhle.com/mugs/nhl/20262027/OTT/8473512.png,https://assets.nhle.com/logos/nhl/svg/OTT_light.svg,28,claudegiroux,3.0,47.8,0.0,2.0,1.0,1.0,2.0,100.00,5.0,0.00,0.39,8.0,7.0,3.0,2.0,1.0,1.0,2.0,1.0,1.0,0.0,0.0,1.0,4.0,1.0,2.0,2.0,0.0,20.0,10.0,66.67
317,8481806,Louis Crevier,BUF,D,https://assets.nhle.com/mugs/nhl/20262027/BUF/8481806.png,https://assets.nhle.com/logos/nhl/svg/BUF_light.svg,46,louiscrevier,3.0,47.683333333333,0.0,1.0,1.0,0.0,1.0,33.33,4.0,0.00,0.21,9.0,5.0,3.0,0.0,0.0,2.0,0.0,0.0,0.0,0.0,0.0,0.0,7.0,1.0,4.0,9.0,5.0,0.0,0.0,-
318,8473986,Alex Killorn,ANA,L,https://assets.nhle.com/mugs/nhl/20262027/ANA/8473986.png,https://assets.nhle.com/logos/nhl/svg/ANA_light.svg,17,alexkillorn,2.0,31.766666666667,1.0,0.0,0.0,0.0,1.0,100.00,2.0,50.00,0.07,2.0,2.0,1.0,0.0,0.0,0.0,0.0,0.0,0.0,0.0,0.0,0.0,4.0,0.0,2.0,0.0,1.0,0.0,1.0,0.00
319,8485702,Maxim Shabanov,MIN,R,https://assets.nhle.com/mugs/nhl/20262027/MIN/8485702.png,https://assets.nhle.com/logos/nhl/svg/MIN_light.svg,49,maximshabanov,3.0,47.566666666667,1.0,1.0,1.0,0.0,2.0,100.00,2.0,50.00,0.45,7.0,5.0,6.0,3.0,1.0,0.0,0.0,0.0,0.0,0.0,0.0,2.0,5.0,3.0,4.0,6.0,1.0,0.0,0.0,-
320,8482866,Ville Ottavainen,SEA,D,https://assets.nhle.com/mugs/nhl/20262027/SEA/8482866.png,https://assets.nhle.com/logos/nhl/svg/SEA_light.svg,46,villeottavainen,1.0,15.85,0.0,0.0,0.0,0.0,0.0,0.00,0.0,-,0.0,1.0,0.0,1.0,0.0,0.0,0.0,2.0,1.0,1.0,0.0,0.0,0.0,1.0,0.0,0.0,3.0,1.0,0.0,0.0,-
321,8479369,Andrew Peeke,UTA,D,https://assets.nhle.com/mugs/nhl/20262027/UTA/8479369.png,https://assets.nhle.com/logos/nhl/svg/UTA_light.svg,20,andrewpeeke,4.0,63.2,1.0,1.0,1.0,0.0,2.0,66.67,5.0,20.00,0.37,13.0,10.0,4.0,1.0,1.0,1.0,2.0,1.0,1.0,0.0,0.0,1.0,5.0,1.0,4.0,3.0,8.0,0.0,0.0,-
322,8484800,Berkly Catton,SEA,C,https://assets.nhle.com/mugs/nhl/20262027/SEA/8484800.png,https://assets.nhle.com/logos/nhl/svg/SEA_light.svg,27,berklycatton,3.0,47.35,1.0,1.0,1.0,0.0,2.0,50.00,4.0,25.00,0.45,8.0,6.0,6.0,3.0,0.0,0.0,0.0,0.0,0.0,0.0,0.0,1.0,4.0,2.0,0.0,9.0,1.0,10.0,14.0,41.67
323,8475167,Victor Hedman,TBL,D,https://assets.nhle.com/mugs/nhl/20262027/TBL/8475167.png,https://assets.nhle.com/logos/nhl/svg/TBL_light.svg,77,victorhedman,3.0,47.333333333333,0.0,0.0,0.0,0.0,0.0,0.00,4.0,0.00,0.13,8.0,5.0,3.0,0.0,0.0,1.0,0.0,0.0,0.0,0.0,0.0,0.0,2.0,1.0,2.0,4.0,8.0,0.0,0.0,-
324,8476392,Adam Lowry,WPG,C,https://assets.nhle.com/mugs/nhl/20262027/WPG/8476392.png,https://assets.nhle.com/logos/nhl/svg/WPG_light.svg,17,adamlowry,3.0,47.216666666667,1.0,2.0,1.0,1.0,3.0,75.00,3.0,33.33,0.37,6.0,4.0,3.0,3.0,1.0,0.0,0.0,0.0,0.0,0.0,0.0,0.0,1.0,1.0,8.0,0.0,3.0,23.0,32.0,41.82
325,8475208,Brian Dumoulin,LAK,D,https://assets.nhle.com/mugs/nhl/20262027/LAK/8475208.png,https://assets.nhle.com/logos/nhl/svg/LAK_light.svg,2,briandumoulin,2.0,31.433333333333,1.0,0.0,0.0,0.0,1.0,33.33,2.0,50.00,0.05,5.0,3.0,2.0,0.0,0.0,0.0,0.0,0.0,0.0,0.0,0.0,0.0,5.0,1.0,1.0,3.0,2.0,0.0,0.0,-
326,8481607,Albert Johansson,DET,D,https://assets.nhle.com/mugs/nhl/20262027/DET/8481607.png,https://assets.nhle.com/logos/nhl/svg/DET_light.svg,20,albertjohansson,3.0,47.1,0.0,0.0,0.0,0.0,0.0,-,4.0,0.00,0.11,10.0,8.0,2.0,0.0,1.0,0.0,0.0,0.0,0.0,0.0,0.0,2.0,1.0,0.0,1.0,5.0,4.0,0.0,0.0,-
327,8475179,Dmitry Kulikov,FLA,D,https://assets.nhle.com/mugs/nhl/20262027/FLA/8475179.png,https://assets.nhle.com/logos/nhl/svg/FLA_light.svg,7,dmitrykulikov,3.0,47.05,0.0,1.0,1.0,0.0,1.0,50.00,0.0,-,0.05,2.0,1.0,0.0,0.0,0.0,0.0,2.0,1.0,1.0,0.0,0.0,0.0,3.0,1.0,3.0,8.0,4.0,0.0,0.0,-
328,8479324,Ryan Lindgren,SEA,D,https://assets.nhle.com/mugs/nhl/20262027/SEA/8479324.png,https://assets.nhle.com/logos/nhl/svg/SEA_light.svg,55,ryanlindgren,3.0,47.033333333333,0.0,0.0,0.0,0.0,0.0,0.00,3.0,0.00,0.11,5.0,4.0,2.0,0.0,0.0,0.0,7.0,2.0,1.0,1.0,0.0,1.0,3.0,0.0,1.0,8.0,4.0,0.0,0.0,-
329,8474151,Ryan McDonagh,TBL,D,https://assets.nhle.com/mugs/nhl/20262027/TBL/8474151.png,https://assets.nhle.com/logos/nhl/svg/TBL_light.svg,27,ryanmcdonagh,3.0,46.983333333333,0.0,0.0,0.0,0.0,0.0,0.00,1.0,0.00,0.01,4.0,1.0,2.0,0.0,0.0,0.0,2.0,1.0,1.0,0.0,0.0,0.0,3.0,2.0,1.0,2.0,4.0,0.0,0.0,-
330,8476539,Jonathan Marchessault,NSH,R,https://assets.nhle.com/mugs/nhl/20262027/NSH/8476539.png,https://assets.nhle.com/logos/nhl/svg/NSH_light.svg,81,jonathanmarchessault,3.0,46.983333333333,0.0,0.0,0.0,0.0,0.0,0.00,5.0,0.00,0.52,10.0,9.0,4.0,1.0,1.0,0.0,4.0,2.0,2.0,0.0,0.0,0.0,4.0,0.0,2.0,2.0,0.0,0.0,2.0,0.00
331,8482745,Mason McTavish,STL,C,https://assets.nhle.com/mugs/nhl/20262027/STL/8482745.png,https://assets.nhle.com/logos/nhl/svg/STL_light.svg,83,masonmctavish,3.0,46.883333333333,2.0,0.0,0.0,0.0,2.0,66.67,8.0,25.00,0.9,14.0,12.0,8.0,2.0,0.0,1.0,0.0,0.0,0.0,0.0,0.0,0.0,2.0,0.0,7.0,4.0,0.0,25.0,21.0,54.35
332,8476432,Boone Jenner,WSH,C,https://assets.nhle.com/mugs/nhl/20262027/WSH/8476432.png,https://assets.nhle.com/logos/nhl/svg/WSH_secondary_light.svg,22,boonejenner,2.0,31.25,0.0,1.0,0.0,1.0,1.0,100.00,6.0,0.00,0.4,7.0,7.0,3.0,1.0,0.0,1.0,0.0,0.0,0.0,0.0,0.0,0.0,4.0,1.0,0.0,3.0,4.0,16.0,9.0,64.00
333,8484984,Ivan Demidov,MTL,R,https://assets.nhle.com/mugs/nhl/20262027/MTL/8484984.png,https://assets.nhle.com/logos/nhl/svg/MTL_light.svg,93,ivandemidov,2.0,31.233333333333,1.0,1.0,0.0,1.0,2.0,100.00,4.0,25.00,0.38,12.0,6.0,5.0,1.0,0.0,1.0,2.0,1.0,1.0,0.0,0.0,0.0,1.0,0.0,3.0,1.0,0.0,0.0,0.0,-
334,8478440,Dylan Strome,WSH,C,https://assets.nhle.com/mugs/nhl/20262027/WSH/8478440.png,https://assets.nhle.com/logos/nhl/svg/WSH_secondary_light.svg,17,dylanstrome,2.0,31.216666666667,0.0,2.0,2.0,0.0,2.0,100.00,3.0,0.00,0.52,6.0,4.0,5.0,2.0,0.0,1.0,0.0,0.0,0.0,0.0,0.0,0.0,1.0,0.0,2.0,0.0,2.0,13.0,12.0,52.00
335,8478498,Jake DeBrusk,VAN,L,https://assets.nhle.com/mugs/nhl/20262027/VAN/8478498.png,https://assets.nhle.com/logos/nhl/svg/VAN_light.svg,74,jakedebrusk,2.0,31.2,0.0,1.0,1.0,0.0,1.0,25.00,4.0,0.00,0.92,6.0,5.0,5.0,3.0,0.0,0.0,2.0,1.0,1.0,0.0,0.0,0.0,1.0,1.0,1.0,1.0,0.0,0.0,1.0,0.00
336,8483489,Fraser Minten,BOS,C,https://assets.nhle.com/mugs/nhl/20262027/BOS/8483489.png,https://assets.nhle.com/logos/nhl/svg/BOS_light.svg,93,fraserminten,4.0,62.366666666667,1.0,1.0,1.0,0.0,2.0,66.67,8.0,12.50,0.64,13.0,11.0,6.0,2.0,0.0,4.0,0.0,0.0,0.0,0.0,0.0,1.0,5.0,1.0,3.0,4.0,0.0,15.0,23.0,39.47
337,8484180,Samuel Honzek,CGY,L,https://assets.nhle.com/mugs/nhl/20262027/CGY/8484180.png,https://assets.nhle.com/logos/nhl/svg/CGY_light.svg,29,samuelhonzek,3.0,46.683333333333,0.0,0.0,0.0,0.0,0.0,-,2.0,0.00,0.26,6.0,3.0,5.0,0.0,0.0,0.0,0.0,0.0,0.0,0.0,0.0,0.0,2.0,0.0,7.0,6.0,1.0,1.0,0.0,100.00
338,8476312,Josh Manson,COL,D,https://assets.nhle.com/mugs/nhl/20262027/COL/8476312.png,https://assets.nhle.com/logos/nhl/svg/COL_light.svg,42,joshmanson,2.0,31.116666666667,1.0,2.0,1.0,1.0,3.0,42.86,3.0,33.33,0.07,3.0,3.0,0.0,0.0,0.0,0.0,0.0,0.0,0.0,0.0,0.0,0.0,2.0,0.0,4.0,5.0,2.0,0.0,0.0,-
339,8482476,Emil Heineman,NYI,L,https://assets.nhle.com/mugs/nhl/20262027/NYI/8482476.png,https://assets.nhle.com/logos/nhl/svg/NYI_light.svg,51,emilheineman,3.0,46.65,1.0,0.0,0.0,0.0,1.0,100.00,2.0,50.00,0.44,6.0,5.0,6.0,2.0,0.0,0.0,0.0,0.0,0.0,0.0,0.0,0.0,1.0,2.0,8.0,4.0,0.0,0.0,2.0,0.00
340,8480185,Eetu Luostarinen,FLA,C,https://assets.nhle.com/mugs/nhl/20262027/FLA/8480185.png,https://assets.nhle.com/logos/nhl/svg/FLA_light.svg,27,eetuluostarinen,3.0,46.633333333333,2.0,0.0,0.0,0.0,2.0,66.67,4.0,50.00,0.87,7.0,6.0,6.0,5.0,0.0,0.0,0.0,0.0,0.0,0.0,0.0,1.0,1.0,0.0,5.0,4.0,2.0,1.0,2.0,33.33
341,8479675,Trevor Moore,LAK,L,https://assets.nhle.com/mugs/nhl/20262027/LAK/8479675.png,https://assets.nhle.com/logos/nhl/svg/LAK_light.svg,12,trevormoore,2.0,31.05,1.0,0.0,0.0,0.0,1.0,50.00,4.0,25.00,0.24,6.0,4.0,2.0,1.0,0.0,0.0,0.0,0.0,0.0,0.0,0.0,0.0,1.0,0.0,1.0,1.0,1.0,0.0,0.0,-
342,8480015,Owen Tippett,PHI,R,https://assets.nhle.com/mugs/nhl/20262027/PHI/8480015.png,https://assets.nhle.com/logos/nhl/svg/PHI_light.svg,74,owentippett,4.0,62.016666666667,1.0,0.0,0.0,0.0,1.0,50.00,9.0,11.11,0.61,20.0,13.0,5.0,1.0,0.0,2.0,4.0,2.0,2.0,0.0,0.0,1.0,3.0,0.0,15.0,3.0,4.0,0.0,0.0,-
343,8484387,Matvei Michkov,PHI,R,https://assets.nhle.com/mugs/nhl/20262027/PHI/8484387.png,https://assets.nhle.com/logos/nhl/svg/PHI_light.svg,39,matveimichkov,4.0,61.983333333333,1.0,0.0,0.0,0.0,1.0,100.00,5.0,20.00,0.69,12.0,7.0,8.0,1.0,0.0,1.0,4.0,2.0,2.0,0.0,0.0,0.0,5.0,1.0,0.0,3.0,3.0,3.0,1.0,75.00
344,8480028,Morgan Frost,CGY,C,https://assets.nhle.com/mugs/nhl/20262027/CGY/8480028.png,https://assets.nhle.com/logos/nhl/svg/CGY_light.svg,16,morganfrost,3.0,46.45,1.0,0.0,0.0,0.0,1.0,50.00,8.0,12.50,1.28,12.0,10.0,8.0,3.0,0.0,3.0,0.0,0.0,0.0,0.0,0.0,0.0,3.0,2.0,3.0,4.0,3.0,21.0,15.0,58.33
345,8482715,Ryan Ufko,NSH,D,https://assets.nhle.com/mugs/nhl/20262027/NSH/8482715.png,https://assets.nhle.com/logos/nhl/svg/NSH_light.svg,12,ryanufko,1.0,15.45,0.0,0.0,0.0,0.0,0.0,-,1.0,0.00,0.02,2.0,1.0,0.0,0.0,0.0,0.0,0.0,0.0,0.0,0.0,0.0,0.0,1.0,0.0,0.0,4.0,1.0,0.0,0.0,-
346,8477426,Nick Paul,TOR,L,https://assets.nhle.com/mugs/nhl/20262027/TOR/8477426.png,https://assets.nhle.com/logos/nhl/svg/TOR_light.svg,20,nickpaul,4.0,61.75,0.0,1.0,1.0,0.0,1.0,50.00,5.0,0.00,0.98,9.0,8.0,7.0,4.0,0.0,3.0,4.0,2.0,2.0,0.0,0.0,2.0,0.0,0.0,8.0,4.0,2.0,14.0,18.0,43.75
347,8483460,David Jiricek,PHI,D,https://assets.nhle.com/mugs/nhl/20262027/PHI/8483460.png,https://assets.nhle.com/logos/nhl/svg/PHI_light.svg,5,davidjiricek,2.0,30.866666666667,0.0,0.0,0.0,0.0,0.0,0.00,2.0,0.00,0.11,4.0,2.0,1.0,0.0,0.0,0.0,0.0,0.0,0.0,0.0,0.0,0.0,1.0,0.0,1.0,2.0,3.0,0.0,0.0,-
348,8481711,Matias Maccelli,NYI,L,https://assets.nhle.com/mugs/nhl/20262027/NYI/8481711.png,https://assets.nhle.com/logos/nhl/svg/NYI_light.svg,63,matiasmaccelli,3.0,46.3,0.0,1.0,1.0,0.0,1.0,33.33,4.0,0.00,0.42,5.0,4.0,4.0,1.0,0.0,0.0,2.0,1.0,1.0,0.0,0.0,2.0,3.0,1.0,1.0,2.0,0.0,0.0,0.0,-
349,8481532,Alex Turcotte,LAK,C,https://assets.nhle.com/mugs/nhl/20262027/LAK/8481532.png,https://assets.nhle.com/logos/nhl/svg/LAK_light.svg,15,alexturcotte,2.0,30.833333333333,0.0,1.0,0.0,1.0,1.0,50.00,1.0,0.00,0.28,3.0,3.0,2.0,2.0,0.0,0.0,2.0,1.0,1.0,0.0,0.0,0.0,0.0,1.0,4.0,3.0,0.0,11.0,7.0,61.11
350,8481580,Connor McMichael,STL,L,https://assets.nhle.com/mugs/nhl/20262027/STL/8481580.png,https://assets.nhle.com/logos/nhl/svg/STL_light.svg,77,connormcmichael,3.0,46.25,1.0,2.0,2.0,0.0,3.0,100.00,7.0,14.29,1.09,13.0,11.0,7.0,5.0,1.0,1.0,0.0,0.0,0.0,0.0,0.0,1.0,1.0,0.0,1.0,1.0,1.0,2.0,3.0,40.00
351,8484911,Collin Graf,SJS,R,https://assets.nhle.com/mugs/nhl/20262027/SJS/8484911.png,https://assets.nhle.com/logos/nhl/svg/SJS_light.svg,51,collingraf,3.0,46.216666666667,0.0,0.0,0.0,0.0,0.0,-,1.0,0.00,0.22,4.0,3.0,1.0,1.0,0.0,0.0,7.0,2.0,1.0,1.0,0.0,2.0,0.0,0.0,6.0,2.0,2.0,3.0,5.0,37.50
352,8481719,Max Crozier,TBL,D,https://assets.nhle.com/mugs/nhl/20262027/TBL/8481719.png,https://assets.nhle.com/logos/nhl/svg/TBL_light.svg,24,maxcrozier,1.0,15.4,0.0,0.0,0.0,0.0,0.0,-,2.0,0.00,0.12,4.0,3.0,2.0,0.0,0.0,1.0,0.0,0.0,0.0,0.0,0.0,0.0,1.0,0.0,3.0,1.0,1.0,0.0,0.0,-
353,8478569,Noel Acciari,PHI,C,https://assets.nhle.com/mugs/nhl/20262027/PHI/8478569.png,https://assets.nhle.com/logos/nhl/svg/PHI_light.svg,52,noelacciari,4.0,61.466666666667,0.0,0.0,0.0,0.0,0.0,-,2.0,0.00,0.73,8.0,7.0,5.0,5.0,0.0,0.0,2.0,1.0,1.0,0.0,0.0,0.0,3.0,0.0,11.0,2.0,5.0,29.0,22.0,56.86
354,8482713,Mackie Samoskevich,SEA,R,https://assets.nhle.com/mugs/nhl/20262027/SEA/8482713.png,https://assets.nhle.com/logos/nhl/svg/SEA_light.svg,11,mackiesamoskevich,2.0,30.716666666667,2.0,0.0,0.0,0.0,2.0,100.00,3.0,66.67,0.23,4.0,4.0,3.0,2.0,1.0,0.0,2.0,1.0,1.0,0.0,0.0,0.0,0.0,0.0,4.0,5.0,1.0,0.0,0.0,-
355,8483450,Ryan Greene,CHI,C,https://assets.nhle.com/mugs/nhl/20262027/CHI/8483450.png,https://assets.nhle.com/logos/nhl/svg/CHI_light.svg,20,ryangreene,4.0,61.416666666667,0.0,1.0,1.0,0.0,1.0,50.00,2.0,0.00,0.39,6.0,5.0,6.0,2.0,1.0,0.0,0.0,0.0,0.0,0.0,0.0,0.0,4.0,0.0,1.0,4.0,3.0,24.0,34.0,41.38
356,8479400,Pierre-Luc Dubois,WSH,C,https://assets.nhle.com/mugs/nhl/20262027/WSH/8479400.png,https://assets.nhle.com/logos/nhl/svg/WSH_secondary_light.svg,80,pierrelucdubois,2.0,30.7,0.0,2.0,2.0,0.0,2.0,66.67,2.0,0.00,0.14,6.0,3.0,2.0,2.0,0.0,1.0,4.0,2.0,2.0,0.0,0.0,1.0,0.0,0.0,3.0,5.0,1.0,11.0,18.0,37.93
357,8478438,Tommy Novak,PIT,C,https://assets.nhle.com/mugs/nhl/20262027/PIT/8478438.png,https://assets.nhle.com/logos/nhl/svg/PIT_light.svg,18,thomasnovak,3.0,45.966666666667,2.0,2.0,0.0,2.0,4.0,80.00,5.0,40.00,0.71,10.0,6.0,9.0,3.0,1.0,0.0,0.0,0.0,0.0,0.0,0.0,0.0,5.0,0.0,1.0,7.0,2.0,9.0,25.0,26.47
358,8481721,Arseny Gritsyuk,NJD,R,https://assets.nhle.com/mugs/nhl/20262027/NJD/8481721.png,https://assets.nhle.com/logos/nhl/svg/NJD_light.svg,81,arsenygritsyuk,3.0,45.883333333333,0.0,0.0,0.0,0.0,0.0,-,6.0,0.00,0.58,17.0,12.0,7.0,2.0,0.0,1.0,0.0,0.0,0.0,0.0,0.0,0.0,4.0,1.0,4.0,2.0,2.0,0.0,0.0,-
359,8482768,Fedor Svechkov,COL,C,https://assets.nhle.com/mugs/nhl/20262027/COL/8482768.png,https://assets.nhle.com/logos/nhl/svg/COL_light.svg,9,fedorsvechkov,2.0,30.55,0.0,0.0,0.0,0.0,0.0,0.00,2.0,0.00,0.59,6.0,3.0,4.0,2.0,0.0,1.0,0.0,0.0,0.0,0.0,0.0,0.0,1.0,0.0,1.0,3.0,1.0,5.0,8.0,38.46
360,8482482,Adam Wilsby,NSH,D,https://assets.nhle.com/mugs/nhl/20262027/NSH/8482482.png,https://assets.nhle.com/logos/nhl/svg/NSH_light.svg,2,adamwilsby,3.0,45.716666666667,0.0,1.0,1.0,0.0,1.0,100.00,3.0,0.00,0.13,5.0,4.0,2.0,0.0,0.0,1.0,0.0,0.0,0.0,0.0,0.0,0.0,2.0,1.0,2.0,6.0,5.0,0.0,0.0,-
361,8481032,Paul Cotter,VAN,L,https://assets.nhle.com/mugs/nhl/20262027/VAN/8481032.png,https://assets.nhle.com/logos/nhl/svg/VAN_light.svg,47,paulcotter,4.0,60.9,4.0,2.0,2.0,0.0,6.0,85.71,7.0,57.14,0.64,11.0,8.0,7.0,4.0,0.0,1.0,0.0,0.0,0.0,0.0,0.0,0.0,3.0,1.0,12.0,3.0,1.0,22.0,20.0,52.38
362,8477446,Michael McCarron,MIN,C,https://assets.nhle.com/mugs/nhl/20262027/MIN/8477446.png,https://assets.nhle.com/logos/nhl/svg/MIN_light.svg,47,michaelmccarron,3.0,45.633333333333,0.0,3.0,2.0,1.0,3.0,100.00,8.0,0.00,0.72,11.0,9.0,5.0,4.0,1.0,4.0,0.0,0.0,0.0,0.0,0.0,0.0,3.0,0.0,10.0,3.0,2.0,25.0,18.0,58.14
363,8482803,Olen Zellweger,BUF,D,https://assets.nhle.com/mugs/nhl/20262027/BUF/8482803.png,https://assets.nhle.com/logos/nhl/svg/BUF_light.svg,8,olenzellweger,2.0,31.1,0.0,0.0,0.0,0.0,0.0,0.00,1.0,0.00,0.09,4.0,2.0,2.0,0.0,0.0,0.0,0.0,0.0,0.0,0.0,0.0,0.0,2.0,0.0,0.0,0.0,1.0,0.0,0.0,-
364,8482157,Will Cuylle,NYR,L,https://assets.nhle.com/mugs/nhl/20262027/NYR/8482157.png,https://assets.nhle.com/logos/nhl/svg/NYR_light.svg,50,willcuylle,5.0,75.8,0.0,3.0,1.0,2.0,3.0,60.00,14.0,0.00,2.03,26.0,21.0,18.0,13.0,0.0,3.0,13.0,5.0,4.0,1.0,0.0,3.0,5.0,0.0,18.0,7.0,1.0,10.0,7.0,58.82
365,8480029,Alex Formenton,EDM,L,https://assets.nhle.com/mugs/nhl/20262027/EDM/8480029.png,https://assets.nhle.com/logos/nhl/svg/EDM_light.svg,26,alexformenton,3.0,45.45,0.0,2.0,1.0,1.0,2.0,33.33,4.0,0.00,0.49,5.0,5.0,3.0,2.0,0.0,0.0,0.0,0.0,0.0,0.0,0.0,1.0,1.0,0.0,8.0,0.0,1.0,0.0,0.0,-
366,8475170,Brayden Schenn,NYI,C,https://assets.nhle.com/mugs/nhl/20262027/NYI/8475170.png,https://assets.nhle.com/logos/nhl/svg/NYI_light.svg,10,braydenschenn,3.0,45.383333333333,1.0,3.0,1.0,2.0,4.0,80.00,7.0,14.29,0.79,14.0,8.0,7.0,3.0,0.0,2.0,9.0,3.0,2.0,1.0,0.0,1.0,0.0,0.0,8.0,3.0,1.0,9.0,7.0,56.25
367,8483524,Shane Wright,SEA,C,https://assets.nhle.com/mugs/nhl/20262027/SEA/8483524.png,https://assets.nhle.com/logos/nhl/svg/SEA_light.svg,51,shanewright,3.0,45.366666666667,1.0,1.0,0.0,1.0,2.0,66.67,3.0,33.33,0.5,8.0,6.0,6.0,5.0,0.0,0.0,0.0,0.0,0.0,0.0,0.0,1.0,2.0,2.0,1.0,3.0,2.0,7.0,7.0,50.00
368,8478975,Mason Marchment,SJS,L,https://assets.nhle.com/mugs/nhl/20262027/SJS/8478975.png,https://assets.nhle.com/logos/nhl/svg/SJS_light.svg,27,masonmarchment,3.0,45.316666666667,1.0,0.0,0.0,0.0,1.0,100.00,6.0,16.67,0.32,10.0,8.0,4.0,0.0,0.0,0.0,2.0,1.0,1.0,0.0,0.0,0.0,2.0,3.0,11.0,3.0,1.0,0.0,1.0,0.00
369,8475287,Erik Haula,LAK,L,https://assets.nhle.com/mugs/nhl/20262027/LAK/8475287.png,https://assets.nhle.com/logos/nhl/svg/LAK_light.svg,56,erikhaula,2.0,30.183333333333,1.0,1.0,1.0,0.0,2.0,100.00,5.0,20.00,0.42,6.0,6.0,4.0,3.0,0.0,1.0,0.0,0.0,0.0,0.0,0.0,0.0,1.0,0.0,0.0,2.0,0.0,14.0,17.0,45.16
370,8478472,Mathieu Joseph,EDM,R,https://assets.nhle.com/mugs/nhl/20262027/EDM/8478472.png,https://assets.nhle.com/logos/nhl/svg/EDM_light.svg,21,mathieujoseph,3.0,45.133333333333,0.0,1.0,1.0,0.0,1.0,33.33,3.0,0.00,0.55,7.0,6.0,4.0,2.0,2.0,0.0,2.0,1.0,1.0,0.0,0.0,0.0,3.0,2.0,11.0,4.0,4.0,0.0,0.0,-
371,8484258,Sam Malinski,COL,D,https://assets.nhle.com/mugs/nhl/20262027/COL/8484258.png,https://assets.nhle.com/logos/nhl/svg/COL_light.svg,70,sammalinski,2.0,30.066666666667,0.0,0.0,0.0,0.0,0.0,0.00,3.0,0.00,0.17,6.0,4.0,4.0,0.0,0.0,1.0,0.0,0.0,0.0,0.0,0.0,1.0,1.0,1.0,0.0,2.0,4.0,0.0,0.0,-
372,8482807,Ethan Del Mastro,CHI,D,https://assets.nhle.com/mugs/nhl/20262027/CHI/8482807.png,https://assets.nhle.com/logos/nhl/svg/CHI_light.svg,38,ethandelmastro,1.0,15.016666666667,0.0,0.0,0.0,0.0,0.0,-,0.0,-,0.05,1.0,1.0,1.0,0.0,0.0,0.0,0.0,0.0,0.0,0.0,0.0,0.0,0.0,0.0,2.0,3.0,2.0,0.0,0.0,-
373,8476399,Blake Coleman,MIN,L,https://assets.nhle.com/mugs/nhl/20262027/MIN/8476399.png,https://assets.nhle.com/logos/nhl/svg/MIN_light.svg,20,blakecoleman,3.0,45.033333333333,1.0,1.0,0.0,1.0,2.0,66.67,5.0,20.00,0.6,8.0,7.0,5.0,4.0,0.0,1.0,2.0,1.0,1.0,0.0,0.0,2.0,4.0,1.0,6.0,5.0,1.0,1.0,1.0,50.00
374,8477511,Anthony Mantha,NJD,R,https://assets.nhle.com/mugs/nhl/20262027/NJD/8477511.png,https://assets.nhle.com/logos/nhl/svg/NJD_light.svg,39,anthonymantha,3.0,45.0,0.0,0.0,0.0,0.0,0.0,0.00,3.0,0.00,0.37,5.0,4.0,4.0,2.0,0.0,0.0,0.0,0.0,0.0,0.0,0.0,0.0,4.0,0.0,1.0,3.0,0.0,0.0,0.0,-
375,8474574,Tyler Myers,DAL,D,https://assets.nhle.com/mugs/nhl/20262027/DAL/8474574.png,https://assets.nhle.com/logos/nhl/svg/DAL_light.svg,57,tylermyers,3.0,44.983333333333,0.0,0.0,0.0,0.0,0.0,-,2.0,0.00,0.1,6.0,3.0,1.0,0.0,0.0,0.0,0.0,0.0,0.0,0.0,0.0,0.0,1.0,0.0,4.0,3.0,3.0,0.0,0.0,-
376,8479671,Mathieu Olivier,CBJ,R,https://assets.nhle.com/mugs/nhl/20262027/CBJ/8479671.png,https://assets.nhle.com/logos/nhl/svg/CBJ_light.svg,24,mathieuolivier,2.0,29.916666666667,1.0,0.0,0.0,0.0,1.0,50.00,4.0,25.00,0.64,8.0,6.0,4.0,2.0,0.0,1.0,7.0,2.0,1.0,1.0,0.0,1.0,0.0,0.0,7.0,1.0,0.0,0.0,0.0,-
377,8478474,Lawson Crouse,UTA,L,https://assets.nhle.com/mugs/nhl/20262027/UTA/8478474.png,https://assets.nhle.com/logos/nhl/svg/UTA_light.svg,67,lawsoncrouse,4.0,59.716666666667,1.0,1.0,0.0,1.0,2.0,100.00,9.0,11.11,1.16,15.0,11.0,9.0,3.0,1.0,1.0,2.0,1.0,1.0,0.0,0.0,1.0,4.0,2.0,11.0,0.0,1.0,1.0,0.0,100.00
378,8484210,Gabe Perreault,NYR,R,https://assets.nhle.com/mugs/nhl/20262027/NYR/8484210.png,https://assets.nhle.com/logos/nhl/svg/NYR_light.svg,94,gabeperreault,5.0,74.55,2.0,2.0,2.0,0.0,4.0,80.00,5.0,40.00,1.09,11.0,11.0,9.0,5.0,0.0,0.0,0.0,0.0,0.0,0.0,0.0,1.0,1.0,0.0,3.0,4.0,4.0,0.0,0.0,-
379,8477493,Aleksander Barkov,FLA,C,https://assets.nhle.com/mugs/nhl/20262027/FLA/8477493.png,https://assets.nhle.com/logos/nhl/svg/FLA_light.svg,16,aleksanderbarkov,2.0,29.783333333333,0.0,0.0,0.0,0.0,0.0,-,2.0,0.00,0.18,4.0,2.0,4.0,1.0,1.0,0.0,0.0,0.0,0.0,0.0,0.0,1.0,0.0,0.0,1.0,3.0,2.0,14.0,12.0,53.85
380,8474567,Zach Bogosian,MIN,D,https://assets.nhle.com/mugs/nhl/20262027/MIN/8474567.png,https://assets.nhle.com/logos/nhl/svg/MIN_light.svg,24,zachbogosian,3.0,44.633333333333,0.0,0.0,0.0,0.0,0.0,0.00,1.0,0.00,0.01,2.0,1.0,0.0,0.0,0.0,1.0,0.0,0.0,0.0,0.0,0.0,0.0,3.0,0.0,1.0,3.0,1.0,0.0,0.0,-
381,8485957,Alberts Smits,NYR,D,https://assets.nhle.com/mugs/nhl/20262027/NYR/8485957.png,https://assets.nhle.com/logos/nhl/svg/NYR_light.svg,12,albertssmits,5.0,74.133333333333,0.0,0.0,0.0,0.0,0.0,0.00,1.0,0.00,0.14,8.0,4.0,2.0,0.0,0.0,1.0,4.0,2.0,2.0,0.0,0.0,1.0,5.0,2.0,5.0,11.0,5.0,0.0,0.0,-
382,8484188,Theo Lindstein,STL,D,https://assets.nhle.com/mugs/nhl/20262027/STL/8484188.png,https://assets.nhle.com/logos/nhl/svg/STL_light.svg,4,theolindstein,3.0,44.466666666667,0.0,1.0,1.0,0.0,1.0,33.33,2.0,0.00,0.07,4.0,3.0,0.0,0.0,0.0,0.0,0.0,0.0,0.0,0.0,0.0,0.0,2.0,4.0,1.0,2.0,2.0,0.0,0.0,-
383,8482062,Cole Smith,CHI,R,https://assets.nhle.com/mugs/nhl/20262027/CHI/8482062.png,https://assets.nhle.com/logos/nhl/svg/CHI_light.svg,22,colesmith,4.0,59.233333333333,1.0,0.0,0.0,0.0,1.0,50.00,3.0,33.33,1.07,5.0,3.0,3.0,1.0,0.0,0.0,2.0,1.0,1.0,0.0,0.0,0.0,0.0,1.0,7.0,6.0,0.0,0.0,2.0,0.00
384,8481013,Jonatan Berggren,STL,R,https://assets.nhle.com/mugs/nhl/20262027/STL/8481013.png,https://assets.nhle.com/logos/nhl/svg/STL_light.svg,29,jonatanberggren,3.0,44.366666666667,0.0,0.0,0.0,0.0,0.0,0.00,4.0,0.00,0.31,7.0,6.0,3.0,1.0,0.0,0.0,2.0,1.0,1.0,0.0,0.0,0.0,1.0,0.0,2.0,4.0,0.0,0.0,1.0,0.00
385,8481024,Linus Karlsson,VAN,C,https://assets.nhle.com/mugs/nhl/20262027/VAN/8481024.png,https://assets.nhle.com/logos/nhl/svg/VAN_light.svg,94,linuskarlsson,4.0,59.066666666667,0.0,4.0,3.0,1.0,4.0,66.67,7.0,0.00,0.5,10.0,10.0,5.0,2.0,1.0,0.0,2.0,1.0,1.0,0.0,0.0,1.0,3.0,1.0,1.0,2.0,1.0,3.0,3.0,50.00
386,8481789,Tye Kartye,NYR,L,https://assets.nhle.com/mugs/nhl/20262027/NYR/8481789.png,https://assets.nhle.com/logos/nhl/svg/NYR_light.svg,24,tyekartye,5.0,73.8,0.0,2.0,1.0,1.0,2.0,66.67,4.0,0.00,0.48,8.0,5.0,7.0,2.0,0.0,1.0,2.0,1.0,1.0,0.0,0.0,0.0,1.0,0.0,14.0,8.0,1.0,1.0,2.0,33.33
387,8484221,Calum Ritchie,NYI,C,https://assets.nhle.com/mugs/nhl/20262027/NYI/8484221.png,https://assets.nhle.com/logos/nhl/svg/NYI_light.svg,64,calumritchie,3.0,44.2,1.0,1.0,1.0,0.0,2.0,66.67,5.0,20.00,0.43,9.0,8.0,3.0,2.0,0.0,1.0,0.0,0.0,0.0,0.0,0.0,1.0,1.0,1.0,2.0,3.0,1.0,7.0,12.0,36.84
388,8483690,Noah Laba,NYR,C,https://assets.nhle.com/mugs/nhl/20262027/NYR/8483690.png,https://assets.nhle.com/logos/nhl/svg/NYR_light.svg,42,noahlaba,5.0,73.65,0.0,1.0,1.0,0.0,1.0,33.33,3.0,0.00,0.15,4.0,3.0,2.0,0.0,0.0,0.0,4.0,2.0,2.0,0.0,0.0,0.0,3.0,1.0,7.0,7.0,4.0,25.0,28.0,47.17
389,8484136,Max Sasson,VAN,C,https://assets.nhle.com/mugs/nhl/20262027/VAN/8484136.png,https://assets.nhle.com/logos/nhl/svg/VAN_light.svg,63,maxsasson,4.0,58.85,1.0,1.0,1.0,0.0,2.0,100.00,7.0,14.29,0.94,14.0,11.0,7.0,4.0,2.0,1.0,2.0,1.0,1.0,0.0,0.0,1.0,3.0,1.0,1.0,6.0,7.0,13.0,26.0,33.33
390,8482201,Gage Goncalves,TBL,C,https://assets.nhle.com/mugs/nhl/20262027/TBL/8482201.png,https://assets.nhle.com/logos/nhl/svg/TBL_light.svg,93,gagegoncalves,3.0,44.133333333333,0.0,0.0,0.0,0.0,0.0,0.00,2.0,0.00,0.43,6.0,4.0,5.0,3.0,1.0,1.0,0.0,0.0,0.0,0.0,0.0,0.0,3.0,1.0,3.0,4.0,0.0,0.0,1.0,0.00
391,8476921,Jordan Martinook,CAR,L,https://assets.nhle.com/mugs/nhl/20262027/CAR/8476921.png,https://assets.nhle.com/logos/nhl/svg/CAR_light.svg,48,jordanmartinook,4.0,58.8,0.0,0.0,0.0,0.0,0.0,0.00,8.0,0.00,0.92,15.0,12.0,7.0,4.0,0.0,1.0,2.0,1.0,1.0,0.0,0.0,0.0,5.0,1.0,10.0,5.0,1.0,3.0,0.0,100.00
392,8479999,Casey Mittelstadt,BOS,C,https://assets.nhle.com/mugs/nhl/20262027/BOS/8479999.png,https://assets.nhle.com/logos/nhl/svg/BOS_light.svg,11,caseymittelstadt,4.0,58.716666666667,0.0,0.0,0.0,0.0,0.0,0.00,6.0,0.00,0.44,9.0,7.0,6.0,1.0,0.0,0.0,2.0,1.0,1.0,0.0,0.0,0.0,4.0,3.0,1.0,2.0,1.0,2.0,2.0,50.00
393,8481522,Peyton Krebs,BUF,C,https://assets.nhle.com/mugs/nhl/20262027/BUF/8481522.png,https://assets.nhle.com/logos/nhl/svg/BUF_light.svg,19,peytonkrebs,3.0,44.016666666667,0.0,2.0,2.0,0.0,2.0,100.00,2.0,0.00,0.35,5.0,5.0,4.0,1.0,0.0,0.0,2.0,1.0,1.0,0.0,0.0,0.0,2.0,0.0,3.0,3.0,0.0,1.0,0.0,100.00
394,8482126,Emil Andrae,CBJ,D,https://assets.nhle.com/mugs/nhl/20262027/CBJ/8482126.png,https://assets.nhle.com/logos/nhl/svg/CBJ_light.svg,36,emilandrae,2.0,29.333333333333,0.0,1.0,1.0,0.0,1.0,33.33,0.0,-,0.0,1.0,0.0,0.0,0.0,0.0,0.0,2.0,1.0,1.0,0.0,0.0,0.0,2.0,0.0,1.0,3.0,4.0,0.0,0.0,-
395,8477456,J.T. Compher,DET,L,https://assets.nhle.com/mugs/nhl/20262027/DET/8477456.png,https://assets.nhle.com/logos/nhl/svg/DET_light.svg,37,jtcompher,2.0,29.316666666667,0.0,0.0,0.0,0.0,0.0,-,3.0,0.00,0.16,6.0,4.0,1.0,1.0,0.0,0.0,2.0,1.0,1.0,0.0,0.0,1.0,1.0,1.0,1.0,3.0,0.0,11.0,15.0,42.31
396,8475794,Tyler Seguin,DAL,C,https://assets.nhle.com/mugs/nhl/20262027/DAL/8475794.png,https://assets.nhle.com/logos/nhl/svg/DAL_light.svg,91,tylerseguin,3.0,43.95,0.0,0.0,0.0,0.0,0.0,-,9.0,0.00,1.91,19.0,17.0,10.0,7.0,0.0,4.0,6.0,2.0,2.0,0.0,0.0,0.0,0.0,0.0,0.0,1.0,0.0,7.0,6.0,53.85
397,8480459,Pius Suter,STL,C,https://assets.nhle.com/mugs/nhl/20262027/STL/8480459.png,https://assets.nhle.com/logos/nhl/svg/STL_light.svg,22,piussuter,3.0,43.95,1.0,1.0,0.0,1.0,2.0,100.00,4.0,25.00,0.73,9.0,5.0,4.0,1.0,0.0,2.0,0.0,0.0,0.0,0.0,0.0,0.0,3.0,0.0,6.0,1.0,0.0,10.0,17.0,37.04
398,8481582,Nick Robertson,PIT,L,https://assets.nhle.com/mugs/nhl/20262027/PIT/8481582.png,https://assets.nhle.com/logos/nhl/svg/PIT_light.svg,14,nickrobertson,3.0,43.85,2.0,0.0,0.0,0.0,2.0,50.00,6.0,33.33,0.86,8.0,8.0,7.0,3.0,0.0,1.0,2.0,1.0,1.0,0.0,0.0,1.0,3.0,0.0,0.0,6.0,2.0,1.0,0.0,100.00
399,8481122,Simon Benoit,PHI,D,https://assets.nhle.com/mugs/nhl/20262027/PHI/8481122.png,https://assets.nhle.com/logos/nhl/svg/PHI_light.svg,44,simonbenoit,3.0,43.833333333333,0.0,0.0,0.0,0.0,0.0,-,1.0,0.00,0.02,2.0,1.0,0.0,0.0,0.0,0.0,7.0,2.0,1.0,1.0,0.0,3.0,5.0,0.0,6.0,3.0,1.0,0.0,0.0,-
400,8480426,Charle-Edouard D'Astous,TBL,D,https://assets.nhle.com/mugs/nhl/20262027/TBL/8480426.png,https://assets.nhle.com/logos/nhl/svg/TBL_light.svg,51,charleedouarddastous,3.0,43.833333333333,1.0,0.0,0.0,0.0,1.0,50.00,4.0,25.00,0.12,10.0,4.0,2.0,0.0,0.0,0.0,2.0,1.0,1.0,0.0,0.0,0.0,6.0,1.0,2.0,4.0,4.0,0.0,0.0,-
401,8475184,Chris Kreider,MTL,L,https://assets.nhle.com/mugs/nhl/20262027/MTL/8475184.png,https://assets.nhle.com/logos/nhl/svg/MTL_light.svg,22,chriskreider,3.0,43.8,1.0,3.0,3.0,0.0,4.0,80.00,3.0,33.33,0.76,7.0,7.0,6.0,6.0,0.0,0.0,0.0,0.0,0.0,0.0,0.0,0.0,0.0,1.0,7.0,0.0,1.0,0.0,1.0,0.00
402,8480188,Fabian Zetterlund,OTT,L,https://assets.nhle.com/mugs/nhl/20262027/OTT/8480188.png,https://assets.nhle.com/logos/nhl/svg/OTT_light.svg,20,fabianzetterlund,3.0,43.8,0.0,2.0,2.0,0.0,2.0,100.00,3.0,0.00,0.15,8.0,4.0,3.0,0.0,0.0,2.0,0.0,0.0,0.0,0.0,0.0,0.0,2.0,1.0,9.0,2.0,1.0,1.0,0.0,100.00
403,8486067,Gavin McKenna,TOR,L,https://assets.nhle.com/mugs/nhl/20262027/TOR/8486067.png,https://assets.nhle.com/logos/nhl/svg/TOR_light.svg,92,gavinmckenna,4.0,58.366666666667,1.0,1.0,1.0,0.0,2.0,50.00,7.0,14.29,0.84,11.0,10.0,7.0,4.0,0.0,0.0,0.0,0.0,0.0,0.0,0.0,0.0,5.0,1.0,0.0,2.0,1.0,0.0,0.0,-
404,8478133,Jake Evans,MTL,C,https://assets.nhle.com/mugs/nhl/20262027/MTL/8478133.png,https://assets.nhle.com/logos/nhl/svg/MTL_light.svg,71,jakeevans,3.0,43.75,0.0,0.0,0.0,0.0,0.0,0.00,2.0,0.00,0.37,5.0,5.0,4.0,2.0,0.0,0.0,0.0,0.0,0.0,0.0,0.0,1.0,0.0,1.0,5.0,5.0,3.0,28.0,21.0,57.14
405,8484994,Igor Chernyshov,SJS,L,https://assets.nhle.com/mugs/nhl/20262027/SJS/8484994.png,https://assets.nhle.com/logos/nhl/svg/SJS_light.svg,92,igorchernyshov,3.0,43.65,2.0,1.0,0.0,1.0,3.0,75.00,3.0,66.67,0.16,7.0,4.0,3.0,0.0,0.0,0.0,0.0,0.0,0.0,0.0,0.0,0.0,2.0,2.0,0.0,4.0,2.0,0.0,0.0,-
406,8480980,Connor Dewar,PIT,C,https://assets.nhle.com/mugs/nhl/20262027/PIT/8480980.png,https://assets.nhle.com/logos/nhl/svg/PIT_light.svg,19,connordewar,3.0,43.516666666667,0.0,0.0,0.0,0.0,0.0,0.00,5.0,0.00,1.35,8.0,8.0,4.0,3.0,0.0,1.0,2.0,1.0,1.0,0.0,0.0,0.0,1.0,2.0,7.0,4.0,2.0,1.0,2.0,33.33
407,8484223,Axel Sandin-Pellikka,DET,D,https://assets.nhle.com/mugs/nhl/20262027/DET/8484223.png,https://assets.nhle.com/logos/nhl/svg/DET_light.svg,44,axelsandinpellikka,3.0,43.516666666667,0.0,0.0,0.0,0.0,0.0,0.00,6.0,0.00,0.17,9.0,6.0,1.0,0.0,0.0,1.0,2.0,1.0,1.0,0.0,0.0,1.0,3.0,1.0,1.0,9.0,3.0,0.0,0.0,-
408,8476419,Jean-Gabriel Pageau,NYI,C,https://assets.nhle.com/mugs/nhl/20262027/NYI/8476419.png,https://assets.nhle.com/logos/nhl/svg/NYI_light.svg,44,jeangabrielpageau,3.0,43.483333333333,0.0,1.0,1.0,0.0,1.0,100.00,3.0,0.00,0.14,3.0,3.0,1.0,0.0,0.0,0.0,0.0,0.0,0.0,0.0,0.0,0.0,0.0,1.0,7.0,3.0,2.0,23.0,24.0,48.94
409,8480995,Pontus Holmberg,TBL,R,https://assets.nhle.com/mugs/nhl/20262027/TBL/8480995.png,https://assets.nhle.com/logos/nhl/svg/TBL_light.svg,29,pontusholmberg,3.0,43.483333333333,1.0,1.0,1.0,0.0,2.0,100.00,6.0,16.67,1.94,9.0,8.0,7.0,5.0,0.0,3.0,2.0,1.0,1.0,0.0,0.0,1.0,4.0,0.0,2.0,7.0,1.0,1.0,2.0,33.33
410,8480068,Ryan Poehling,ANA,C,https://assets.nhle.com/mugs/nhl/20262027/ANA/8480068.png,https://assets.nhle.com/logos/nhl/svg/ANA_light.svg,25,ryanpoehling,2.0,28.966666666667,0.0,0.0,0.0,0.0,0.0,-,3.0,0.00,0.43,4.0,3.0,3.0,2.0,0.0,1.0,0.0,0.0,0.0,0.0,0.0,0.0,1.0,0.0,0.0,1.0,3.0,4.0,15.0,21.05
411,8479372,Josh Mahura,SEA,D,https://assets.nhle.com/mugs/nhl/20262027/SEA/8479372.png,https://assets.nhle.com/logos/nhl/svg/SEA_light.svg,28,joshmahura,1.0,14.466666666667,0.0,0.0,0.0,0.0,0.0,0.00,0.0,-,0.02,2.0,1.0,0.0,0.0,0.0,0.0,2.0,1.0,1.0,0.0,0.0,0.0,2.0,0.0,1.0,0.0,4.0,0.0,0.0,-
412,8482751,Ryan Winterton,SEA,C,https://assets.nhle.com/mugs/nhl/20262027/SEA/8482751.png,https://assets.nhle.com/logos/nhl/svg/SEA_light.svg,26,ryanwinterton,3.0,43.366666666667,0.0,1.0,1.0,0.0,1.0,100.00,7.0,0.00,1.09,14.0,11.0,10.0,5.0,3.0,3.0,2.0,1.0,1.0,0.0,0.0,0.0,3.0,0.0,0.0,3.0,4.0,1.0,0.0,100.00
413,8484860,Matvei Gridin,CGY,R,https://assets.nhle.com/mugs/nhl/20262027/CGY/8484860.png,https://assets.nhle.com/logos/nhl/svg/CGY_light.svg,92,matveigridin,3.0,43.366666666667,0.0,1.0,1.0,0.0,1.0,50.00,5.0,0.00,0.49,13.0,10.0,4.0,2.0,0.0,1.0,2.0,1.0,1.0,0.0,0.0,0.0,3.0,1.0,1.0,7.0,2.0,0.0,0.0,-
414,8476891,Matt Grzelcyk,BUF,D,https://assets.nhle.com/mugs/nhl/20262027/BUF/8476891.png,https://assets.nhle.com/logos/nhl/svg/BUF_light.svg,24,mattgrzelcyk,1.0,14.45,0.0,0.0,0.0,0.0,0.0,-,0.0,-,0.0,1.0,0.0,0.0,0.0,0.0,0.0,0.0,0.0,0.0,0.0,0.0,0.0,0.0,0.0,0.0,2.0,1.0,0.0,0.0,-
415,8478013,Jake Walman,EDM,D,https://assets.nhle.com/mugs/nhl/20262027/EDM/8478013.png,https://assets.nhle.com/logos/nhl/svg/EDM_light.svg,96,jakewalman,3.0,43.316666666667,0.0,0.0,0.0,0.0,0.0,0.00,4.0,0.00,0.09,9.0,4.0,1.0,0.0,0.0,1.0,2.0,1.0,1.0,0.0,0.0,0.0,3.0,1.0,0.0,0.0,4.0,0.0,0.0,-
416,8476441,Joel Edmundson,LAK,D,https://assets.nhle.com/mugs/nhl/20262027/LAK/8476441.png,https://assets.nhle.com/logos/nhl/svg/LAK_light.svg,6,joeledmundson,2.0,28.85,0.0,0.0,0.0,0.0,0.0,-,2.0,0.00,0.02,2.0,2.0,0.0,0.0,0.0,0.0,2.0,1.0,1.0,0.0,0.0,0.0,1.0,1.0,1.0,1.0,1.0,0.0,0.0,-
417,8481554,Kaapo Kakko,SEA,R,https://assets.nhle.com/mugs/nhl/20262027/SEA/8481554.png,https://assets.nhle.com/logos/nhl/svg/SEA_light.svg,84,kaapokakko,3.0,43.25,1.0,1.0,1.0,0.0,2.0,40.00,1.0,100.00,0.26,1.0,1.0,1.0,1.0,0.0,0.0,0.0,0.0,0.0,0.0,0.0,1.0,4.0,1.0,2.0,2.0,3.0,0.0,0.0,-
418,8484158,Easton Cowan,TOR,R,https://assets.nhle.com/mugs/nhl/20262027/TOR/8484158.png,https://assets.nhle.com/logos/nhl/svg/TOR_light.svg,53,eastoncowan,4.0,57.483333333333,1.0,2.0,1.0,1.0,3.0,100.00,7.0,14.29,0.58,9.0,8.0,5.0,2.0,0.0,1.0,4.0,2.0,2.0,0.0,0.0,1.0,7.0,0.0,6.0,9.0,0.0,0.0,0.0,-
419,8482705,Cole Sillinger,CBJ,C,https://assets.nhle.com/mugs/nhl/20262027/CBJ/8482705.png,https://assets.nhle.com/logos/nhl/svg/CBJ_light.svg,4,colesillinger,2.0,28.7,1.0,0.0,0.0,0.0,1.0,50.00,5.0,20.00,0.63,9.0,8.0,6.0,1.0,0.0,2.0,4.0,2.0,2.0,0.0,0.0,0.0,3.0,1.0,1.0,1.0,0.0,2.0,0.0,100.00
420,8480848,Ty Dellandrea,SJS,C,https://assets.nhle.com/mugs/nhl/20262027/SJS/8480848.png,https://assets.nhle.com/logos/nhl/svg/SJS_light.svg,10,tydellandrea,1.0,14.333333333333,0.0,0.0,0.0,0.0,0.0,-,0.0,-,0.0,0.0,0.0,0.0,0.0,0.0,0.0,0.0,0.0,0.0,0.0,0.0,0.0,1.0,1.0,2.0,0.0,1.0,3.0,8.0,27.27
421,8480802,Ryan McLeod,BUF,C,https://assets.nhle.com/mugs/nhl/20262027/BUF/8480802.png,https://assets.nhle.com/logos/nhl/svg/BUF_light.svg,71,ryanmcleod,3.0,42.966666666667,0.0,1.0,1.0,0.0,1.0,100.00,2.0,0.00,0.32,4.0,4.0,3.0,2.0,0.0,0.0,2.0,1.0,1.0,0.0,0.0,0.0,4.0,0.0,0.0,3.0,1.0,19.0,15.0,55.88
422,8486103,Ivar Stenberg,SJS,L,https://assets.nhle.com/mugs/nhl/20262027/SJS/8486103.png,https://assets.nhle.com/logos/nhl/svg/SJS_light.svg,41,ivarstenberg,3.0,42.95,0.0,1.0,1.0,0.0,1.0,100.00,1.0,0.00,0.2,2.0,2.0,2.0,2.0,0.0,1.0,0.0,0.0,0.0,0.0,0.0,1.0,0.0,1.0,0.0,2.0,1.0,1.0,3.0,25.00
423,8476872,Scott Laughton,LAK,C,https://assets.nhle.com/mugs/nhl/20262027/LAK/8476872.png,https://assets.nhle.com/logos/nhl/svg/LAK_light.svg,21,scottlaughton,2.0,28.616666666667,0.0,0.0,0.0,0.0,0.0,0.00,3.0,0.00,0.4,5.0,5.0,3.0,2.0,1.0,1.0,0.0,0.0,0.0,0.0,0.0,0.0,2.0,1.0,5.0,3.0,1.0,14.0,11.0,56.00
424,8470613,Brent Burns,COL,D,https://assets.nhle.com/mugs/nhl/20262027/COL/8470613.png,https://assets.nhle.com/logos/nhl/svg/COL_light.svg,84,brentburns,2.0,28.55,0.0,1.0,0.0,1.0,1.0,50.00,2.0,0.00,0.13,11.0,6.0,5.0,1.0,0.0,2.0,2.0,1.0,1.0,0.0,0.0,0.0,1.0,0.0,1.0,0.0,1.0,0.0,0.0,-
425,8484797,Konsta Helenius,BUF,C,https://assets.nhle.com/mugs/nhl/20262027/BUF/8484797.png,https://assets.nhle.com/logos/nhl/svg/BUF_light.svg,94,konstahelenius,3.0,42.816666666667,1.0,0.0,0.0,0.0,1.0,33.33,5.0,20.00,0.51,11.0,7.0,4.0,2.0,0.0,1.0,0.0,0.0,0.0,0.0,0.0,1.0,4.0,0.0,4.0,4.0,0.0,0.0,1.0,0.00
426,8478421,A.J. Greer,ANA,L,https://assets.nhle.com/mugs/nhl/20262027/ANA/8478421.png,https://assets.nhle.com/logos/nhl/svg/ANA_light.svg,18,ajgreer,2.0,28.433333333333,0.0,1.0,1.0,0.0,1.0,100.00,6.0,0.00,0.84,8.0,7.0,5.0,5.0,0.0,3.0,4.0,2.0,2.0,0.0,0.0,0.0,2.0,0.0,5.0,1.0,1.0,0.0,0.0,-
427,8480448,Parker Kelly,COL,C,https://assets.nhle.com/mugs/nhl/20262027/COL/8480448.png,https://assets.nhle.com/logos/nhl/svg/COL_light.svg,17,parkerkelly,2.0,28.4,1.0,3.0,1.0,2.0,4.0,100.00,2.0,50.00,0.09,5.0,2.0,4.0,1.0,0.0,1.0,0.0,0.0,0.0,0.0,0.0,0.0,3.0,1.0,4.0,3.0,2.0,0.0,2.0,0.00
428,8477964,Ivan Barbashev,VGK,L,https://assets.nhle.com/mugs/nhl/20262027/VGK/8477964.png,https://assets.nhle.com/logos/nhl/svg/VGK_light.svg,49,ivanbarbashev,3.0,42.583333333333,0.0,2.0,1.0,1.0,2.0,100.00,2.0,0.00,0.22,7.0,4.0,3.0,2.0,0.0,1.0,2.0,1.0,1.0,0.0,0.0,1.0,4.0,1.0,6.0,2.0,0.0,0.0,1.0,0.00
429,8486025,Viggo Björck,WPG,C,https://assets.nhle.com/mugs/nhl/20262027/WPG/8486025.png,https://assets.nhle.com/logos/nhl/svg/WPG_light.svg,61,viggobjorck,3.0,42.55,0.0,0.0,0.0,0.0,0.0,-,4.0,0.00,0.41,6.0,5.0,5.0,2.0,0.0,1.0,2.0,1.0,1.0,0.0,0.0,0.0,1.0,1.0,0.0,5.0,0.0,7.0,20.0,25.93
430,8484938,Arttu Hyry,DAL,R,https://assets.nhle.com/mugs/nhl/20262027/DAL/8484938.png,https://assets.nhle.com/logos/nhl/svg/DAL_light.svg,25,arttuhyry,3.0,42.533333333333,0.0,0.0,0.0,0.0,0.0,-,3.0,0.00,0.44,10.0,6.0,5.0,4.0,0.0,1.0,7.0,2.0,1.0,1.0,0.0,3.0,2.0,0.0,8.0,0.0,0.0,19.0,7.0,73.08
431,8481030,Jack St. Ivany,WPG,D,https://assets.nhle.com/mugs/nhl/20262027/WPG/8481030.png,https://assets.nhle.com/logos/nhl/svg/WPG_light.svg,6,jackstivany,1.0,14.166666666667,0.0,0.0,0.0,0.0,0.0,0.00,0.0,-,0.0,2.0,0.0,0.0,0.0,0.0,1.0,0.0,0.0,0.0,0.0,0.0,0.0,2.0,1.0,1.0,2.0,1.0,0.0,0.0,-
432,8475791,Taylor Hall,CAR,L,https://assets.nhle.com/mugs/nhl/20262027/CAR/8475791.png,https://assets.nhle.com/logos/nhl/svg/CAR_light.svg,71,taylorhall,4.0,56.633333333333,2.0,0.0,0.0,0.0,2.0,100.00,8.0,25.00,1.04,15.0,9.0,7.0,6.0,0.0,2.0,8.0,4.0,4.0,0.0,0.0,3.0,3.0,0.0,8.0,6.0,1.0,1.0,0.0,100.00
433,8478413,Jordan Greenway,CHI,L,https://assets.nhle.com/mugs/nhl/20262027/CHI/8478413.png,https://assets.nhle.com/logos/nhl/svg/CHI_light.svg,12,jordangreenway,4.0,56.616666666667,1.0,0.0,0.0,0.0,1.0,100.00,9.0,11.11,1.06,14.0,12.0,8.0,4.0,1.0,2.0,0.0,0.0,0.0,0.0,0.0,1.0,4.0,0.0,8.0,1.0,3.0,0.0,1.0,0.00
434,8477919,Frederick Gaudreau,SEA,C,https://assets.nhle.com/mugs/nhl/20262027/SEA/8477919.png,https://assets.nhle.com/logos/nhl/svg/SEA_light.svg,89,frederickgaudreau,,,,,,,,,,,,,,,,,,,,,,,,,,,,,,,
435,8480990,Declan Chisholm,NJD,D,https://assets.nhle.com/mugs/nhl/20262027/NJD/8480990.png,https://assets.nhle.com/logos/nhl/svg/NJD_light.svg,47,declanchisholm,3.0,42.3,0.0,1.0,0.0,1.0,1.0,100.00,2.0,0.00,0.12,8.0,5.0,1.0,0.0,0.0,0.0,0.0,0.0,0.0,0.0,0.0,1.0,5.0,1.0,0.0,3.0,4.0,0.0,0.0,-
436,8482110,Dawson Mercer,NJD,C,https://assets.nhle.com/mugs/nhl/20262027/NJD/8482110.png,https://assets.nhle.com/logos/nhl/svg/NJD_light.svg,91,dawsonmercer,3.0,42.233333333333,0.0,0.0,0.0,0.0,0.0,-,8.0,0.00,0.78,11.0,11.0,6.0,3.0,1.0,0.0,0.0,0.0,0.0,0.0,0.0,0.0,2.0,1.0,1.0,0.0,2.0,0.0,0.0,-
437,8479351,Sam Steel,DAL,C,https://assets.nhle.com/mugs/nhl/20262027/DAL/8479351.png,https://assets.nhle.com/logos/nhl/svg/DAL_light.svg,18,samsteel,3.0,42.2,0.0,1.0,1.0,0.0,1.0,100.00,6.0,0.00,0.35,10.0,8.0,6.0,3.0,2.0,2.0,0.0,0.0,0.0,0.0,0.0,0.0,1.0,0.0,3.0,4.0,0.0,4.0,0.0,100.00
438,8482089,Jake Neighbours,STL,L,https://assets.nhle.com/mugs/nhl/20262027/STL/8482089.png,https://assets.nhle.com/logos/nhl/svg/STL_light.svg,63,jakeneighbours,3.0,42.016666666667,0.0,0.0,0.0,0.0,0.0,0.00,2.0,0.00,0.3,5.0,4.0,3.0,2.0,0.0,0.0,7.0,2.0,1.0,1.0,0.0,1.0,2.0,0.0,12.0,2.0,2.0,0.0,0.0,-
439,8478831,Kevin Stenlund,UTA,C,https://assets.nhle.com/mugs/nhl/20262027/UTA/8478831.png,https://assets.nhle.com/logos/nhl/svg/UTA_light.svg,82,kevinstenlund,4.0,55.983333333333,0.0,1.0,1.0,0.0,1.0,50.00,3.0,0.00,0.23,7.0,4.0,3.0,1.0,0.0,3.0,0.0,0.0,0.0,0.0,0.0,0.0,6.0,2.0,2.0,1.0,6.0,27.0,22.0,55.10
440,8476458,Ryan Strome,CGY,C,https://assets.nhle.com/mugs/nhl/20262027/CGY/8476458.png,https://assets.nhle.com/logos/nhl/svg/CGY_light.svg,22,ryanstrome,3.0,41.933333333333,1.0,0.0,0.0,0.0,1.0,100.00,6.0,16.67,0.5,10.0,8.0,4.0,1.0,0.0,0.0,0.0,0.0,0.0,0.0,0.0,0.0,3.0,1.0,3.0,3.0,1.0,9.0,13.0,40.91
441,8484794,Michael Brandsegg-Nygård,DET,R,https://assets.nhle.com/mugs/nhl/20262027/DET/8484794.png,https://assets.nhle.com/logos/nhl/svg/DET_light.svg,28,michaelbrandseggnygard,3.0,41.866666666667,0.0,1.0,1.0,0.0,1.0,100.00,10.0,0.00,1.63,18.0,15.0,13.0,9.0,1.0,3.0,0.0,0.0,0.0,0.0,0.0,0.0,2.0,1.0,11.0,2.0,0.0,0.0,0.0,-
442,8478109,Victor Olofsson,VGK,L,https://assets.nhle.com/mugs/nhl/20262027/VGK/8478109.png,https://assets.nhle.com/logos/nhl/svg/VGK_light.svg,95,victorolofsson,3.0,41.75,2.0,1.0,1.0,0.0,3.0,75.00,7.0,28.57,0.79,10.0,8.0,5.0,2.0,0.0,2.0,0.0,0.0,0.0,0.0,0.0,0.0,3.0,0.0,0.0,0.0,1.0,3.0,1.0,75.00
443,8481624,Ilya Mikheyev,TBL,R,https://assets.nhle.com/mugs/nhl/20262027/TBL/8481624.png,https://assets.nhle.com/logos/nhl/svg/TBL_light.svg,95,ilyamikheyev,3.0,41.6,1.0,2.0,2.0,0.0,3.0,100.00,3.0,33.33,0.47,8.0,6.0,6.0,4.0,1.0,1.0,0.0,0.0,0.0,0.0,0.0,3.0,2.0,0.0,6.0,2.0,2.0,0.0,0.0,-
444,8485395,James Hagens,BOS,C,https://assets.nhle.com/mugs/nhl/20262027/BOS/8485395.png,https://assets.nhle.com/logos/nhl/svg/BOS_light.svg,44,jameshagens,4.0,55.316666666667,2.0,0.0,0.0,0.0,2.0,100.00,7.0,28.57,1.13,11.0,10.0,7.0,4.0,0.0,0.0,2.0,1.0,1.0,0.0,0.0,0.0,3.0,1.0,4.0,4.0,3.0,0.0,1.0,0.00
445,8480835,Jack Drury,NSH,C,https://assets.nhle.com/mugs/nhl/20262027/NSH/8480835.png,https://assets.nhle.com/logos/nhl/svg/NSH_light.svg,18,jackdrury,3.0,41.483333333333,0.0,0.0,0.0,0.0,0.0,-,1.0,0.00,0.18,2.0,2.0,1.0,1.0,0.0,0.0,4.0,2.0,2.0,0.0,0.0,1.0,0.0,1.0,3.0,4.0,3.0,15.0,19.0,44.12
446,8479985,Cale Fleury,SEA,D,https://assets.nhle.com/mugs/nhl/20262027/SEA/8479985.png,https://assets.nhle.com/logos/nhl/svg/SEA_light.svg,8,calefleury,1.0,13.783333333333,0.0,0.0,0.0,0.0,0.0,-,2.0,0.00,0.04,3.0,2.0,1.0,0.0,0.0,0.0,0.0,0.0,0.0,0.0,0.0,0.0,1.0,0.0,2.0,1.0,2.0,0.0,0.0,-
447,8484304,Uvis Balinskis,FLA,D,https://assets.nhle.com/mugs/nhl/20262027/FLA/8484304.png,https://assets.nhle.com/logos/nhl/svg/FLA_light.svg,26,uvisbalinskis,2.0,27.533333333333,0.0,0.0,0.0,0.0,0.0,0.00,1.0,0.00,0.0,2.0,1.0,1.0,0.0,0.0,0.0,7.0,2.0,1.0,1.0,0.0,1.0,1.0,0.0,3.0,6.0,1.0,0.0,0.0,-
448,8485402,Michael Misa,SJS,C,https://assets.nhle.com/mugs/nhl/20262027/SJS/8485402.png,https://assets.nhle.com/logos/nhl/svg/SJS_light.svg,77,michaelmisa,3.0,41.166666666667,0.0,1.0,1.0,0.0,1.0,50.00,4.0,0.00,0.54,6.0,5.0,5.0,4.0,1.0,1.0,0.0,0.0,0.0,0.0,0.0,1.0,8.0,0.0,2.0,4.0,1.0,16.0,19.0,45.71
449,8482758,Ville Koivunen,PIT,R,https://assets.nhle.com/mugs/nhl/20262027/PIT/8482758.png,https://assets.nhle.com/logos/nhl/svg/PIT_light.svg,41,villekoivunen,2.0,27.333333333333,1.0,1.0,0.0,1.0,2.0,50.00,3.0,33.33,0.24,4.0,3.0,3.0,2.0,0.0,0.0,0.0,0.0,0.0,0.0,0.0,0.0,1.0,0.0,0.0,2.0,1.0,0.0,0.0,-
450,8482074,Connor Zary,CGY,C,https://assets.nhle.com/mugs/nhl/20262027/CGY/8482074.png,https://assets.nhle.com/logos/nhl/svg/CGY_light.svg,47,connorzary,2.0,27.25,0.0,1.0,0.0,1.0,1.0,100.00,2.0,0.00,0.26,7.0,4.0,2.0,2.0,0.0,1.0,0.0,0.0,0.0,0.0,0.0,1.0,4.0,0.0,1.0,2.0,0.0,0.0,3.0,0.00
451,8480748,Kiefer Sherwood,SJS,L,https://assets.nhle.com/mugs/nhl/20262027/SJS/8480748.png,https://assets.nhle.com/logos/nhl/svg/SJS_light.svg,44,kiefersherwood,3.0,40.866666666667,1.0,0.0,0.0,0.0,1.0,100.00,4.0,25.00,0.7,12.0,9.0,9.0,3.0,1.0,1.0,4.0,1.0,1.0,0.0,0.0,1.0,2.0,1.0,20.0,4.0,0.0,0.0,0.0,-
452,8476479,Phillip Danault,MTL,C,https://assets.nhle.com/mugs/nhl/20262027/MTL/8476479.png,https://assets.nhle.com/logos/nhl/svg/MTL_light.svg,24,phillipdanault,3.0,40.85,0.0,1.0,1.0,0.0,1.0,25.00,3.0,0.00,0.84,5.0,5.0,4.0,4.0,0.0,1.0,0.0,0.0,0.0,0.0,0.0,0.0,2.0,0.0,1.0,3.0,0.0,18.0,13.0,58.06
453,8478508,Yakov Trenin,MIN,C,https://assets.nhle.com/mugs/nhl/20262027/MIN/8478508.png,https://assets.nhle.com/logos/nhl/svg/MIN_light.svg,13,yakovtrenin,3.0,40.85,0.0,0.0,0.0,0.0,0.0,-,4.0,0.00,0.22,8.0,5.0,3.0,1.0,0.0,0.0,0.0,0.0,0.0,0.0,0.0,0.0,2.0,0.0,12.0,1.0,1.0,0.0,2.0,0.00
454,8476925,Colton Sissons,TOR,C,https://assets.nhle.com/mugs/nhl/20262027/TOR/8476925.png,https://assets.nhle.com/logos/nhl/svg/TOR_light.svg,15,coltonsissons,4.0,54.383333333333,1.0,0.0,0.0,0.0,1.0,50.00,8.0,12.50,1.28,14.0,13.0,11.0,9.0,0.0,0.0,0.0,0.0,0.0,0.0,0.0,1.0,5.0,1.0,12.0,4.0,3.0,16.0,11.0,59.26
455,8480009,Eeli Tolvanen,NYR,R,https://assets.nhle.com/mugs/nhl/20262027/NYR/8480009.png,https://assets.nhle.com/logos/nhl/svg/NYR_light.svg,17,eelitolvanen,5.0,67.866666666667,3.0,0.0,0.0,0.0,3.0,50.00,6.0,50.00,1.51,10.0,8.0,5.0,3.0,2.0,0.0,2.0,1.0,1.0,0.0,0.0,0.0,3.0,0.0,10.0,4.0,8.0,0.0,1.0,0.00
456,8475768,Jaden Schwartz,COL,L,https://assets.nhle.com/mugs/nhl/20262027/COL/8475768.png,https://assets.nhle.com/logos/nhl/svg/COL_light.svg,71,jadenschwartz,2.0,27.05,0.0,2.0,2.0,0.0,2.0,50.00,5.0,0.00,0.66,5.0,5.0,3.0,2.0,0.0,1.0,2.0,1.0,1.0,0.0,0.0,1.0,1.0,0.0,2.0,2.0,1.0,0.0,0.0,-
457,8479385,Jordan Kyrou,WSH,R,https://assets.nhle.com/mugs/nhl/20262027/WSH/8479385.png,https://assets.nhle.com/logos/nhl/svg/WSH_secondary_light.svg,25,jordankyrou,2.0,27.016666666667,0.0,0.0,0.0,0.0,0.0,0.00,3.0,0.00,0.2,7.0,5.0,4.0,0.0,0.0,1.0,0.0,0.0,0.0,0.0,0.0,0.0,2.0,1.0,0.0,1.0,1.0,0.0,0.0,-
458,8479525,Ross Colton,NSH,C,https://assets.nhle.com/mugs/nhl/20262027/NSH/8479525.png,https://assets.nhle.com/logos/nhl/svg/NSH_light.svg,79,rosscolton,3.0,40.433333333333,0.0,0.0,0.0,0.0,0.0,-,4.0,0.00,0.15,9.0,6.0,3.0,0.0,1.0,0.0,4.0,2.0,2.0,0.0,0.0,1.0,3.0,0.0,11.0,4.0,2.0,0.0,0.0,-
459,8481481,Blake Lizotte,PIT,C,https://assets.nhle.com/mugs/nhl/20262027/PIT/8481481.png,https://assets.nhle.com/logos/nhl/svg/PIT_light.svg,46,blakelizotte,3.0,40.233333333333,0.0,0.0,0.0,0.0,0.0,0.00,6.0,0.00,1.22,8.0,7.0,6.0,4.0,0.0,3.0,2.0,1.0,1.0,0.0,0.0,0.0,3.0,0.0,0.0,7.0,3.0,19.0,22.0,46.34
460,8482177,Marat Khusnutdinov,BOS,C,https://assets.nhle.com/mugs/nhl/20262027/BOS/8482177.png,https://assets.nhle.com/logos/nhl/svg/BOS_light.svg,92,maratkhusnutdinov,4.0,53.55,0.0,1.0,0.0,1.0,1.0,50.00,1.0,0.00,0.27,4.0,2.0,3.0,2.0,0.0,0.0,0.0,0.0,0.0,0.0,0.0,0.0,4.0,1.0,4.0,1.0,1.0,1.0,1.0,50.00
461,8480849,Barrett Hayton,UTA,C,https://assets.nhle.com/mugs/nhl/20262027/UTA/8480849.png,https://assets.nhle.com/logos/nhl/svg/UTA_light.svg,27,barretthayton,4.0,53.516666666667,0.0,1.0,1.0,0.0,1.0,100.00,7.0,0.00,0.99,16.0,11.0,8.0,3.0,0.0,3.0,4.0,2.0,2.0,0.0,0.0,1.0,6.0,0.0,1.0,3.0,1.0,20.0,26.0,43.48
462,8482703,Colton Dach,EDM,C,https://assets.nhle.com/mugs/nhl/20262027/EDM/8482703.png,https://assets.nhle.com/logos/nhl/svg/EDM_light.svg,34,coltondach,3.0,40.133333333333,0.0,0.0,0.0,0.0,0.0,-,5.0,0.00,0.67,9.0,9.0,6.0,1.0,0.0,2.0,2.0,1.0,1.0,0.0,0.0,3.0,0.0,1.0,8.0,4.0,3.0,17.0,14.0,54.84
463,8475462,Radko Gudas,FLA,D,https://assets.nhle.com/mugs/nhl/20262027/FLA/8475462.png,https://assets.nhle.com/logos/nhl/svg/FLA_light.svg,6,radkogudas,3.0,40.05,0.0,0.0,0.0,0.0,0.0,0.00,1.0,0.00,0.04,9.0,4.0,0.0,0.0,0.0,1.0,0.0,0.0,0.0,0.0,0.0,0.0,1.0,0.0,8.0,6.0,6.0,0.0,0.0,-
464,8475455,Brenden Dillon,NJD,D,https://assets.nhle.com/mugs/nhl/20262027/NJD/8475455.png,https://assets.nhle.com/logos/nhl/svg/NJD_light.svg,5,brendendillon,3.0,39.866666666667,0.0,0.0,0.0,0.0,0.0,-,0.0,-,0.02,4.0,2.0,0.0,0.0,0.0,0.0,9.0,3.0,2.0,1.0,0.0,2.0,3.0,0.0,5.0,5.0,4.0,0.0,0.0,-
465,8476469,Joel Armia,LAK,R,https://assets.nhle.com/mugs/nhl/20262027/LAK/8476469.png,https://assets.nhle.com/logos/nhl/svg/LAK_light.svg,40,joelarmia,2.0,26.366666666667,1.0,0.0,0.0,0.0,1.0,50.00,4.0,25.00,0.22,6.0,5.0,2.0,1.0,0.0,0.0,0.0,0.0,0.0,0.0,0.0,1.0,3.0,0.0,4.0,1.0,5.0,1.0,1.0,50.00
466,8485388,Victor Eklund,NYI,R,https://assets.nhle.com/mugs/nhl/20262027/NYI/8485388.png,https://assets.nhle.com/logos/nhl/svg/NYI_light.svg,38,victoreklund,3.0,39.516666666667,1.0,1.0,1.0,0.0,2.0,66.67,5.0,20.00,0.91,10.0,9.0,7.0,5.0,0.0,1.0,6.0,3.0,3.0,0.0,0.0,0.0,2.0,0.0,4.0,1.0,1.0,0.0,2.0,0.00
467,8483525,Danila Yurov,MIN,R,https://assets.nhle.com/mugs/nhl/20262027/MIN/8483525.png,https://assets.nhle.com/logos/nhl/svg/MIN_light.svg,22,danilayurov,3.0,39.516666666667,1.0,1.0,0.0,1.0,2.0,100.00,4.0,25.00,0.57,5.0,4.0,2.0,1.0,0.0,0.0,0.0,0.0,0.0,0.0,0.0,0.0,2.0,1.0,5.0,5.0,1.0,13.0,11.0,54.17
468,8473419,Brad Marchand,FLA,L,https://assets.nhle.com/mugs/nhl/20262027/FLA/8473419.png,https://assets.nhle.com/logos/nhl/svg/FLA_light.svg,63,bradmarchand,1.0,13.166666666667,1.0,0.0,0.0,0.0,1.0,100.00,3.0,33.33,0.6,5.0,4.0,4.0,2.0,0.0,1.0,0.0,0.0,0.0,0.0,0.0,0.0,1.0,1.0,1.0,1.0,0.0,0.0,0.0,-
469,8482092,Ridly Greig,OTT,C,https://assets.nhle.com/mugs/nhl/20262027/OTT/8482092.png,https://assets.nhle.com/logos/nhl/svg/OTT_light.svg,71,ridlygreig,1.0,13.166666666667,0.0,1.0,0.0,1.0,1.0,100.00,2.0,0.00,0.13,4.0,3.0,3.0,1.0,0.0,0.0,6.0,3.0,3.0,0.0,0.0,2.0,0.0,0.0,2.0,0.0,0.0,2.0,0.0,100.00
470,8471214,Alex Ovechkin,WSH,L,https://assets.nhle.com/mugs/nhl/20262027/WSH/8471214.png,https://assets.nhle.com/logos/nhl/svg/WSH_secondary_light.svg,8,alexovechkin,2.0,26.333333333333,0.0,1.0,0.0,1.0,1.0,33.33,1.0,0.00,0.05,5.0,2.0,3.0,1.0,0.0,1.0,0.0,0.0,0.0,0.0,0.0,1.0,2.0,0.0,4.0,0.0,1.0,0.0,0.0,-
471,8484186,Ryan Leonard,WSH,R,https://assets.nhle.com/mugs/nhl/20262027/WSH/8484186.png,https://assets.nhle.com/logos/nhl/svg/WSH_secondary_light.svg,9,ryanleonard,2.0,26.3,1.0,0.0,0.0,0.0,1.0,100.00,6.0,16.67,0.44,11.0,8.0,6.0,2.0,1.0,0.0,0.0,0.0,0.0,0.0,0.0,1.0,2.0,1.0,5.0,2.0,1.0,0.0,0.0,-
472,8480855,Jack McBain,UTA,C,https://assets.nhle.com/mugs/nhl/20262027/UTA/8480855.png,https://assets.nhle.com/logos/nhl/svg/UTA_light.svg,22,jackmcbain,4.0,52.433333333333,0.0,0.0,0.0,0.0,0.0,-,3.0,0.00,0.51,8.0,6.0,5.0,3.0,1.0,1.0,12.0,3.0,1.0,2.0,0.0,6.0,2.0,2.0,17.0,2.0,4.0,6.0,1.0,85.71
473,8484142,Denver Barkey,PHI,C,https://assets.nhle.com/mugs/nhl/20262027/PHI/8484142.png,https://assets.nhle.com/logos/nhl/svg/PHI_light.svg,86,denverbarkey,1.0,13.1,0.0,0.0,0.0,0.0,0.0,-,0.0,-,0.03,1.0,1.0,0.0,0.0,0.0,0.0,0.0,0.0,0.0,0.0,0.0,0.0,1.0,1.0,0.0,0.0,0.0,1.0,0.0,100.00
474,8476624,Barclay Goodrow,SJS,C,https://assets.nhle.com/mugs/nhl/20262027/SJS/8476624.png,https://assets.nhle.com/logos/nhl/svg/SJS_light.svg,23,barclaygoodrow,3.0,39.3,0.0,0.0,0.0,0.0,0.0,0.00,1.0,0.00,0.02,2.0,1.0,0.0,0.0,0.0,0.0,0.0,0.0,0.0,0.0,0.0,0.0,3.0,2.0,8.0,5.0,1.0,0.0,1.0,0.00
475,8485406,Porter Martone,PHI,R,https://assets.nhle.com/mugs/nhl/20262027/PHI/8485406.png,https://assets.nhle.com/logos/nhl/svg/PHI_light.svg,94,portermartone,4.0,52.166666666667,0.0,0.0,0.0,0.0,0.0,0.00,2.0,0.00,0.14,4.0,3.0,1.0,1.0,0.0,0.0,2.0,1.0,1.0,0.0,0.0,2.0,6.0,1.0,3.0,7.0,0.0,0.0,1.0,0.00
476,8481028,Martin Pospisil,CGY,C,https://assets.nhle.com/mugs/nhl/20262027/CGY/8481028.png,https://assets.nhle.com/logos/nhl/svg/CGY_light.svg,76,martinpospisil,3.0,38.7,0.0,0.0,0.0,0.0,0.0,-,5.0,0.00,0.4,11.0,9.0,2.0,1.0,0.0,1.0,2.0,1.0,1.0,0.0,0.0,0.0,1.0,1.0,16.0,4.0,1.0,13.0,16.0,44.83
477,8481726,Adam Edstrom,NSH,C,https://assets.nhle.com/mugs/nhl/20262027/NSH/8481726.png,https://assets.nhle.com/logos/nhl/svg/NSH_light.svg,84,adamedstrom,3.0,38.45,0.0,0.0,0.0,0.0,0.0,-,8.0,0.00,1.25,11.0,10.0,8.0,7.0,1.0,2.0,0.0,0.0,0.0,0.0,0.0,1.0,1.0,1.0,14.0,3.0,2.0,0.0,1.0,0.00
478,8477407,Anthony Duclair,NYI,L,https://assets.nhle.com/mugs/nhl/20262027/NYI/8477407.png,https://assets.nhle.com/logos/nhl/svg/NYI_light.svg,11,anthonyduclair,3.0,38.433333333333,0.0,0.0,0.0,0.0,0.0,0.00,4.0,0.00,0.32,4.0,4.0,4.0,2.0,0.0,1.0,2.0,1.0,1.0,0.0,0.0,0.0,1.0,0.0,1.0,0.0,2.0,0.0,1.0,0.00
479,8482094,Daemon Hunt,MIN,D,https://assets.nhle.com/mugs/nhl/20262027/MIN/8482094.png,https://assets.nhle.com/logos/nhl/svg/MIN_light.svg,48,daemonhunt,3.0,38.383333333333,0.0,0.0,0.0,0.0,0.0,0.00,1.0,0.00,0.09,3.0,2.0,1.0,0.0,0.0,0.0,2.0,1.0,1.0,0.0,0.0,1.0,1.0,1.0,1.0,1.0,2.0,0.0,0.0,-
480,8478463,Anthony Beauvillier,WSH,R,https://assets.nhle.com/mugs/nhl/20262027/WSH/8478463.png,https://assets.nhle.com/logos/nhl/svg/WSH_secondary_light.svg,72,anthonybeauvillier,2.0,25.533333333333,0.0,0.0,0.0,0.0,0.0,0.00,5.0,0.00,0.51,7.0,7.0,5.0,2.0,0.0,1.0,0.0,0.0,0.0,0.0,0.0,1.0,0.0,0.0,3.0,3.0,1.0,0.0,0.0,-
481,8483521,Noah Warren,ANA,D,https://assets.nhle.com/mugs/nhl/20262027/ANA/8483521.png,https://assets.nhle.com/logos/nhl/svg/ANA_light.svg,47,noahwarren,2.0,25.5,0.0,1.0,1.0,0.0,1.0,100.00,2.0,0.00,0.0,6.0,2.0,1.0,0.0,0.0,2.0,2.0,1.0,1.0,0.0,0.0,0.0,1.0,0.0,3.0,3.0,1.0,0.0,0.0,-
482,8482088,Justin Sourdif,WSH,C,https://assets.nhle.com/mugs/nhl/20262027/WSH/8482088.png,https://assets.nhle.com/logos/nhl/svg/WSH_secondary_light.svg,34,justinsourdif,2.0,25.4,1.0,0.0,0.0,0.0,1.0,100.00,1.0,100.00,0.14,3.0,2.0,2.0,1.0,0.0,0.0,4.0,2.0,2.0,0.0,0.0,1.0,1.0,0.0,0.0,2.0,0.0,1.0,2.0,33.33
483,8477451,Ryan Hartman,MIN,R,https://assets.nhle.com/mugs/nhl/20262027/MIN/8477451.png,https://assets.nhle.com/logos/nhl/svg/MIN_light.svg,38,ryanhartman,3.0,38.066666666667,0.0,1.0,0.0,1.0,1.0,33.33,0.0,-,0.07,4.0,1.0,2.0,0.0,0.0,0.0,4.0,2.0,2.0,0.0,0.0,0.0,4.0,0.0,2.0,0.0,2.0,18.0,14.0,56.25
484,8474189,Lars Eller,FLA,C,https://assets.nhle.com/mugs/nhl/20262027/FLA/8474189.png,https://assets.nhle.com/logos/nhl/svg/FLA_light.svg,20,larseller,3.0,38.05,0.0,2.0,2.0,0.0,2.0,100.00,5.0,0.00,0.27,8.0,5.0,3.0,1.0,0.0,2.0,2.0,1.0,1.0,0.0,0.0,2.0,4.0,0.0,4.0,7.0,2.0,12.0,16.0,42.86
485,8475726,Tyler Toffoli,SJS,C,https://assets.nhle.com/mugs/nhl/20262027/SJS/8475726.png,https://assets.nhle.com/logos/nhl/svg/SJS_light.svg,73,tylertoffoli,3.0,38.0,1.0,1.0,1.0,0.0,2.0,66.67,7.0,14.29,0.79,11.0,9.0,7.0,4.0,0.0,1.0,2.0,1.0,1.0,0.0,0.0,0.0,3.0,0.0,2.0,3.0,1.0,0.0,0.0,-
486,8481725,Elmer Soderblom,PIT,L,https://assets.nhle.com/mugs/nhl/20262027/PIT/8481725.png,https://assets.nhle.com/logos/nhl/svg/PIT_light.svg,25,elmersoderblom,1.0,12.65,0.0,0.0,0.0,0.0,0.0,-,0.0,-,0.04,1.0,1.0,1.0,0.0,0.0,0.0,0.0,0.0,0.0,0.0,0.0,0.0,0.0,1.0,2.0,0.0,0.0,0.0,0.0,-
487,8482784,Zach Dean,STL,C,https://assets.nhle.com/mugs/nhl/20262027/STL/8482784.png,https://assets.nhle.com/logos/nhl/svg/STL_light.svg,52,zachdean,1.0,12.616666666667,0.0,0.0,0.0,0.0,0.0,-,0.0,-,0.0,0.0,0.0,0.0,0.0,0.0,0.0,4.0,2.0,2.0,0.0,0.0,1.0,0.0,0.0,2.0,0.0,0.0,2.0,4.0,33.33
488,8476873,Mark Jankowski,CAR,L,https://assets.nhle.com/mugs/nhl/20262027/CAR/8476873.png,https://assets.nhle.com/logos/nhl/svg/CAR_light.svg,77,markjankowski,4.0,50.433333333333,1.0,1.0,0.0,1.0,2.0,66.67,2.0,50.00,0.26,5.0,4.0,2.0,1.0,0.0,0.0,0.0,0.0,0.0,0.0,0.0,0.0,5.0,0.0,3.0,4.0,2.0,23.0,25.0,47.92
489,8475220,Marcus Foligno,MIN,L,https://assets.nhle.com/mugs/nhl/20262027/MIN/8475220.png,https://assets.nhle.com/logos/nhl/svg/MIN_light.svg,17,marcusfoligno,3.0,37.75,0.0,0.0,0.0,0.0,0.0,0.00,3.0,0.00,0.28,7.0,4.0,4.0,3.0,0.0,0.0,0.0,0.0,0.0,0.0,0.0,0.0,2.0,1.0,10.0,3.0,0.0,0.0,0.0,-
490,8478462,Nicolas Roy,COL,C,https://assets.nhle.com/mugs/nhl/20262027/COL/8478462.png,https://assets.nhle.com/logos/nhl/svg/COL_light.svg,10,nicolasroy,2.0,25.083333333333,2.0,1.0,1.0,0.0,3.0,100.00,5.0,40.00,0.82,7.0,7.0,5.0,3.0,0.0,2.0,2.0,1.0,1.0,0.0,0.0,1.0,3.0,2.0,5.0,0.0,2.0,6.0,7.0,46.15
491,8473994,Jamie Benn,DAL,L,https://assets.nhle.com/mugs/nhl/20262027/DAL/8473994.png,https://assets.nhle.com/logos/nhl/svg/DAL_light.svg,14,jamiebenn,3.0,37.583333333333,1.0,1.0,0.0,1.0,2.0,100.00,6.0,16.67,0.58,9.0,8.0,4.0,4.0,1.0,2.0,0.0,0.0,0.0,0.0,0.0,0.0,1.0,0.0,3.0,2.0,1.0,2.0,1.0,66.67
492,8476981,Josh Anderson,MTL,R,https://assets.nhle.com/mugs/nhl/20262027/MTL/8476981.png,https://assets.nhle.com/logos/nhl/svg/MTL_light.svg,17,joshanderson,3.0,37.55,1.0,1.0,0.0,1.0,2.0,100.00,6.0,16.67,0.88,9.0,8.0,6.0,3.0,0.0,1.0,2.0,1.0,1.0,0.0,0.0,0.0,2.0,1.0,7.0,0.0,0.0,1.0,0.0,100.00
493,8480220,Noah Cates,PHI,L,https://assets.nhle.com/mugs/nhl/20262027/PHI/8480220.png,https://assets.nhle.com/logos/nhl/svg/PHI_light.svg,27,noahcates,4.0,49.9,0.0,0.0,0.0,0.0,0.0,-,3.0,0.00,0.09,6.0,4.0,1.0,0.0,0.0,0.0,0.0,0.0,0.0,0.0,0.0,0.0,2.0,2.0,3.0,2.0,1.0,24.0,19.0,55.81
494,8483771,Sandis Vilmanis,FLA,L,https://assets.nhle.com/mugs/nhl/20262027/FLA/8483771.png,https://assets.nhle.com/logos/nhl/svg/FLA_light.svg,95,sandisvilmanis,3.0,37.333333333333,0.0,0.0,0.0,0.0,0.0,0.00,6.0,0.00,1.03,11.0,10.0,8.0,3.0,0.0,1.0,0.0,0.0,0.0,0.0,0.0,0.0,3.0,0.0,10.0,2.0,3.0,1.0,0.0,100.00
495,8478856,Conor Garland,CBJ,R,https://assets.nhle.com/mugs/nhl/20262027/CBJ/8478856.png,https://assets.nhle.com/logos/nhl/svg/CBJ_light.svg,83,conorgarland,2.0,24.866666666667,0.0,0.0,0.0,0.0,0.0,0.00,0.0,-,0.06,3.0,2.0,1.0,0.0,0.0,0.0,0.0,0.0,0.0,0.0,0.0,0.0,2.0,0.0,1.0,0.0,1.0,0.0,0.0,-
496,8475314,Anders Lee,UTA,L,https://assets.nhle.com/mugs/nhl/20262027/UTA/8475314.png,https://assets.nhle.com/logos/nhl/svg/UTA_light.svg,72,anderslee,4.0,49.7,1.0,2.0,2.0,0.0,3.0,100.00,8.0,12.50,1.4,15.0,13.0,13.0,10.0,0.0,1.0,0.0,0.0,0.0,0.0,0.0,1.0,3.0,1.0,5.0,3.0,4.0,0.0,1.0,0.00
497,8474568,Luke Schenn,VAN,D,https://assets.nhle.com/mugs/nhl/20262027/VAN/8474568.png,https://assets.nhle.com/logos/nhl/svg/VAN_light.svg,2,lukeschenn,4.0,49.633333333333,0.0,2.0,0.0,2.0,2.0,50.00,2.0,0.00,0.13,9.0,7.0,0.0,0.0,0.0,1.0,21.0,5.0,3.0,1.0,1.0,1.0,4.0,0.0,9.0,11.0,2.0,0.0,0.0,-
498,8475231,Casey Cizikas,NYI,C,https://assets.nhle.com/mugs/nhl/20262027/NYI/8475231.png,https://assets.nhle.com/logos/nhl/svg/NYI_light.svg,53,caseycizikas,3.0,37.0,1.0,1.0,1.0,0.0,2.0,100.00,4.0,25.00,0.93,5.0,5.0,5.0,5.0,0.0,1.0,2.0,1.0,1.0,0.0,0.0,2.0,0.0,1.0,4.0,1.0,0.0,14.0,12.0,53.85
499,8479619,Michael Carcone,UTA,L,https://assets.nhle.com/mugs/nhl/20262027/UTA/8479619.png,https://assets.nhle.com/logos/nhl/svg/UTA_light.svg,53,michaelcarcone,4.0,49.266666666667,1.0,1.0,1.0,0.0,2.0,66.67,10.0,10.00,1.3,17.0,14.0,9.0,3.0,0.0,2.0,0.0,0.0,0.0,0.0,0.0,1.0,2.0,0.0,11.0,4.0,0.0,0.0,1.0,0.00
500,8476882,Teuvo Teravainen,CHI,C,https://assets.nhle.com/mugs/nhl/20262027/CHI/8476882.png,https://assets.nhle.com/logos/nhl/svg/CHI_light.svg,86,teuvoteravainen,3.0,36.883333333333,0.0,2.0,0.0,2.0,2.0,66.67,2.0,0.00,0.25,5.0,4.0,2.0,0.0,0.0,0.0,0.0,0.0,0.0,0.0,0.0,0.0,1.0,0.0,1.0,3.0,1.0,0.0,0.0,-
501,8482737,Zachary Bolduc,MTL,R,https://assets.nhle.com/mugs/nhl/20262027/MTL/8482737.png,https://assets.nhle.com/logos/nhl/svg/MTL_light.svg,76,zacharybolduc,3.0,36.7,3.0,0.0,0.0,0.0,3.0,100.00,5.0,60.00,0.59,6.0,5.0,5.0,5.0,0.0,0.0,0.0,0.0,0.0,0.0,0.0,0.0,3.0,0.0,4.0,4.0,1.0,0.0,1.0,0.00
502,8476374,Sean Kuraly,BOS,C,https://assets.nhle.com/mugs/nhl/20262027/BOS/8476374.png,https://assets.nhle.com/logos/nhl/svg/BOS_light.svg,52,seankuraly,3.0,36.65,0.0,0.0,0.0,0.0,0.0,0.00,6.0,0.00,0.47,9.0,8.0,2.0,1.0,0.0,0.0,2.0,1.0,1.0,0.0,0.0,2.0,1.0,0.0,7.0,2.0,3.0,15.0,10.0,60.00
503,8476878,Zemgus Girgensons,TBL,C,https://assets.nhle.com/mugs/nhl/20262027/TBL/8476878.png,https://assets.nhle.com/logos/nhl/svg/TBL_light.svg,28,zemgusgirgensons,3.0,36.483333333333,0.0,1.0,0.0,1.0,1.0,50.00,1.0,0.00,0.12,3.0,2.0,2.0,0.0,0.0,1.0,2.0,1.0,1.0,0.0,0.0,1.0,0.0,1.0,11.0,6.0,5.0,18.0,19.0,48.65
504,8481553,Bobby Brink,MIN,R,https://assets.nhle.com/mugs/nhl/20262027/MIN/8481553.png,https://assets.nhle.com/logos/nhl/svg/MIN_light.svg,10,bobbybrink,3.0,36.466666666667,0.0,2.0,2.0,0.0,2.0,66.67,5.0,0.00,0.38,11.0,7.0,5.0,1.0,0.0,0.0,0.0,0.0,0.0,0.0,0.0,1.0,3.0,0.0,3.0,1.0,2.0,0.0,1.0,0.00
505,8483731,Alex Bump,PHI,L,https://assets.nhle.com/mugs/nhl/20262027/PHI/8483731.png,https://assets.nhle.com/logos/nhl/svg/PHI_light.svg,20,alexbump,3.0,36.4,0.0,0.0,0.0,0.0,0.0,-,4.0,0.00,0.6,6.0,5.0,4.0,3.0,0.0,2.0,0.0,0.0,0.0,0.0,0.0,2.0,3.0,2.0,7.0,4.0,0.0,0.0,0.0,-
506,8478434,Keegan Kolesar,DET,R,https://assets.nhle.com/mugs/nhl/20262027/DET/8478434.png,https://assets.nhle.com/logos/nhl/svg/DET_light.svg,55,keegankolesar,3.0,36.316666666667,0.0,0.0,0.0,0.0,0.0,-,1.0,0.00,0.04,1.0,1.0,1.0,0.0,0.0,0.0,11.0,4.0,3.0,1.0,0.0,3.0,2.0,1.0,11.0,2.0,5.0,0.0,0.0,-
507,8481593,Jayden Struble,MTL,D,https://assets.nhle.com/mugs/nhl/20262027/MTL/8481593.png,https://assets.nhle.com/logos/nhl/svg/MTL_light.svg,47,jaydenstruble,3.0,36.266666666667,0.0,0.0,0.0,0.0,0.0,0.00,0.0,-,0.0,2.0,0.0,1.0,0.0,0.0,1.0,0.0,0.0,0.0,0.0,0.0,1.0,1.0,2.0,4.0,2.0,3.0,0.0,0.0,-
508,8484958,Maxim Tsyplakov,CGY,R,https://assets.nhle.com/mugs/nhl/20262027/CGY/8484958.png,https://assets.nhle.com/logos/nhl/svg/CGY_light.svg,72,maximtsyplakov,3.0,36.266666666667,0.0,0.0,0.0,0.0,0.0,-,1.0,0.00,0.36,5.0,5.0,3.0,1.0,0.0,1.0,0.0,0.0,0.0,0.0,0.0,0.0,2.0,0.0,9.0,4.0,0.0,0.0,3.0,0.00
509,8483468,Jiri Kulich,BUF,C,https://assets.nhle.com/mugs/nhl/20262027/BUF/8483468.png,https://assets.nhle.com/logos/nhl/svg/BUF_light.svg,20,jirikulich,3.0,36.2,1.0,1.0,1.0,0.0,2.0,50.00,4.0,25.00,0.48,8.0,6.0,6.0,4.0,0.0,0.0,0.0,0.0,0.0,0.0,0.0,0.0,0.0,0.0,4.0,1.0,1.0,12.0,12.0,50.00
510,8484164,Dalibor Dvorsky,STL,R,https://assets.nhle.com/mugs/nhl/20262027/STL/8484164.png,https://assets.nhle.com/logos/nhl/svg/STL_light.svg,15,dalibordvorsky,3.0,36.183333333333,2.0,0.0,0.0,0.0,2.0,66.67,6.0,33.33,0.62,7.0,6.0,6.0,3.0,1.0,1.0,2.0,1.0,1.0,0.0,0.0,0.0,1.0,0.0,2.0,3.0,0.0,13.0,19.0,40.63
511,8483808,Andrei Kuzmenko,PIT,L,https://assets.nhle.com/mugs/nhl/20262027/PIT/8483808.png,https://assets.nhle.com/logos/nhl/svg/PIT_light.svg,62,andreikuzmenko,2.0,24.0,0.0,0.0,0.0,0.0,0.0,0.00,3.0,0.00,0.11,4.0,3.0,2.0,0.0,0.0,0.0,0.0,0.0,0.0,0.0,0.0,1.0,0.0,0.0,1.0,1.0,0.0,0.0,0.0,-
512,8482731,Tyson Hinds,ANA,D,https://assets.nhle.com/mugs/nhl/20262027/ANA/8482731.png,https://assets.nhle.com/logos/nhl/svg/ANA_light.svg,55,tysonhinds,2.0,23.983333333333,0.0,0.0,0.0,0.0,0.0,0.00,4.0,0.00,0.24,4.0,4.0,1.0,1.0,0.0,1.0,0.0,0.0,0.0,0.0,0.0,0.0,1.0,1.0,3.0,4.0,1.0,0.0,0.0,-
513,8476480,Vladislav Namestnikov,WPG,C,https://assets.nhle.com/mugs/nhl/20262027/WPG/8476480.png,https://assets.nhle.com/logos/nhl/svg/WPG_light.svg,7,vladislavnamestnikov,3.0,35.966666666667,0.0,0.0,0.0,0.0,0.0,-,6.0,0.00,0.26,8.0,7.0,2.0,2.0,1.0,0.0,4.0,2.0,2.0,0.0,0.0,0.0,2.0,0.0,2.0,3.0,2.0,14.0,13.0,51.85
514,8482765,Isak Rosen,WPG,R,https://assets.nhle.com/mugs/nhl/20262027/WPG/8482765.png,https://assets.nhle.com/logos/nhl/svg/WPG_light.svg,27,isakrosen,3.0,35.816666666667,0.0,0.0,0.0,0.0,0.0,0.00,2.0,0.00,0.12,5.0,3.0,3.0,0.0,0.0,1.0,0.0,0.0,0.0,0.0,0.0,1.0,5.0,0.0,0.0,6.0,2.0,0.0,0.0,-
515,8486161,Owen Michaels,EDM,R,https://assets.nhle.com/mugs/nhl/20262027/EDM/8486161.png,https://assets.nhle.com/logos/nhl/svg/EDM_light.svg,43,owenmichaels,3.0,35.716666666667,2.0,0.0,0.0,0.0,2.0,100.00,4.0,50.00,0.21,6.0,5.0,2.0,1.0,0.0,0.0,0.0,0.0,0.0,0.0,0.0,0.0,4.0,1.0,3.0,2.0,2.0,18.0,18.0,50.00
516,8484428,Charles Alexis Legault,CAR,D,https://assets.nhle.com/mugs/nhl/20262027/CAR/8484428.png,https://assets.nhle.com/logos/nhl/svg/CAR_light.svg,62,charlesalexislegault,2.0,23.783333333333,0.0,0.0,0.0,0.0,0.0,-,2.0,0.00,0.11,7.0,5.0,0.0,0.0,0.0,0.0,12.0,2.0,1.0,0.0,1.0,0.0,3.0,0.0,3.0,7.0,2.0,0.0,0.0,-
517,8483395,Arshdeep Bains,VAN,L,https://assets.nhle.com/mugs/nhl/20262027/VAN/8483395.png,https://assets.nhle.com/logos/nhl/svg/VAN_light.svg,13,arshdeepbains,4.0,47.483333333333,1.0,1.0,1.0,0.0,2.0,50.00,3.0,33.33,0.56,6.0,5.0,6.0,5.0,1.0,1.0,0.0,0.0,0.0,0.0,0.0,1.0,3.0,0.0,2.0,4.0,4.0,1.0,1.0,50.00
518,8478046,Danton Heinen,CBJ,L,https://assets.nhle.com/mugs/nhl/20262027/CBJ/8478046.png,https://assets.nhle.com/logos/nhl/svg/CBJ_light.svg,58,dantonheinen,2.0,23.6,0.0,0.0,0.0,0.0,0.0,-,2.0,0.00,0.6,7.0,5.0,5.0,3.0,0.0,1.0,0.0,0.0,0.0,0.0,0.0,1.0,0.0,1.0,0.0,3.0,3.0,5.0,7.0,41.67
519,8482148,Hendrix Lapierre,PIT,C,https://assets.nhle.com/mugs/nhl/20262027/PIT/8482148.png,https://assets.nhle.com/logos/nhl/svg/PIT_light.svg,22,hendrixlapierre,3.0,35.366666666667,1.0,2.0,1.0,1.0,3.0,60.00,2.0,50.00,0.42,4.0,3.0,2.0,0.0,0.0,1.0,0.0,0.0,0.0,0.0,0.0,1.0,2.0,1.0,5.0,4.0,1.0,5.0,10.0,33.33
520,8481716,Dmitri Voronkov,CBJ,L,https://assets.nhle.com/mugs/nhl/20262027/CBJ/8481716.png,https://assets.nhle.com/logos/nhl/svg/CBJ_light.svg,10,dmitrivoronkov,2.0,23.566666666667,0.0,1.0,0.0,1.0,1.0,100.00,1.0,0.00,0.08,2.0,2.0,1.0,0.0,0.0,0.0,2.0,1.0,1.0,0.0,0.0,0.0,0.0,0.0,6.0,2.0,1.0,0.0,1.0,0.00
521,8484197,Oliver Moore,CHI,C,https://assets.nhle.com/mugs/nhl/20262027/CHI/8484197.png,https://assets.nhle.com/logos/nhl/svg/CHI_light.svg,11,olivermoore,4.0,47.133333333333,1.0,0.0,0.0,0.0,1.0,33.33,5.0,20.00,0.39,6.0,6.0,6.0,2.0,1.0,0.0,4.0,2.0,2.0,0.0,0.0,1.0,0.0,0.0,5.0,6.0,0.0,9.0,6.0,60.00
522,8475799,Nino Niederreiter,WPG,R,https://assets.nhle.com/mugs/nhl/20262027/WPG/8475799.png,https://assets.nhle.com/logos/nhl/svg/WPG_light.svg,62,ninoniederreiter,2.0,23.533333333333,0.0,0.0,0.0,0.0,0.0,-,0.0,-,0.0,0.0,0.0,0.0,0.0,0.0,0.0,0.0,0.0,0.0,0.0,0.0,1.0,2.0,0.0,2.0,2.0,0.0,0.0,0.0,-
523,8482964,Arber Xhekaj,MTL,D,https://assets.nhle.com/mugs/nhl/20262027/MTL/8482964.png,https://assets.nhle.com/logos/nhl/svg/MTL_light.svg,72,arberxhekaj,3.0,35.25,0.0,0.0,0.0,0.0,0.0,0.00,0.0,-,0.0,1.0,0.0,0.0,0.0,0.0,0.0,2.0,1.0,1.0,0.0,0.0,0.0,1.0,1.0,5.0,3.0,2.0,0.0,0.0,-
524,8479346,Dillon Dube,STL,C,https://assets.nhle.com/mugs/nhl/20262027/STL/8479346.png,https://assets.nhle.com/logos/nhl/svg/STL_light.svg,65,dillondube,2.0,23.466666666667,0.0,0.0,0.0,0.0,0.0,-,0.0,-,0.0,1.0,0.0,0.0,0.0,0.0,0.0,2.0,1.0,1.0,0.0,0.0,0.0,1.0,0.0,2.0,4.0,0.0,0.0,0.0,-
525,8483471,Brad Lambert,WPG,C,https://assets.nhle.com/mugs/nhl/20262027/WPG/8483471.png,https://assets.nhle.com/logos/nhl/svg/WPG_light.svg,93,bradlambert,3.0,34.95,0.0,0.0,0.0,0.0,0.0,-,3.0,0.00,0.26,5.0,4.0,3.0,2.0,1.0,0.0,0.0,0.0,0.0,0.0,0.0,2.0,4.0,0.0,3.0,3.0,0.0,2.0,1.0,66.67
526,8480813,Joseph Veleno,NYR,C,https://assets.nhle.com/mugs/nhl/20262027/NYR/8480813.png,https://assets.nhle.com/logos/nhl/svg/NYR_light.svg,90,josephveleno,4.0,46.483333333333,0.0,0.0,0.0,0.0,0.0,-,2.0,0.00,0.14,5.0,3.0,1.0,0.0,0.0,1.0,2.0,1.0,1.0,0.0,0.0,1.0,2.0,2.0,7.0,6.0,5.0,21.0,18.0,53.85
527,8483476,Jonathan Lekkerimäki,VAN,R,https://assets.nhle.com/mugs/nhl/20262027/VAN/8483476.png,https://assets.nhle.com/logos/nhl/svg/VAN_light.svg,88,jonathanlekkerimaki,4.0,46.433333333333,2.0,1.0,1.0,0.0,3.0,60.00,4.0,50.00,0.19,8.0,4.0,2.0,0.0,0.0,1.0,0.0,0.0,0.0,0.0,0.0,0.0,1.0,2.0,1.0,1.0,0.0,0.0,0.0,-
528,8483513,Reid Schaefer,NSH,L,https://assets.nhle.com/mugs/nhl/20262027/NSH/8483513.png,https://assets.nhle.com/logos/nhl/svg/NSH_light.svg,49,reidschaefer,1.0,11.583333333333,0.0,0.0,0.0,0.0,0.0,-,1.0,0.00,0.06,3.0,3.0,1.0,0.0,0.0,0.0,0.0,0.0,0.0,0.0,0.0,1.0,0.0,0.0,1.0,1.0,1.0,0.0,1.0,0.00
529,8481538,Judd Caulfield,ANA,R,https://assets.nhle.com/mugs/nhl/20262027/ANA/8481538.png,https://assets.nhle.com/logos/nhl/svg/ANA_light.svg,28,juddcaulfield,2.0,23.1,0.0,0.0,0.0,0.0,0.0,0.00,0.0,-,0.0,2.0,0.0,1.0,0.0,1.0,0.0,0.0,0.0,0.0,0.0,0.0,0.0,0.0,0.0,4.0,1.0,0.0,0.0,1.0,0.00
530,8482166,Shakir Mukhamadullin,EDM,D,https://assets.nhle.com/mugs/nhl/20262027/EDM/8482166.png,https://assets.nhle.com/logos/nhl/svg/EDM_light.svg,85,shakirmukhamadullin,2.0,23.066666666667,0.0,0.0,0.0,0.0,0.0,-,0.0,-,0.03,3.0,1.0,0.0,0.0,0.0,0.0,0.0,0.0,0.0,0.0,0.0,1.0,3.0,0.0,0.0,1.0,2.0,0.0,0.0,-
531,8476292,Ondrej Palat,NYI,L,https://assets.nhle.com/mugs/nhl/20262027/NYI/8476292.png,https://assets.nhle.com/logos/nhl/svg/NYI_light.svg,81,ondrejpalat,3.0,34.5,1.0,0.0,0.0,0.0,1.0,100.00,7.0,14.29,0.77,13.0,9.0,9.0,5.0,0.0,2.0,0.0,0.0,0.0,0.0,0.0,0.0,0.0,1.0,5.0,0.0,3.0,1.0,1.0,50.00
532,8483505,Matthew Poitras,BOS,C,https://assets.nhle.com/mugs/nhl/20262027/BOS/8483505.png,https://assets.nhle.com/logos/nhl/svg/BOS_light.svg,51,mattpoitras,1.0,11.466666666667,0.0,0.0,0.0,0.0,0.0,0.00,0.0,-,0.1,2.0,2.0,2.0,0.0,0.0,0.0,2.0,1.0,1.0,0.0,0.0,1.0,0.0,0.0,2.0,3.0,0.0,2.0,5.0,28.57
533,8480113,Alex Iafallo,WPG,L,https://assets.nhle.com/mugs/nhl/20262027/WPG/8480113.png,https://assets.nhle.com/logos/nhl/svg/WPG_light.svg,9,alexiafallo,3.0,34.333333333333,1.0,1.0,1.0,0.0,2.0,66.67,3.0,33.33,0.45,6.0,5.0,4.0,3.0,0.0,0.0,0.0,0.0,0.0,0.0,0.0,0.0,1.0,0.0,3.0,2.0,3.0,0.0,1.0,0.00
534,8477416,Oliver Bjorkstrand,NYR,R,https://assets.nhle.com/mugs/nhl/20262027/NYR/8477416.png,https://assets.nhle.com/logos/nhl/svg/NYR_light.svg,28,oliverbjorkstrand,5.0,57.116666666667,2.0,1.0,1.0,0.0,3.0,75.00,8.0,25.00,0.85,11.0,10.0,5.0,3.0,0.0,1.0,5.0,1.0,0.0,1.0,0.0,3.0,0.0,1.0,3.0,4.0,2.0,0.0,2.0,0.00
535,8484803,Trevor Connelly,VGK,L,https://assets.nhle.com/mugs/nhl/20262027/VGK/8484803.png,https://assets.nhle.com/logos/nhl/svg/VGK_light.svg,24,trevorconnelly,3.0,34.25,1.0,0.0,0.0,0.0,1.0,100.00,6.0,16.67,1.23,10.0,9.0,8.0,5.0,0.0,2.0,0.0,0.0,0.0,0.0,0.0,0.0,1.0,0.0,2.0,3.0,1.0,0.0,0.0,-
536,8480834,Ty Emberson,EDM,D,https://assets.nhle.com/mugs/nhl/20262027/EDM/8480834.png,https://assets.nhle.com/logos/nhl/svg/EDM_light.svg,49,tyemberson,1.0,11.366666666667,0.0,0.0,0.0,0.0,0.0,-,0.0,-,0.01,2.0,1.0,1.0,0.0,0.0,1.0,0.0,0.0,0.0,0.0,0.0,1.0,0.0,0.0,1.0,2.0,0.0,0.0,0.0,-
537,8476889,Radek Faksa,DAL,C,https://assets.nhle.com/mugs/nhl/20262027/DAL/8476889.png,https://assets.nhle.com/logos/nhl/svg/DAL_light.svg,12,radekfaksa,3.0,34.083333333333,0.0,1.0,0.0,1.0,1.0,100.00,3.0,0.00,0.28,6.0,5.0,3.0,3.0,0.0,1.0,0.0,0.0,0.0,0.0,0.0,0.0,0.0,0.0,5.0,2.0,4.0,7.0,15.0,31.82
538,8477998,Warren Foegele,OTT,L,https://assets.nhle.com/mugs/nhl/20262027/OTT/8477998.png,https://assets.nhle.com/logos/nhl/svg/OTT_light.svg,37,warrenfoegele,3.0,34.083333333333,0.0,0.0,0.0,0.0,0.0,0.00,0.0,-,0.07,1.0,1.0,1.0,0.0,0.0,0.0,2.0,1.0,1.0,0.0,0.0,0.0,1.0,0.0,4.0,3.0,0.0,0.0,1.0,0.00
539,8483466,Kevin Korchinski,CHI,D,https://assets.nhle.com/mugs/nhl/20262027/CHI/8483466.png,https://assets.nhle.com/logos/nhl/svg/CHI_light.svg,14,kevinkorchinski,1.0,11.35,0.0,0.0,0.0,0.0,0.0,-,2.0,0.00,0.04,2.0,2.0,0.0,0.0,0.0,1.0,0.0,0.0,0.0,0.0,0.0,0.0,1.0,0.0,0.0,0.0,0.0,0.0,0.0,-
540,8479520,Brandon Duhaime,TOR,L,https://assets.nhle.com/mugs/nhl/20262027/TOR/8479520.png,https://assets.nhle.com/logos/nhl/svg/TOR_light.svg,24,brandonduhaime,4.0,44.933333333333,0.0,0.0,0.0,0.0,0.0,-,3.0,0.00,0.11,6.0,4.0,3.0,1.0,0.0,0.0,0.0,0.0,0.0,0.0,0.0,2.0,3.0,1.0,12.0,3.0,5.0,0.0,1.0,0.00
541,8479368,Max Jones,EDM,L,https://assets.nhle.com/mugs/nhl/20262027/EDM/8479368.png,https://assets.nhle.com/logos/nhl/svg/EDM_light.svg,46,maxjones,3.0,33.683333333333,0.0,0.0,0.0,0.0,0.0,-,4.0,0.00,0.6,9.0,8.0,5.0,2.0,0.0,3.0,6.0,3.0,3.0,0.0,0.0,1.0,3.0,3.0,9.0,1.0,0.0,1.0,0.0,100.00
542,8483890,Braeden Bowman,VGK,R,https://assets.nhle.com/mugs/nhl/20262027/VGK/8483890.png,https://assets.nhle.com/logos/nhl/svg/VGK_light.svg,42,braedenbowman,3.0,33.683333333333,1.0,1.0,1.0,0.0,2.0,66.67,5.0,20.00,0.8,9.0,6.0,6.0,5.0,0.0,2.0,0.0,0.0,0.0,0.0,0.0,0.0,2.0,1.0,0.0,5.0,1.0,0.0,0.0,-
543,8484388,Daniil But,UTA,L,https://assets.nhle.com/mugs/nhl/20262027/UTA/8484388.png,https://assets.nhle.com/logos/nhl/svg/UTA_light.svg,50,daniilbut,4.0,44.683333333333,1.0,0.0,0.0,0.0,1.0,100.00,1.0,100.00,0.9,7.0,5.0,6.0,3.0,0.0,1.0,0.0,0.0,0.0,0.0,0.0,0.0,3.0,1.0,9.0,1.0,1.0,1.0,2.0,33.33
544,8482806,William Trudeau,NSH,D,https://assets.nhle.com/mugs/nhl/20262027/NSH/8482806.png,https://assets.nhle.com/logos/nhl/svg/NSH_light.svg,85,willtrudeau,2.0,22.333333333333,0.0,0.0,0.0,0.0,0.0,0.00,2.0,0.00,0.07,5.0,4.0,1.0,0.0,0.0,0.0,0.0,0.0,0.0,0.0,0.0,0.0,4.0,0.0,3.0,3.0,2.0,0.0,0.0,-
545,8483447,Conor Geekie,TBL,C,https://assets.nhle.com/mugs/nhl/20262027/TBL/8483447.png,https://assets.nhle.com/logos/nhl/svg/TBL_light.svg,94,conorgeekie,3.0,33.483333333333,1.0,0.0,0.0,0.0,1.0,100.00,4.0,25.00,0.37,6.0,6.0,6.0,1.0,0.0,1.0,0.0,0.0,0.0,0.0,0.0,1.0,0.0,0.0,6.0,8.0,0.0,9.0,11.0,45.00
546,8480840,Oskar Bäck,DAL,C,https://assets.nhle.com/mugs/nhl/20262027/DAL/8480840.png,https://assets.nhle.com/logos/nhl/svg/DAL_light.svg,10,oskarback,3.0,33.483333333333,0.0,1.0,1.0,0.0,1.0,100.00,3.0,0.00,0.38,5.0,5.0,2.0,2.0,1.0,1.0,2.0,1.0,1.0,0.0,0.0,0.0,2.0,0.0,1.0,3.0,6.0,1.0,1.0,50.00
547,8480762,Eric Robinson,CAR,L,https://assets.nhle.com/mugs/nhl/20262027/CAR/8480762.png,https://assets.nhle.com/logos/nhl/svg/CAR_light.svg,50,ericrobinson,4.0,44.516666666667,1.0,1.0,1.0,0.0,2.0,100.00,3.0,33.33,0.39,7.0,6.0,4.0,3.0,0.0,0.0,0.0,0.0,0.0,0.0,0.0,0.0,4.0,0.0,9.0,4.0,0.0,0.0,0.0,-
548,8479336,Carl Grundstrom,PHI,R,https://assets.nhle.com/mugs/nhl/20262027/PHI/8479336.png,https://assets.nhle.com/logos/nhl/svg/PHI_light.svg,91,carlgrundstrom,4.0,44.466666666667,0.0,0.0,0.0,0.0,0.0,0.00,4.0,0.00,0.27,6.0,6.0,3.0,1.0,0.0,0.0,0.0,0.0,0.0,0.0,0.0,1.0,1.0,1.0,13.0,3.0,4.0,0.0,0.0,-
549,8481754,Nikita Nesterenko,ANA,C,https://assets.nhle.com/mugs/nhl/20262027/ANA/8481754.png,https://assets.nhle.com/logos/nhl/svg/ANA_light.svg,13,nikitanesterenko,2.0,22.216666666667,0.0,0.0,0.0,0.0,0.0,-,0.0,-,0.03,2.0,1.0,2.0,0.0,0.0,0.0,0.0,0.0,0.0,0.0,0.0,0.0,1.0,0.0,6.0,1.0,0.0,0.0,0.0,-
550,8482859,Zack Ostapchuk,SJS,C,https://assets.nhle.com/mugs/nhl/20262027/SJS/8482859.png,https://assets.nhle.com/logos/nhl/svg/SJS_light.svg,63,zackostapchuk,3.0,33.3,0.0,0.0,0.0,0.0,0.0,0.00,4.0,0.00,0.35,6.0,6.0,3.0,1.0,0.0,2.0,0.0,0.0,0.0,0.0,0.0,1.0,1.0,0.0,4.0,3.0,7.0,6.0,17.0,26.09
551,8480074,Alexandre Texier,MTL,L,https://assets.nhle.com/mugs/nhl/20262027/MTL/8480074.png,https://assets.nhle.com/logos/nhl/svg/MTL_light.svg,85,alexandretexier,3.0,33.283333333333,0.0,2.0,0.0,2.0,2.0,66.67,1.0,0.00,0.2,7.0,4.0,3.0,0.0,0.0,0.0,2.0,1.0,1.0,0.0,0.0,0.0,1.0,1.0,5.0,0.0,2.0,0.0,0.0,-
552,8478454,Noah Juulsen,COL,D,https://assets.nhle.com/mugs/nhl/20262027/COL/8478454.png,https://assets.nhle.com/logos/nhl/svg/COL_light.svg,47,noahjuulsen,2.0,22.166666666667,0.0,0.0,0.0,0.0,0.0,0.00,1.0,0.00,0.05,2.0,2.0,0.0,0.0,0.0,0.0,2.0,1.0,1.0,0.0,0.0,0.0,2.0,0.0,4.0,9.0,2.0,0.0,0.0,-
553,8483570,Ben Meyers,SEA,C,https://assets.nhle.com/mugs/nhl/20262027/SEA/8483570.png,https://assets.nhle.com/logos/nhl/svg/SEA_light.svg,59,benmeyers,1.0,10.983333333333,0.0,0.0,0.0,0.0,0.0,-,0.0,-,0.0,0.0,0.0,0.0,0.0,0.0,0.0,0.0,0.0,0.0,0.0,0.0,1.0,0.0,0.0,1.0,1.0,1.0,1.0,2.0,33.33
554,8481535,Nils Hoglander,NSH,L,https://assets.nhle.com/mugs/nhl/20262027/NSH/8481535.png,https://assets.nhle.com/logos/nhl/svg/NSH_light.svg,21,nilshoglander,3.0,32.783333333333,3.0,0.0,0.0,0.0,3.0,100.00,4.0,75.00,0.9,6.0,6.0,5.0,4.0,0.0,0.0,0.0,0.0,0.0,0.0,0.0,0.0,3.0,1.0,3.0,4.0,0.0,2.0,0.0,100.00
555,8480355,Mark Kastelic,BOS,C,https://assets.nhle.com/mugs/nhl/20262027/BOS/8480355.png,https://assets.nhle.com/logos/nhl/svg/BOS_light.svg,47,markkastelic,4.0,43.7,1.0,2.0,1.0,1.0,3.0,75.00,3.0,33.33,0.98,5.0,5.0,1.0,1.0,0.0,0.0,5.0,1.0,0.0,1.0,0.0,1.0,2.0,1.0,10.0,5.0,5.0,5.0,9.0,35.71
556,8478424,Jansen Harkins,TBL,C,https://assets.nhle.com/mugs/nhl/20262027/TBL/8478424.png,https://assets.nhle.com/logos/nhl/svg/TBL_light.svg,10,jansenharkins,1.0,10.916666666667,0.0,0.0,0.0,0.0,0.0,-,1.0,0.00,0.12,1.0,1.0,1.0,1.0,0.0,0.0,0.0,0.0,0.0,0.0,0.0,0.0,1.0,0.0,5.0,0.0,0.0,0.0,4.0,0.00
557,8477987,Ryan Donato,CHI,C,https://assets.nhle.com/mugs/nhl/20262027/CHI/8477987.png,https://assets.nhle.com/logos/nhl/svg/CHI_light.svg,8,ryandonato,4.0,43.6,1.0,0.0,0.0,0.0,1.0,50.00,4.0,25.00,0.76,12.0,10.0,7.0,5.0,0.0,2.0,5.0,1.0,0.0,1.0,0.0,1.0,1.0,0.0,4.0,2.0,2.0,1.0,4.0,20.00
558,8480075,Cameron Crotty,OTT,D,https://assets.nhle.com/mugs/nhl/20262027/OTT/8480075.png,https://assets.nhle.com/logos/nhl/svg/OTT_light.svg,5,camcrotty,2.0,21.783333333333,0.0,0.0,0.0,0.0,0.0,0.00,0.0,-,0.0,1.0,0.0,0.0,0.0,0.0,0.0,0.0,0.0,0.0,0.0,0.0,0.0,1.0,0.0,1.0,1.0,0.0,0.0,0.0,-
559,8483464,Marco Kasper,DET,C,https://assets.nhle.com/mugs/nhl/20262027/DET/8483464.png,https://assets.nhle.com/logos/nhl/svg/DET_light.svg,92,marcokasper,1.0,10.833333333333,0.0,0.0,0.0,0.0,0.0,-,4.0,0.00,0.25,4.0,4.0,3.0,2.0,0.0,2.0,5.0,1.0,0.0,1.0,0.0,1.0,0.0,0.0,1.0,2.0,0.0,9.0,5.0,64.29
560,8479996,Cody Glass,NJD,C,https://assets.nhle.com/mugs/nhl/20262027/NJD/8479996.png,https://assets.nhle.com/logos/nhl/svg/NJD_light.svg,12,codyglass,3.0,32.483333333333,0.0,0.0,0.0,0.0,0.0,0.00,4.0,0.00,0.39,7.0,6.0,4.0,1.0,0.0,0.0,0.0,0.0,0.0,0.0,0.0,1.0,3.0,0.0,2.0,2.0,1.0,20.0,15.0,57.14
561,8477478,William Carrier,CAR,L,https://assets.nhle.com/mugs/nhl/20262027/CAR/8477478.png,https://assets.nhle.com/logos/nhl/svg/CAR_light.svg,28,willcarrier,4.0,43.25,0.0,2.0,1.0,1.0,2.0,66.67,4.0,0.00,1.03,10.0,8.0,6.0,4.0,0.0,2.0,0.0,0.0,0.0,0.0,0.0,2.0,3.0,0.0,14.0,8.0,1.0,0.0,1.0,0.00
562,8481523,Kirby Dach,MTL,C,https://assets.nhle.com/mugs/nhl/20262027/MTL/8481523.png,https://assets.nhle.com/logos/nhl/svg/MTL_light.svg,77,kirbydach,3.0,32.416666666667,0.0,1.0,0.0,1.0,1.0,33.33,1.0,0.00,0.05,6.0,3.0,2.0,0.0,0.0,0.0,2.0,1.0,1.0,0.0,0.0,1.0,3.0,0.0,6.0,2.0,4.0,2.0,2.0,50.00
563,8475343,Nic Dowd,VGK,C,https://assets.nhle.com/mugs/nhl/20262027/VGK/8475343.png,https://assets.nhle.com/logos/nhl/svg/VGK_light.svg,26,nicdowd,3.0,32.2,0.0,2.0,1.0,1.0,2.0,100.00,2.0,0.00,0.26,4.0,3.0,4.0,2.0,1.0,0.0,0.0,0.0,0.0,0.0,0.0,2.0,2.0,0.0,4.0,3.0,0.0,13.0,16.0,44.83
564,8484999,Ilya Protas,WSH,L,https://assets.nhle.com/mugs/nhl/20262027/WSH/8484999.png,https://assets.nhle.com/logos/nhl/svg/WSH_secondary_light.svg,62,ilyaprotas,2.0,21.45,0.0,1.0,1.0,0.0,1.0,100.00,0.0,-,0.01,1.0,1.0,0.0,0.0,0.0,0.0,0.0,0.0,0.0,0.0,0.0,0.0,2.0,0.0,0.0,2.0,1.0,6.0,9.0,40.00
565,8484305,Zach Metsa,BUF,D,https://assets.nhle.com/mugs/nhl/20262027/BUF/8484305.png,https://assets.nhle.com/logos/nhl/svg/BUF_light.svg,73,zachmetsa,3.0,32.1,0.0,1.0,1.0,0.0,1.0,50.00,0.0,-,0.0,3.0,0.0,2.0,0.0,0.0,0.0,5.0,1.0,0.0,1.0,0.0,1.0,1.0,0.0,1.0,11.0,4.0,0.0,0.0,-
566,8476927,Teddy Blueger,TOR,C,https://assets.nhle.com/mugs/nhl/20262027/TOR/8476927.png,https://assets.nhle.com/logos/nhl/svg/TOR_light.svg,73,teddyblueger,4.0,42.583333333333,0.0,0.0,0.0,0.0,0.0,-,2.0,0.00,0.21,5.0,4.0,3.0,1.0,1.0,0.0,0.0,0.0,0.0,0.0,0.0,1.0,2.0,0.0,4.0,3.0,1.0,10.0,12.0,45.45
567,8479661,Tanner Jeannot,BOS,L,https://assets.nhle.com/mugs/nhl/20262027/BOS/8479661.png,https://assets.nhle.com/logos/nhl/svg/BOS_light.svg,84,tannerjeannot,4.0,42.416666666667,1.0,0.0,0.0,0.0,1.0,50.00,2.0,50.00,0.3,8.0,7.0,5.0,1.0,0.0,0.0,12.0,2.0,1.0,0.0,1.0,0.0,2.0,0.0,16.0,9.0,1.0,1.0,2.0,33.33
568,8478366,Frank Vatrano,ANA,R,https://assets.nhle.com/mugs/nhl/20262027/ANA/8478366.png,https://assets.nhle.com/logos/nhl/svg/ANA_light.svg,77,frankvatrano,1.0,10.566666666667,0.0,0.0,0.0,0.0,0.0,-,0.0,-,0.0,1.0,0.0,0.0,0.0,0.0,0.0,0.0,0.0,0.0,0.0,0.0,0.0,1.0,0.0,0.0,0.0,0.0,0.0,0.0,-
569,8482929,Emil Lilleberg,TBL,D,https://assets.nhle.com/mugs/nhl/20262027/TBL/8482929.png,https://assets.nhle.com/logos/nhl/svg/TBL_light.svg,78,emillilleberg,1.0,10.5,0.0,0.0,0.0,0.0,0.0,0.00,1.0,0.00,0.04,1.0,1.0,1.0,0.0,0.0,0.0,5.0,1.0,0.0,1.0,0.0,1.0,1.0,1.0,3.0,2.0,0.0,0.0,0.0,-
570,8482747,Brennan Othmann,CGY,L,https://assets.nhle.com/mugs/nhl/20262027/CGY/8482747.png,https://assets.nhle.com/logos/nhl/svg/CGY_light.svg,78,brennanothmann,1.0,10.5,0.0,0.0,0.0,0.0,0.0,-,1.0,0.00,0.09,2.0,1.0,1.0,1.0,0.0,0.0,0.0,0.0,0.0,0.0,0.0,0.0,3.0,0.0,3.0,1.0,1.0,0.0,0.0,-
571,8476422,Mike Reilly,CAR,D,https://assets.nhle.com/mugs/nhl/20262027/CAR/8476422.png,https://assets.nhle.com/logos/nhl/svg/CAR_light.svg,6,michaelreilly,2.0,20.966666666667,0.0,0.0,0.0,0.0,0.0,0.00,2.0,0.00,0.1,4.0,3.0,1.0,0.0,0.0,0.0,0.0,0.0,0.0,0.0,0.0,0.0,1.0,1.0,1.0,6.0,1.0,0.0,0.0,-
572,8481641,Joel Kiviranta,DAL,L,https://assets.nhle.com/mugs/nhl/20262027/DAL/8481641.png,https://assets.nhle.com/logos/nhl/svg/DAL_light.svg,22,joelkiviranta,2.0,20.916666666667,1.0,0.0,0.0,0.0,1.0,100.00,3.0,33.33,0.5,4.0,3.0,2.0,1.0,0.0,0.0,0.0,0.0,0.0,0.0,0.0,0.0,5.0,0.0,3.0,2.0,1.0,0.0,0.0,-
573,8482118,Sam Colangelo,ANA,R,https://assets.nhle.com/mugs/nhl/20262027/ANA/8482118.png,https://assets.nhle.com/logos/nhl/svg/ANA_light.svg,12,samcolangelo,1.0,10.4,0.0,0.0,0.0,0.0,0.0,-,0.0,-,0.05,1.0,1.0,1.0,0.0,0.0,0.0,0.0,0.0,0.0,0.0,0.0,0.0,0.0,0.0,3.0,0.0,1.0,0.0,0.0,-
574,8483609,Adam Klapka,CGY,R,https://assets.nhle.com/mugs/nhl/20262027/CGY/8483609.png,https://assets.nhle.com/logos/nhl/svg/CGY_light.svg,43,adamklapka,3.0,30.883333333333,0.0,0.0,0.0,0.0,0.0,-,3.0,0.00,1.04,9.0,7.0,7.0,4.0,1.0,4.0,27.0,4.0,1.0,1.0,2.0,2.0,2.0,1.0,11.0,4.0,1.0,0.0,1.0,0.00
575,8480842,Filip Hallander,PIT,C,https://assets.nhle.com/mugs/nhl/20262027/PIT/8480842.png,https://assets.nhle.com/logos/nhl/svg/PIT_light.svg,11,filiphallander,2.0,20.566666666667,1.0,2.0,2.0,0.0,3.0,75.00,3.0,33.33,0.92,5.0,5.0,5.0,4.0,0.0,1.0,0.0,0.0,0.0,0.0,0.0,1.0,0.0,0.0,1.0,0.0,1.0,0.0,0.0,-
576,8483455,Isaac Howard,EDM,L,https://assets.nhle.com/mugs/nhl/20262027/EDM/8483455.png,https://assets.nhle.com/logos/nhl/svg/EDM_light.svg,53,isaachoward,3.0,30.433333333333,0.0,1.0,1.0,0.0,1.0,100.00,5.0,0.00,0.31,9.0,5.0,5.0,1.0,0.0,3.0,0.0,0.0,0.0,0.0,0.0,1.0,1.0,0.0,2.0,4.0,0.0,0.0,0.0,-
577,8483676,Stephen Halliday,OTT,C,https://assets.nhle.com/mugs/nhl/20262027/OTT/8483676.png,https://assets.nhle.com/logos/nhl/svg/OTT_light.svg,34,stephenhalliday,3.0,30.316666666667,1.0,0.0,0.0,0.0,1.0,100.00,4.0,25.00,1.03,10.0,7.0,8.0,4.0,0.0,3.0,0.0,0.0,0.0,0.0,0.0,0.0,2.0,1.0,1.0,2.0,3.0,8.0,11.0,42.11
578,8470621,Corey Perry,LAK,R,https://assets.nhle.com/mugs/nhl/20262027/LAK/8470621.png,https://assets.nhle.com/logos/nhl/svg/LAK_light.svg,90,coreyperry,1.0,9.95,0.0,0.0,0.0,0.0,0.0,-,3.0,0.00,0.25,3.0,3.0,1.0,1.0,0.0,0.0,0.0,0.0,0.0,0.0,0.0,0.0,0.0,0.0,0.0,1.0,0.0,0.0,0.0,-
579,8484786,Cole Beaudoin,NYR,C,https://assets.nhle.com/mugs/nhl/20262027/NYR/8484786.png,https://assets.nhle.com/logos/nhl/svg/NYR_light.svg,53,colebeaudoin,1.0,9.95,0.0,0.0,0.0,0.0,0.0,0.00,0.0,-,0.0,1.0,0.0,1.0,1.0,0.0,0.0,2.0,1.0,1.0,0.0,0.0,0.0,1.0,1.0,3.0,0.0,1.0,6.0,5.0,54.55
580,8473422,Nick Foligno,MIN,L,https://assets.nhle.com/mugs/nhl/20262027/MIN/8473422.png,https://assets.nhle.com/logos/nhl/svg/MIN_light.svg,71,nickfoligno,3.0,29.85,1.0,0.0,0.0,0.0,1.0,50.00,3.0,33.33,0.25,4.0,3.0,3.0,2.0,0.0,0.0,0.0,0.0,0.0,0.0,0.0,0.0,1.0,0.0,0.0,0.0,0.0,3.0,6.0,33.33
581,8475848,Brendan Gallagher,VAN,R,https://assets.nhle.com/mugs/nhl/20262027/VAN/8475848.png,https://assets.nhle.com/logos/nhl/svg/VAN_light.svg,7,brendangallagher,4.0,39.733333333333,0.0,0.0,0.0,0.0,0.0,-,4.0,0.00,0.79,10.0,9.0,8.0,3.0,0.0,0.0,4.0,2.0,2.0,0.0,0.0,0.0,4.0,0.0,7.0,5.0,1.0,1.0,1.0,50.00
582,8478891,Mason Appleton,DET,C,https://assets.nhle.com/mugs/nhl/20262027/DET/8478891.png,https://assets.nhle.com/logos/nhl/svg/DET_light.svg,22,masonappleton,2.0,19.683333333333,0.0,0.0,0.0,0.0,0.0,-,1.0,0.00,0.03,1.0,1.0,1.0,0.0,1.0,0.0,0.0,0.0,0.0,0.0,0.0,1.0,1.0,0.0,6.0,2.0,0.0,0.0,1.0,0.00
583,8484185,Nick Lardis,CHI,L,https://assets.nhle.com/mugs/nhl/20262027/CHI/8484185.png,https://assets.nhle.com/logos/nhl/svg/CHI_light.svg,76,nicklardis,4.0,39.366666666667,0.0,2.0,0.0,2.0,2.0,100.00,3.0,0.00,0.17,4.0,4.0,2.0,0.0,0.0,1.0,0.0,0.0,0.0,0.0,0.0,2.0,2.0,0.0,4.0,2.0,2.0,0.0,0.0,-
584,8482460,Matt Rempe,NYR,C,https://assets.nhle.com/mugs/nhl/20262027/NYR/8482460.png,https://assets.nhle.com/logos/nhl/svg/NYR_light.svg,73,mattrempe,1.0,9.8166666666667,0.0,0.0,0.0,0.0,0.0,-,1.0,0.00,0.25,1.0,1.0,1.0,1.0,0.0,0.0,0.0,0.0,0.0,0.0,0.0,0.0,0.0,0.0,6.0,2.0,0.0,0.0,0.0,-
585,8480003,Jesper Boqvist,NJD,C,https://assets.nhle.com/mugs/nhl/20262027/NJD/8480003.png,https://assets.nhle.com/logos/nhl/svg/NJD_light.svg,70,jesperboqvist,1.0,9.8166666666667,1.0,0.0,0.0,0.0,1.0,100.00,2.0,50.00,0.17,2.0,2.0,2.0,1.0,0.0,0.0,0.0,0.0,0.0,0.0,0.0,0.0,1.0,0.0,1.0,2.0,0.0,0.0,0.0,-
586,8482691,Aatu Räty,VAN,C,https://assets.nhle.com/mugs/nhl/20262027/VAN/8482691.png,https://assets.nhle.com/logos/nhl/svg/VAN_light.svg,54,aaturaty,2.0,19.433333333333,1.0,0.0,0.0,0.0,1.0,50.00,3.0,33.33,0.62,3.0,3.0,1.0,0.0,0.0,0.0,2.0,1.0,1.0,0.0,0.0,1.0,1.0,0.0,4.0,1.0,0.0,16.0,10.0,61.54
587,8482874,Jacob Melanson,SEA,R,https://assets.nhle.com/mugs/nhl/20262027/SEA/8482874.png,https://assets.nhle.com/logos/nhl/svg/SEA_light.svg,63,jakemelanson,1.0,9.5166666666667,0.0,0.0,0.0,0.0,0.0,-,1.0,0.00,0.15,2.0,2.0,2.0,1.0,0.0,0.0,2.0,1.0,1.0,0.0,0.0,1.0,0.0,0.0,2.0,1.0,1.0,0.0,0.0,-
588,8479365,Trent Frederic,EDM,C,https://assets.nhle.com/mugs/nhl/20262027/EDM/8479365.png,https://assets.nhle.com/logos/nhl/svg/EDM_light.svg,10,trentfrederic,3.0,28.516666666667,1.0,0.0,0.0,0.0,1.0,100.00,3.0,33.33,0.64,5.0,3.0,4.0,3.0,0.0,0.0,7.0,2.0,1.0,1.0,0.0,1.0,1.0,1.0,12.0,5.0,1.0,2.0,3.0,40.00
589,8482408,Jeff Malott,ANA,L,https://assets.nhle.com/mugs/nhl/20262027/ANA/8482408.png,https://assets.nhle.com/logos/nhl/svg/ANA_light.svg,39,jeffmalott,2.0,18.583333333333,1.0,0.0,0.0,0.0,1.0,100.00,2.0,50.00,0.1,3.0,2.0,1.0,1.0,0.0,0.0,0.0,0.0,0.0,0.0,0.0,0.0,0.0,0.0,8.0,0.0,2.0,0.0,0.0,-
590,8479066,Ryan Lomberg,CBJ,L,https://assets.nhle.com/mugs/nhl/20262027/CBJ/8479066.png,https://assets.nhle.com/logos/nhl/svg/CBJ_light.svg,94,ryanlomberg,2.0,18.45,0.0,0.0,0.0,0.0,0.0,-,2.0,0.00,0.12,4.0,3.0,1.0,0.0,1.0,0.0,0.0,0.0,0.0,0.0,0.0,0.0,0.0,1.0,5.0,0.0,0.0,0.0,1.0,0.00
591,8482171,William Wallinder,DET,D,https://assets.nhle.com/mugs/nhl/20262027/DET/8482171.png,https://assets.nhle.com/logos/nhl/svg/DET_light.svg,54,willwallinder,1.0,9.1166666666667,0.0,1.0,1.0,0.0,1.0,50.00,0.0,-,0.0,1.0,0.0,0.0,0.0,0.0,0.0,0.0,0.0,0.0,0.0,0.0,0.0,1.0,0.0,0.0,1.0,1.0,0.0,0.0,-
592,8480829,Jesperi Kotkaniemi,CAR,C,https://assets.nhle.com/mugs/nhl/20262027/CAR/8480829.png,https://assets.nhle.com/logos/nhl/svg/CAR_light.svg,82,jesperikotkaniemi,2.0,18.2,0.0,0.0,0.0,0.0,0.0,0.00,1.0,0.00,0.0,1.0,1.0,0.0,0.0,0.0,0.0,2.0,1.0,1.0,0.0,0.0,2.0,1.0,0.0,2.0,3.0,0.0,0.0,0.0,-
593,8483553,Marc Gatcomb,VGK,C,https://assets.nhle.com/mugs/nhl/20262027/VGK/8483553.png,https://assets.nhle.com/logos/nhl/svg/VGK_light.svg,17,marcgatcomb,3.0,27.183333333333,1.0,1.0,0.0,1.0,2.0,100.00,5.0,20.00,0.63,5.0,5.0,4.0,2.0,0.0,1.0,2.0,1.0,1.0,0.0,0.0,1.0,0.0,0.0,14.0,6.0,0.0,0.0,0.0,-
594,8483695,Amadeus Lombardi,NJD,C,https://assets.nhle.com/mugs/nhl/20262027/NJD/8483695.png,https://assets.nhle.com/logos/nhl/svg/NJD_light.svg,93,amadeuslombardi,3.0,26.466666666667,0.0,0.0,0.0,0.0,0.0,0.00,4.0,0.00,0.44,5.0,5.0,2.0,2.0,0.0,1.0,4.0,2.0,2.0,0.0,0.0,0.0,0.0,1.0,1.0,2.0,0.0,0.0,1.0,0.00
595,8484403,Florian Xhekaj,MTL,L,https://assets.nhle.com/mugs/nhl/20262027/MTL/8484403.png,https://assets.nhle.com/logos/nhl/svg/MTL_light.svg,63,florianxhekaj,1.0,8.8,0.0,0.0,0.0,0.0,0.0,-,1.0,0.00,0.14,3.0,1.0,1.0,1.0,0.0,0.0,0.0,0.0,0.0,0.0,0.0,0.0,1.0,0.0,3.0,1.0,0.0,0.0,1.0,0.00
596,8484160,Nate Danielson,DET,C,https://assets.nhle.com/mugs/nhl/20262027/DET/8484160.png,https://assets.nhle.com/logos/nhl/svg/DET_light.svg,29,nathandannyson,3.0,25.866666666667,0.0,1.0,1.0,0.0,1.0,100.00,2.0,0.00,0.38,4.0,3.0,3.0,2.0,1.0,0.0,2.0,1.0,1.0,0.0,0.0,0.0,2.0,0.0,1.0,6.0,0.0,12.0,10.0,54.55
597,8477527,Ross Johnston,STL,L,https://assets.nhle.com/mugs/nhl/20262027/STL/8477527.png,https://assets.nhle.com/logos/nhl/svg/STL_light.svg,49,rossjohnston,2.0,17.233333333333,0.0,0.0,0.0,0.0,0.0,0.00,1.0,0.00,0.43,3.0,2.0,3.0,2.0,0.0,1.0,2.0,1.0,1.0,0.0,0.0,0.0,0.0,0.0,9.0,0.0,3.0,0.0,0.0,-
598,8481043,Cole Koepke,WPG,L,https://assets.nhle.com/mugs/nhl/20262027/WPG/8481043.png,https://assets.nhle.com/logos/nhl/svg/WPG_light.svg,45,colekoepke,1.0,8.4833333333333,0.0,0.0,0.0,0.0,0.0,-,1.0,0.00,0.41,4.0,3.0,2.0,2.0,0.0,2.0,0.0,0.0,0.0,0.0,0.0,0.0,0.0,0.0,0.0,2.0,1.0,0.0,0.0,-
599,8481161,Jake Christiansen,CBJ,D,https://assets.nhle.com/mugs/nhl/20262027/CBJ/8481161.png,https://assets.nhle.com/logos/nhl/svg/CBJ_light.svg,2,jakechristiansen,2.0,16.866666666667,0.0,0.0,0.0,0.0,0.0,-,0.0,-,0.02,2.0,1.0,0.0,0.0,0.0,0.0,0.0,0.0,0.0,0.0,0.0,0.0,3.0,0.0,3.0,6.0,2.0,0.0,0.0,-
600,8479705,Jeffrey Viel,TBL,L,https://assets.nhle.com/mugs/nhl/20262027/TBL/8479705.png,https://assets.nhle.com/logos/nhl/svg/TBL_light.svg,25,jeffreyviel,3.0,25.2,0.0,0.0,0.0,0.0,0.0,-,3.0,0.00,0.58,8.0,5.0,3.0,3.0,0.0,0.0,7.0,2.0,1.0,1.0,0.0,2.0,1.0,0.0,13.0,4.0,1.0,0.0,0.0,-
601,8477903,Garnet Hathaway,FLA,R,https://assets.nhle.com/mugs/nhl/20262027/FLA/8477903.png,https://assets.nhle.com/logos/nhl/svg/FLA_light.svg,21,garnethathaway,3.0,25.166666666667,0.0,0.0,0.0,0.0,0.0,-,1.0,0.00,0.25,4.0,3.0,3.0,2.0,1.0,1.0,4.0,2.0,2.0,0.0,0.0,4.0,1.0,1.0,13.0,2.0,0.0,0.0,0.0,-
602,8479359,Beck Malenstyn,BUF,L,https://assets.nhle.com/mugs/nhl/20262027/BUF/8479359.png,https://assets.nhle.com/logos/nhl/svg/BUF_light.svg,29,beckmalenstyn,3.0,25.166666666667,0.0,0.0,0.0,0.0,0.0,-,1.0,0.00,0.08,2.0,2.0,2.0,0.0,1.0,0.0,0.0,0.0,0.0,0.0,0.0,0.0,1.0,1.0,12.0,1.0,1.0,0.0,0.0,-
603,8479941,Justin Danforth,BUF,R,https://assets.nhle.com/mugs/nhl/20262027/BUF/8479941.png,https://assets.nhle.com/logos/nhl/svg/BUF_light.svg,15,justindanforth,1.0,8.2833333333333,0.0,0.0,0.0,0.0,0.0,-,0.0,-,0.0,0.0,0.0,0.0,0.0,0.0,0.0,0.0,0.0,0.0,0.0,0.0,0.0,0.0,0.0,0.0,0.0,0.0,4.0,3.0,57.14
604,8480870,Bo Groulx,TOR,C,https://assets.nhle.com/mugs/nhl/20262027/TOR/8480870.png,https://assets.nhle.com/logos/nhl/svg/TOR_light.svg,29,bogroulx,3.0,24.7,0.0,0.0,0.0,0.0,0.0,-,2.0,0.00,0.06,3.0,2.0,0.0,0.0,0.0,0.0,0.0,0.0,0.0,0.0,0.0,1.0,1.0,0.0,7.0,4.0,1.0,3.0,2.0,60.00
605,8476393,Nick Cousins,OTT,C,https://assets.nhle.com/mugs/nhl/20262027/OTT/8476393.png,https://assets.nhle.com/logos/nhl/svg/OTT_light.svg,21,nickcousins,3.0,24.35,0.0,1.0,0.0,1.0,1.0,100.00,1.0,0.00,0.06,2.0,1.0,1.0,0.0,0.0,0.0,12.0,2.0,1.0,0.0,1.0,1.0,1.0,0.0,10.0,5.0,2.0,0.0,1.0,0.00
606,8481732,Andre Lee,LAK,L,https://assets.nhle.com/mugs/nhl/20262027/LAK/8481732.png,https://assets.nhle.com/logos/nhl/svg/LAK_light.svg,47,andrelee,1.0,7.9333333333333,0.0,0.0,0.0,0.0,0.0,-,1.0,0.00,0.62,3.0,3.0,3.0,2.0,0.0,1.0,2.0,1.0,1.0,0.0,0.0,0.0,0.0,0.0,1.0,0.0,0.0,0.0,0.0,-
607,8475842,Sam Carrick,BUF,C,https://assets.nhle.com/mugs/nhl/20262027/BUF/8475842.png,https://assets.nhle.com/logos/nhl/svg/BUF_light.svg,10,samcarrick,2.0,15.05,0.0,0.0,0.0,0.0,0.0,-,1.0,0.00,0.05,3.0,3.0,1.0,0.0,0.0,0.0,0.0,0.0,0.0,0.0,0.0,0.0,1.0,0.0,3.0,4.0,0.0,7.0,7.0,50.00
608,8482877,Jaroslav Chmelar,NYR,R,https://assets.nhle.com/mugs/nhl/20262027/NYR/8482877.png,https://assets.nhle.com/logos/nhl/svg/NYR_light.svg,49,jaroslavchmelar,4.0,30.033333333333,0.0,0.0,0.0,0.0,0.0,-,2.0,0.00,0.35,5.0,3.0,5.0,1.0,0.0,0.0,0.0,0.0,0.0,0.0,0.0,2.0,0.0,0.0,9.0,2.0,0.0,0.0,0.0,-
609,8484509,Josh Samanski,EDM,C,https://assets.nhle.com/mugs/nhl/20262027/EDM/8484509.png,https://assets.nhle.com/logos/nhl/svg/EDM_light.svg,81,joshsamanski,2.0,14.983333333333,0.0,0.0,0.0,0.0,0.0,0.00,0.0,-,0.12,1.0,1.0,1.0,0.0,0.0,0.0,0.0,0.0,0.0,0.0,0.0,0.0,1.0,0.0,1.0,2.0,0.0,7.0,7.0,50.00
610,8476278,Colin Blackwell,DAL,C,https://assets.nhle.com/mugs/nhl/20262027/DAL/8476278.png,https://assets.nhle.com/logos/nhl/svg/DAL_light.svg,15,colinblackwell,1.0,7.4833333333333,0.0,0.0,0.0,0.0,0.0,-,0.0,-,0.0,0.0,0.0,0.0,0.0,0.0,0.0,0.0,0.0,0.0,0.0,0.0,0.0,0.0,0.0,1.0,2.0,0.0,0.0,1.0,0.00
611,8482802,Carter Mazur,DET,L,https://assets.nhle.com/mugs/nhl/20262027/DET/8482802.png,https://assets.nhle.com/logos/nhl/svg/DET_light.svg,34,cartermazur,1.0,7.4166666666667,0.0,1.0,0.0,1.0,1.0,100.00,1.0,0.00,0.17,1.0,1.0,1.0,1.0,0.0,0.0,0.0,0.0,0.0,0.0,0.0,0.0,0.0,0.0,1.0,1.0,0.0,0.0,0.0,-
612,8476474,Stefan Noesen,NJD,R,https://assets.nhle.com/mugs/nhl/20262027/NJD/8476474.png,https://assets.nhle.com/logos/nhl/svg/NJD_light.svg,11,stefannoesen,2.0,14.8,0.0,0.0,0.0,0.0,0.0,-,2.0,0.00,0.03,2.0,2.0,1.0,0.0,0.0,0.0,0.0,0.0,0.0,0.0,0.0,0.0,0.0,0.0,4.0,1.0,0.0,0.0,1.0,0.00
613,8482459,Tyrel Bauer,WPG,D,https://assets.nhle.com/mugs/nhl/20262027/WPG/8482459.png,https://assets.nhle.com/logos/nhl/svg/WPG_light.svg,77,tyrelbauer,2.0,14.55,0.0,0.0,0.0,0.0,0.0,-,0.0,-,0.01,1.0,1.0,0.0,0.0,0.0,0.0,14.0,4.0,2.0,2.0,0.0,4.0,0.0,0.0,5.0,4.0,2.0,0.0,0.0,-
614,8477971,Andreas Englund,DET,D,https://assets.nhle.com/mugs/nhl/20262027/DET/8477971.png,https://assets.nhle.com/logos/nhl/svg/DET_light.svg,24,andreasenglund,1.0,7.25,0.0,0.0,0.0,0.0,0.0,-,0.0,-,0.0,1.0,0.0,1.0,0.0,0.0,0.0,0.0,0.0,0.0,0.0,0.0,1.0,1.0,0.0,3.0,0.0,0.0,0.0,0.0,-
615,8475235,Nicolas Deslauriers,CAR,L,https://assets.nhle.com/mugs/nhl/20262027/CAR/8475235.png,https://assets.nhle.com/logos/nhl/svg/CAR_light.svg,44,nicolasdeslauriers,2.0,14.433333333333,0.0,0.0,0.0,0.0,0.0,-,0.0,-,0.0,0.0,0.0,0.0,0.0,0.0,0.0,5.0,1.0,0.0,1.0,0.0,1.0,1.0,0.0,10.0,1.0,0.0,0.0,0.0,-
616,8482726,Samuel Helenius,LAK,C,https://assets.nhle.com/mugs/nhl/20262027/LAK/8482726.png,https://assets.nhle.com/logos/nhl/svg/LAK_light.svg,79,samuelhelenius,1.0,6.9833333333333,0.0,0.0,0.0,0.0,0.0,-,1.0,0.00,0.1,1.0,1.0,1.0,0.0,0.0,0.0,0.0,0.0,0.0,0.0,0.0,0.0,0.0,0.0,3.0,1.0,0.0,1.0,4.0,20.00
617,8482072,Jack Ahcan,NSH,D,https://assets.nhle.com/mugs/nhl/20262027/NSH/8482072.png,https://assets.nhle.com/logos/nhl/svg/NSH_light.svg,47,jackahcan,2.0,13.783333333333,0.0,1.0,1.0,0.0,1.0,50.00,0.0,-,0.01,3.0,1.0,1.0,0.0,0.0,1.0,0.0,0.0,0.0,0.0,0.0,1.0,0.0,0.0,2.0,3.0,1.0,0.0,0.0,-
618,8480876,Curtis Douglas,SEA,C,https://assets.nhle.com/mugs/nhl/20262027/SEA/8480876.png,https://assets.nhle.com/logos/nhl/svg/SEA_light.svg,42,curtisdouglas,2.0,13.733333333333,0.0,0.0,0.0,0.0,0.0,-,1.0,0.00,0.16,2.0,1.0,1.0,1.0,0.0,0.0,0.0,0.0,0.0,0.0,0.0,0.0,0.0,0.0,9.0,1.0,2.0,0.0,0.0,-
619,8478147,Bokondji Imama,FLA,L,https://assets.nhle.com/mugs/nhl/20262027/FLA/8478147.png,https://assets.nhle.com/logos/nhl/svg/FLA_light.svg,14,bokondjiimama,3.0,19.066666666667,0.0,0.0,0.0,0.0,0.0,-,0.0,-,0.0,0.0,0.0,0.0,0.0,0.0,0.0,7.0,2.0,1.0,1.0,0.0,1.0,1.0,0.0,12.0,1.0,1.0,0.0,1.0,0.00
620,8479772,Zack MacEwen,TOR,R,https://assets.nhle.com/mugs/nhl/20262027/TOR/8479772.png,https://assets.nhle.com/logos/nhl/svg/TOR_light.svg,19,zackmacewen,1.0,5.4166666666667,0.0,0.0,0.0,0.0,0.0,-,0.0,-,0.0,0.0,0.0,0.0,0.0,0.0,0.0,0.0,0.0,0.0,0.0,0.0,0.0,0.0,0.0,0.0,1.0,0.0,0.0,0.0,-
621,8478233,Andrew Mangiapane,CHI,L,https://assets.nhle.com/mugs/nhl/20262027/CHI/8478233.png,https://assets.nhle.com/logos/nhl/svg/CHI_light.svg,26,andrewmangiapane,1.0,5.3833333333333,0.0,0.0,0.0,0.0,0.0,-,1.0,0.00,0.13,2.0,2.0,2.0,1.0,0.0,0.0,2.0,1.0,1.0,0.0,0.0,0.0,1.0,0.0,1.0,1.0,0.0,0.0,0.0,-
622,8478173,Hayden Hodgson,OTT,R,https://assets.nhle.com/mugs/nhl/20262027/OTT/8478173.png,https://assets.nhle.com/logos/nhl/svg/OTT_light.svg,42,haydenhodgson,2.0,10.75,0.0,0.0,0.0,0.0,0.0,-,0.0,-,0.1,2.0,2.0,1.0,0.0,0.0,1.0,2.0,1.0,1.0,0.0,0.0,0.0,0.0,0.0,7.0,7.0,0.0,0.0,0.0,-
623,8480281,Alexey Toropchenko,STL,R,https://assets.nhle.com/mugs/nhl/20262027/STL/8480281.png,https://assets.nhle.com/logos/nhl/svg/STL_light.svg,13,alexeitoropchenko,1.0,5.1333333333333,0.0,0.0,0.0,0.0,0.0,-,0.0,-,0.0,1.0,0.0,0.0,0.0,0.0,0.0,0.0,0.0,0.0,0.0,0.0,0.0,0.0,0.0,1.0,2.0,0.0,0.0,0.0,-
624,8482105,Jake Sanderson,OTT,D,https://assets.nhle.com/mugs/nhl/20262027/OTT/8482105.png,https://assets.nhle.com/logos/nhl/svg/OTT_light.svg,85,jakesanderson,1.0,4.4833333333333,0.0,0.0,0.0,0.0,0.0,-,0.0,-,0.0,0.0,0.0,0.0,0.0,0.0,0.0,0.0,0.0,0.0,0.0,0.0,0.0,0.0,0.0,1.0,1.0,1.0,0.0,0.0,-
625,,,,,,,,fredericgaudreau,3.0,42.416666666667,1.0,0.0,0.0,0.0,1.0,100.00,5.0,20.00,0.44,8.0,8.0,2.0,1.0,0.0,0.0,0.0,0.0,0.0,0.0,0.0,0.0,1.0,0.0,1.0,2.0,3.0,20.0,17.0,54.05
