{
    "startTimestamp": 1741237681.557504,
    "endTimestamp": 1741237801.629121,
    "engineRunTime": 120.07161712646484,
    "projectionYear": 2025,
    "monteCarloSimulations": 2467
}