{
    "startTimestamp": 1733156145.055456,
    "endTimestamp": 1733156171.818316,
    "engineRunTime": 26.76286005973816,
    "projectionYear": 2025,
    "monteCarloSimulations": 10000
}