{
    "startTimestamp": 1735062829.442302,
    "endTimestamp": 1735607739.355051,
    "engineRunTime": 158.29337406158447,
    "projectionYear": 2025,
    "monteCarloSimulations": 10000
}