{
    "startTimestamp": 1736735977.469575,
    "endTimestamp": 1736736020.8587751,
    "engineRunTime": 43.38920021057129,
    "projectionYear": 2025,
    "monteCarloSimulations": 742
}