{
    "startTimestamp": 1735062829.442302,
    "endTimestamp": 1735544107.0952399,
    "engineRunTime": 132.59538578987122,
    "projectionYear": 2025,
    "monteCarloSimulations": 10000
}