{
    "startTimestamp": 1729627197.3195672,
    "endTimestamp": 1729627223.07434,
    "engineRunTime": 25.754772901535034,
    "projectionYear": 2025,
    "monteCarloSimulations": 10000
}