{
    "startTimestamp": 1742267137.7033489,
    "endTimestamp": 1742267242.9602811,
    "engineRunTime": 105.25693321228027,
    "projectionYear": 2025,
    "monteCarloSimulations": 2467
}