{
    "startTimestamp": 1741663107.499876,
    "endTimestamp": 1741666108.539768,
    "engineRunTime": 90.87996315956116,
    "projectionYear": 2025,
    "monteCarloSimulations": 2467
}