{
    "startTimestamp": 1730172874.4359648,
    "endTimestamp": 1730172902.650938,
    "engineRunTime": 28.214973211288452,
    "projectionYear": 2025,
    "monteCarloSimulations": 10000
}