{
    "startTimestamp": 1743395670.0164301,
    "endTimestamp": 1743395773.333313,
    "engineRunTime": 103.31688284873962,
    "projectionYear": 2025,
    "monteCarloSimulations": 2473
}