{
    "startTimestamp": 1761794557.509821,
    "endTimestamp": 1761794704.72415,
    "engineRunTime": 147.21432900428772,
    "projectionYear": 2026,
    "monteCarloSimulations": 2467
}