{
    "startTimestamp": 1770658568.2878652,
    "endTimestamp": 1770658947.0393732,
    "engineRunTime": 378.7515079975128,
    "projectionYear": 2026,
    "monteCarloSimulations": 5467
}