{
    "startTimestamp": 1736736540.220806,
    "endTimestamp": 1736737349.2482219,
    "engineRunTime": 809.0274159908295,
    "projectionYear": 2025,
    "monteCarloSimulations": 10000
}