{
    "startTimestamp": 1776290127.4924512,
    "endTimestamp": 1776290525.106705,
    "engineRunTime": 397.61425375938416,
    "projectionYear": 2026,
    "monteCarloSimulations": 5467
}