{
    "startTimestamp": 1742569729.707052,
    "endTimestamp": 1742569784.100437,
    "engineRunTime": 54.39338493347168,
    "projectionYear": 2025,
    "monteCarloSimulations": 867
}