{
    "startTimestamp": 1742357181.029835,
    "endTimestamp": 1742357287.399584,
    "engineRunTime": 106.36974906921387,
    "projectionYear": 2025,
    "monteCarloSimulations": 2467
}