{
    "startTimestamp": 1730330901.9139771,
    "endTimestamp": 1730330927.894031,
    "engineRunTime": 25.9800546169281,
    "projectionYear": 2025,
    "monteCarloSimulations": 10000
}