{
    "startTimestamp": 1769470956.76087,
    "endTimestamp": 1769471335.9955351,
    "engineRunTime": 379.23466515541077,
    "projectionYear": 2026,
    "monteCarloSimulations": 5467
}