{
    "startTimestamp": 1742183707.725162,
    "endTimestamp": 1742183745.978314,
    "engineRunTime": 38.25315189361572,
    "projectionYear": 2025,
    "monteCarloSimulations": 877
}