{
    "startTimestamp": 1729116968.114967,
    "endTimestamp": 1729116992.631328,
    "engineRunTime": 24.516360998153687,
    "projectionYear": 2025,
    "monteCarloSimulations": 10000
}