{
    "startTimestamp": 1737509722.049952,
    "endTimestamp": 1737510171.006915,
    "engineRunTime": 448.9569630622864,
    "projectionYear": 2025,
    "monteCarloSimulations": 10000
}