{
    "startTimestamp": 1738527253.0363038,
    "endTimestamp": 1738527300.249898,
    "engineRunTime": 47.21359419822693,
    "projectionYear": 2025,
    "monteCarloSimulations": 1057
}