{
    "startTimestamp": 1732384503.643753,
    "endTimestamp": 1732384530.187466,
    "engineRunTime": 26.543712854385376,
    "projectionYear": 2025,
    "monteCarloSimulations": 10000
}