{
    "startTimestamp": 1731516928.7478669,
    "endTimestamp": 1731516955.8013198,
    "engineRunTime": 27.053452968597412,
    "projectionYear": 2025,
    "monteCarloSimulations": 10000
}