{
    "startTimestamp": 1734189569.969174,
    "endTimestamp": 1734189597.9601312,
    "engineRunTime": 27.990958213806152,
    "projectionYear": 2025,
    "monteCarloSimulations": 10000
}