{
    "startTimestamp": 1736270425.016685,
    "endTimestamp": 1736270910.4342241,
    "engineRunTime": 485.41753911972046,
    "projectionYear": 2025,
    "monteCarloSimulations": 10000
}