{
    "startTimestamp": 1740939599.819839,
    "endTimestamp": 1740945450.35711,
    "engineRunTime": 5850.537271022797,
    "projectionYear": 2025,
    "monteCarloSimulations": 27827
}