{
    "startTimestamp": 1744407807.197362,
    "endTimestamp": 1744407905.940963,
    "engineRunTime": 98.7436010837555,
    "projectionYear": 2025,
    "monteCarloSimulations": 2473
}