{
    "startTimestamp": 1775280406.7098188,
    "endTimestamp": 1775280856.807404,
    "engineRunTime": 450.0975852012634,
    "projectionYear": 2026,
    "monteCarloSimulations": 5467
}