{
    "startTimestamp": 1735062829.442302,
    "endTimestamp": 1735062856.8692129,
    "engineRunTime": 27.426910877227783,
    "projectionYear": 2025,
    "monteCarloSimulations": 10000
}