{
    "startTimestamp": 1767075088.1392121,
    "endTimestamp": 1767075276.488822,
    "engineRunTime": 188.34961080551147,
    "projectionYear": 2026,
    "monteCarloSimulations": 2467
}