{
    "startTimestamp": 1744142370.052929,
    "endTimestamp": 1744142468.3346581,
    "engineRunTime": 98.281729221344,
    "projectionYear": 2025,
    "monteCarloSimulations": 2473
}