{
    "startTimestamp": 1742454764.0583081,
    "endTimestamp": 1742454878.50491,
    "engineRunTime": 114.44660186767578,
    "projectionYear": 2025,
    "monteCarloSimulations": 867
}