{
    "startTimestamp": 1735405505.624643,
    "endTimestamp": 1735405533.9084249,
    "engineRunTime": 28.283782958984375,
    "projectionYear": 2025,
    "monteCarloSimulations": 10000
}