{
    "startTimestamp": 1735620171.066463,
    "endTimestamp": 1735620653.866976,
    "engineRunTime": 482.8005130290985,
    "projectionYear": 2025,
    "monteCarloSimulations": 10000
}