{
    "startTimestamp": 1769306599.77406,
    "endTimestamp": 1769307011.303471,
    "engineRunTime": 411.5294110774994,
    "projectionYear": 2026,
    "monteCarloSimulations": 5467
}