{
    "startTimestamp": 1742930514.785561,
    "endTimestamp": 1742935056.9940228,
    "engineRunTime": 4542.208461761475,
    "projectionYear": 2025,
    "monteCarloSimulations": 10000
}