{
    "startTimestamp": 1735545718.899234,
    "endTimestamp": 1735545753.1096509,
    "engineRunTime": 34.21041798591614,
    "projectionYear": 2025,
    "monteCarloSimulations": 10000
}