{
    "startTimestamp": 1738525198.515535,
    "endTimestamp": 1738525248.057504,
    "engineRunTime": 49.54196882247925,
    "projectionYear": 2025,
    "monteCarloSimulations": 1057
}