{
    "startTimestamp": 1769920844.647691,
    "endTimestamp": 1769921236.776567,
    "engineRunTime": 392.12887597084045,
    "projectionYear": 2026,
    "monteCarloSimulations": 5467
}