{
    "startTimestamp": 1744493365.580352,
    "endTimestamp": 1744493453.65429,
    "engineRunTime": 88.07393789291382,
    "projectionYear": 2025,
    "monteCarloSimulations": 2473
}