{
    "startTimestamp": 1730469283.1508648,
    "endTimestamp": 1730469307.992788,
    "engineRunTime": 24.841923236846924,
    "projectionYear": 2025,
    "monteCarloSimulations": 10000
}