{
    "startTimestamp": 1734760702.483593,
    "endTimestamp": 1734760757.098301,
    "engineRunTime": 54.614707946777344,
    "projectionYear": 2025,
    "monteCarloSimulations": 10000
}