{
    "startTimestamp": 1772473643.0769641,
    "endTimestamp": 1772474026.8805609,
    "engineRunTime": 383.8035967350006,
    "projectionYear": 2026,
    "monteCarloSimulations": 5467
}