{
    "startTimestamp": 1740364382.669396,
    "endTimestamp": 1740364864.006613,
    "engineRunTime": 481.33721709251404,
    "projectionYear": 2025,
    "monteCarloSimulations": 10000
}