{
    "startTimestamp": 1729865581.9172878,
    "endTimestamp": 1729865608.719327,
    "engineRunTime": 26.80203914642334,
    "projectionYear": 2025,
    "monteCarloSimulations": 10000
}