{
    "startTimestamp": 1739212150.384445,
    "endTimestamp": 1739212578.0502222,
    "engineRunTime": 427.6657772064209,
    "projectionYear": 2025,
    "monteCarloSimulations": 10000
}