{
    "startTimestamp": 1766557656.7251992,
    "endTimestamp": 1766557822.691964,
    "engineRunTime": 165.96676468849182,
    "projectionYear": 2026,
    "monteCarloSimulations": 2467
}