{
    "startTimestamp": 1773359413.229053,
    "endTimestamp": 1773359820.489812,
    "engineRunTime": 407.26075887680054,
    "projectionYear": 2026,
    "monteCarloSimulations": 5467
}