{
    "startTimestamp": 1737419324.3320441,
    "endTimestamp": 1737419775.6233191,
    "engineRunTime": 451.29127502441406,
    "projectionYear": 2025,
    "monteCarloSimulations": 10000
}