{
    "startTimestamp": 1767567023.6584342,
    "endTimestamp": 1767567421.8217402,
    "engineRunTime": 398.1633059978485,
    "projectionYear": 2026,
    "monteCarloSimulations": 5467
}