{
    "startTimestamp": 1735062829.442302,
    "endTimestamp": 1735619863.567061,
    "engineRunTime": 40.56207799911499,
    "projectionYear": 2025,
    "monteCarloSimulations": 10000
}