{
    "startTimestamp": 1774671079.488863,
    "endTimestamp": 1774671454.752118,
    "engineRunTime": 375.26325511932373,
    "projectionYear": 2026,
    "monteCarloSimulations": 5467
}