{
    "startTimestamp": 1730870752.8894541,
    "endTimestamp": 1730870779.918926,
    "engineRunTime": 27.02947187423706,
    "projectionYear": 2025,
    "monteCarloSimulations": 10000
}