{
    "startTimestamp": 1729005854.64743,
    "endTimestamp": 1729005882.912603,
    "engineRunTime": 28.265172958374023,
    "projectionYear": 2025,
    "monteCarloSimulations": 10000
}