{
    "startTimestamp": 1727961613.327512,
    "endTimestamp": 1727961635.926049,
    "engineRunTime": 22.5985369682312,
    "projectionYear": 2025,
    "monteCarloSimulations": 10000
}