{
    "startTimestamp": 1726967387.417829,
    "endTimestamp": 1726967409.025546,
    "engineRunTime": 21.607717037200928,
    "projectionYear": 2025,
    "monteCarloSimulations": 10000
}