{
    "startTimestamp": 1726598919.937214,
    "endTimestamp": 1726598940.913026,
    "engineRunTime": 20.975812196731567,
    "projectionYear": 2025,
    "monteCarloSimulations": 1
}