{
    "startTimestamp": 1726259726.343434,
    "endTimestamp": 1726259746.814062,
    "engineRunTime": 20.470628023147583,
    "projectionYear": 2025,
    "monteCarloSimulations": 1
}