{
    "startTimestamp": 1726338112.8244638,
    "endTimestamp": 1726338134.054573,
    "engineRunTime": 21.230109214782715,
    "projectionYear": 2025,
    "monteCarloSimulations": 1
}