Label,Coefficient
Y-3 ATOI,0.09900605371024024
Y-2 ATOI,0.10508339237303531
Y-1 ATOI,0.7436128206480705
Y-0 Age,-0.1324005417407885
Y-0 Age^2,0.00022127420724096455
Y-0 Age^3,-1.2464841399273901e-06
Intercept,4.513315968352938
