Label,Coefficient
Y-3 ATOI,0.09150073650507429
Y-2 ATOI,0.09505896045270969
Y-1 ATOI,0.7492118103852062
Y-0 Age,-0.17895162214318044
Y-0 Age^2,0.0019382125463469789
Y-0 Age^3,-2.6103544662654595e-05
Intercept,5.2425564849705975
