{
  "ev_atoi": {
    "n_boots": 500,
    "mean_stdev": 1.3301877975463867,
    "residual_var": 2.0249590374597344,
    "mean_ens_var": 0.0041506048291921616
  },
  "pp_atoi": {
    "n_boots": 500,
    "mean_stdev": 0.5388739705085754,
    "residual_var": 0.3507484657193112,
    "mean_ens_var": 0.0007335791015066206
  },
  "pk_atoi": {
    "n_boots": 500,
    "mean_stdev": 0.5387542843818665,
    "residual_var": 0.3238613702528171,
    "mean_ens_var": 0.0005342718213796616
  },
  "gp_rate": {
    "n_boots": 500,
    "mean_stdev": 0.20005877315998077,
    "residual_var": 0.04547556041282412,
    "mean_ens_var": 5.896835500607267e-05
  },
  "evg60": {
    "n_boots": 500,
    "mean_stdev": 0.20156238973140717,
    "residual_var": 0.06026459295671167,
    "mean_ens_var": 0.00027416396187618375
  },
  "eva60": {
    "n_boots": 500,
    "mean_stdev": 0.27374202013015747,
    "residual_var": 0.09452257391130876,
    "mean_ens_var": 0.0003158985637128353
  },
  "ppg60": {
    "n_boots": 500,
    "mean_stdev": 0.5641834735870361,
    "residual_var": 0.8512381607560988,
    "mean_ens_var": 0.015467970632016659
  },
  "ppa60": {
    "n_boots": 500,
    "mean_stdev": 0.9693807363510132,
    "residual_var": 1.7189399781041763,
    "mean_ens_var": 0.015016249381005764
  }
}