{"ATOI": 2.872585288920515, "GP": 199.17932780470426, "Gper1kChunk": 3.8414989972708526, "A1per1kChunk": null, "A2per1kChunk": null}