,PlayerID,Player,Position,Team,Age,Games Played,Goals,Assists,TOI,Points,ArtRoss,Rocket,Goals_90PI_low,Goals_90PI_high,Assists_90PI_low,Assists_90PI_high,Points_90PI_low,Points_90PI_high,P_10G,P_20G,P_30G,P_40G,P_50G,P_60G,P_25A,P_50A,P_75A,P_100A,P_50P,P_75P,P_100P,P_125P,P_150P
0,8478402,Connor McDavid,C,EDM,29,82.86639689761479,43.02908007300235,108.545957557988,1892.1388095757577,151.57503763099035,0.7550759100054875,0.08011706603255898,32.30636306586865,53.33825208678705,85.42252509787276,129.41676269161835,124.27788782623006,175.96344901828743,1.0,1.0,0.9818913480885312,0.6749588439729285,0.14322297420888971,0.006402048655569782,1.0,1.0,0.996524602158405,0.7047740991402963,1.0,1.0,0.9998170843241265,0.9482348637278215,0.49149442107188585
1,8476453,Nikita Kucherov,R,TBL,33,82.86540078939068,38.04112142476071,92.67691854615175,1717.4251984712823,130.71803997091246,0.13736967258094018,0.01243826595939272,28.22981760718318,47.05263462461058,71.75968207115673,111.88712100017842,105.38905891410342,153.5442418944112,1.0,0.9992683372965063,0.9200658496433144,0.3607097128223889,0.019206145966709345,0.0007316627034936894,1.0,1.0,0.9147612950429852,0.24821657216023413,1.0,1.0,0.9817084324126578,0.6118529357965977,0.0777391622462045
2,8477492,Nathan MacKinnon,C,COL,31,82.85038411237498,43.00818040112522,83.2484174949888,1838.3674160740836,126.25659789611402,0.0925553319919517,0.1031644411926102,30.933430328381366,54.493015701700465,63.272890555450196,101.60890612899458,100.82378675752877,149.50520437073186,1.0,0.9990854216206329,0.968355588073898,0.6519114688128773,0.16425827693433329,0.011523687580025609,1.0,0.9979879275653923,0.7497713554051583,0.07042253521126761,1.0,1.0,0.9615877080665813,0.5021035302725444,0.050118895189317725
3,8477934,Leon Draisaitl,C,EDM,31,82.4643906103029,45.78072462598679,67.73165259467636,1774.4528433122762,113.51237722066315,0.012255350283519298,0.18547649533565028,33.68885822071641,57.34953446004336,52.45398696818974,82.4396349131864,93.08716135688574,132.82549509654703,1.0,0.9998170843241265,0.9877446497164807,0.7925736235595391,0.27345893543076644,0.02725443570513993,1.0,0.9747576367294677,0.20651179806109385,0.0003658313517468447,1.0,0.9994512529723797,0.8571428571428571,0.16096579476861167,0.0012804097311139564
4,8477956,David Pastrnak,R,BOS,30,82.8754644155939,30.279197650215536,67.93240158281519,1701.177057695288,98.21159923303073,0.0003658313517468447,0.0003658313517468447,19.971720258889857,39.8827416700281,52.091191073383264,82.41446559340896,78.43118957287072,116.29243211625082,0.9998170843241265,0.9592098042802268,0.5216755075910006,0.058167184927748306,0.0007316627034936894,0.0,1.0,0.974025974025974,0.21821840131699285,0.0,1.0,0.9778672032193159,0.4155844155844156,0.009877446497164807,0.0
5,8481559,Jack Hughes,C,NJD,25,79.99939039892033,35.82742350035206,60.55124582504933,1709.6164126318413,96.37866932540139,0.0003658313517468447,0.004389976220962136,26.859693983697664,45.13212716849053,47.30373396898583,74.6004568190714,79.3431728590238,113.71949788852949,1.0,0.998719590268886,0.8708615328333639,0.24839948783610755,0.007316627034936894,0.0,1.0,0.9100054874702762,0.05103347356868484,0.00018291567587342235,1.0,0.983537589171392,0.3731479787817816,0.0053045546003292485,0.0
6,8480018,Nick Suzuki,C,MTL,27,82.85940599489415,31.312056990967427,64.45483391276414,1722.7768276726406,95.76689090373156,0.0,0.00018291567587342235,22.830872271961905,39.38908021022738,49.79813861398465,78.43908340170495,77.58285531516131,112.38593734646183,1.0,0.9899396378269618,0.619352478507408,0.047923907078836654,0.0,0.0,1.0,0.9533565026522773,0.10938357417230657,0.0,1.0,0.9738430583501007,0.32119992683372967,0.00310956648984818,0.0
7,8480800,Quinn Hughes,D,MIN,27,82.86639689761479,16.602232727592792,78.21912508997154,2252.5915670649397,94.82135781756433,0.0014633254069873788,0.0,8.991980105471056,24.180662204475944,58.05641039679189,98.14669487441704,72.1104749995348,116.68420308624093,0.9383574172306567,0.24949698189134809,0.0038412291933418692,0.0,0.0,0.0,1.0,0.9912200475580757,0.5774647887323944,0.04079019571977319,0.9998170843241265,0.9279312237058716,0.33254069873788183,0.014450338394000365,0.00018291567587342235
8,8483445,Cutter Gauthier,L,ANA,22,82.7252825434141,32.9653669924923,61.42849102257512,1400.3283594394634,94.39385801506742,0.00018291567587342235,0.004207060545088714,21.912763075660525,43.76737098149144,48.5719587873288,73.8233653485909,74.95933037037119,112.54056563446017,0.9996341686482532,0.9804280226815438,0.672580940186574,0.14871044448509238,0.008048289738430584,0.0,1.0,0.9312237058715932,0.043351015182001094,0.0,1.0,0.9544539967075178,0.284982623010792,0.0038412291933418692,0.0
9,8478864,Kirill Kaprizov,L,MIN,29,81.4201471725652,45.959641418448584,48.340455215036755,1798.8986863936627,94.30009663348534,0.0003658313517468447,0.20358514724711907,34.043215584080905,57.783929028740936,36.29894138174304,60.87624088423518,76.20933645841737,112.56310641870503,1.0,1.0,0.989573806475215,0.8040973111395646,0.2965063105908176,0.028351929760380465,0.9998170843241265,0.4293030912749223,0.00018291567587342235,0.0,1.0,0.9628681177976952,0.31296872141942567,0.004938723248582404,0.0
10,8478403,Jack Eichel,C,VGK,30,82.50755575823008,28.757167264435996,64.53936430184541,1732.5327433853345,93.2965315662814,0.0,0.0,19.412438676085575,37.67762091593019,49.78449341968623,78.83448678044387,75.02131144424351,110.64596436697526,1.0,0.9478690323760747,0.42509603072983354,0.02487653191878544,0.0,0.0,1.0,0.954088165355771,0.1210901774282056,0.0,1.0,0.956283153466252,0.25571611487104445,0.0016462410828608012,0.0
11,8480803,Evan Bouchard,D,EDM,27,82.86265853592955,24.21480495632671,68.06976394123987,2028.496479392356,92.28456889756657,0.0,0.0,16.6919269947304,31.524339722048833,50.40484222051021,84.8202813720786,71.91377137709291,110.77472037347609,0.9998170843241265,0.8404975306383757,0.11139564660691421,0.00018291567587342235,0.0,0.0,1.0,0.957563563197366,0.23870495701481617,0.002012072434607646,0.9996341686482532,0.923358331809036,0.23998536674593013,0.003658313517468447,0.0
12,8479318,Auston Matthews,C,TOR,29,82.24928265867025,44.2141717452102,47.85364653923891,1722.634147576615,92.06781828444912,0.0,0.16425827693433329,30.647337993997237,57.253108000885845,37.69053197525921,57.99131081257661,74.3563969352592,109.43486865873696,1.0,0.9989025059447595,0.9634168648253155,0.7069690872507773,0.24346076458752516,0.029998170843241266,1.0,0.37424547283702214,0.0,0.0,1.0,0.9478690323760747,0.21657216023413206,0.0016462410828608012,0.0
13,8484801,Macklin Celebrini,C,SJS,20,81.78703156715666,29.03166226442821,62.94882589110804,1734.7269199855575,91.98048815553625,0.0,0.0003658313517468447,19.354334526447882,38.45615796621568,47.63920073739238,77.65966902590526,72.1706751385934,110.33783811325841,0.9998170843241265,0.9478690323760747,0.4461313334552771,0.034753978415950244,0.0003658313517468447,0.0,1.0,0.9178708615328334,0.0925553319919517,0.0,1.0,0.9253704042436437,0.22644960673129688,0.00310956648984818,0.0
14,8478420,Mikko Rantanen,R,DAL,30,82.79022041371154,30.14686291050182,61.705450884044936,1710.4949267659379,91.85231379454676,0.0,0.0,21.538533945372976,38.48240622154633,47.69769881826515,75.0997183706749,74.36447957167813,108.10617778604882,1.0,0.982257179440278,0.5110663983903421,0.034022315712456556,0.0,0.0,1.0,0.9218950064020487,0.0572526065483812,0.0,1.0,0.9491494421071885,0.19608560453630877,0.0009145783793671117,0.0
15,8479343,Clayton Keller,R,UTA,28,82.86753578361211,27.774255434491046,62.66723188314962,1574.5227164798514,90.44148731764066,0.0,0.0,20.141622801419818,34.83773806663742,49.55808270470617,75.00399210603075,74.57298712669959,105.44691089703423,1.0,0.96579476861167,0.32943113224803366,0.002560819462227913,0.0,0.0,1.0,0.9509785988659228,0.0548747027620267,0.0,1.0,0.9513444302176697,0.14450338394000367,0.0,0.0
16,8480069,Cale Makar,D,COL,28,82.8505110757823,22.51711522333396,67.62360698100129,2047.2957329218,90.14072220433525,0.0,0.0,14.404705994413726,30.462430374408726,50.987895052590126,82.97012690278174,70.69774826509064,107.88898474223674,0.9954271081031645,0.7168465337479422,0.07280043899762209,0.0003658313517468447,0.0,0.0,1.0,0.9656118529357965,0.20907261752332174,0.0009145783793671117,0.9998170843241265,0.9025059447594659,0.181452350466435,0.0012804097311139564,0.0
17,8480039,Martin Necas,C,COL,27,82.83718365756425,32.656769162332246,57.22944008954896,1721.3207623607773,89.88620925188121,0.0,0.0007316627034936894,24.003585896230824,40.85331517669362,43.68506815608765,69.61335986363851,72.13686483618898,105.59986057422,1.0,0.9957929394549113,0.7084324126577648,0.08212913846716664,0.0014633254069873788,0.0,1.0,0.8062922992500458,0.014267422718126943,0.0,1.0,0.919882933967441,0.14560087799524418,0.000548747027620267,0.0
18,8477939,William Nylander,R,TOR,30,82.86454836279732,35.625192658049606,53.92784518452734,1620.0122407278714,89.55303784257694,0.0,0.0053045546003292485,25.81107483547189,45.16661113949478,39.96082724183238,67.62232440089967,71.92438623479967,106.76920927985843,1.0,0.997805011889519,0.8361075544174136,0.2462044997256265,0.008231205414304006,0.0,0.9998170843241265,0.6866654472288275,0.008048289738430584,0.0,1.0,0.9171391988293397,0.15529540881653559,0.000548747027620267,0.0
19,8478398,Kyle Connor,L,WPG,30,82.84833434056499,40.53123739811791,48.325932532610494,1759.222533930309,88.8571699307284,0.0,0.02560819462227913,30.661433140149505,49.377994285899696,36.022317479758414,59.8377514103314,72.1324466634247,103.78118036048829,1.0,1.0,0.970550576184379,0.5315529540881654,0.04865556978233035,0.0003658313517468447,0.9992683372965063,0.40040241448692154,0.00018291567587342235,0.0,1.0,0.9189683555880739,0.11761477958661057,0.00018291567587342235,0.0
20,8480027,Jason Robertson,L,DAL,27,82.85438649127805,38.9053566790744,48.800211626333855,1634.0780946594605,87.70556830540826,0.0,0.017011157856228278,29.392093529816442,48.28561448789048,36.48891270109508,60.55426831422991,70.98994852306042,103.83064447631084,1.0,1.0,0.9476861167002012,0.42985183830254253,0.030546917870861532,0.00018291567587342235,0.9989025059447595,0.4320468264130236,0.000548747027620267,0.0,0.9998170843241265,0.8933601609657947,0.10590817633071155,0.0003658313517468447,0.0
21,8478427,Sebastian Aho,C,CAR,29,82.85855020055787,33.29462708319691,53.61215244271807,1633.5606911124075,86.90677952591497,0.0,0.000548747027620267,25.433770571814264,40.4422199957161,40.92862338026526,64.78715783644853,71.12642721880671,100.60513851018153,1.0,0.9979879275653923,0.7684287543442473,0.07353210170111578,0.0007316627034936894,0.0,1.0,0.6720321931589537,0.0018291567587342234,0.0,1.0,0.8942747393451619,0.06182549844521675,0.0,0.0
22,8478483,Mitch Marner,R,VGK,29,82.84934521620964,24.63173204308673,61.78907944243348,1685.7158168463543,86.4208114855202,0.0,0.0,17.791370135976788,31.44847034389224,47.25190618293619,75.22059424277018,69.383789761903,101.92678371032383,0.9996341686482532,0.8853118712273642,0.11194439363453448,0.000548747027620267,0.0,0.0,1.0,0.9158587890982257,0.06017925736235595,0.0,1.0,0.8688494603987562,0.08066581306017925,0.0,0.0
23,8482116,Tim Stützle,C,OTT,24,82.83919698485907,30.887878799948425,54.172423936579484,1685.482011887288,85.06030273652792,0.0,0.0,23.174906945418094,38.509857776658926,41.69573234086019,66.69461019134808,69.86637396492578,99.82058270762434,1.0,0.9934150356685568,0.580757270898116,0.03255899030546918,0.0,0.0,1.0,0.7170294494238156,0.004572891896835559,0.0,1.0,0.8597036766050851,0.05304554600329248,0.0,0.0
24,8478550,Artemi Panarin,L,LAK,35,82.83309200435104,31.664575416154577,53.06189606794033,1711.1162556013855,84.7264714840949,0.0,0.00018291567587342235,21.681073021346332,41.04493785549171,38.30832310186971,67.09763062037706,65.81089334141582,102.46186670195375,1.0,0.9789646972745565,0.6120358514724712,0.08542162063288823,0.0016462410828608012,0.0,0.9996341686482532,0.6407536125845985,0.007316627034936894,0.0,0.9996341686482532,0.7912932138284251,0.08340954819828059,0.00018291567587342235,0.0
25,8479542,Brandon Hagel,L,TBL,28,82.84630996277069,34.30105656987637,50.09271797942915,1658.0891020176869,84.39377454930553,0.0,0.002194988110481068,24.92723932115688,43.23964289474306,37.2831693949337,62.47550713731678,67.52340248921294,99.98392639298049,1.0,0.9967075178342784,0.7836107554417413,0.16078287909273825,0.0053045546003292485,0.0,0.9994512529723797,0.49899396378269617,0.0003658313517468447,0.0,1.0,0.8256813608926284,0.0572526065483812,0.00018291567587342235,0.0
26,8477404,Jake Guentzel,C,TBL,32,82.84326681877826,35.26488323117091,48.59841168159453,1679.1661797397385,83.86329491276544,0.0,0.005853301627949515,23.93630627900657,45.79328570378374,36.21359414271228,60.43539117257039,66.73589277823712,100.12860291375428,1.0,0.9906713005304555,0.7872690689592098,0.23852204133894275,0.01316992866288641,0.0,1.0,0.4234497896469727,0.000548747027620267,0.0,0.9994512529723797,0.7949515273458936,0.0548747027620267,0.00018291567587342235,0.0
27,8476887,Filip Forsberg,L,NSH,32,82.83817732349048,34.97132691157135,47.38570014307776,1572.2351487467504,82.35702705464911,0.0,0.006767880007316627,23.934035549140926,45.3813905841665,36.4398815873474,56.80358405071355,65.88362884016102,96.56754184150329,1.0,0.9919517102615694,0.7819645143588806,0.21090177428205598,0.011523687580025609,0.00018291567587342235,1.0,0.3334552771172489,0.0,0.0,1.0,0.7686116700201208,0.026156941649899398,0.0,0.0
28,8482740,Wyatt Johnston,C,DAL,23,82.84225068055308,38.45211616821445,43.2204828650198,1638.7142681443902,81.67259903323425,0.0,0.022498628132430948,27.429720400093483,48.88465035249684,33.150221306148254,52.98301793978061,66.18962209403463,96.81051238076164,1.0,0.9990854216206329,0.9087250777391622,0.41448692152917505,0.04060728004389976,0.000548747027620267,0.9994512529723797,0.14121090177428205,0.0,0.0,1.0,0.7532467532467533,0.02725443570513993,0.0,0.0
29,8479337,Alex DeBrincat,R,DET,29,82.83613535210534,38.803586794426984,42.264316711714024,1534.203742332482,81.06790350614101,0.0,0.022498628132430948,28.603864049649307,48.9140126290848,32.5662863349986,51.62302467365382,65.77396674149956,95.24955442385502,1.0,0.9998170843241265,0.9330528626303274,0.42765685019206146,0.043168099506127676,0.00018291567587342235,0.9994512529723797,0.09804280226815439,0.0,0.0,1.0,0.7415401499908543,0.018108651911468814,0.0,0.0
30,8471675,Sidney Crosby,C,PIT,39,82.83511304060569,30.86100353888479,49.2931931836761,1610.2590913602642,80.1541967225609,0.0,0.0016462410828608012,20.457385942572923,41.562681995628395,35.63822291565129,62.570592893563614,61.772600124389456,98.14331603334098,1.0,0.9634168648253155,0.5637461130418877,0.08578745198463508,0.002194988110481068,0.0,0.9994512529723797,0.45527711724894826,0.0009145783793671117,0.0,0.997805011889519,0.65739893908908,0.03896103896103896,0.0,0.0
31,8482699,Dylan Guenther,R,UTA,23,81.94821001993269,41.09891196384408,38.6130435930879,1410.620719444567,79.71195555693198,0.0,0.03658313517468447,31.817212985455786,50.11025012883099,29.368436414000964,47.84718966740403,65.18245583432997,93.53517636510303,1.0,1.0,0.9826230107920249,0.5710627400768246,0.06365465520395099,0.0003658313517468447,0.9948783610755442,0.02725443570513993,0.0,0.0,1.0,0.6961770623742455,0.009145783793671118,0.0,0.0
32,8475913,Mark Stone,R,VGK,34,79.51324889580731,26.465790597063542,53.20514979556873,1529.3586968781854,79.67094039263228,0.0,0.0,17.633810247750084,35.319289246115815,40.28214402479056,66.37261033457865,63.0888308810719,96.57783000072058,0.9990854216206329,0.9037863544905799,0.2763855862447412,0.007133711359063472,0.0,0.0,1.0,0.670385952076093,0.005121638924455826,0.0,0.9992683372965063,0.684287543442473,0.0278031827327602,0.0,0.0
33,8476460,Mark Scheifele,C,WPG,33,82.84021576433253,27.821017370903697,51.627412846908506,1758.5633011839286,79.4484302178122,0.0,0.0,19.154472448948137,36.074423924484336,37.84280107051882,65.05437874035404,62.00259706132347,95.9499578140501,0.9998170843241265,0.9427473934516188,0.3462593744283885,0.014816169745747211,0.0,0.0,0.9998170843241265,0.5708798244009512,0.004389976220962136,0.0,0.9983537589171392,0.6592280958478142,0.023779037863544905,0.0,0.0
34,8478460,Zach Werenski,D,CBJ,29,82.7758253021054,18.731532042646965,60.4036376854892,2205.9458036006913,79.13516972813616,0.0,0.0,10.704404362308024,27.070683990085257,44.94882372486112,75.21347406697036,60.958209507970196,96.56955093331955,0.9709164075361258,0.41119443936345346,0.01609657947686117,0.0,0.0,0.0,1.0,0.8712273641851107,0.05944759465886226,0.0,0.9974391805377721,0.6295957563563197,0.02890067678800073,0.0,0.0
35,8483457,Lane Hutson,D,MTL,22,81.14312141257956,8.467570907349709,70.30159615688743,1940.1353767428868,78.76916706423714,0.0,0.0,2.358789512003509,14.84323483986987,51.22835759575335,89.67017070973576,58.25447353414931,99.90509940625849,0.38357417230656665,0.001097494055240534,0.0,0.0,0.0,0.0,1.0,0.9650631059081763,0.33528443387598317,0.007316627034936894,0.9923175416133163,0.5955734406438632,0.053594293030912746,0.0,0.0
36,8481557,Matt Boldy,L,MIN,25,82.83715677948624,35.095526323869805,43.08133925222203,1694.3329446108023,78.17686557609184,0.0,0.004572891896835559,25.823618876776038,44.31178070927593,32.759246296149534,52.94574947704378,63.42402566528508,91.87619211495472,1.0,0.9972562648618987,0.8328150722516919,0.20358514724711907,0.004755807572708981,0.0,0.9989025059447595,0.13700384122919335,0.0,0.0,0.9996341686482532,0.6365465520395098,0.006767880007316627,0.0,0.0
37,8482078,Lucas Raymond,L,DET,24,82.83204079397133,24.773994969037286,53.28652720880353,1564.922006698242,78.06052217784081,0.0,0.0,17.663592375157148,31.610570396423295,41.99080906349776,64.0390210384805,63.917708708513096,91.34625229297339,1.0,0.8871410279860984,0.12474849094567404,0.000548747027620267,0.0,0.0,1.0,0.6806292299250045,0.0009145783793671117,0.0,0.9994512529723797,0.627583683921712,0.0053045546003292485,0.0,0.0
38,8479323,Adam Fox,D,NYR,28,81.7227231857614,12.061053185688387,65.00128428272268,1901.4209888227135,77.06233746841107,0.0,0.0,5.982249420054363,17.863291306730087,49.603465288451076,80.61292197066325,60.16327703387636,94.29814887029498,0.7494055240534114,0.020486555697823303,0.0,0.0,0.0,0.0,1.0,0.951527345893543,0.1507225169197,0.00018291567587342235,0.9961587708066582,0.5708798244009512,0.016645326504481434,0.0,0.0
39,8477960,Adrian Kempe,R,LAK,30,82.8134620675848,34.97230990126445,39.87023762205979,1600.6312673080954,74.84254752332424,0.0,0.0014633254069873788,26.481230901616556,43.32691020019537,29.46165539036022,50.19312908725117,60.77228678862818,88.64089125179156,1.0,0.9996341686482532,0.8542162063288824,0.17797695262483995,0.00310956648984818,0.0,0.9943296140479239,0.06237424547283702,0.0,0.0,0.9994512529723797,0.48801902323029084,0.0023779037863544904,0.0,0.0
40,8479407,Jesper Bratt,L,NJD,28,82.82896056351483,21.284217632302546,53.45611980254205,1560.0724238845917,74.74033743484459,0.0,0.0,14.40906701491428,27.942877125383298,40.49366610631879,65.7291203058812,59.19867605052358,89.04679534089935,0.9979879275653923,0.6460581671849277,0.024327784891165175,0.0,0.0,0.0,1.0,0.6661788915310042,0.0023779037863544904,0.0,0.9968904335101518,0.47667825132613867,0.002560819462227913,0.0,0.0
41,8484153,Leo Carlsson,C,ANA,22,82.79244745672077,28.678690109983975,45.932550352866684,1549.3794875035467,74.61124046285066,0.0,0.0,21.098643779085254,36.08394125200573,36.03065500738499,55.37825079651718,60.86502667169044,87.47732148373323,1.0,0.9749405524053412,0.3927199561002378,0.012621181635266142,0.0,0.0,0.9998170843241265,0.24693616242912017,0.0,0.0,0.9992683372965063,0.4613133345527712,0.0018291567587342234,0.0,0.0
42,8477951,Nick Schmaltz,C,UTA,30,82.83628859043039,33.214045081340174,41.339361059494586,1609.4259628996558,74.55340614083477,0.0,0.00018291567587342235,26.02613609152195,40.37648851313772,30.9880047387003,51.43879206037842,61.26088590510185,87.18100572560319,1.0,0.9996341686482532,0.7914761295042985,0.06895920980428023,0.0,0.0,0.9970733491860252,0.09218950064020487,0.0,0.0,0.9998170843241265,0.4772269983537589,0.0012804097311139564,0.0,0.0
43,8480023,Robert Thomas,C,STL,27,82.36527366950575,23.294589683049942,51.17927647448165,1598.2001480102103,74.47386615753159,0.0,0.0,16.225405230475555,30.177789524868032,38.3290798318553,63.46201590992416,59.3092472997651,88.928359904721,0.998719590268886,0.8057435522224254,0.06584964331443205,0.0,0.0,0.0,0.9998170843241265,0.5631973660142674,0.0007316627034936894,0.0,0.9967075178342784,0.4713736967258094,0.0027437351381013352,0.0,0.0
44,8476459,Mika Zibanejad,C,NYR,33,82.84982576550094,25.219411729478008,47.97259243443771,1701.8887268622022,73.19200416391571,0.0,0.0,17.82456263734962,32.567895391971625,36.271866196436946,59.22874170537782,58.30047220969903,87.33534754807856,1.0,0.8907993415035669,0.15456374611304188,0.0007316627034936894,0.0,0.0,0.9994512529723797,0.3905249679897567,0.0,0.0,0.9972562648618987,0.41576733126028903,0.0009145783793671117,0.0,0.0
45,8477946,Dylan Larkin,C,DET,30,80.66744992460588,34.384551735823145,38.68136630879815,1628.7034314414793,73.0659180446213,0.0,0.004389976220962136,24.819708278893682,44.081714369574925,28.84854959698011,48.52398736866049,58.91438202713018,87.64557372263383,1.0,0.9943296140479239,0.7894640570696909,0.19187854399122004,0.005670385952076093,0.0,0.9921346259374428,0.03676605085055789,0.0,0.0,0.9976220962136455,0.41613316261203587,0.0023779037863544904,0.0,0.0
46,8479420,Tage Thompson,C,BUF,29,82.822776070608,37.196599820262676,35.378572095607794,1587.383227727461,72.57517191587047,0.0,0.009877446497164807,27.90392936321498,46.40410345157196,26.419662452270828,44.24230378336761,58.77569917345158,85.85855874551926,1.0,0.9998170843241265,0.9125663069325041,0.3288823852204134,0.01573074812511432,0.00018291567587342235,0.9760380464605817,0.004207060545088714,0.0,0.0,0.997805011889519,0.38156209987195905,0.0003658313517468447,0.0,0.0
47,8471215,Evgeni Malkin,C,PIT,40,81.58993244732518,25.066824919876527,47.15545750632095,1446.0809044596097,72.22228242619748,0.0,0.0,16.942093308713886,33.19938457870484,34.73004389167855,60.24296515933233,56.11660146490564,88.678816557225,0.9998170843241265,0.8628132430949332,0.1783427839765868,0.002560819462227913,0.0,0.0,0.9992683372965063,0.3649167733674776,0.0007316627034936894,0.0,0.9928662886409365,0.3854033290653009,0.005670385952076093,0.0,0.0
48,8476468,J.T. Miller,C,NYR,33,82.85285080145381,23.379276167353403,46.94312905741496,1618.240763497927,70.32240522476836,0.0,0.0,15.267645639717111,31.13876319226752,34.49702845265131,58.95965568430043,54.52218756310516,85.2433353726106,0.9974391805377721,0.7805011889518931,0.09438448875068593,0.0007316627034936894,0.0,0.0,0.9989025059447595,0.3387598317175782,0.0003658313517468447,0.0,0.9855496616059997,0.3012621181635266,0.0012804097311139564,0.0,0.0
49,8481540,Cole Caufield,R,MTL,25,82.81863520903748,35.719638096005575,34.509933004222965,1524.7270768575934,70.22957110022854,0.0,0.011523687580025609,25.144890872703584,46.484397311566156,26.31564332265842,42.38131483438354,56.08687964235015,84.1391123549685,1.0,0.9937808670203037,0.8276934333272361,0.2701664532650448,0.02012072434607646,0.0,0.9767697091640754,0.0012804097311139564,0.0,0.0,0.993963782696177,0.28772635814889336,0.0003658313517468447,0.0,0.0
50,8480208,Drake Batherson,R,OTT,28,82.81343894804395,31.82901494686148,38.29926694306659,1448.3306754369898,70.12828188992808,0.0,0.0,24.017807287149285,39.37294334775601,28.593662781527044,47.51745187989035,56.68100562532641,82.45816819911451,1.0,0.9959758551307847,0.6681909639656118,0.04810682275471008,0.00018291567587342235,0.0,0.9915858789098225,0.02469361624291202,0.0,0.0,0.996524602158405,0.2632156575818548,0.0003658313517468447,0.0,0.0
51,8477933,Sam Reinhart,C,FLA,31,82.71066367559366,33.997035640537774,35.90033820071569,1750.2841423774228,69.89737384125345,0.0,0.010609109200658497,21.942328179594536,46.107850719035184,26.654078631769355,44.75136066848363,54.06859732652338,85.08124320468099,0.9998170843241265,0.9784159502469362,0.7190415218584233,0.21876714834461314,0.017559904883848544,0.00018291567587342235,0.9820742637644047,0.006036217303822937,0.0,0.0,0.983537589171392,0.2879092738247668,0.0007316627034936894,0.0,0.0
52,8480839,Rasmus Dahlin,D,BUF,26,82.85514531787518,18.508038573530605,51.34102825799887,2028.64591393012,69.84906683152948,0.0,0.0,10.949810707914335,26.32296313597349,38.09696046707881,64.29947820381166,54.129029743478476,85.29182045290842,0.9782330345710627,0.4115602707152003,0.008962868117797696,0.0,0.0,0.0,0.9998170843241265,0.5657581854764954,0.0014633254069873788,0.0,0.9873788183647338,0.29595756356319736,0.0016462410828608012,0.0,0.0
53,8480830,Andrei Svechnikov,R,CAR,26,82.61941855170471,28.164318933400796,41.31378775345627,1411.5861952657674,69.47810668685706,0.0,0.0,20.809791129022646,35.33035123691949,31.77303225969296,50.68176362827097,56.60353450325633,81.62791029677581,1.0,0.97274556429486,0.35869764038778124,0.007133711359063472,0.0,0.0,0.998719590268886,0.07353210170111578,0.0,0.0,0.9961587708066582,0.24053411377355038,0.00018291567587342235,0.0,0.0
54,8480893,Kirill Marchenko,R,TOR,26,82.830143356951,28.148746522399716,41.25613807416112,1557.349220668941,69.40488459656083,0.0,0.0,20.730873322553734,35.287242247518755,31.61332122446727,50.19084308803434,56.419654493272795,81.07831102886621,0.9998170843241265,0.9732943113224803,0.3522955917322115,0.004207060545088714,0.0,0.0,0.9990854216206329,0.06200841412109018,0.0,0.0,0.995244192427291,0.21876714834461314,0.0,0.0,0.0
55,8480012,Elias Pettersson,C,VAN,28,82.81567988341098,22.70447494955658,46.62850936113295,1580.9144859529524,69.33298431068953,0.0,0.0,15.272876112405017,29.439075505124517,35.865946313835444,56.784928589560266,55.65053182117149,81.98497074912558,0.9992683372965063,0.7503201024327785,0.04883848545820377,0.0,0.0,0.0,1.0,0.2955917322114505,0.0,0.0,0.9915858789098225,0.22059630510334735,0.00018291567587342235,0.0,0.0
56,8478010,Brayden Point,C,TBL,30,82.55664021501428,28.74273202124436,39.971126185570654,1548.6876974229917,68.71385820681502,0.0,0.00018291567587342235,19.332412591769394,37.965890056705774,30.810230044975523,49.090637353692784,54.8626990128189,82.10950308750022,0.9996341686482532,0.9471373696725809,0.4269251874885678,0.02652277300164624,0.00018291567587342235,0.0,0.9981708432412658,0.043899762209621364,0.0,0.0,0.9901225535028352,0.21858423266873972,0.0,0.0,0.0
57,8471214,Alex Ovechkin,L,WSH,41,82.79562286443269,34.13632012324267,33.633702017782575,1441.8752475989982,67.77002214102524,0.0,0.009511615145417962,22.99243065388156,45.07131183807587,23.54138475499835,42.9987524092166,50.7693058700371,83.38396779840346,0.9998170843241265,0.9866471556612402,0.7305652094384488,0.18876897750137187,0.013718675690506676,0.0007316627034936894,0.9266508139747577,0.0054874702762026705,0.0,0.0,0.9630510334735687,0.21401134077190415,0.002012072434607646,0.0,0.0
58,8482720,Matthew Knies,L,CBJ,24,82.77966315126211,29.045459316256583,38.24967010416098,1514.0273642842913,67.29512942041757,0.0,0.0,21.491126823248287,36.64496650393174,29.35441437722331,46.73701785756291,54.97120667813885,79.14607785004479,1.0,0.9844521675507591,0.4316809950612768,0.010792024876531919,0.0,0.0,0.9974391805377721,0.016462410828608012,0.0,0.0,0.9935979513444302,0.14285714285714285,0.0,0.0,0.0
59,8480002,Nico Hischier,C,NJD,27,82.81655940035819,29.025579332034212,38.2214080628365,1705.3767446622064,67.24698739487071,0.0,0.0,20.307405185936616,37.506884384731485,28.53650035297319,47.66051535561378,53.31007573431141,80.2982298622261,1.0,0.9628681177976952,0.43588805560636545,0.025242363270532284,0.0,0.0,0.9914029632339492,0.026705688677519664,0.0,0.0,0.985732577281873,0.16480702396195354,0.0,0.0,0.0
60,8480801,Brady Tkachuk,L,FLA,27,82.22835145575252,28.602793408696918,38.482460617337324,1430.365754844311,67.08525402603425,0.0,0.0018291567587342234,16.792063871772797,40.480290995840306,28.26465529940079,48.86431336122523,50.82192177165557,83.60492244801088,0.996524602158405,0.8933601609657947,0.43259557344064387,0.06603255899030547,0.00310956648984818,0.0,0.9877446497164807,0.04115602707152003,0.0,0.0,0.9634168648253155,0.21401134077190415,0.0007316627034936894,0.0,0.0
61,8477940,Nikolaj Ehlers,L,CAR,30,82.8239661563065,24.104144734738934,42.69016343648306,1366.6585013478827,66.794308171222,0.0,0.0,16.92354591153428,30.938214802328886,31.860170122031423,53.090026774750676,52.8872164540541,80.00025375868991,0.9996341686482532,0.8516553868666544,0.10042070605450887,0.000548747027620267,0.0,0.0,0.9989025059447595,0.12712639473202852,0.0,0.0,0.9837205048472654,0.15584415584415584,0.0,0.0,0.0
62,8475158,Ryan O'Reilly,C,NSH,35,82.7998230649486,22.977060380373583,43.42327204382471,1678.770663591266,66.4003324241983,0.0,0.0,15.295324606157322,30.57718152893833,31.11005445891578,55.059327341928466,51.360477749137374,80.65972512731926,0.9983537589171392,0.7600146332540699,0.07627583683921713,0.0003658313517468447,0.0,0.0,0.9956100237790378,0.18620815803914395,0.0,0.0,0.967075178342784,0.16627034936894092,0.0,0.0,0.0
63,8478440,Dylan Strome,C,WSH,29,82.78713677432707,20.638143365696532,45.72985180154308,1477.8330239271695,66.36799516723961,0.0,0.0,13.933922252543562,27.308725325267673,34.97212522565925,55.94313322439506,52.62883456735307,79.04594496583152,0.9972562648618987,0.5880738979330529,0.013718675690506676,0.0,0.0,0.0,0.9996341686482532,0.2526065483811963,0.0,0.0,0.9820742637644047,0.13608926284982623,0.0,0.0,0.0
64,8477500,Bo Horvat,C,NYI,31,82.79876933749648,34.7568520546351,31.44784960278845,1698.7316744740194,66.20470165742356,0.0,0.0014633254069873788,25.859724918178234,43.30633557107864,23.008968607856662,40.01460695704728,53.14580253269627,78.82131597749206,1.0,0.9983537589171392,0.8329979879275654,0.1618803731479788,0.002012072434607646,0.0,0.912932138284251,0.0003658313517468447,0.0,0.0,0.9828059264678983,0.12987012987012986,0.0,0.0,0.0
65,8478449,Roope Hintz,C,DAL,30,81.64476188954761,23.857434714572662,42.22740908023497,1402.820945957986,66.08484379480763,0.0,0.0,16.17539900258957,31.798332518978555,32.967096201369195,51.46613390426591,53.27870710601512,79.00569375999477,0.998719590268886,0.8125114322297421,0.12419974391805377,0.0009145783793671117,0.0,0.0,0.9992683372965063,0.09584781415767331,0.0,0.0,0.9846350832266325,0.13682092555331993,0.0,0.0,0.0
66,8480014,Gabriel Vilardi,C,WPG,27,82.01124313189612,28.8699566474763,36.920571436973546,1511.8009604549832,65.79052808444985,0.0,0.0,19.80924388508954,37.6228841306379,27.898940040389867,45.70758422733927,52.406512395998725,78.78891926592539,0.9996341686482532,0.955002743735138,0.4362538869581123,0.024510700567038596,0.0,0.0,0.9899396378269618,0.008962868117797696,0.0,0.0,0.9771355405158222,0.12712639473202852,0.0,0.0,0.0
67,8475786,Zach Hyman,L,EDM,34,79.56691355186035,36.325088209210286,29.1453096045983,1574.277077927192,65.47039781380859,0.0,0.03493689409182367,22.74037833222008,49.99738071467922,21.335665171263066,37.47785241403429,49.256289966134624,82.10079881258878,0.9998170843241265,0.9806109383574172,0.7870861532833364,0.345161880373148,0.05524053411377355,0.004389976220962136,0.8297055057618438,0.0,0.0,0.0,0.9460398756173404,0.17815986830071337,0.001097494055240534,0.0,0.0
68,8475166,John Tavares,C,TOR,36,82.81151520809898,28.802845434705237,36.521232815292606,1499.565972809832,65.32407824999784,0.0,0.0007316627034936894,18.730940550985387,38.742687040708404,27.51719026898763,45.782427749616836,51.31263640532627,79.76371220555647,1.0,0.9339674410096945,0.4280226815438083,0.04133894274739345,0.0003658313517468447,0.0,0.9851838302542528,0.010243277848911651,0.0,0.0,0.9701847448326322,0.14029632339491493,0.0,0.0,0.0
69,8477949,Alex Tuch,R,WSH,30,82.7785917947981,31.20229826570688,33.098949897641205,1572.4907222660556,64.30124816334808,0.0,0.0003658313517468447,23.632921686614267,38.71828247111113,25.09442740371773,40.70614919114281,52.45834596526906,75.54483602659461,1.0,0.9956100237790378,0.6294128406804463,0.035302725443570514,0.0,0.0,0.9612218767148345,0.000548747027620267,0.0,0.0,0.9828059264678983,0.06639839034205232,0.0,0.0,0.0
70,8479314,Matthew Tkachuk,L,FLA,29,69.47291421441165,21.55375443075192,42.61219391682838,1300.3154022386773,64.1659483475803,0.0,0.0,10.96693630504845,32.618789360339704,29.95029545367141,56.03264004035516,46.979452043809246,82.81146285772141,0.9716480702396195,0.6213645509420157,0.11249314066215475,0.004024144869215292,0.0,0.0,0.9932321199926833,0.18785439912200474,0.00018291567587342235,0.0,0.9167733674775929,0.16974574721053595,0.002194988110481068,0.0,0.0
71,8478439,Travis Konecny,R,PHI,29,82.81255772724441,22.45974877863428,41.424112482434516,1584.987581525034,63.8838612610688,0.0,0.0,14.981492164326987,29.786078203259468,31.773858136537992,50.32258502656862,51.229841220688634,75.72691581247376,0.9981708432412658,0.730199378086702,0.05798426925187489,0.0,0.0,0.0,0.998719590268886,0.06841046277665996,0.0,0.0,0.9709164075361258,0.06822754710078653,0.0,0.0,0.0
72,8473419,Brad Marchand,L,FLA,38,79.00657056086969,30.84122637329968,32.786874133022614,1410.6224485380574,63.6281005063223,0.0,0.0,22.112503782016606,40.066558422271285,23.785368394026047,42.18334204988761,50.07600927589562,77.63961652661655,1.0,0.9840863361990122,0.5824035119809767,0.05944759465886226,0.0003658313517468447,0.0,0.9334186939820742,0.002560819462227913,0.0,0.0,0.95884397292848,0.09950612767514176,0.0,0.0,0.0
73,8483431,Logan Cooley,C,UTA,22,82.80733610927264,25.561668183241792,37.54799643884333,1432.9166673127693,63.10966462208512,0.0,0.0,17.78558137958821,33.42551662328745,28.666526289304702,46.35102412349728,50.51976885804414,75.59220391603112,0.9994512529723797,0.8933601609657947,0.18968355588073899,0.002194988110481068,0.0,0.0,0.9943296140479239,0.012804097311139564,0.0,0.0,0.9626852021218218,0.06328882385220413,0.0,0.0,0.0
74,8475754,Brock Nelson,C,COL,35,82.77322110200429,28.813361990023342,34.25648210671511,1601.911674910556,63.06984409673845,0.0,0.0,19.741255754141285,37.39507621493192,25.47828652142128,42.65032069287096,49.8674906205159,76.09863764540151,0.9998170843241265,0.956283153466252,0.4249131150539601,0.022315712456557526,0.00018291567587342235,0.0,0.9678068410462777,0.002194988110481068,0.0,0.0,0.9537223340040242,0.07060545088714103,0.0,0.0,0.0
75,8474600,Roman Josi,D,NSH,36,81.8128141084393,15.381877608703462,47.29971655431285,2038.3234744769627,62.681594163016314,0.0,0.0,8.584700991543034,21.9635898396732,34.07593393288212,60.73949156898545,47.16673096384765,78.03333436502768,0.9215291750503019,0.15364916773367476,0.001097494055240534,0.0,0.0,0.0,0.9979879275653923,0.35979513444302175,0.001097494055240534,0.0,0.9184196085604537,0.09932321199926834,0.00018291567587342235,0.0,0.0
76,8475692,Mats Zuccarello,R,LAK,39,80.61913665871526,18.126874528651804,44.18186764950298,1515.5072091089478,62.30874217815479,0.0,0.0,11.94297115999183,24.640341891893417,31.043537018510147,57.30301640349857,47.31223731010507,77.7509146258746,0.9893908907993415,0.3427839765867935,0.0032924821657216025,0.0,0.0,0.0,0.9946954453996707,0.2366928845802085,0.000548747027620267,0.0,0.9160417047740992,0.09127492226083775,0.00018291567587342235,0.0,0.0
77,8475172,Nazem Kadri,C,COL,36,82.7721441759107,25.84321002234379,36.15953635087901,1571.5861690092145,62.0027463732228,0.0,0.0,17.84132639200851,33.931783828425644,26.60000667602699,45.608641835928765,48.67262842682464,75.2143938631586,0.9994512529723797,0.9030546917870862,0.21858423266873972,0.004207060545088714,0.0,0.0,0.9776842875434425,0.009511615145417962,0.0,0.0,0.9372599231754162,0.05963051033473569,0.0,0.0,0.0
78,8475798,Mikael Granlund,C,ANA,34,81.55091913408936,22.740120538857724,39.21196898354696,1585.7868173295083,61.952089522404684,0.0,0.0,14.63284674947142,31.157014998431176,28.239984036601214,50.97308011308555,46.99829751696536,77.53320512841975,0.9972562648618987,0.7307481251143223,0.0916407536125846,0.00018291567587342235,0.0,0.0,0.9864642399853667,0.07517834278397659,0.0,0.0,0.9142125480153649,0.09346991037131883,0.0,0.0,0.0
79,8477955,Jared McCann,L,SEA,30,81.97110772117847,22.638229894622874,39.141101691607155,1359.024900580114,61.77933158623003,0.0,0.0,15.85818910066687,29.19218210059174,30.588150924260763,47.77342032189688,50.02028312299623,73.12794452005653,0.9996341686482532,0.7719041521858423,0.04353393085787452,0.00018291567587342235,0.0,0.0,0.9979879275653923,0.02633985732577282,0.0,0.0,0.9564660691421255,0.034571062740076826,0.0,0.0,0.0
80,8483516,Jimmy Snuggerud,R,STL,22,82.78924469424972,22.094291917484288,39.44444451065801,1389.003184832752,61.5387364281423,0.0,0.0,13.931643818589565,29.797100983809084,28.89857108640292,49.270266083963065,47.46145776323085,74.63681369480221,0.9967075178342784,0.679531735869764,0.05853301627949515,0.00018291567587342235,0.0,0.0,0.991768794585696,0.04646058167184928,0.0,0.0,0.915127126394732,0.05286263032741906,0.0,0.0,0.0
81,8476483,Rickard Rakell,R,PIT,33,82.11600065394855,28.138503051733863,33.16853111322047,1545.535551204464,61.30703416495433,0.0,0.0003658313517468447,19.017776142206188,37.77916121627377,24.856559933108937,41.76426498008532,48.25600679308157,74.84607405455873,1.0,0.939820742637644,0.38979330528626305,0.02633985732577282,0.0003658313517468447,0.0,0.956283153466252,0.0003658313517468447,0.0,0.0,0.9336016096579477,0.05615511249314066,0.0,0.0,0.0
82,8474564,Steven Stamkos,C,NSH,36,82.77105034545798,33.85140789715964,27.401893645939108,1488.6388238672703,61.25330154309874,0.0,0.0018291567587342234,24.469033899633175,43.05466265001991,18.0302094481126,36.11254814602201,47.30044936672655,74.87289611032864,1.0,0.9974391805377721,0.7631241997439181,0.14212548015364918,0.0038412291933418692,0.0,0.6734955185659411,0.0,0.0,0.0,0.9147612950429852,0.05432595573440644,0.0,0.0,0.0
83,8482667,William Eklund,L,OTT,24,82.78605331493478,20.539184416470903,40.63180093261792,1544.8739570198818,61.170985349088824,0.0,0.0,14.212794430672881,26.570980243603387,31.141418816549937,50.16491733708265,49.27864189051327,72.77195758276822,0.9985366745930127,0.5814889336016097,0.009511615145417962,0.0,0.0,0.0,0.998719590268886,0.05981342601060911,0.0,0.0,0.9465886226449607,0.032376074629595755,0.0,0.0,0.0
84,8474578,Erik Karlsson,D,PIT,36,82.8475831840845,11.130819865678527,49.942225637772786,1942.4669092970375,61.07304550345131,0.0,0.0,5.31661664867823,17.058615737016375,37.57436391502206,62.438964908774786,46.740580321403186,75.40905853687323,0.6471556612401683,0.010974940552405341,0.0,0.0,0.0,0.0,1.0,0.48637278214743,0.0007316627034936894,0.0,0.9045180171940735,0.061093835741723064,0.0,0.0,0.0
85,8483515,Juraj Slafkovský,L,MTL,22,82.79136768866492,25.71502145695649,35.130836367721166,1521.4274640703306,60.84585782467765,0.0,0.0,16.812785284126814,34.69069936232525,25.86644454930745,44.47704207727548,47.57002240124075,74.38388344341813,0.998719590268886,0.8699469544539967,0.2332174867386135,0.008779952441924272,0.0,0.0,0.971830985915493,0.00786537406255716,0.0,0.0,0.9147612950429852,0.047740991402963236,0.0,0.0,0.0
86,8476389,Vincent Trocheck,C,UTA,33,82.80524113592524,23.044554812521117,37.271341753954786,1687.239334200758,60.3158965664759,0.0,0.0,15.40110797879133,30.795410119861426,26.46622296224299,47.85680200736469,46.772682943283954,73.86066362428228,0.9976220962136455,0.7746478873239436,0.0859703676605085,0.0003658313517468447,0.0,0.0,0.9742088897018475,0.029449423815621,0.0,0.0,0.899945125297238,0.04408267788549479,0.0,0.0,0.0
87,8476880,Tom Wilson,R,WSH,32,82.69316261588585,28.913935233530633,31.33184256316642,1584.1879216644086,60.245777796697055,0.0,0.0,19.89956080126558,37.82801312002367,23.038954985415206,39.3346251142749,47.61768498553785,72.91426771006374,0.9998170843241265,0.9581123102249863,0.4461313334552771,0.026156941649899398,0.0,0.0,0.9101884031461496,0.0,0.0,0.0,0.9136638009877447,0.03164441192610207,0.0,0.0,0.0
88,8479410,Mikhail Sergachev,D,UTA,28,81.41968092169863,10.326702360022166,49.454320135299774,1958.1899892937063,59.78102249532194,0.0,0.0,5.490395667596161,15.392497919859082,36.84913121250763,62.00336947942028,46.30065834191622,73.41982584197108,0.597219681726724,0.0007316627034936894,0.0,0.0,0.0,0.0,0.9996341686482532,0.46917870861532834,0.0009145783793671117,0.0,0.8853118712273642,0.03969270166453265,0.0,0.0,0.0
89,8478414,Timo Meier,R,NJD,30,82.78392112795221,28.03489501767331,31.74408779435069,1520.21893520211,59.778982812024,0.0,0.0,18.191708917820993,37.72397108663349,24.24722644783096,39.17229798046104,46.96856868048788,72.33801388917203,0.9994512529723797,0.9226266691055424,0.3819279312237059,0.02487653191878544,0.0,0.0,0.9440278031827327,0.0,0.0,0.0,0.9036034388147064,0.025974025974025976,0.0,0.0,0.0
90,8484166,Adam Fantilli,C,CBJ,22,82.76240985264072,28.605486551599835,31.151131083892626,1538.7053843016927,59.75661763549246,0.0,0.0,21.384466698585136,35.88017463782105,22.531114124579037,39.99070208146915,47.63711444377513,71.64081083163921,1.0,0.9811596853850375,0.39400036583135173,0.00786537406255716,0.0,0.0,0.8933601609657947,0.0007316627034936894,0.0,0.0,0.9187854399122005,0.022132796780684104,0.0,0.0,0.0
91,8482124,Quinton Byfield,R,LAK,24,82.76023637143889,25.89693398186366,33.63453063815979,1623.9370105984895,59.53146462002345,0.0,0.0,18.991395269402723,32.98806479324797,24.82540179805613,42.54439257810807,47.748529219601586,71.45506781805868,1.0,0.9354307664166819,0.18602524236327053,0.0009145783793671117,0.0,0.0,0.9557344064386318,0.002560819462227913,0.0,0.0,0.9182366928845802,0.018108651911468814,0.0,0.0,0.0
92,8481656,Aliaksei Protas,L,WSH,25,82.75914822182585,22.809498877301788,35.89914340943409,1456.2060388863413,58.70864228673588,0.0,0.0,15.626229995763913,29.699637029919888,27.498799452807773,43.985896984729195,46.903453254711614,69.75500979596781,0.998719590268886,0.7572708981159686,0.0556063654655204,0.0,0.0,0.0,0.9893908907993415,0.004024144869215292,0.0,0.0,0.9028717761112127,0.011523687580025609,0.0,0.0,0.0
93,8482109,Alexis Lafrenière,L,NYR,25,82.79295354413169,26.631029593409277,32.03153702772008,1464.0035756718455,58.66256662112936,0.0,0.0,19.87347738570646,33.429919671636185,23.95549694369181,39.86779370635307,47.69018602393358,69.32124627833045,1.0,0.9577464788732394,0.23925370404243643,0.0016462410828608012,0.0,0.0,0.9365282604719224,0.0003658313517468447,0.0,0.0,0.9101884031461496,0.00695079568319005,0.0,0.0,0.0
94,8479345,Jakob Chychrun,D,WSH,28,82.8237163354665,21.9415258564066,36.40831527537109,1904.7608743361568,58.34984113177769,0.0,0.0,14.840250287457922,29.133897651930837,27.102103850654462,45.70727923134319,46.004702356892395,70.6177928029424,0.9976220962136455,0.7047740991402963,0.04042436436802634,0.0,0.0,0.0,0.9807938540332907,0.010974940552405341,0.0,0.0,0.8717761112127309,0.01627949515273459,0.0,0.0,0.0
95,8477504,Josh Morrissey,D,WPG,31,82.83997182557626,9.64474572010816,48.476204073770326,2035.185466991166,58.12094979387849,0.0,0.0,3.976450021226307,15.53267143340772,36.22089361863894,60.311779419045585,44.33325225056775,71.69812779793871,0.5103347356868484,0.002560819462227913,0.0,0.0,0.0,0.0,0.9996341686482532,0.4386317907444668,0.0,0.0,0.8436070971282239,0.024327784891165175,0.0,0.0,0.0
96,8477476,Artturi Lehkonen,L,COL,31,79.6151860349279,31.10256393011633,26.71772331799438,1494.713887864163,57.82028724811071,0.0,0.00018291567587342235,22.80460482542126,39.64624330454853,18.754413626994204,34.586200842445216,45.55102224459904,70.2559942714736,1.0,0.9914029632339492,0.6116700201207244,0.0532284616791659,0.00018291567587342235,0.0,0.6623376623376623,0.0,0.0,0.0,0.8573257728187306,0.0171940735321017,0.0,0.0,0.0
97,8480036,Miro Heiskanen,D,DAL,27,81.72908537357782,13.990663680699136,43.65721545703571,2066.9474084308404,57.64787913773485,0.0,0.0,8.11590463480863,19.78182345458538,30.515729427950983,56.56816940060296,43.12792584231928,72.10000265404084,0.893908907993415,0.05908176330711542,0.0,0.0,0.0,0.0,0.9928662886409365,0.22937625754527163,0.0,0.0,0.8088531187122736,0.029266508139747575,0.00018291567587342235,0.0,0.0
98,8477409,Carter Verhaeghe,C,FLA,31,82.76997174561014,24.495977091568815,33.11610518908465,1468.0773468143013,57.61208228065347,0.0,0.0,16.33210754639693,32.457317063298795,24.982459262491453,41.18069628170808,45.55147055791908,69.713166783114,0.998719590268886,0.8353758917139199,0.14304005853301627,0.001097494055240534,0.0,0.0,0.9599414669837205,0.0007316627034936894,0.0,0.0,0.8492774830802999,0.011340771904152187,0.0,0.0,0.0
99,8476906,Shayne Gostisbehere,D,CAR,33,81.98003318499241,13.829241301080291,43.64045826778851,1564.0076267137317,57.469699568868805,0.0,0.0,8.798200284954596,19.023925243195386,30.888063392529578,56.76949457557222,43.08050191388054,71.9052250040363,0.9200658496433144,0.03731479787817816,0.0,0.0,0.0,0.0,0.9945125297237973,0.2158404975306384,0.0,0.0,0.8040973111395646,0.028169014084507043,0.0,0.0,0.0
100,8477935,Sam Bennett,C,FLA,30,82.69544992465312,24.50654465124249,32.9374188831536,1520.3287568928326,57.44396353439609,0.0,0.0,16.863560434346706,32.38736409384478,24.917097793163396,40.80320650078302,45.617330195177544,69.0251303322821,0.9994512529723797,0.8553137003841229,0.1406621547466618,0.0007316627034936894,0.0,0.0,0.9582952259008597,0.0007316627034936894,0.0,0.0,0.8597036766050851,0.008414121090177428,0.0,0.0,0.0
101,8481604,Pavel Dorofeyev,R,NYR,26,82.72542883210157,31.81759963429021,25.14585522120268,1419.5777500764764,56.96345485549289,0.0,0.0,24.11934509747053,39.23805683543327,17.649373699310516,32.579778429647135,45.336722094746,68.0958756052077,1.0,0.9970733491860252,0.6731296872141943,0.04536308761660875,0.0,0.0,0.5397841595024694,0.0,0.0,0.0,0.8494603987561734,0.00695079568319005,0.0,0.0,0.0
102,8474141,Patrick Kane,R,CHI,38,80.98204931976235,20.993177197743226,35.823871415816775,1457.8698875320736,56.817048613560004,0.0,0.0,14.00310178331217,28.238131248179847,24.82280833919455,47.288261678812844,43.11737764267716,70.98395923296073,0.9968904335101518,0.6252057801353575,0.02487653191878544,0.0,0.0,0.0,0.955368575086885,0.0278031827327602,0.0,0.0,0.7942198646423999,0.021584049753063838,0.0,0.0,0.0
103,8481605,Jackson LaCombe,D,ANA,25,82.81789501711879,13.875995575309316,42.935233730376915,1980.7828440937392,56.81122930568623,0.0,0.0,6.927267720179537,20.773457110947675,32.11221771705081,53.739261240557724,43.349229669931056,70.08291340987061,0.8496433144320469,0.09054325955734406,0.0,0.0,0.0,0.0,0.9979879275653923,0.14669837205048472,0.0,0.0,0.802085238704957,0.018108651911468814,0.0,0.0,0.0
104,8478444,Brock Boeser,R,VAN,29,82.77552820912805,26.1850157728273,30.514994362801858,1553.8327136584387,56.70001013562916,0.0,0.0,18.199939964187504,33.905314288440465,22.541008681936887,38.58803988452419,44.841513116867795,68.0018088917797,1.0,0.9132979696359979,0.23468081214560088,0.003658313517468447,0.0,0.0,0.8864093652826047,0.00018291567587342235,0.0,0.0,0.8348271446862996,0.006402048655569782,0.0,0.0,0.0
105,8477447,Shea Theodore,D,VGK,31,80.44214167243972,10.29013807043057,46.29862327287847,1825.7751018585304,56.588761343309045,0.0,0.0,5.243648919984907,15.356544338271751,32.742289087852974,60.3402554708382,41.798056939606894,72.17361545836668,0.5875251509054326,0.0029266508139747576,0.0,0.0,0.0,0.0,0.9961587708066582,0.34351563929028717,0.0007316627034936894,0.0,0.7665995975855131,0.029815255167367844,0.0,0.0,0.0
106,8478493,Joel Eriksson Ek,C,MIN,29,80.92593689963194,24.72674408971571,31.623810374376262,1562.152494536771,56.35055446409197,0.0,0.0,15.911542558062596,33.43683707150646,23.265346530896014,40.00314544462436,43.77950858559469,69.34838590506241,0.9985366745930127,0.8335467349551856,0.19041521858423266,0.004938723248582404,0.0,0.0,0.9173221145052131,0.00018291567587342235,0.0,0.0,0.8099506127675141,0.01006036217303823,0.0,0.0,0.0
107,8474590,John Carlson,D,TBL,36,82.83614758999768,10.352919054316725,45.74557572248322,1928.254762605946,56.09849477679994,0.0,0.0,4.458546517817419,16.239579351192123,33.611924367548276,58.31703158204529,42.2605822913698,70.11280552066616,0.5838668373879642,0.004755807572708981,0.0,0.0,0.0,0.0,0.9989025059447595,0.2952259008597037,0.0003658313517468447,0.0,0.762209621364551,0.01792573623559539,0.0,0.0,0.0
108,8484227,Will Smith,C,SJS,21,82.75586484803888,24.010253837800065,31.761114003063458,1485.7619434578385,55.77136784086352,0.0,0.0,17.364117685258428,30.679819105431175,22.544885368534796,40.863509640001695,43.5079540389692,67.88400634853406,0.9998170843241265,0.8545820376806292,0.08231205414304006,0.0,0.0,0.0,0.898664715566124,0.0018291567587342234,0.0,0.0,0.78086702030364,0.0074995427108103165,0.0,0.0,0.0
109,8482105,Jake Sanderson,D,OTT,24,80.64020093339512,13.741675533793556,41.91492105009825,1948.8844356992042,55.656596583891805,0.0,0.0,7.448821822515674,20.040345242537455,30.579491948436633,53.41797227994552,42.124075447450565,69.01430361117771,0.8628132430949332,0.06603255899030547,0.0,0.0,0.0,0.0,0.995244192427291,0.14340588988476313,0.0,0.0,0.7750137186756905,0.012072434607645875,0.0,0.0,0.0
110,8481596,Shane Pinto,C,OTT,26,80.20900648138905,23.7311249171781,31.881239048021477,1486.565717961371,55.61236396519958,0.0,0.0,16.160485344381556,31.828300332299886,23.72444661406833,40.0347606473461,43.48852361544247,67.94824842699795,0.9996341686482532,0.8165355770989574,0.1170660325589903,0.000548747027620267,0.0,0.0,0.9312237058715932,0.0007316627034936894,0.0,0.0,0.7887323943661971,0.006402048655569782,0.0,0.0,0.0
111,8482079,Marco Rossi,C,VAN,25,82.15315986218515,23.77279161909891,31.464481785901608,1439.645920202061,55.23727340500052,0.0,0.0,17.41263601173821,29.9651433460538,23.255193465704593,39.470945809816186,44.06969974888147,66.0736138441659,1.0,0.852752880921895,0.06200841412109018,0.00018291567587342235,0.0,0.0,0.913846716663618,0.0,0.0,0.0,0.7890982257179441,0.0027437351381013352,0.0,0.0,0.0
112,8482149,Cole Perfetti,C,WPG,24,82.56574731127131,23.21253879984507,31.711226048929365,1287.7719788447453,54.92376484877444,0.0,0.0,17.282998320265715,29.491083484300272,23.636646413931228,39.65919573208223,44.01926398271313,66.05321574543247,1.0,0.8357417230656667,0.0499359795134443,0.0,0.0,0.0,0.9257362355953905,0.000548747027620267,0.0,0.0,0.7733674775928298,0.00310956648984818,0.0,0.0,0.0
113,8476881,Tomas Hertl,C,VGK,33,82.32428121502073,24.639416042658898,30.224203723535705,1415.5461836725601,54.8636197661946,0.0,0.0,15.13373153462419,33.75393260063682,22.46840790461408,37.938475425947516,41.95637922860593,67.19312263360092,0.9972562648618987,0.8040973111395646,0.18712273641851107,0.005853301627949515,0.0,0.0,0.8825681360892629,0.0,0.0,0.0,0.7344064386317908,0.005670385952076093,0.0,0.0,0.0
114,8482146,Luke Evangelista,R,NJD,24,82.75258685971923,20.08771263593573,34.61685836663445,1346.3196100243144,54.704571002570184,0.0,0.0,14.09743847350442,26.01972729074141,25.555330049745944,43.79283214134214,43.19513100908294,66.09718677920135,0.9989025059447595,0.5507591000548747,0.007316627034936894,0.0,0.0,0.0,0.9685385037497714,0.005670385952076093,0.0,0.0,0.7671483446131333,0.0032924821657216025,0.0,0.0,0.0
115,8479385,Jordan Kyrou,R,WSH,28,82.74271268909621,23.000811525295312,30.798018788713417,1332.7022919239123,53.798830314008725,0.0,0.0,16.177297700497405,29.893018728828995,23.458663447139287,37.99611784803866,42.78843796443604,64.54123133328933,0.9996341686482532,0.7788549478690324,0.058898847631242,0.00018291567587342235,0.0,0.0,0.9162246204499725,0.0,0.0,0.0,0.7064203402231571,0.001097494055240534,0.0,0.0,0.0
116,8474586,Jordan Eberle,R,SEA,36,81.84288771575517,22.927864678935755,30.49743438103607,1481.3045573614022,53.42529905997182,0.0,0.0,14.95257553119422,31.048321600666696,20.044316855685192,40.97363568868318,39.927458182285406,67.35361895888863,0.997805011889519,0.7603804646058168,0.08816535577098958,0.0007316627034936894,0.0,0.0,0.8148893360160966,0.00310956648984818,0.0,0.0,0.6579476861167002,0.00786537406255716,0.0,0.0,0.0
117,8481580,Connor McMichael,L,STL,25,82.74049467389413,22.120807649762714,31.205632567603875,1385.1728691961405,53.32644021736659,0.0,0.0,15.556025543510584,28.56825190148335,23.170552506785068,39.19045357055005,42.262482017276966,64.38262731098388,0.9994512529723797,0.73276019754893,0.029632339491494422,0.0,0.0,0.0,0.9136638009877447,0.0003658313517468447,0.0,0.0,0.695079568319005,0.0007316627034936894,0.0,0.0,0.0
118,8478975,Mason Marchment,L,SJS,31,82.13494994989306,22.93020791474561,30.104450442213757,1378.9274895816752,53.03465835695937,0.0,0.0,16.239141586149962,29.58695606784692,22.287008515071044,38.076204198354546,41.940442698855676,63.9884134233077,0.9989025059447595,0.7858057435522224,0.05341137735503933,0.0,0.0,0.0,0.8758002560819462,0.0003658313517468447,0.0,0.0,0.6819096396561185,0.0003658313517468447,0.0,0.0,0.0
119,8482745,Mason McTavish,C,STL,23,82.41979639871681,26.21690637287304,26.503275672156832,1287.2132063200595,52.72018204502987,0.0,0.0,19.5430258242873,32.91908145447202,19.11362815557867,33.94805603305302,41.98815326974981,63.429053023177886,1.0,0.9509785988659228,0.19901225535028352,0.001097494055240534,0.0,0.0,0.6550210353027255,0.0,0.0,0.0,0.6641668190963965,0.0007316627034936894,0.0,0.0,0.0
120,8479425,Filip Hronek,D,VAN,29,82.83719968218055,5.571090469734788,46.78900075178063,2060.034459334572,52.36009122151542,0.0,0.0,1.4085884079333224,9.725201019567473,34.80691542139245,57.634915745230664,39.60359211497675,64.40308644179899,0.060362173038229376,0.0,0.0,0.0,0.0,0.0,0.9992683372965063,0.3164441192610207,0.0,0.0,0.6177062374245473,0.001097494055240534,0.0,0.0,0.0
121,8477964,Ivan Barbashev,L,VGK,31,82.73828373271051,18.924183863200394,33.23479372631629,1337.3463142056523,52.15897758951668,0.0,0.0,12.968331934022482,24.944602973709284,24.68704507401382,41.72264114483422,41.156883763575834,62.92332573655749,0.9961587708066582,0.4150356685567953,0.0016462410828608012,0.0,0.0,0.0,0.9546369123833912,0.001097494055240534,0.0,0.0,0.6263032741905982,0.000548747027620267,0.0,0.0,0.0
122,8475745,Charlie Coyle,C,CBJ,34,82.71032739518226,17.33997367714122,34.80659943117374,1482.262665776898,52.14657310831495,0.0,0.0,9.032755355951968,26.212684465204426,24.4209421503687,45.372561411455614,37.96251062264112,66.94355962480238,0.936345344796049,0.31534662520578016,0.014633254069873787,0.0,0.0,0.0,0.9486006950795683,0.011157856228278763,0.0,0.0,0.5849643314432047,0.0076824583866837385,0.0,0.0,0.0
123,8481528,Dylan Cozens,C,OTT,25,82.75039681257128,23.011446236417942,29.029023707889504,1422.1405309097752,52.040469944307446,0.0,0.0,16.55881820788036,29.394774145288583,20.759634108703125,37.136022452580875,40.96910153285786,62.56149058478938,0.9998170843241265,0.8040973111395646,0.04755807572708981,0.0,0.0,0.0,0.8106822754710079,0.00018291567587342235,0.0,0.0,0.6281324309493324,0.0009145783793671117,0.0,0.0,0.0
124,8479987,Morgan Geekie,C,BOS,28,82.76474110631946,25.63339536665624,26.206659558200446,1434.6272624075582,51.84005492485669,0.0,0.0,18.17725050413507,33.04037740687798,18.778407230394606,33.25421322729409,40.79165724092629,62.33355357141318,0.9998170843241265,0.9109200658496434,0.18785439912200474,0.0016462410828608012,0.0,0.0,0.6244741174318639,0.0,0.0,0.0,0.6208158039143955,0.00018291567587342235,0.0,0.0,0.0
125,8477497,Sean Monahan,C,CBJ,32,82.28125222368661,20.868478081186492,30.88761875047752,1426.7155399126386,51.75609683166401,0.0,0.0,12.680550526926082,29.073528919216677,20.61948215598618,41.27540148861752,37.63493797580738,65.79337645849314,0.9901225535028352,0.5939271995610024,0.04463142491311505,0.00018291567587342235,0.0,0.0,0.8348271446862996,0.004389976220962136,0.0,0.0,0.5701481616974575,0.0054874702762026705,0.0,0.0,0.0
126,8482665,Matty Beniers,C,SEA,24,82.72493765073027,21.414271421762475,30.25407293972859,1566.6309435893518,51.668344361491066,0.0,0.0,15.115155157640702,27.50820594296117,22.225722448851236,38.13893355901752,40.765947224786,62.01254576441567,0.9990854216206329,0.6797146515456375,0.014084507042253521,0.0,0.0,0.0,0.8737881836473386,0.0,0.0,0.0,0.6034388147064204,0.0,0.0,0.0,0.0
127,8475184,Chris Kreider,L,MTL,35,82.71933587131623,24.449697146458725,27.124144108267377,1405.914661298451,51.573841254726105,0.0,0.0,16.06881625863632,32.63389142811071,19.282308882762724,34.99116159144425,39.376276073357076,63.77164933826887,0.9990854216206329,0.8286080117066033,0.1523687580025608,0.0016462410828608012,0.0,0.0,0.691238339125663,0.0,0.0,0.0,0.5856959941466984,0.001097494055240534,0.0,0.0,0.0
128,8482077,Dylan Holloway,L,STL,25,76.69673359346447,23.34447189072697,28.227011148349167,1351.8885472551149,51.57148303907614,0.0,0.0,16.952157114416522,29.965338550116016,19.833481666365497,37.1085847652619,40.227758745699745,63.67554793869367,0.9996341686482532,0.8375708798244009,0.06420340223157124,0.0,0.0,0.0,0.7453813791841961,0.0,0.0,0.0,0.6047192244375343,0.002012072434607646,0.0,0.0,0.0
129,8482155,Alex Laferriere,R,LAK,25,82.71371530965565,22.008244747864108,29.354071407208142,1457.9422012795928,51.36231615507225,0.0,0.0,15.187312753092204,28.812748531720366,22.127731891280643,36.43905666257679,40.79933703002895,61.53405182003066,0.9994512529723797,0.7119078104993598,0.0360343881470642,0.0,0.0,0.0,0.8642765685019206,0.0,0.0,0.0,0.5941101152368758,0.0,0.0,0.0,0.0
130,8475314,Anders Lee,L,UTA,36,82.74728688014794,21.785776698585902,29.57105338111002,1284.7294637215007,51.356830079695925,0.0,0.0,11.877837583059504,31.88014956059792,21.809843914422906,37.435451521418216,37.68942464156069,65.5266860150129,0.9798792756539235,0.6325224071702945,0.10462776659959759,0.0027437351381013352,0.0,0.0,0.8388512895555149,0.0,0.0,0.0,0.5602707152002927,0.0038412291933418692,0.0,0.0,0.0
131,8478401,Pavel Zacha,C,BOS,29,82.76906712693726,20.762598666385365,30.34738886665435,1438.274262419862,51.109987533039714,0.0,0.0,13.316666852111647,28.04191821269002,21.980051839049008,38.8573020560615,39.661582742057924,62.695806015815805,0.9950612767514176,0.6065483811962685,0.02487653191878544,0.0,0.0,0.0,0.8737881836473386,0.0003658313517468447,0.0,0.0,0.5708798244009512,0.0007316627034936894,0.0,0.0,0.0
132,8477479,Tyler Bertuzzi,L,CHI,31,82.74948186195151,25.783641932171108,25.054355655369033,1479.1492451818071,50.837997587540144,0.0,0.0,17.18271895727817,34.2216279499693,17.92667934772385,32.23183265452671,38.95726483333396,62.57143397690878,0.9989025059447595,0.8827510517651362,0.22699835375891714,0.005670385952076093,0.0,0.0,0.5262483994878361,0.0,0.0,0.0,0.5483811962685202,0.000548747027620267,0.0,0.0,0.0
133,8477501,Valeri Nichushkin,R,CBJ,31,75.56007593140986,22.580795176335908,28.108679443585107,1363.6499189273686,50.689474619921015,0.0,0.0,14.646864573292826,30.48988776350327,20.153187626157877,35.9541845803818,38.87581979498818,62.507239781196965,0.9976220962136455,0.7360526797146515,0.0777391622462045,0.0003658313517468447,0.0,0.0,0.7589171391988293,0.0,0.0,0.0,0.5498445216755076,0.0012804097311139564,0.0,0.0,0.0
134,8478178,Darren Raddysh,D,TOR,30,82.84482758667973,12.527628942534058,38.15061409676125,1807.806898681927,50.67824303929531,0.0,0.0,5.926183640320821,18.947388059047146,26.52333577970558,49.85403613877342,36.563652308371076,64.46995389241137,0.7603804646058168,0.03731479787817816,0.0,0.0,0.0,0.0,0.9754892994329614,0.05450887141027986,0.0,0.0,0.5202121821840132,0.0029266508139747576,0.0,0.0,0.0
135,8478519,Anthony Cirelli,C,TBL,29,82.74380393789743,22.5790216970134,28.017307833672216,1461.1182706459888,50.596329530685615,0.0,0.0,14.164951105720938,30.315595148685524,20.656667848617257,35.05598649375476,38.692506283280515,61.33444304589828,0.996524602158405,0.7146515456374611,0.0720687762941284,0.0009145783793671117,0.0,0.0,0.7698920797512346,0.0,0.0,0.0,0.5258825681360892,0.00018291567587342235,0.0,0.0,0.0
136,8482175,JJ Peterka,R,BOS,24,82.74618796788084,25.940273539995143,24.561049045174947,1363.520383773191,50.50132258517009,0.0,0.0,19.133833384453308,32.51876489231764,17.101714058266616,32.036326134507505,39.60225996098189,60.980119305894874,1.0,0.9387232485824035,0.17322114505213096,0.0007316627034936894,0.0,0.0,0.48216572160234134,0.0,0.0,0.0,0.5385037497713554,0.0,0.0,0.0,0.0
137,8481533,Trevor Zegras,C,PHI,25,79.4002077513205,18.40873653395894,32.05920836561527,1471.344678852603,50.467944899574206,0.0,0.0,12.475458344326709,24.490130631470784,23.775206896859324,40.81225064174433,39.810606530087775,61.643595729488254,0.993963782696177,0.3724163160782879,0.0014633254069873788,0.0,0.0,0.0,0.9336016096579477,0.0003658313517468447,0.0,0.0,0.5405158222059631,0.00018291567587342235,0.0,0.0,0.0
138,8482097,Jack Quinn,R,BUF,25,80.51480255782205,23.496836790021582,26.970819738253553,1281.0418693645477,50.467656528275135,0.0,0.0,17.219303069407218,30.27257306015494,19.747889332083265,34.52048039442872,39.99804655948405,61.875122491724674,0.9998170843241265,0.8412291933418694,0.07005670385952076,0.0003658313517468447,0.0,0.0,0.6996524602158405,0.0,0.0,0.0,0.5458203768062923,0.0009145783793671117,0.0,0.0,0.0
139,8484984,Ivan Demidov,R,MTL,21,81.50344104952971,20.973579049772678,29.44786777520712,1265.45087654697,50.421446824979796,0.0,0.0,12.853883111980561,29.27159235831266,17.701548067051053,41.25636386070826,35.10036288271235,65.67362551387718,0.9893908907993415,0.5920980428022682,0.04591183464422901,0.00018291567587342235,0.0,0.0,0.7371501737698921,0.0038412291933418692,0.0,0.0,0.5037497713554051,0.006402048655569782,0.0,0.0,0.0
140,8480865,Noah Dobson,D,MTL,26,82.828461811078,10.400195311780276,39.88100256289654,1886.930507848307,50.28119787467682,0.0,0.0,4.771830471940031,15.929803865520558,28.48854719383789,51.2113880532523,36.9615994508395,63.250989098728404,0.5919151271263947,0.004389976220962136,0.0,0.0,0.0,0.0,0.9855496616059997,0.08542162063288823,0.0,0.0,0.5174684470459119,0.0012804097311139564,0.0,0.0,0.0
141,8482113,Anton Lundell,C,FLA,25,82.5177668213314,19.468856236468962,30.804853980168286,1525.5880787902058,50.27371021663725,0.0,0.0,13.128329142989156,25.729710721474003,22.821730058610047,38.476355810704966,39.47936525679977,60.468512698227435,0.9948783610755442,0.48326321565758185,0.004389976220962136,0.0,0.0,0.0,0.9017742820559722,0.0003658313517468447,0.0,0.0,0.5178342783976587,0.00018291567587342235,0.0,0.0,0.0
142,8477402,Pavel Buchnevich,L,STL,31,82.72828713786602,18.43759612576515,31.804151917900903,1500.9791610695263,50.24174804366605,0.0,0.0,11.890981528154063,24.578211259349487,23.966345292072575,39.32931364631799,39.63079762244176,60.51736182975065,0.9879275653923542,0.3716846533747942,0.0023779037863544904,0.0,0.0,0.0,0.935064935064935,0.00018291567587342235,0.0,0.0,0.5075910005487471,0.00018291567587342235,0.0,0.0,0.0
143,8478407,Vince Dunn,D,SEA,30,82.17096546894463,11.370709855180158,38.826827532013304,1787.3037160712931,50.197537387193464,0.0,0.0,6.206144998921741,16.54549378236213,28.849204139254343,48.69730573958143,38.76901999104673,61.98013651383,0.7126394732028535,0.003475397841595025,0.0,0.0,0.0,0.0,0.9946954453996707,0.03804646058167185,0.0,0.0,0.5152734589354308,0.000548747027620267,0.0,0.0,0.0
144,8481542,Moritz Seider,D,DET,25,82.82653256532802,7.977837865395514,41.68072547038707,2096.5850793757163,49.65856333578258,0.0,0.0,2.589635452110248,13.380280624209156,29.85354417940018,53.518441674024515,36.40488075378627,63.04931103665863,0.3222974208889702,0.00018291567587342235,0.0,0.0,0.0,0.0,0.9914029632339492,0.13956466069142126,0.0,0.0,0.49899396378269617,0.0012804097311139564,0.0,0.0,0.0
145,8480015,Owen Tippett,R,PHI,27,82.75057793306836,24.60897176193518,24.98320823249583,1375.6953338653966,49.59217999443101,0.0,0.0,17.14682410862397,31.764273048562217,18.239987795918843,31.6839193372246,39.22554290574188,59.78721364163024,0.9998170843241265,0.8684836290470094,0.12200475580757271,0.0003658313517468447,0.0,0.0,0.5280775562465704,0.0,0.0,0.0,0.47173952807755626,0.0003658313517468447,0.0,0.0,0.0
146,8477496,Elias Lindholm,C,BOS,32,82.73957454526398,19.79037511882276,29.616125772674557,1480.4134638988285,49.406500891497316,0.0,0.0,13.312094955898843,26.16129419555189,21.51211970352705,37.88279933098376,38.66194106266778,60.086420077358454,0.9972562648618987,0.5156392902871776,0.0074995427108103165,0.00018291567587342235,0.0,0.0,0.8441558441558441,0.00018291567587342235,0.0,0.0,0.4744832632156576,0.00018291567587342235,0.0,0.0,0.0
147,8476905,Chandler Stephenson,C,SEA,32,82.70010809858206,11.934502449179067,37.30899400741056,1586.0080381589894,49.243496456589625,0.0,0.0,6.5075838581672,17.07552931561878,28.544721564763293,45.67644857165068,38.64891935095312,59.196428685870856,0.7689775013718676,0.00932869946954454,0.0,0.0,0.0,0.0,0.9925004572891897,0.009877446497164807,0.0,0.0,0.4518017194073532,0.0,0.0,0.0,0.0
148,8482157,Will Cuylle,L,NYR,24,82.74876521543298,21.629247471941518,27.5431989439203,1330.1036949409622,49.17244641586181,0.0,0.0,15.485751931790606,27.954565840348977,20.23147200119106,35.09614439225726,38.77876999301775,59.627618553760335,0.9989025059447595,0.706786171574904,0.020486555697823303,0.0,0.0,0.0,0.740991402963234,0.0,0.0,0.0,0.4494238156209987,0.00018291567587342235,0.0,0.0,0.0
149,8482659,Josh Doan,R,BUF,24,70.96989739495045,21.770825159207057,27.173371942813755,1113.3277615620295,48.94419710202081,0.0,0.0,14.07025656200088,29.929826686841295,19.412633658820152,35.07694218364264,36.904997876808444,61.505410681910874,0.9974391805377721,0.6645326504481434,0.058167184927748306,0.00018291567587342235,0.0,0.0,0.6983720504847265,0.0,0.0,0.0,0.44229010426193527,0.0014633254069873788,0.0,0.0,0.0
150,8482684,Luke Hughes,D,NJD,23,82.66483975892693,10.882224105105658,37.93375063505585,1879.8403050243016,48.81597474016151,0.0,0.0,5.364204646249186,16.455813973647164,27.472182073953597,48.26869431620544,36.58528923318776,60.708855318772,0.6515456374611304,0.005853301627949515,0.0,0.0,0.0,0.0,0.980976769709164,0.03347356868483629,0.0,0.0,0.44466800804828976,0.0003658313517468447,0.0,0.0,0.0
151,8478438,Tommy Novak,C,PIT,29,82.17705989618584,21.11385704369954,27.625700660283734,1172.3340470157304,48.73955770398327,0.0,0.0,15.48628167925333,26.773343282555004,20.425376178334695,34.79103441504015,38.64266990526406,58.64015943976491,1.0,0.6520943844887507,0.011157856228278763,0.0,0.0,0.0,0.7464788732394366,0.0,0.0,0.0,0.4196085604536309,0.00018291567587342235,0.0,0.0,0.0
152,8484145,Zach Benson,L,BUF,21,82.59877261755719,16.293172362635296,32.348265034448985,1315.267322625052,48.64143739708428,0.0,0.0,9.335375947386202,23.21655418552884,23.14377909480169,41.33620287749619,36.35851107068575,60.96126563168694,0.9449423815620999,0.21017011157856227,0.0018291567587342234,0.0,0.0,0.0,0.9182366928845802,0.0016462410828608012,0.0,0.0,0.42765685019206146,0.001097494055240534,0.0,0.0,0.0
153,8475726,Tyler Toffoli,C,SJS,34,82.71370987846211,22.613301222554355,25.687290499278248,1258.0176697038273,48.3005917218326,0.0,0.0,15.520394484890323,29.722200183545525,18.658314262963014,32.97822619976962,37.326557446943276,59.44305346678062,0.998719590268886,0.7441009694530821,0.0556063654655204,0.000548747027620267,0.0,0.0,0.580757270898116,0.0,0.0,0.0,0.40149990854216205,0.0003658313517468447,0.0,0.0,0.0
154,8476399,Blake Coleman,L,MIN,35,82.70692658282816,22.953802672576945,25.16816528921604,1422.7751447291764,48.12196796179299,0.0,0.0,15.257822136618273,30.82375829495491,17.67008234668702,32.66122601409226,36.69969246043403,59.49980598146708,0.9983537589171392,0.7614779586610573,0.0826778854947869,0.0003658313517468447,0.0,0.0,0.5326504481434059,0.0,0.0,0.0,0.4024144869215292,0.0003658313517468447,0.0,0.0,0.0
155,8482259,Bobby McMann,C,SEA,30,82.19443898935022,26.78503250065597,21.262960172737213,1279.0868566219908,48.04799267339318,0.0,0.0,19.66730281555765,33.96441012227115,14.914317029914757,28.01296146763093,37.60714033550815,58.93397598019862,1.0,0.9544539967075178,0.24858240351198096,0.002560819462227913,0.0,0.0,0.1940735321017011,0.0,0.0,0.0,0.3808304371684653,0.0,0.0,0.0,0.0
156,8484387,Matvei Michkov,R,PHI,22,82.73625497387033,20.227720686319493,27.699798352112555,1253.9987127965412,47.92751903843205,0.0,0.0,14.127056128605252,26.29509013117273,19.907447671688203,35.68114390183546,37.05813789473665,58.631699257075184,0.9989025059447595,0.563014450338394,0.00695079568319005,0.0,0.0,0.0,0.73276019754893,0.0,0.0,0.0,0.37534296689226265,0.0,0.0,0.0,0.0
157,8475170,Brayden Schenn,C,NYI,35,82.69096174344993,18.178212057211955,29.639462948661272,1392.3937724902876,47.81767500587323,0.0,0.0,12.541074194693687,24.11406798244346,22.0299981477594,37.37274214267049,37.52495820267739,58.287218552838354,0.9948783610755442,0.3323577830620084,0.0014633254069873788,0.0,0.0,0.0,0.8593378452533382,0.0,0.0,0.0,0.3722334004024145,0.0,0.0,0.0,0.0
158,8483493,Frank Nazar,C,CHI,22,82.7262445612149,24.382308834920845,22.90906339842215,1499.3594136642512,47.291372233343,0.0,0.0,16.585813035546817,31.90638697169152,14.110657823793092,31.324766479893828,34.67711224460105,59.20350345786407,0.9990854216206329,0.8386683738796414,0.13535760014633255,0.0009145783793671117,0.0,0.0,0.36290470093287,0.0,0.0,0.0,0.3479056155112493,0.0,0.0,0.0,0.0
159,8482809,Jackson Blake,R,CAR,23,77.43944636230124,18.993418018003222,27.8830552924038,1270.1518003052518,46.87647331040702,0.0,0.0,11.296833870118087,27.124899327706675,19.38575579762401,36.94055756037178,34.44423728044767,60.065201768414575,0.9773184561916957,0.44082677885494786,0.019206145966709345,0.0,0.0,0.0,0.719773184561917,0.0003658313517468447,0.0,0.0,0.35558807389793307,0.0009145783793671117,0.0,0.0,0.0
160,8480802,Ryan McLeod,C,BUF,27,82.70919158253216,13.435848199123754,33.11320997916787,1410.9237636047274,46.549058178291624,0.0,0.0,8.131857731917068,18.7713440133215,25.003020535997628,41.09632054329602,36.627421394794204,56.52568252074068,0.8811048106822754,0.03347356868483629,0.0,0.0,0.0,0.0,0.9612218767148345,0.0003658313517468447,0.0,0.0,0.3047375160051216,0.0,0.0,0.0,0.0
161,8478042,Viktor Arvidsson,L,DET,33,71.8122551214307,22.67140789524377,23.84876378163973,1076.144276056037,46.5201716768835,0.0,0.0,15.812922470429005,29.951073880054672,16.57894605638351,31.78315742694783,35.55473812752989,58.4588510990218,0.9996341686482532,0.7592829705505761,0.05761843790012804,0.0,0.0,0.0,0.4272910188403146,0.0,0.0,0.0,0.3257728187305652,0.0003658313517468447,0.0,0.0,0.0
162,8477416,Oliver Bjorkstrand,R,NYR,31,82.72663608217701,18.731954332942028,27.7774605525816,1139.109503786109,46.509414885523626,0.0,0.0,13.677336470913001,23.67763820464713,19.8411815005661,35.70650394703966,36.29197811417232,56.76219170559995,0.9989025059447595,0.36967258094018657,0.000548747027620267,0.0,0.0,0.0,0.7303822937625755,0.0,0.0,0.0,0.28900676788000734,0.0,0.0,0.0,0.0
163,8478856,Conor Garland,R,CBJ,30,82.68751584596843,15.804901441172701,30.425832731530587,1401.7279957560597,46.230734172703286,0.0,0.0,9.7517100103488,22.024015401576598,22.933715639958283,37.965745979888,36.15881362946662,56.39520617247105,0.9570148161697457,0.1571245655752698,0.00018291567587342235,0.0,0.0,0.0,0.9001280409731114,0.0,0.0,0.0,0.2796780684104628,0.0,0.0,0.0,0.0
164,8482679,Matt Coronato,R,CGY,24,80.97620875028039,21.68641726121647,24.196345927960074,1351.96706439716,45.88276318917654,0.0,0.0,15.409174858697282,27.93683366176616,16.913220124217727,31.4779290103622,35.52455448646423,56.21168156602933,0.9992683372965063,0.70550576184379,0.022498628132430948,0.0,0.0,0.0,0.4543625388695811,0.0,0.0,0.0,0.26541064569233586,0.0,0.0,0.0,0.0
165,8476539,Jonathan Marchessault,R,NSH,36,82.4730467960524,18.65889026380564,27.163047102815693,1395.8209096058902,45.821937366621334,0.0,0.0,10.72232048478461,26.956406514177626,19.574922105322894,34.633179353283644,34.18864500909851,57.43941088100249,0.970550576184379,0.41338942747393453,0.0155478324492409,0.0,0.0,0.0,0.7027620267056887,0.0,0.0,0.0,0.2809584781415767,0.0,0.0,0.0,0.0
166,8477451,Ryan Hartman,R,MIN,32,82.57153024802636,20.98612072330934,24.789199361610347,1342.7298685704764,45.775320084919684,0.0,0.0,13.779397173102156,28.404958219217896,17.79458477327328,31.75466428750516,35.11273640644147,56.2782006094617,0.9959758551307847,0.6220962136455094,0.029815255167367844,0.00018291567587342235,0.0,0.0,0.5017376989207976,0.0,0.0,0.0,0.2646789829888421,0.0,0.0,0.0,0.0
167,8478498,Jake DeBrusk,L,VAN,30,80.71503037141107,22.150545802343824,23.571805160563063,1354.9517657902081,45.72235096290689,0.0,0.0,13.458164942383224,30.93547292659654,16.56971904156212,30.791767930107483,34.30288600777568,57.72845371532435,0.9919517102615694,0.6755075910005488,0.07755624657033108,0.0012804097311139564,0.0,0.0,0.40278031827327604,0.0,0.0,0.0,0.28187305652094385,0.0,0.0,0.0,0.0
168,8482702,Logan Stankoven,C,CAR,23,80.82565484160978,21.016468989444476,24.435827922931256,1269.2614066531462,45.45229691237573,0.0,0.0,14.346488809155803,27.683152783786344,17.32533429319906,31.60944248711612,35.09412685099671,56.044878142642496,0.997805011889519,0.6310590817633072,0.021584049753063838,0.0,0.0,0.0,0.4743003475397842,0.0,0.0,0.0,0.2454728370221328,0.00018291567587342235,0.0,0.0,0.0
169,8473512,Claude Giroux,R,OTT,38,82.68866528184326,12.580541182991427,32.716364556289356,1388.5238813506483,45.29690573928078,0.0,0.0,7.548203403695983,17.704024578342448,24.1050020233003,41.65808439767174,34.535506856660696,56.177724645207476,0.8313517468447046,0.014816169745747211,0.0,0.0,0.0,0.0,0.9416498993963782,0.0023779037863544904,0.0,0.0,0.2414486921529175,0.00018291567587342235,0.0,0.0,0.0
170,8479400,Pierre-Luc Dubois,C,WSH,28,76.77988731424927,13.57553159034362,31.23116107452617,1281.7129069887492,44.806692664869786,0.0,0.0,7.084596665453432,20.18250248293172,22.09285081292565,41.04268651945323,32.94379407344909,57.027567147543095,0.8476312419974392,0.06566672763855863,0.0003658313517468447,0.0,0.0,0.0,0.8842143771721237,0.0016462410828608012,0.0,0.0,0.25333821108468996,0.00018291567587342235,0.0,0.0,0.0
171,8481716,Dmitri Voronkov,L,CBJ,26,81.64204387977144,20.8357224832763,23.90742171614596,1159.6437890304335,44.74314419942226,0.0,0.0,14.408821224099562,27.473506299191005,17.749868815153395,30.478699965554554,35.08320766627245,54.95877318790891,0.9981708432412658,0.615877080665813,0.018108651911468814,0.0,0.0,0.0,0.43497347722699836,0.0,0.0,0.0,0.21163343698554965,0.0,0.0,0.0,0.0
172,8475768,Jaden Schwartz,L,COL,34,79.37245759343553,18.746630303413227,25.991642442396298,1296.7257339947603,44.738272745809525,0.0,0.0,12.814141735083213,24.986293860943377,18.99684368828137,33.29015957319034,34.69623376814764,55.51576804385354,0.9932321199926833,0.42509603072983354,0.0038412291933418692,0.0,0.0,0.0,0.631424913115054,0.0,0.0,0.0,0.2194988110481068,0.0,0.0,0.0,0.0
173,8473994,Jamie Benn,L,DAL,37,82.34207243214117,16.780594488412046,27.72995738219472,1128.7486475379294,44.51055187060676,0.0,0.0,10.91618465119121,22.697962640687187,19.08549995440693,36.631937987992224,32.50785966088193,56.53092396655059,0.9818913480885312,0.20907261752332174,0.001097494055240534,0.0,0.0,0.0,0.7014816169745747,0.0,0.0,0.0,0.22937625754527163,0.0003658313517468447,0.0,0.0,0.0
174,8482730,Brandt Clarke,D,LAK,23,79.35069930676026,8.716024710038914,35.79339145844174,1529.6199855167704,44.509416168480655,0.0,0.0,3.1124918105679185,14.439738369422376,25.375798410973918,46.532440447233384,32.32066850754317,57.047392713263505,0.39473202853484546,0.002560819462227913,0.0,0.0,0.0,0.0,0.964514358880556,0.0188403146149625,0.0,0.0,0.24053411377355038,0.000548747027620267,0.0,0.0,0.0
175,8483524,Shane Wright,C,SEA,22,82.67943974632624,22.75998171248638,21.53943043264776,1153.6242692458713,44.29941214513414,0.0,0.0,15.19129942707499,30.655334802370206,14.716155278272762,28.550214342763855,33.02689191573587,55.67692322174223,0.998719590268886,0.7378818364733858,0.07719041521858423,0.0,0.0,0.0,0.22151088348271447,0.0,0.0,0.0,0.21017011157856227,0.0,0.0,0.0,0.0
176,8476882,Teuvo Teravainen,C,CHI,32,81.70371907712534,12.20200324370446,31.995630364708898,1405.063059317658,44.197633608413355,0.0,0.0,6.494782267880497,18.142404639481107,23.65342379160061,40.17670583366631,33.34998829024665,54.49223531437685,0.7687945856959941,0.019206145966709345,0.0,0.0,0.0,0.0,0.9308578745198464,0.0007316627034936894,0.0,0.0,0.18236692884580208,0.0,0.0,0.0,0.0
177,8479675,Trevor Moore,L,LAK,31,82.32453070257685,20.977477058112925,23.030660730100696,1384.022401590591,44.00813778821362,0.0,0.0,13.82508740413184,28.501412649516784,16.390378594516967,29.824770924964856,33.624715849221374,54.34455496046917,0.9957929394549113,0.617157490396927,0.03127858057435522,0.0,0.0,0.0,0.35284433875983173,0.0,0.0,0.0,0.18950064020486557,0.0,0.0,0.0,0.0
178,8481581,Thomas Harley,D,DAL,25,82.81489118334001,9.4230934316853,34.265030085796795,1898.9861621008172,43.6881235174821,0.0,0.0,3.549598519376767,15.225693545384445,24.627820588261454,43.632710383359715,32.15787751606131,54.7713964044302,0.4757636729467715,0.0029266508139747576,0.0,0.0,0.0,0.0,0.952807755624657,0.0054874702762026705,0.0,0.0,0.18035485641119445,0.0,0.0,0.0,0.0
179,8477511,Anthony Mantha,R,NJD,32,77.12224314018084,22.385364230796412,21.28458592143751,1162.6614381478657,43.66995015223392,0.0,0.0,15.25686776396796,30.44112360564142,14.348373818653611,28.783097663540484,32.84445306522643,55.940412748695636,0.9989025059447595,0.73276019754893,0.07298335467349552,0.00018291567587342235,0.0,0.0,0.2306566672763856,0.0,0.0,0.0,0.21090177428205598,0.00018291567587342235,0.0,0.0,0.0
180,8481554,Kaapo Kakko,R,SEA,25,81.65665165569436,16.839757499797507,26.77770574547812,1177.1074684134173,43.61746324527563,0.0,0.0,12.032837401200679,21.825459084464878,19.675052729973586,34.08209727489642,34.18680341305253,53.13125153954015,0.995244192427291,0.181452350466435,0.0,0.0,0.0,0.0,0.6791659045180172,0.0,0.0,0.0,0.15200292665081397,0.0,0.0,0.0,0.0
181,8478458,Jack Roslovic,C,TOR,29,82.16953657345982,20.643416820327186,22.542009179548753,1278.5747502051847,43.18542599987594,0.0,0.0,14.872733307331213,26.466109687970985,16.227349318017694,28.84684315396737,33.983917053378285,52.624450297049236,1.0,0.6113041887689775,0.006584964331443205,0.0,0.0,0.0,0.29449423815621,0.0,0.0,0.0,0.1243826595939272,0.0,0.0,0.0,0.0
182,8476462,Dougie Hamilton,D,NJD,33,75.75928502404378,12.11916971908789,31.06596800808162,1620.7883407480203,43.18513772716951,0.0,0.0,5.927255409860927,18.57721066442323,20.840176262107995,41.580522229022385,30.85284981946445,56.199623322998015,0.7464788732394366,0.029815255167367844,0.0,0.0,0.0,0.0,0.8534845436253887,0.004024144869215292,0.0,0.0,0.2037680629229925,0.00018291567587342235,0.0,0.0,0.0
183,8481601,Simon Holmstrom,R,NYI,25,82.6759637395925,19.6187896600775,23.463673567370613,1368.8750278568823,43.082463227448116,0.0,0.0,13.830208803357728,25.251531471811447,16.44074926146098,30.707828353598146,33.853480942732745,52.538939113751425,0.9990854216206329,0.5008231205414304,0.0029266508139747576,0.0,0.0,0.0,0.38613499176879457,0.0,0.0,0.0,0.11962685202121821,0.0,0.0,0.0,0.0
184,8478469,Thomas Chabot,D,OTT,29,80.09610381260701,9.855511929658427,33.21200547870077,1837.6941681195149,43.067517408359194,0.0,0.0,4.79487218514277,14.947427697010966,23.976229155822814,42.47958772134086,32.021280751338494,54.12204578364066,0.5293579659776843,0.0016462410828608012,0.0,0.0,0.0,0.0,0.9379915858789099,0.0027437351381013352,0.0,0.0,0.16645326504481434,0.0,0.0,0.0,0.0
185,8476853,Morgan Rielly,D,TOR,32,82.8198549923458,6.525949912053514,35.68897700936987,1760.7863250013145,42.214926921423384,0.0,0.0,1.773901139899227,10.966032275710639,25.611300582404585,45.67119252974334,30.859967262429347,53.2023767312475,0.13316261203585147,0.0,0.0,0.0,0.0,0.0,0.9685385037497714,0.0139015913663801,0.0,0.0,0.1252972379732943,0.0,0.0,0.0,0.0
186,8480748,Kiefer Sherwood,L,SJS,31,82.4393227658998,20.03818954344829,21.849857165513978,1347.894083554775,41.888046708962264,0.0,0.0,14.176265420094031,25.767863253231607,15.34093367237191,28.375720333921095,32.79681906959916,51.196251434213266,0.9985366745930127,0.5392354124748491,0.004024144869215292,0.0,0.0,0.0,0.23925370404243643,0.0,0.0,0.0,0.08633619901225535,0.0,0.0,0.0,0.0
187,8480028,Morgan Frost,C,CGY,27,82.67015039020372,18.344521667722542,23.471586623333305,1286.3556766473896,41.81610829105585,0.0,0.0,12.93968503849129,23.833784452717957,16.413277016021258,30.912706164484568,32.334280038355956,51.76753738634285,0.9968904335101518,0.3543076641668191,0.000548747027620267,0.0,0.0,0.0,0.4024144869215292,0.0,0.0,0.0,0.09914029632339491,0.0,0.0,0.0,0.0
188,8477505,Alexander Wennberg,C,SJS,32,82.6782820757157,14.55120420696743,27.15391997070319,1654.7625663596161,41.70512417767062,0.0,0.0,8.968411076201866,20.326549162268577,18.892086740255824,35.361610938669955,31.450600106514393,51.76718158043782,0.9323211999268337,0.07847082494969819,0.0,0.0,0.0,0.0,0.6824583866837388,0.0,0.0,0.0,0.09694530821291385,0.0,0.0,0.0,0.0
189,8481711,Matias Maccelli,L,NYI,26,82.0161641976762,14.113565182424486,27.53825570428547,1206.5523961712793,41.651820886709956,0.0,0.0,9.232660172703339,19.0000529003546,20.077727122005737,35.21009917300502,31.977215649344462,51.64269747835785,0.9389061642582769,0.03676605085055789,0.0,0.0,0.0,0.0,0.728004389976221,0.0,0.0,0.0,0.08761660874336931,0.0,0.0,0.0,0.0
190,8477986,Brandon Montour,D,SEA,32,82.20684471027849,11.915033536237102,29.543814847825125,1871.5359564121306,41.45884838406223,0.0,0.0,5.807374932842423,18.427273748671677,20.306350056170544,38.85396605739319,30.349862322355985,53.194225226876064,0.7380647521492592,0.02890067678800073,0.0,0.0,0.0,0.0,0.8198280592646789,0.00018291567587342235,0.0,0.0,0.12639473202853485,0.0,0.0,0.0,0.0
191,8482705,Cole Sillinger,C,CBJ,23,82.65018923410013,16.68544455082438,24.688825727716452,1276.7672057180032,41.374270278540834,0.0,0.0,11.58957610424631,22.0657904377163,18.2028497920694,31.598288913629887,32.42746287783947,50.772612852486716,0.9901225535028352,0.1873056520943845,0.00018291567587342235,0.0,0.0,0.0,0.5072251691970002,0.0,0.0,0.0,0.07243460764587525,0.0,0.0,0.0,0.0
192,8482110,Dawson Mercer,C,NJD,25,82.67131506445102,20.217647865312365,20.63631926056432,1476.1610529092811,40.853967125876686,0.0,0.0,13.891693620155658,26.518644513303432,13.742879608775725,27.46863131870999,30.873780360506128,50.62067754067244,0.9974391805377721,0.5571611487104445,0.008962868117797696,0.0,0.0,0.0,0.16645326504481434,0.0,0.0,0.0,0.0744466800804829,0.0,0.0,0.0,0.0
193,8484762,Beckett Sennecke,R,ANA,20,82.6166735765495,19.0454730861562,21.799415859398422,1453.7532639436401,40.84488894555462,0.0,0.0,11.7570225214096,26.321664811969978,12.893323932303204,30.347133387681787,29.206635694778242,52.42147077737097,0.9877446497164807,0.4313151637095299,0.013535760014633254,0.0,0.0,0.0,0.2807755624657033,0.0,0.0,0.0,0.10042070605450887,0.0,0.0,0.0,0.0
194,8481553,Bobby Brink,R,MIN,25,81.61782899421004,16.021733869004606,24.781821067666378,1210.7616654168703,40.803554936670984,0.0,0.0,10.86109830811854,21.289087715377075,18.01794617122816,31.612165034195428,31.660060227539716,50.08918912165009,0.9806109383574172,0.1333455277117249,0.0,0.0,0.0,0.0,0.5008231205414304,0.0,0.0,0.0,0.05981342601060911,0.0,0.0,0.0,0.0
195,8482737,Zachary Bolduc,R,MTL,23,79.1782321152932,22.612950946489043,18.065772865502545,1062.178496424932,40.67872381199159,0.0,0.0,17.10211154803871,28.801706009963393,12.384118740729116,24.2187760584603,31.859630294475263,50.44237952618401,1.0,0.8110481068227547,0.03255899030546918,0.0,0.0,0.0,0.04280226815438083,0.0,0.0,0.0,0.06603255899030547,0.0,0.0,0.0,0.0
196,8476461,Sean Couturier,C,PHI,34,82.68080192044889,12.81881114942415,27.855214416736185,1386.61710557806,40.67402556616034,0.0,0.0,7.129298368896793,18.24801600092222,20.557692921231503,35.196398526626716,31.139644886493652,50.112012168586276,0.8361075544174136,0.022681543808304373,0.0,0.0,0.0,0.0,0.7620267056886775,0.0,0.0,0.0,0.06237424547283702,0.0,0.0,0.0,0.0
197,8480009,Eeli Tolvanen,R,NYR,27,82.68582948479164,21.78475096458666,18.810509165730476,1286.0345950144463,40.595260130317136,0.0,0.0,16.357184378155907,27.24599731522114,12.700844404689539,24.810046772828166,32.04657247781543,49.10954997064848,1.0,0.7400768245838668,0.01006036217303823,0.0,0.0,0.0,0.05981342601060911,0.0,0.0,0.0,0.043716846533747945,0.0,0.0,0.0,0.0
198,8479999,Casey Mittelstadt,C,BOS,28,82.69345521687056,14.389162306920435,26.16539460869513,1289.1499964814373,40.554556915615564,0.0,0.0,9.520212313181867,19.22605187648591,18.762822655396636,33.64184495381218,30.988274630056008,49.97447158065066,0.951527345893543,0.03969270166453265,0.0,0.0,0.0,0.0,0.6164258276934333,0.0,0.0,0.0,0.05688677519663435,0.0,0.0,0.0,0.0
199,8482089,Jake Neighbours,L,STL,24,82.66898471210328,19.706903970642802,20.822450585874403,1264.6483599478072,40.529354556517205,0.0,0.0,13.599045763653628,25.74423664929754,14.340973548273663,27.371234318802074,30.93057705554098,49.86096583407413,0.9979879275653923,0.5046643497347723,0.004938723248582404,0.0,0.0,0.0,0.17120907261752333,0.0,0.0,0.0,0.057069690872507774,0.0,0.0,0.0,0.0
200,8482671,Owen Power,D,BUF,24,82.78328842414034,7.739190699921218,32.709370433273456,1823.4020065827744,40.44856113319467,0.0,0.0,3.2527104336204165,12.269971458754537,23.809044059844176,41.81809189796385,30.3177830304338,51.076661690746725,0.2496798975672215,0.0,0.0,0.0,0.0,0.0,0.9330528626303274,0.0012804097311139564,0.0,0.0,0.0760929211633437,0.0,0.0,0.0,0.0
201,8482092,Ridly Greig,C,OTT,24,80.660796787265,15.858408820915338,24.51195550752191,1333.8409843476836,40.37036432843725,0.0,0.0,10.302082148520126,21.487273210873038,17.777528343455018,31.330742024760113,31.49769230944594,49.662008161217464,0.9701847448326322,0.14011340771904152,0.0,0.0,0.0,0.0,0.48911651728553135,0.0,0.0,0.0,0.0532284616791659,0.0,0.0,0.0,0.0
202,8480797,Joel Farabee,L,CGY,26,82.65137850866905,15.956792258743452,24.410344603681583,1371.066721492444,40.367136862425035,0.0,0.0,10.318813200663678,21.675043718871667,17.590318942222638,30.909871867984297,31.266275505110105,49.79033244768898,0.9714651545637462,0.15017376989207976,0.0003658313517468447,0.0,0.0,0.0,0.47283702213279677,0.0,0.0,0.0,0.05341137735503933,0.0,0.0,0.0,0.0
203,8478462,Nicolas Roy,C,COL,29,82.0808420672368,17.862749719049475,22.49256613647608,1194.0297134002044,40.355315855525554,0.0,0.0,12.93414827660744,22.841175343078678,16.16391667153639,28.75004171143422,31.543707100083353,48.82154691857691,0.9979879275653923,0.284982623010792,0.0,0.0,0.0,0.0,0.27949515273458936,0.0,0.0,0.0,0.03822937625754527,0.0,0.0,0.0,0.0
204,8481624,Ilya Mikheyev,R,TBL,32,82.64189512293163,18.143221625909113,22.039892300063304,1383.2721650653589,40.18311392597242,0.0,0.0,12.728875477376018,23.25896000535151,15.428510961667023,28.62103256507731,31.053003781497665,48.70033894403455,0.9976220962136455,0.307481251143223,0.000548747027620267,0.0,0.0,0.0,0.24657033107737333,0.0,0.0,0.0,0.04060728004389976,0.0,0.0,0.0,0.0
205,8480459,Pius Suter,C,STL,30,81.97963820899801,19.312694228972447,20.718559697986734,1311.471029817149,40.03125392695918,0.0,0.0,13.694708190134449,25.643252134000413,14.436450749117459,27.00162312174921,30.970538142726237,49.69382918962798,0.9985366745930127,0.45966709346991036,0.004755807572708981,0.0,0.0,0.0,0.1547466617889153,0.0,0.0,0.0,0.0515822205963051,0.0,0.0,0.0,0.0
206,8475167,Victor Hedman,D,TBL,36,78.5465515634998,6.966878032601046,32.84020989945055,1595.2092186825284,39.807087932051594,0.0,0.0,0.8947072762906421,13.313508324562386,21.6232972477213,44.97400213296051,26.844006751934494,54.134987494793336,0.24913115053960125,0.0014633254069873788,0.0,0.0,0.0,0.0,0.8820193890616426,0.017011157856228278,0.0,0.0,0.1267605633802817,0.00018291567587342235,0.0,0.0,0.0
207,8478038,Devon Toews,D,COL,32,82.61238219507909,7.082852976713398,32.49296500662464,1869.8693945613495,39.575817983338034,0.0,0.0,2.1000952841348166,11.936365833668395,23.236463423053067,41.98556478667336,28.916927102549746,50.47247863773043,0.20175599048838486,0.0,0.0,0.0,0.0,0.0,0.921163343698555,0.0018291567587342234,0.0,0.0,0.06493506493506493,0.0,0.0,0.0,0.0
208,8477429,Andrew Copp,C,DET,32,82.30847060315165,13.441656270018992,25.961761083153963,1375.837145551098,39.403417353172955,0.0,0.0,7.969672262933798,19.09116648259368,18.65205577102495,33.45331454220924,29.60350458400272,49.17931700230319,0.8712273641851107,0.03896103896103896,0.0,0.0,0.0,0.0,0.6138650082312054,0.0,0.0,0.0,0.04518017194073532,0.0,0.0,0.0,0.0
209,8481068,Yegor Sharangovich,C,CGY,28,82.64901378294245,17.5451116890673,21.788734978695615,1343.777688079556,39.33384666776291,0.0,0.0,11.897195109085374,23.303700331313046,15.63261223058055,27.947838655855115,30.50516537473288,48.29410930570353,0.9910371318822023,0.2666910554234498,0.0003658313517468447,0.0,0.0,0.0,0.22334004024144868,0.0,0.0,0.0,0.030912749222608376,0.0,0.0,0.0,0.0
210,8483499,Liam Ohgren,L,VAN,22,82.6397346081931,13.139536132200881,26.03435972931217,1115.317612080177,39.173895861513046,0.0,0.0,7.80803707727746,18.357481934780974,18.546085461098805,33.69029663784929,28.99263944740534,49.25237425593237,0.8622644960673129,0.026888604353393086,0.0,0.0,0.0,0.0,0.6036217303822937,0.0,0.0,0.0,0.04481434058898848,0.0,0.0,0.0,0.0
211,8478396,Noah Hanifin,D,VGK,29,82.80116571962397,9.504626273339607,29.52073347653954,1849.3395339171936,39.025359749879144,0.0,0.0,4.76631606482719,14.117431463930581,20.17726588242335,38.56694099451439,28.384071135563175,49.472898874997334,0.48637278214743,0.0,0.0,0.0,0.0,0.0,0.8028169014084507,0.00018291567587342235,0.0,0.0,0.049570148161697455,0.0,0.0,0.0,0.0
212,8480220,Noah Cates,L,PHI,27,82.68426472031057,15.591429480012156,23.402336062626365,1302.4796424499095,38.99376554263852,0.0,0.0,10.196875306548582,21.07288200586004,16.424409757800156,30.067971125732097,29.665649310371798,48.25402470804293,0.9694530821291385,0.11596853850374977,0.0,0.0,0.0,0.0,0.374611304188769,0.0,0.0,0.0,0.032376074629595755,0.0,0.0,0.0,0.0
213,8481617,Vasily Podkolzin,R,EDM,25,80.16320097980538,19.604676725729313,19.376545484192363,1223.9718550421014,38.981222209921675,0.0,0.0,14.283799797249522,25.050751777827465,12.992130948871461,25.920913970527916,29.927802746968577,48.360819313203244,0.9994512529723797,0.48454362538869583,0.0018291567587342234,0.0,0.0,0.0,0.09273824766782514,0.0,0.0,0.0,0.03329065300896287,0.0,0.0,0.0,0.0
214,8471724,Kris Letang,D,PIT,39,82.78128592421291,6.615112443450771,32.313902802664266,1827.0874137456772,38.929015246115036,0.0,0.0,0.8525175908196283,12.354672976859328,22.382986114699662,42.01288307450668,27.116730112627213,50.39913571810373,0.19901225535028352,0.0,0.0,0.0,0.0,0.0,0.9015913663800987,0.0032924821657216025,0.0,0.0,0.0621913297969636,0.0,0.0,0.0,0.0
215,8477989,Christian Dvorak,C,PHI,30,81.56949954771017,14.947900316186505,23.84970489508096,1449.2357880068669,38.79760521126747,0.0,0.0,8.72793119837868,21.28827769908691,16.247812847699052,31.54110339755446,28.35664366358134,49.45972519039478,0.9184196085604537,0.11633436985549661,0.0003658313517468447,0.0,0.0,0.0,0.4346076458752515,0.0,0.0,0.0,0.04902140113407719,0.0,0.0,0.0,0.0
216,8475753,Justin Faulk,D,DET,34,82.6247975881936,9.735999342686958,28.855583258886753,1810.7616304003775,38.59158260157371,0.0,0.0,3.7382361712749717,15.572377466741521,19.685333124119193,38.13550762064436,27.541375276337412,49.76228262185356,0.528809218950064,0.005121638924455826,0.0,0.0,0.0,0.0,0.7730016462410828,0.000548747027620267,0.0,0.0,0.05341137735503933,0.00018291567587342235,0.0,0.0,0.0
217,8485366,Matthew Schaefer,D,NYI,19,82.41777819894264,14.50466438662831,24.014416828417,2035.7090563755173,38.51908121504531,0.0,0.0,5.629397605135421,22.877249078727584,9.569460826415721,38.62036505008958,20.990018158585954,55.464302375584516,0.8231205414304006,0.1514541796231937,0.0029266508139747576,0.0,0.0,0.0,0.45363087616608744,0.0032924821657216025,0.0,0.0,0.1399304920431681,0.001097494055240534,0.0,0.0,0.0
218,8478020,Michael Amadio,R,OTT,30,82.6203172039951,17.98427856679717,20.335955920998664,1302.2537749773935,38.32023448779583,0.0,0.0,12.976279460019015,23.031089809963756,13.91470970173899,27.05785521097016,29.465730716127553,47.21857203312404,0.9976220962136455,0.28681177976952626,0.0,0.0,0.0,0.0,0.1547466617889153,0.0,0.0,0.0,0.025059447594658862,0.0,0.0,0.0,0.0
219,8476875,Mike Matheson,D,MTL,32,82.797215480211,6.6977018470870995,31.571383120439254,2022.4122577336982,38.269084967526354,0.0,0.0,2.030713258322166,11.603918284080112,20.73539535501654,42.419127430005275,26.12009990274945,50.47303742566342,0.16242912017559905,0.0,0.0,0.0,0.0,0.0,0.8496433144320469,0.0027437351381013352,0.0,0.0,0.06200841412109018,0.0,0.0,0.0,0.0
220,8475791,Taylor Hall,L,CAR,35,78.70575417669282,17.84952193549741,20.348671573889618,1148.5394199889606,38.198193509387025,0.0,0.0,12.578467032090812,23.627055948793444,13.031884820872792,27.821658693447986,28.282634954988552,48.65005947995789,0.9963416864825315,0.29961587708066584,0.0007316627034936894,0.0,0.0,0.0,0.17175781964514358,0.0,0.0,0.0,0.038595207609292116,0.0,0.0,0.0,0.0
221,8477987,Ryan Donato,C,CHI,30,82.66452335014401,16.48115733978874,21.716146982011047,1202.4898318621417,38.19730432179979,0.0,0.0,10.943778560127999,22.112505582523085,14.776696810971337,28.870488551442694,28.60014064415763,47.874988264279075,0.9831717578196452,0.1790744466800805,0.0,0.0,0.0,0.0,0.24528992134625938,0.0,0.0,0.0,0.030546917870861532,0.0,0.0,0.0,0.0
222,8477998,Warren Foegele,L,OTT,30,82.64427209685715,17.573659624180323,20.13823331961751,1154.5274504722322,37.711892943797835,0.0,0.0,11.121279392915909,24.213331020847715,13.746647174550125,26.7084876229842,28.09178740287775,47.912901305310854,0.9833546734955185,0.3029083592463874,0.002012072434607646,0.0,0.0,0.0,0.1252972379732943,0.0,0.0,0.0,0.030181086519114688,0.0,0.0,0.0,0.0
223,8477495,Seth Jones,D,FLA,32,78.53805348306128,8.072629923486415,29.57959638336985,1914.6172581361648,37.652226306856264,0.0,0.0,2.9497588070195793,13.165936927613275,20.300157151963923,39.231015905341486,26.99017076229423,48.72769237435202,0.3175416133162612,0.0003658313517468447,0.0,0.0,0.0,0.0,0.8039143954636913,0.001097494055240534,0.0,0.0,0.04005853301627949,0.0,0.0,0.0,0.0
224,8478397,Rasmus Andersson,D,VGK,30,82.79126607199049,11.148091508638574,26.17548549331031,1907.4035898480836,37.323577001948884,0.0,0.0,5.053715940161208,17.139457674905483,17.3231402084658,35.33621211144827,26.44313854058963,48.31662880572276,0.6663618072068777,0.0139015913663801,0.0,0.0,0.0,0.0,0.6114871044448509,0.0,0.0,0.0,0.03566855679531736,0.0,0.0,0.0,0.0
225,8483808,Andrei Kuzmenko,L,PIT,30,77.64848729883758,16.055988360409167,21.204261507176966,1154.7211605804036,37.26024986758613,0.0,0.0,10.09362410021439,22.09408062387889,15.00291047977656,27.890687998553332,28.099799850238284,46.766910041338974,0.9690872507773917,0.16334369855496617,0.0007316627034936894,0.0,0.0,0.0,0.20687762941284069,0.0,0.0,0.0,0.017011157856228278,0.0,0.0,0.0,0.0
226,8482055,Drew O'Connor,L,VAN,28,82.63854297946817,17.43022453636407,19.795359423567543,1224.5032621184573,37.22558395993161,0.0,0.0,10.31956338074555,24.50488181570227,11.150054338417984,28.711285021078336,25.47309670663186,49.2879685868751,0.970550576184379,0.2963233949149442,0.004755807572708981,0.0,0.0,0.0,0.18401316992866287,0.0,0.0,0.0,0.04700932869946955,0.0,0.0,0.0,0.0
227,8478474,Lawson Crouse,L,UTA,29,82.6456773944174,19.4646774212773,17.755185753597452,1333.7846040421612,37.21986317487475,0.0,0.0,13.313571627236989,25.53809017787523,11.017531396201594,24.352881541398894,27.782348074609217,46.78366552253426,0.9974391805377721,0.48472654106456925,0.005121638924455826,0.0,0.0,0.0,0.04627766599597585,0.0,0.0,0.0,0.020486555697823303,0.0,0.0,0.0,0.0
228,8482660,Kent Johnson,C,CBJ,24,79.76241555258211,15.248339556540635,21.924283034418483,1107.120775714825,37.17262259095912,0.0,0.0,10.262344341943258,20.43383811222218,15.793113507866584,28.496381384121324,28.358658156060926,46.529755125304845,0.9712822388878727,0.08578745198463508,0.0,0.0,0.0,0.0,0.23797329431132247,0.0,0.0,0.0,0.017376989207975122,0.0,0.0,0.0,0.0
229,8480188,Fabian Zetterlund,L,OTT,27,82.61910860178376,16.368356014237534,20.775074871025495,1149.2462697039568,37.14343088526303,0.0,0.0,9.924765663672522,23.49411569030277,12.668281685549664,29.375608978557352,25.64334237042595,49.990836985316214,0.9619535394183282,0.21675507591000548,0.002012072434607646,0.0,0.0,0.0,0.22443753429668922,0.0,0.0,0.0,0.055789281141393816,0.0,0.0,0.0,0.0
230,8474150,Mikael Backlund,C,CGY,37,82.63832197932123,14.056423469254966,22.98568060012808,1494.0724275573643,37.04210406938304,0.0,0.0,8.211940657513939,19.994327634407423,14.31743830441431,31.975881892856663,26.351835150656385,47.85905223505427,0.8915310042070606,0.061093835741723064,0.0,0.0,0.0,0.0,0.3795500274373514,0.0,0.0,0.0,0.03255899030546918,0.0,0.0,0.0,0.0
231,8476432,Boone Jenner,C,WSH,33,66.52429737861559,15.699567811791743,21.296652306057847,1094.4917739597872,36.99622011784959,0.0,0.0,10.245640420919758,21.658473944050066,14.388981943996342,28.665426904622986,27.769641433040277,47.226597996200354,0.9689043351015182,0.13883299798792756,0.0003658313517468447,0.0,0.0,0.0,0.22553502835192976,0.0,0.0,0.0,0.022681543808304373,0.0,0.0,0.0,0.0
232,8481524,Bowen Byram,D,CHI,25,81.81010919083303,10.351737377026666,26.42831960002947,1829.0387391778402,36.780056977056134,0.0,0.0,4.980083081503226,15.731426077385406,17.91895962043357,35.025006092980085,26.628636117899184,46.93317380728519,0.5948417779403695,0.00310956648984818,0.0,0.0,0.0,0.0,0.6281324309493324,0.0,0.0,0.0,0.021401134077190416,0.0,0.0,0.0,0.0
233,8481582,Nick Robertson,L,PIT,25,81.77111511653744,20.027780676571858,16.499270929465048,1035.5452197501927,36.527051606036906,0.0,0.0,14.49816638042175,26.002780533605808,10.989614338895004,22.635112241932173,27.519857684228587,46.10954227547234,0.9998170843241265,0.5330162794951527,0.0053045546003292485,0.0,0.0,0.0,0.01609657947686117,0.0,0.0,0.0,0.01316992866288641,0.0,0.0,0.0,0.0
234,8477346,MacKenzie Weegar,D,UTA,32,82.80028413215506,8.928271657257909,27.561786875804398,1868.5514397784793,36.49005853306231,0.0,0.0,3.757741380709264,14.224989579091318,18.376753388018177,36.40370959749681,25.62416435981585,47.021169082874884,0.4196085604536309,0.0,0.0,0.0,0.0,0.0,0.6917870861532833,0.0,0.0,0.0,0.023047375160051217,0.0,0.0,0.0,0.0
235,8473986,Alex Killorn,L,ANA,37,82.57736775663128,17.95268843046139,18.452299410035042,1392.3881811141243,36.40498784049643,0.0,0.0,12.49910075333762,23.331690956703405,11.839858382696365,25.217854209384903,27.296266036074115,45.61973515629146,0.9956100237790378,0.3120541430400585,0.0,0.0,0.0,0.0,0.06859337845253338,0.0,0.0,0.0,0.011157856228278763,0.0,0.0,0.0,0.0
236,8480185,Eetu Luostarinen,C,FLA,28,82.61304996809031,17.633273825504496,18.711484889116807,1346.2815969987882,36.34475871462131,0.0,0.0,12.288433614758267,22.94346623341489,12.306263840947658,25.008406931457117,27.837210123477217,44.93810495886168,0.9946954453996707,0.2714468629961588,0.000548747027620267,0.0,0.0,0.0,0.06621547466617889,0.0,0.0,0.0,0.0074995427108103165,0.0,0.0,0.0,0.0
237,8477948,Travis Sanheim,D,PHI,30,82.7923666007149,9.699358335653686,26.610943630548622,2008.521811828806,36.31030196620231,0.0,0.0,4.732773072457355,14.51770429716579,17.072645825222143,36.09204149193709,25.362635446929623,46.893843892047286,0.5112493140662154,0.0009145783793671117,0.0,0.0,0.0,0.0,0.6178891531004207,0.0,0.0,0.0,0.022864459484177795,0.0,0.0,0.0,0.0
238,8476392,Adam Lowry,C,WPG,33,82.5162769361519,14.490696056096684,21.81163920611864,1252.7780867097333,36.30233526221532,0.0,0.0,9.228162078689333,19.807571675289488,15.60439827368281,28.081772525226967,27.75103712093049,45.00307595714107,0.93854033290653,0.0621913297969636,0.0,0.0,0.0,0.0,0.2218767148344613,0.0,0.0,0.0,0.008414121090177428,0.0,0.0,0.0,0.0
239,8480068,Ryan Poehling,C,ANA,27,82.2252681777635,12.414422857886004,23.830826648804745,1226.3233610602742,36.24524950669075,0.0,0.0,8.174563107747378,16.73099671848548,16.425062943042914,31.463666286979812,27.243949732328705,45.44514058298294,0.8633619901225535,0.0027437351381013352,0.0,0.0,0.0,0.0,0.42034022315712455,0.0,0.0,0.0,0.009694530821291385,0.0,0.0,0.0,0.0
240,8478542,Evan Rodrigues,C,NJD,33,82.6347395960037,13.85092704539554,22.38217841157344,1368.1631410588318,36.233105456968985,0.0,0.0,8.43300900598495,19.35778686409017,15.78976529471155,28.941705953226222,27.199103498832763,44.95868817908652,0.908176330711542,0.045546003292482165,0.0,0.0,0.0,0.0,0.2822388878726907,0.0,0.0,0.0,0.008962868117797696,0.0,0.0,0.0,0.0
241,8482159,Tyson Foerster,R,PHI,24,77.75859484945902,19.257164890661297,16.850991815300826,1350.1930802057414,36.108156705962124,0.0,0.0,10.47873033351115,28.423902679825698,10.070181713105768,23.84230244769032,24.498067614743384,48.31306781993785,0.9676239253704042,0.47411743186391075,0.0343881470642034,0.00018291567587342235,0.0,0.0,0.03786354490579843,0.0,0.0,0.0,0.03713188220230474,0.0,0.0,0.0,0.0
242,8484186,Ryan Leonard,R,WSH,21,82.17092843810867,19.98120984441474,15.899046870235548,1181.3730841674314,35.88025671465029,0.0,0.0,13.481021191986827,26.49154305481303,7.925559307789016,23.91714819965294,25.033054483406875,46.794108119062585,0.9979879275653923,0.5174684470459119,0.0076824583866837385,0.0,0.0,0.0,0.039875617340406073,0.0,0.0,0.0,0.020852387049570147,0.0,0.0,0.0,0.0
243,8476479,Phillip Danault,C,MTL,33,82.61789895921525,9.964090228934088,25.64691798297216,1313.6449239889055,35.611008211906245,0.0,0.0,5.087314975019373,14.709738416327866,17.583436354165645,33.9566549507348,25.701680556494477,45.70182085950981,0.5355770989573806,0.001097494055240534,0.0,0.0,0.0,0.0,0.5635631973660142,0.0,0.0,0.0,0.012255350283519298,0.0,0.0,0.0,0.0
244,8475151,Kyle Palmieri,C,NYI,35,75.87282199534215,15.817606134193753,19.628774130385384,1387.479584041441,35.44638026457913,0.0,0.0,6.403337472062136,25.457858613398315,11.038097971232856,28.857044036039426,22.206036986998633,49.50933935648035,0.8648253155295409,0.2608377537955003,0.013535760014633254,0.0003658313517468447,0.0,0.0,0.1768794585695994,0.0,0.0,0.0,0.05048472654106457,0.0,0.0,0.0,0.0
245,8480849,Barrett Hayton,C,UTA,26,80.14044555594356,15.49695866053615,19.79060700105707,1217.0188679421638,35.28756566159322,0.0,0.0,8.878205784815425,22.18442182710387,13.592549339899398,26.19573335930996,25.840923436725024,45.23216289760032,0.9282970550576184,0.16736784342418146,0.0012804097311139564,0.0,0.0,0.0,0.10993232119992684,0.0,0.0,0.0,0.009511615145417962,0.0,0.0,0.0,0.0
246,8473533,Jordan Staal,C,CAR,38,82.6421147916144,15.133862712251455,20.04116075938576,1326.300221410403,35.17502347163722,0.0,0.0,9.113229435836011,20.89890482899447,12.950006479491927,27.20097950223302,25.351719176593576,44.417367253949514,0.9381745015547832,0.10499359795134443,0.0003658313517468447,0.0,0.0,0.0,0.1406621547466618,0.0,0.0,0.0,0.01006036217303823,0.0,0.0,0.0,0.0
247,8479525,Ross Colton,C,NSH,30,82.1314589040407,15.507278804038515,19.441449074512278,1058.6115634757825,34.94872787855079,0.0,0.0,9.594919170609577,21.642817484173726,14.13699506945149,24.875197920106896,26.390552577882694,43.62353331505956,0.9535394183281507,0.13316261203585147,0.00018291567587342235,0.0,0.0,0.0,0.05944759465886226,0.0,0.0,0.0,0.0054874702762026705,0.0,0.0,0.0,0.0
248,8482074,Connor Zary,C,CGY,25,79.17944775933522,15.374464079740497,19.47681388491264,1154.1906900067772,34.851277964653136,0.0,0.0,10.824430965018278,20.21370590616251,13.609193351870287,25.553226073728123,27.19884558082205,43.42699274953844,0.9853667459301262,0.07883665630144504,0.0,0.0,0.0,0.0,0.08487287360526798,0.0,0.0,0.0,0.00310956648984818,0.0,0.0,0.0,0.0
249,8475218,Mattias Ekholm,D,EDM,36,82.77122464239177,6.730503870692717,28.00166854006159,1723.693302944767,34.73217241075431,0.0,0.0,1.6938241992902001,11.851583048500109,18.79532390548476,37.50013908176432,24.128656557699003,45.84011327504346,0.18693982074263765,0.0,0.0,0.0,0.0,0.0,0.72580940186574,0.0007316627034936894,0.0,0.0,0.014633254069873787,0.0,0.0,0.0,0.0
250,8476419,Jean-Gabriel Pageau,C,NYI,34,82.60696521734873,13.502587490715515,21.208853934942304,1303.380413259538,34.71144142565782,0.0,0.0,8.192960000843195,19.09940853422671,14.576676978636925,27.837006124001935,25.803326349852703,44.05008395062642,0.8876897750137187,0.038595207609292116,0.0,0.0,0.0,0.0,0.19608560453630877,0.0,0.0,0.0,0.004389976220962136,0.0,0.0,0.0,0.0
251,8478109,Victor Olofsson,L,VGK,31,80.0942449694107,16.906623135040963,17.643627689480553,1087.1945803213548,34.55025082452151,0.0,0.0,12.16018070026754,21.870801477456027,12.071130614251821,23.344762733437793,26.4569488118804,42.85063419255436,0.9963416864825315,0.19206145966709348,0.00018291567587342235,0.0,0.0,0.0,0.025425278946405706,0.0,0.0,0.0,0.0032924821657216025,0.0,0.0,0.0,0.0
252,8475287,Erik Haula,L,LAK,35,82.56862444575019,15.02714554959588,19.48997426965129,1354.5737355804874,34.51711981924717,0.0,0.0,9.671582373140037,20.639974632825005,11.723368634696117,27.359921145548167,24.667514429469826,44.622108375839005,0.9559173221145052,0.08761660874336931,0.0,0.0,0.0,0.0,0.13700384122919335,0.0,0.0,0.0,0.008779952441924272,0.0,0.0,0.0,0.0
253,8480064,Josh Norris,C,BUF,27,61.63788438912549,14.449298101360366,19.98783023766166,1012.8706716900333,34.437128339022024,0.0,0.0,9.313791643604143,19.78137480804784,13.64369101531715,26.641396224180315,25.81851965196146,43.53701700486295,0.9449423815620999,0.05981342601060911,0.00018291567587342235,0.0,0.0,0.0,0.12237058715931956,0.0,0.0,0.0,0.005853301627949515,0.0,0.0,0.0,0.0
254,8476458,Ryan Strome,C,CGY,33,81.6853332647805,12.957221261527492,21.450153246008043,1158.3813645044338,34.407374507535536,0.0,0.0,8.881096059652826,17.30144669608004,14.124972273276303,28.82849216992675,25.467512556965286,43.732847138412914,0.9143954636912384,0.008231205414304006,0.0,0.0,0.0,0.0,0.2414486921529175,0.0,0.0,0.0,0.004572891896835559,0.0,0.0,0.0,0.0
255,8481598,Philip Broberg,D,STL,25,76.03052820846821,6.124208915421457,28.00356705635821,1734.3744337960022,34.12777597177967,0.0,0.0,1.5479892908423085,10.901623383828465,18.048675999245116,38.154605142346405,23.11746132664847,45.477653060916,0.1088348271446863,0.0,0.0,0.0,0.0,0.0,0.7106274007682458,0.0,0.0,0.0,0.014633254069873787,0.0,0.0,0.0,0.0
256,8480817,K'Andre Miller,D,CAR,26,82.78439762353835,5.035278214766366,29.05844579395048,1851.1251583351502,34.09372400871685,0.0,0.0,0.7257062439380954,9.587905298183296,20.165450482398054,37.24542170233574,24.250784236239557,43.50570887980778,0.05267971465154564,0.0,0.0,0.0,0.0,0.0,0.7931223705871593,0.0,0.0,0.0,0.0038412291933418692,0.0,0.0,0.0,0.0
257,8480448,Parker Kelly,C,COL,27,82.53183651160069,15.475261199925669,18.129463357906232,1048.9709375196385,33.6047245578319,0.0,0.0,10.78273672729065,20.44241193490185,13.087798456611065,23.526462329149407,26.03102341862667,42.04003950094749,0.9829888421437717,0.08359246387415402,0.0,0.0,0.0,0.0,0.029083592463874153,0.0,0.0,0.0,0.000548747027620267,0.0,0.0,0.0,0.0
258,8484241,Matthew Wood,R,NSH,21,81.88635035068698,13.391723824420655,20.1704013477354,1039.0512655293512,33.56212517215606,0.0,0.0,7.818489421704985,19.279705056740646,12.936867094685553,27.642497456003674,23.346485114367148,44.23539969570693,0.8613499176879459,0.04408267788549479,0.0,0.0,0.0,0.0,0.15255167367843425,0.0,0.0,0.0,0.008414121090177428,0.0,0.0,0.0,0.0
259,8478055,Gustav Forsling,D,FLA,30,81.76514866351701,7.960715824964732,25.371018571761926,1847.150398002751,33.33173439672666,0.0,0.0,3.051164690559298,12.799798552110651,15.891757652669446,35.017947038004614,22.55338007682182,44.366049410678016,0.29833546734955185,0.00018291567587342235,0.0,0.0,0.0,0.0,0.5514907627583684,0.0,0.0,0.0,0.008779952441924272,0.0,0.0,0.0,0.0
260,8481618,Alex Newhook,C,MTL,25,75.40801645172485,15.246402292701262,17.960448612017974,1130.8245841669432,33.20685090471923,0.0,0.0,10.243846119126092,20.84827799746664,11.946641041111457,24.340690298245416,24.73537832614693,42.26753187905646,0.9700018291567587,0.09877446497164807,0.0,0.0,0.0,0.0,0.0466434973477227,0.0,0.0,0.0,0.003658313517468447,0.0,0.0,0.0,0.0
261,8478463,Anthony Beauvillier,R,WSH,29,82.57362706601424,15.21198501496197,17.928176998316587,1253.1761258603838,33.140162013278555,0.0,0.0,9.610494783735083,20.79565625130435,11.982471297614921,23.892136662405044,24.42853176898775,41.94505786301191,0.952807755624657,0.10279860984086336,0.0,0.0,0.0,0.0,0.035302725443570514,0.0,0.0,0.0,0.0029266508139747576,0.0,0.0,0.0,0.0
262,8477932,Aaron Ekblad,D,FLA,30,77.57313498658091,5.554622470044189,27.50694400238,1739.3687440412682,33.06156647242419,0.0,0.0,1.7181645619967607,9.320088126243176,18.783702942914292,36.62105575690242,23.54939569962775,43.19875981154455,0.04280226815438083,0.0,0.0,0.0,0.0,0.0,0.7100786537406256,0.0,0.0,0.0,0.0023779037863544904,0.0,0.0,0.0,0.0
263,8480113,Alex Iafallo,L,WPG,33,82.5736516168231,15.68862750707586,17.35081127404668,1239.5137267325908,33.03943878112254,0.0,0.0,10.856083905541679,20.621695914293532,11.484764739563268,23.275022853948013,24.744738920494633,41.08696663503879,0.983537589171392,0.09859154929577464,0.0,0.0,0.0,0.0,0.02652277300164624,0.0,0.0,0.0,0.0014633254069873788,0.0,0.0,0.0,0.0
264,8481522,Peyton Krebs,C,BUF,25,82.58112161008042,9.629558420421247,23.385229958082576,1136.7438681006815,33.01478837850382,0.0,0.0,5.7542717147087945,13.5139097517618,16.83121358838556,30.465107308125795,24.75316789607844,41.81212787918682,0.5130784708249497,0.00018291567587342235,0.0,0.0,0.0,0.0,0.3819279312237059,0.0,0.0,0.0,0.0018291567587342234,0.0,0.0,0.0,0.0
265,8484210,Gabe Perreault,R,NYR,21,82.50664522741168,17.263131559856813,15.738361020058923,1307.4120105059885,33.001492579915734,0.0,0.0,10.845552172181478,23.534264168987377,7.838447738882327,23.714613153782345,22.138374471511657,43.75432198739885,0.9773184561916957,0.25077739162246204,0.0014633254069873788,0.0,0.0,0.0,0.037680629229925,0.0,0.0,0.0,0.0076824583866837385,0.0,0.0,0.0,0.0
266,8476869,Brady Skjei,D,NSH,32,82.75495623710398,6.208458559698089,26.745389210111686,1845.300553741954,32.95384776980978,0.0,0.0,1.0502282875245703,11.207675294790954,17.52803745946652,35.68040299147547,22.414439867658984,43.313471391693945,0.1340771904152186,0.0,0.0,0.0,0.0,0.0,0.6350832266325224,0.0,0.0,0.0,0.006036217303822937,0.0,0.0,0.0,0.0
267,8476312,Josh Manson,D,COL,35,81.63399191756307,6.763812720139867,25.57078374143721,1445.1612938688636,32.33459646157708,0.0,0.0,3.0346394035358157,10.754830261359764,18.141941542330056,33.24951472828561,23.6888282619523,41.308169359667176,0.11743186391073715,0.0,0.0,0.0,0.0,0.0,0.5813060179257362,0.0,0.0,0.0,0.0014633254069873788,0.0,0.0,0.0,0.0
268,8478882,Vladislav Gavrikov,D,NYR,31,82.76760074738776,8.474140364008333,23.84959102834253,1921.1945715115853,32.323731392350865,0.0,0.0,3.561593229862887,13.525594781043123,15.176010846359242,32.14615362923291,22.316000286188665,42.10732945229112,0.36016096579476864,0.00018291567587342235,0.0,0.0,0.0,0.0,0.4355222242546186,0.0,0.0,0.0,0.002012072434607646,0.0,0.0,0.0,0.0
269,8481606,Jordan Spence,D,OTT,25,82.75700132596577,5.253009022119721,26.952567138568213,1529.6790990367724,32.20557616068793,0.0,0.0,1.305993448632228,8.9804837654498,18.504125114300155,35.2912841120936,22.755128755503563,41.6549353659646,0.03182732760197549,0.0,0.0,0.0,0.0,0.0,0.6680080482897385,0.00018291567587342235,0.0,0.0,0.002194988110481068,0.0,0.0,0.0,0.0
270,8479619,Michael Carcone,L,UTA,30,82.10077906693661,16.14322459896865,16.013037250945377,1024.8659598929542,32.15626184991403,0.0,0.0,11.191004835028314,21.37091051700728,10.479865991233721,21.87016960167882,23.91386431493352,40.96948626067957,0.9866471556612402,0.14047923907078835,0.00018291567587342235,0.0,0.0,0.0,0.011523687580025609,0.0,0.0,0.0,0.0014633254069873788,0.0,0.0,0.0,0.0
271,8481032,Paul Cotter,L,VAN,27,82.5244123219475,16.885733687664718,15.137216217035682,950.6254523104129,32.0229499047004,0.0,0.0,12.467008670373438,21.43847055544159,10.012528977337801,20.57313903991759,24.081780965135376,39.92743236964174,0.9974391805377721,0.1644411926102067,0.0,0.0,0.0,0.0,0.0032924821657216025,0.0,0.0,0.0,0.00018291567587342235,0.0,0.0,0.0,0.0
272,8478366,Frank Vatrano,R,ANA,32,79.9489713824066,15.205064423624192,16.713962258720148,1085.7924160710363,31.919026682344338,0.0,0.0,9.3900530005079,21.68889080941872,10.735218913877063,23.27721790567128,22.472039515524674,42.43273709040065,0.9478690323760747,0.12785805743552223,0.0003658313517468447,0.0,0.0,0.0,0.02871776111212731,0.0,0.0,0.0,0.0032924821657216025,0.0,0.0,0.0,0.0
273,8479351,Sam Steel,C,DAL,28,82.5699021501282,10.646658324706594,20.975254830644676,1277.1903330058503,31.621913155351272,0.0,0.0,6.121757983055458,15.334642209184794,14.491150365568034,27.751201950562095,23.307916986603118,40.234932226916314,0.6546552039509786,0.0009145783793671117,0.0,0.0,0.0,0.0,0.18419608560453632,0.0,0.0,0.0,0.0003658313517468447,0.0,0.0,0.0,0.0
274,8478421,A.J. Greer,L,ANA,30,82.14141442843103,12.11529951430291,19.287403943880218,980.0734872637712,31.402703458183126,0.0,0.0,7.205685532299109,17.60886602424166,13.220283756213826,25.98336557910711,22.24703449416758,41.14654818244362,0.7885494786903238,0.014450338394000365,0.0,0.0,0.0,0.0,0.09548198280592647,0.0,0.0,0.0,0.0027437351381013352,0.0,0.0,0.0,0.0
275,8483489,Fraser Minten,C,BOS,22,82.57389739850385,17.009933530510327,14.211392776235817,1277.3448139412394,31.221326306746143,0.0,0.0,10.67279344671589,23.414808770460606,7.194272265052812,21.276896605513766,21.336579295380957,40.97539503607604,0.9760380464605817,0.2301079202487653,0.0016462410828608012,0.0,0.0,0.0,0.00932869946954454,0.0,0.0,0.0,0.0027437351381013352,0.0,0.0,0.0,0.0
276,8475799,Nino Niederreiter,R,WPG,34,80.94534377342846,14.11412109546413,16.91004785113918,1129.319652495416,31.02416894660331,0.0,0.0,8.87824402492163,19.59519569505651,11.12794032320111,23.142338261348776,22.498755758583886,40.036267210873454,0.9231754161331626,0.054143040058533015,0.00018291567587342235,0.0,0.0,0.0,0.021949881104810682,0.0,0.0,0.0,0.0009145783793671117,0.0,0.0,0.0,0.0
277,8482713,Mackie Samoskevich,R,SEA,24,70.4030684146377,16.897090208323053,14.046499384234089,1011.871334402266,30.943589592557142,0.0,0.0,11.486313469343452,22.77303346645838,8.533203973585401,19.7270638216443,22.62009048268868,39.74049836598862,0.9906713005304555,0.21620632888238522,0.00018291567587342235,0.0,0.0,0.0,0.0027437351381013352,0.0,0.0,0.0,0.000548747027620267,0.0,0.0,0.0,0.0
278,8477426,Nick Paul,L,TOR,31,81.65988678905914,14.343732816428906,16.578448418262422,1198.659929452633,30.92218123469133,0.0,0.0,9.025796140625332,19.837744744978266,10.88125349669608,22.388248275110872,22.474279389885144,39.34127594555055,0.9317724528992135,0.058898847631242,0.00018291567587342235,0.0,0.0,0.0,0.012987012987012988,0.0,0.0,0.0,0.00018291567587342235,0.0,0.0,0.0,0.0
279,8484221,Calum Ritchie,C,NYI,21,81.97653701523427,16.652733938198725,14.222889330182975,1114.2690551689848,30.875623268381702,0.0,0.0,11.137911357582247,22.316440460109117,7.014415216499989,21.791332888541934,21.083496718740072,40.97892632348464,0.984817998902506,0.19059813426010608,0.0,0.0,0.0,0.0,0.01573074812511432,0.0,0.0,0.0,0.0027437351381013352,0.0,0.0,0.0,0.0
280,8476469,Joel Armia,R,LAK,33,81.81903495753448,14.813577654051599,16.001179779919372,1159.3874040356995,30.81475743397097,0.0,0.0,10.257410977388181,19.356226108941545,10.535534564419459,21.59153191567107,23.343488106536967,38.61353100081286,0.9732943113224803,0.046094750320102434,0.0,0.0,0.0,0.0,0.006767880007316627,0.0,0.0,0.0,0.0,0.0,0.0,0.0,0.0
281,8485414,Ben Kindel,C,PIT,19,81.52672594147731,17.684545684070812,13.0593345096628,1236.7606154920193,30.743880193733613,0.0,0.0,11.154511056906333,24.84634191514928,5.994379822767811,20.669321912630725,20.46786903239591,41.8901896096172,0.980062191329797,0.31241997439180536,0.002560819462227913,0.0,0.0,0.0,0.006584964331443205,0.0,0.0,0.0,0.00310956648984818,0.0,0.0,0.0,0.0
282,8479996,Cody Glass,C,NJD,27,78.20193148244203,14.24841136398433,16.410750874372024,1049.68434851034,30.659162238356352,0.0,0.0,9.319193828669516,19.37847732495181,11.381473275075102,21.771720201659093,23.28760090086852,39.03456284583311,0.9421986464239985,0.04737516005121639,0.0,0.0,0.0,0.0,0.008048289738430584,0.0,0.0,0.0,0.00018291567587342235,0.0,0.0,0.0,0.0
283,8470621,Corey Perry,R,LAK,41,80.4336785599471,16.362591275262393,14.21783141064675,1070.1910057569585,30.58042268590914,0.0,0.0,10.3448017131664,22.965050377841216,8.198431777839017,20.416117670318915,21.216112564849297,40.34517442530313,0.9698189134808853,0.19992683372965064,0.001097494055240534,0.0,0.0,0.0,0.004207060545088714,0.0,0.0,0.0,0.0014633254069873788,0.0,0.0,0.0,0.0
284,8482145,Mavrik Bourque,C,NSH,24,73.14318476334111,14.22328567897486,16.317972063076116,1125.0386668621186,30.541257742050973,0.0,0.0,8.187428864288421,20.45604051746029,9.697188193213409,23.225721820747165,20.996915593714462,40.32836484583638,0.9001280409731114,0.07682458386683738,0.0,0.0,0.0,0.0,0.02725443570513993,0.0,0.0,0.0,0.0009145783793671117,0.0,0.0,0.0,0.0
285,8478507,John Marino,D,UTA,29,81.39149633958174,3.269954051690857,27.18839314375719,1656.6216644863368,30.458347195448045,0.0,0.0,0.0,6.64313075501114,19.250172980134884,35.29883504512389,21.817764533672477,39.34506894581033,0.002012072434607646,0.0,0.0,0.0,0.0,0.0,0.710261569416499,0.0,0.0,0.0,0.00018291567587342235,0.0,0.0,0.0,0.0
286,8474563,Drew Doughty,D,LAK,37,79.54739597816817,7.05739804546258,23.377031490062794,1854.7376615167375,30.434429535525375,0.0,0.0,2.1211916315720996,12.105712448031072,12.976608841014247,33.84985600915072,18.9626720139725,42.26569568785513,0.21657216023413206,0.0,0.0,0.0,0.0,0.0,0.4115602707152003,0.0,0.0,0.0,0.00621913297969636,0.0,0.0,0.0,0.0
287,8470613,Brent Burns,D,COL,41,82.71024613994493,6.212893852214991,24.218308171071822,1582.2134148059488,30.431202023286815,0.0,0.0,1.160305028347504,11.248514781220235,15.468121672798622,32.890167654370856,20.122269980242493,40.62674992071989,0.13700384122919335,0.0,0.0,0.0,0.0,0.0,0.43332723614413754,0.0,0.0,0.0,0.0029266508139747576,0.0,0.0,0.0,0.0
288,8475764,Cam Fowler,D,STL,35,82.73847585198833,4.641823286114682,25.712217522446977,1779.9108462574122,30.35404080856166,0.0,0.0,0.424569512305213,8.777826727623829,16.701464597897026,34.91519412619636,20.48129817089994,40.40166762303307,0.027620267056886773,0.0,0.0,0.0,0.0,0.0,0.5705139930492044,0.00018291567587342235,0.0,0.0,0.0012804097311139564,0.0,0.0,0.0,0.0
289,8476958,Jaccob Slavin,D,CAR,32,80.8676149731481,4.721122293445481,25.562175014328837,1728.5229973912128,30.28329730777432,0.0,0.0,0.27351205887191865,9.123090409423098,16.996717773748863,34.17170906192554,20.44812657429925,40.075962466820265,0.03566855679531736,0.0,0.0,0.0,0.0,0.0,0.5683190049387232,0.0,0.0,0.0,0.000548747027620267,0.0,0.0,0.0,0.0
290,8476872,Scott Laughton,C,LAK,32,82.29092109324014,13.068677455438928,17.167217793381017,1194.5770928335287,30.235895248819944,0.0,0.0,8.480409254517648,17.517024061936826,10.337315212425702,24.30757691889901,21.702199416554294,38.92145759681869,0.8926284982623011,0.010609109200658497,0.0,0.0,0.0,0.0,0.04481434058898848,0.0,0.0,0.0,0.0,0.0,0.0,0.0,0.0
291,8480762,Eric Robinson,L,CAR,31,81.07808369803058,13.196896729267248,16.829796645276588,934.1605274129852,30.026693374543836,0.0,0.0,9.12311086351291,17.681783432021966,11.479736500428952,22.781154948102923,22.52729681526221,38.417811022177766,0.929394549112859,0.010792024876531919,0.0,0.0,0.0,0.0,0.016462410828608012,0.0,0.0,0.0,0.00018291567587342235,0.0,0.0,0.0,0.0
292,8479671,Mathieu Olivier,R,CBJ,29,79.96136881234044,16.39762576604672,13.496996616433403,1128.9820974469396,29.894622382480122,0.0,0.0,11.324145376191204,21.539342356245452,8.475121696924548,18.73772893329265,22.220099396367758,37.89660139923325,0.9901225535028352,0.15438083043716846,0.00018291567587342235,0.0,0.0,0.0,0.001097494055240534,0.0,0.0,0.0,0.00018291567587342235,0.0,0.0,0.0,0.0
293,8480434,Sean Durzi,D,NYR,28,76.13319942505997,8.178945642932808,21.619206312128785,1513.597645657753,29.79815195506159,0.0,0.0,4.286412763095449,12.19258965778068,14.28561223674345,29.401628904240845,21.206822351893134,38.850024194919136,0.2811413938174502,0.0,0.0,0.0,0.0,0.0,0.2564477775745381,0.0,0.0,0.0,0.0003658313517468447,0.0,0.0,0.0,0.0
294,8484258,Sam Malinski,D,COL,28,79.84201691738403,5.482886524757829,24.27610058093392,1375.317361916708,29.75898710569175,0.0,0.0,1.4602305733228533,9.76243815529706,16.10499161580439,33.03509908593603,20.199530723560763,39.696707937625256,0.061093835741723064,0.0,0.0,0.0,0.0,0.0,0.474666178891531,0.0,0.0,0.0,0.000548747027620267,0.0,0.0,0.0,0.0
295,8480855,Jack McBain,C,UTA,26,82.58260523586596,12.15856926943379,17.539835636536022,1129.7438051355807,29.698404905969813,0.0,0.0,7.003639073158356,17.502552858549606,11.767139075217756,23.444719875758217,21.43601308741995,38.04019918969091,0.7907444668008048,0.013352844338759832,0.0,0.0,0.0,0.0,0.029266508139747575,0.0,0.0,0.0,0.000548747027620267,0.0,0.0,0.0,0.0
296,8479353,Brett Howden,C,VGK,28,81.58514171210739,14.308344434528662,15.374637851817294,1213.641905013732,29.682982286345954,0.0,0.0,9.173717809581504,19.52440843360848,9.77264934407086,21.196228616035416,21.711842174271613,37.94005445777964,0.9387232485824035,0.05121638924455826,0.0,0.0,0.0,0.0,0.004938723248582404,0.0,0.0,0.0,0.00018291567587342235,0.0,0.0,0.0,0.0
297,8483490,Pavel Mintyukov,D,ANA,23,81.4333053601902,7.455427536141424,22.172050657014697,1504.5579524850766,29.627478193156122,0.0,0.0,3.238829219020759,11.703493411272854,14.687137341507741,29.75990988732072,20.96029891336153,38.49627545861696,0.2112676056338028,0.0,0.0,0.0,0.0,0.0,0.2987012987012987,0.0,0.0,0.0,0.000548747027620267,0.0,0.0,0.0,0.0
298,8482511,Mason Lohrei,D,BOS,25,81.14829998488311,5.45835707207954,24.0223460137778,1429.8708256870532,29.48070308585734,0.0,0.0,1.9753495586733163,8.944420310820544,16.892270499642866,31.11874783080572,21.245113863804896,37.55325295625882,0.029632339491494422,0.0,0.0,0.0,0.0,0.0,0.4399122004755808,0.0,0.0,0.0,0.0,0.0,0.0,0.0,0.0
299,8480807,Mattias Samuelsson,D,BUF,26,80.07916427886725,8.295287673582406,21.10564145030278,1786.3437359257496,29.400929123885184,0.0,0.0,3.275295351207862,13.265847368378816,12.60052353072177,29.605225632998103,19.375925568154724,39.608589978246506,0.34314980793854033,0.0003658313517468447,0.0,0.0,0.0,0.0,0.2505944759465886,0.0,0.0,0.0,0.0012804097311139564,0.0,0.0,0.0,0.0
300,8476981,Josh Anderson,R,MTL,32,82.52801390521361,15.234513734091445,14.15350856771735,1162.079227469822,29.388022301808796,0.0,0.0,10.272765230314286,20.235915905925243,9.361963736692067,19.198584432411124,22.06382379206482,36.85099009597122,0.97274556429486,0.08011706603255898,0.0,0.0,0.0,0.0,0.000548747027620267,0.0,0.0,0.0,0.0,0.0,0.0,0.0,0.0
301,8480355,Mark Kastelic,C,BOS,27,82.09352646825083,11.241549815561152,17.856436771964013,986.1725538951116,29.097986587525163,0.0,0.0,7.372640762923562,15.555984140798067,12.621174836152479,23.394733301134806,21.463978360893854,37.23939882453466,0.7484909456740443,0.0009145783793671117,0.0,0.0,0.0,0.0,0.029266508139747575,0.0,0.0,0.0,0.0,0.0,0.0,0.0,0.0
302,8476885,Jacob Trouba,D,SJS,32,82.71123621581329,5.708759217262389,23.345663677744152,1846.0361898528413,29.054422895006542,0.0,0.0,1.178655849668,10.33740779428361,14.32861076222749,32.708234857753084,19.018395336078953,39.47228426107036,0.08871410279860983,0.0,0.0,0.0,0.0,0.0,0.4089994512529724,0.0,0.0,0.0,0.0003658313517468447,0.0,0.0,0.0,0.0
303,8476854,Hampus Lindholm,D,BOS,32,73.69257327397372,6.998557343873691,21.95423038534132,1591.829064237522,28.95278772921501,0.0,0.0,2.5893986794059876,11.588020494123219,14.11610234896224,30.40609368197828,19.535742715884947,38.70296139873149,0.17468447045911834,0.0,0.0,0.0,0.0,0.0,0.3082129138467167,0.0,0.0,0.0,0.0007316627034936894,0.0,0.0,0.0,0.0
304,8480145,Neal Pionk,D,WPG,31,80.93919273296581,5.6004266014851245,23.342365572561963,1815.17480396974,28.94279217404709,0.0,0.0,0.8755668585095749,10.297495273290183,14.35687535217128,32.604526313587975,18.703200031213004,39.573220496317965,0.08304371684653375,0.0,0.0,0.0,0.0,0.0,0.4113773550393269,0.0,0.0,0.0,0.0003658313517468447,0.0,0.0,0.0,0.0
305,8484197,Oliver Moore,C,CHI,21,81.61701516317125,9.7628125390856,19.177557529439664,1047.2269834915453,28.94037006852526,0.0,0.0,5.312258423973022,14.19253153366566,12.14999939938096,26.417438247800934,20.050684343900933,37.89027739507306,0.5068593378452534,0.0003658313517468447,0.0,0.0,0.0,0.0,0.1079202487653192,0.0,0.0,0.0,0.000548747027620267,0.0,0.0,0.0,0.0
306,8480835,Jack Drury,C,NSH,26,82.53827790659581,11.958814178570934,16.830994264331935,1165.876375872141,28.789808442902867,0.0,0.0,7.701629780634546,16.068707310041553,10.865238885345683,22.649279317123177,21.014858734376315,36.247803697334085,0.8141576733126029,0.002560819462227913,0.0,0.0,0.0,0.0,0.014816169745747211,0.0,0.0,0.0,0.0,0.0,0.0,0.0,0.0
307,8483500,Noah Ostlund,C,BUF,22,81.98288413266268,12.31209894144091,16.47305716222167,1171.9162696859858,28.78515610366258,0.0,0.0,7.6150622323078325,16.985067991680157,10.119622496679579,23.021364039660636,20.364869443678707,37.530489225474874,0.8242180354856411,0.008779952441924272,0.0,0.0,0.0,0.0,0.023961953539418327,0.0,0.0,0.0,0.0,0.0,0.0,0.0,0.0
308,8476474,Stefan Noesen,R,NJD,33,77.66730732984861,12.560907308483502,16.20009826785747,960.7629567960125,28.76100557634097,0.0,0.0,6.756291160231342,18.90375026308455,10.45999031519724,22.37338620433067,19.893243570266872,38.548270111176336,0.7929394549112859,0.036948966526431315,0.0,0.0,0.0,0.0,0.017376989207975122,0.0,0.0,0.0,0.00018291567587342235,0.0,0.0,0.0,0.0
309,8480995,Pontus Holmberg,R,TBL,27,80.33477724909623,12.97297409885914,15.77810942125953,1064.960585032241,28.75108352011867,0.0,0.0,8.878406932101223,17.199370135990154,10.447818050347763,21.079642607072923,21.48590012070453,35.98719001015592,0.9122004755807572,0.0076824583866837385,0.0,0.0,0.0,0.0,0.0054874702762026705,0.0,0.0,0.0,0.0,0.0,0.0,0.0,0.0
310,8476921,Jordan Martinook,L,CAR,34,82.5663917476268,11.275179985649526,17.439050003662214,1227.4592212223893,28.71422998931174,0.0,0.0,6.394687724736909,16.328415932083836,11.385670111815152,23.542944634011757,20.51558217326654,37.091873802503265,0.7018474483263216,0.004572891896835559,0.0,0.0,0.0,0.0,0.029632339491494422,0.0,0.0,0.0,0.0,0.0,0.0,0.0,0.0
311,8477456,J.T. Compher,L,DET,31,81.54083291014109,10.639017234004742,17.812520839059165,1306.6198639000881,28.451538073063908,0.0,0.0,6.103293651239296,15.53706638653681,11.511951063284457,24.455300480124208,20.428920170017282,37.06375990530704,0.6568501920614597,0.002012072434607646,0.0,0.0,0.0,0.0,0.04920431680995061,0.0,0.0,0.0,0.0,0.0,0.0,0.0,0.0
312,8475200,Dmitry Orlov,D,SJS,35,82.71757320129862,4.579482445899301,23.804741044723517,1702.646256070105,28.38422349062282,0.0,0.0,0.509278551875623,8.728665510748213,14.937436778747852,32.928368694979866,18.38627612877516,38.8888315201648,0.02871776111212731,0.0,0.0,0.0,0.0,0.0,0.43661971830985913,0.0,0.0,0.0,0.0009145783793671117,0.0,0.0,0.0,0.0
313,8481535,Nils Hoglander,L,NSH,26,77.91256648660773,14.497131764177933,13.705150465399106,910.2987944377544,28.202282229577037,0.0,0.0,9.570787955234419,20.273421435169876,8.619549605394297,19.544211899499015,19.958448056099986,37.80607827812477,0.9513444302176697,0.07188586061825498,0.0,0.0,0.0,0.0,0.0029266508139747576,0.0,0.0,0.0,0.0003658313517468447,0.0,0.0,0.0,0.0
314,8479398,Samuel Girard,D,PIT,28,80.36996612805407,5.12317803798217,23.008088816589368,1505.0673718521234,28.131266854571535,0.0,0.0,2.0107195345409443,8.485595725898106,16.245212195173973,30.069447980960177,20.556708992285664,36.36417665754162,0.018474483263215657,0.0,0.0,0.0,0.0,0.0,0.34808853118712274,0.0,0.0,0.0,0.0,0.0,0.0,0.0,0.0
315,8480336,Sean Walker,D,CAR,32,82.73132275225501,7.913069980283362,20.13412402383571,1731.5723060344174,28.04719400411907,0.0,0.0,3.168780779676733,12.633332172954802,12.785754085329357,27.382088406872835,19.158428692657633,36.97423607464994,0.28608011706603254,0.00018291567587342235,0.0,0.0,0.0,0.0,0.15163709529906713,0.0,0.0,0.0,0.0,0.0,0.0,0.0,0.0
316,8478133,Jake Evans,C,MTL,30,82.53699875848102,11.383273582743323,16.651853550417705,1270.8497550028667,28.035127133161026,0.0,0.0,6.868553196251686,15.85190975094722,10.585925849670861,22.83787355195767,20.16400039540193,36.15154573051091,0.7369672580940186,0.0014633254069873788,0.0,0.0,0.0,0.0,0.018291567587342236,0.0,0.0,0.0,0.0,0.0,0.0,0.0,0.0
317,8484994,Igor Chernyshov,L,SJS,21,80.25287030706383,16.082365448766026,11.86839644611367,1209.2372461461455,27.950761894879697,0.0,0.0,9.012686352867915,23.636247619331655,2.9308886864952606,21.633252743805805,16.409723932485953,40.77185726132302,0.9348820193890617,0.21895006402048656,0.00310956648984818,0.0,0.0,0.0,0.01573074812511432,0.0,0.0,0.0,0.004389976220962136,0.0,0.0,0.0,0.0
318,8481568,Alex Vlasic,D,CHI,25,82.71242456246819,3.4707624321521386,24.221446598437836,1768.5538438017636,27.692209030589975,0.0,0.0,0.0,6.989799616568106,16.05024779265663,32.49272115634278,18.805843662067623,36.674801238362384,0.003658313517468447,0.0,0.0,0.0,0.0,0.0,0.4624108286080117,0.0,0.0,0.0,0.0,0.0,0.0,0.0,0.0
319,8475848,Brendan Gallagher,R,VAN,34,82.54999621652613,13.575624464672055,14.098127860684428,1027.1682636601304,27.67375232535648,0.0,0.0,7.909803267701416,19.2289888410814,8.975945374550896,19.413764797990726,19.4086507831937,35.94814995575549,0.8730565209438449,0.043899762209621364,0.0,0.0,0.0,0.0,0.0014633254069873788,0.0,0.0,0.0,0.00018291567587342235,0.0,0.0,0.0,0.0
320,8478013,Jake Walman,D,EDM,30,78.00387928689459,7.919225819561825,19.712530848473538,1487.4909321489295,27.63175666803536,0.0,0.0,3.6460412810949006,12.287643947230661,12.260721498425154,27.882443381789532,18.77695583901104,36.92203891673362,0.2782147430034754,0.0,0.0,0.0,0.0,0.0,0.1505396012438266,0.0,0.0,0.0,0.00018291567587342235,0.0,0.0,0.0,0.0
321,8475171,Oliver Ekman-Larsson,D,TOR,35,82.72505387548507,4.7988615847579705,22.6136171417114,1668.8929964042497,27.412478726469374,0.0,0.0,0.9578041231482992,8.615077971347198,13.683431575293103,31.163267803512294,17.56105389545113,36.81466066255496,0.02012072434607646,0.0,0.0,0.0,0.0,0.0,0.3488201938906164,0.0,0.0,0.0,0.0003658313517468447,0.0,0.0,0.0,0.0
322,8477498,Darnell Nurse,D,SJS,31,82.70699445393599,6.170999736901548,21.231633434880376,1751.4192950760018,27.402633171781922,0.0,0.0,1.7378925270916186,10.594898849036314,13.68540584221508,29.095757951830876,18.481074861534136,36.48683472078623,0.1064569233583318,0.0,0.0,0.0,0.0,0.0,0.22955917322114505,0.0,0.0,0.0,0.0,0.0,0.0,0.0,0.0
323,8480074,Alexandre Texier,L,MTL,27,69.16330512898548,10.075280648982574,17.231114687255253,936.3594709231288,27.306395336237827,0.0,0.0,6.621254984885991,13.750607295531347,12.249714098030587,22.540261461283446,20.842542393396794,34.30747058391515,0.5902688860435339,0.0,0.0,0.0,0.0,0.0,0.014816169745747211,0.0,0.0,0.0,0.0,0.0,0.0,0.0,0.0
324,8476902,Esa Lindell,D,DAL,32,82.70486842547584,5.419297754760196,21.83933394379562,1871.1055982767202,27.258631698555817,0.0,0.0,0.955770998949146,9.885218655768515,13.469454419355104,30.15909730712807,17.70075431809385,36.94052508592636,0.06584964331443205,0.0,0.0,0.0,0.0,0.0,0.2846167916590452,0.0,0.0,0.0,0.0,0.0,0.0,0.0,0.0
325,8473422,Nick Foligno,L,MIN,39,80.87839199842611,11.887231247014704,15.27811123493013,1087.2400795699032,27.165342481944833,0.0,0.0,7.329156290834228,16.91379036082201,9.343985590561399,21.456320167978163,19.21475544808724,35.65279237310125,0.7945856959941467,0.009694530821291385,0.0,0.0,0.0,0.0,0.008048289738430584,0.0,0.0,0.0,0.00018291567587342235,0.0,0.0,0.0,0.0
326,8476917,Adam Pelech,D,NYI,32,81.84298904028462,5.563214083393136,21.518888950214038,1705.3744953708037,27.082103033607176,0.0,0.0,1.6679966765048204,9.398349060063495,13.028789645864517,30.104236233836918,17.651204255387402,36.803360717749825,0.046094750320102434,0.0,0.0,0.0,0.0,0.0,0.2820559721968173,0.0,0.0,0.0,0.00018291567587342235,0.0,0.0,0.0,0.0
327,8482177,Marat Khusnutdinov,C,BOS,24,78.25272021440415,10.934844324988607,16.125378625571273,1103.0085220310648,27.06022295055988,0.0,0.0,6.629190737031742,15.467299539610506,10.22504241784339,22.447063514914877,19.387466278728244,35.22111290334788,0.692518748856777,0.002012072434607646,0.0,0.0,0.0,0.0,0.014633254069873787,0.0,0.0,0.0,0.0,0.0,0.0,0.0,0.0
328,8475188,Brayden McNabb,D,VGK,35,82.54657275546666,3.9597214343912004,22.969332513570585,1668.7145618912066,26.929053947961783,0.0,0.0,0.0,7.912161304423104,15.705521569967138,30.360131934335605,18.61967578963207,35.458383646405224,0.01243826595939272,0.0,0.0,0.0,0.0,0.0,0.34314980793854033,0.0,0.0,0.0,0.0,0.0,0.0,0.0,0.0
329,8476480,Vladislav Namestnikov,C,WPG,34,81.93571949418475,10.339841297503543,16.55061550225983,1139.4050644917277,26.890456799763374,0.0,0.0,6.0297974530018195,14.641721442496298,9.979338634929263,23.281412734865054,18.631176192073326,35.157915089228275,0.618437900128041,0.000548747027620267,0.0,0.0,0.0,0.0,0.027071520029266508,0.0,0.0,0.0,0.0,0.0,0.0,0.0,0.0
330,8477507,Nikita Zadorov,D,BOS,31,82.68463742222089,4.6962788786987115,22.193572434875893,1695.1728297994932,26.889851313574603,0.0,0.0,1.0420276838151936,8.28014200920369,14.400394797044946,30.201463949796192,18.34563907386065,35.67503758394809,0.015364916773367477,0.0,0.0,0.0,0.0,0.0,0.302725443570514,0.0,0.0,0.0,0.0003658313517468447,0.0,0.0,0.0,0.0
331,8477446,Michael McCarron,C,MIN,31,82.45550921660045,9.422120217042979,17.43251199191141,1154.1911111158363,26.854632208954392,0.0,0.0,5.047111127178026,14.010403241155185,12.378334429936194,22.410167358055805,19.897755391789353,34.06012634146494,0.47521492591915127,0.0003658313517468447,0.0,0.0,0.0,0.0,0.012255350283519298,0.0,0.0,0.0,0.0,0.0,0.0,0.0,0.0
332,8475343,Nic Dowd,C,VGK,36,82.39347821703413,9.13195506855891,17.722486079435257,1187.3360336582161,26.854441147994166,0.0,0.0,4.901451802699202,13.446714016567652,11.855279967933685,23.867442051498188,19.102591499514386,34.8916770464907,0.42527894640570696,0.0,0.0,0.0,0.0,0.0,0.0343881470642034,0.0,0.0,0.0,0.0,0.0,0.0,0.0,0.0
333,8484158,Easton Cowan,R,TOR,21,82.48122740267056,12.055740307606234,14.565199691408404,1213.2723102408647,26.620939999014638,0.0,0.0,7.028788116420592,17.192363127128182,8.504489703051796,20.781918291387385,18.211343758384587,35.0325747861208,0.7768428754344248,0.012621181635266142,0.0,0.0,0.0,0.0,0.006767880007316627,0.0,0.0,0.0,0.0,0.0,0.0,0.0,0.0
334,8474716,Jared Spurgeon,D,MIN,37,75.24037816552107,6.345245540008764,20.204655198786725,1489.8056226696556,26.54990073879549,0.0,0.0,2.490548228846989,10.589598170056467,12.524489231535096,28.465676508852862,17.91073390875907,36.35562406093373,0.10773733308944576,0.0,0.0,0.0,0.0,0.0,0.18620815803914395,0.0,0.0,0.0,0.00018291567587342235,0.0,0.0,0.0,0.0
335,8483468,Jiri Kulich,C,BUF,22,80.48522645503881,12.887240957533857,13.57186737122519,1220.7270898978115,26.459108328759047,0.0,0.0,6.2536691814435015,20.08270352600677,6.362469590636229,21.124022528535207,15.896322837997776,37.47150660611316,0.785622827876349,0.06347173952807755,0.0,0.0,0.0,0.0,0.01170660325589903,0.0,0.0,0.0,0.00018291567587342235,0.0,0.0,0.0,0.0
336,8477950,Tony DeAngelo,D,NYI,31,67.4336778994743,4.886888299295077,21.571113247611294,1290.1743868893932,26.45800154690637,0.0,0.0,1.069439669871113,8.936817811608732,14.96363494425871,28.810500426322356,18.661879956397083,34.90184696841752,0.029449423815621,0.0,0.0,0.0,0.0,0.0,0.24346076458752516,0.0,0.0,0.0,0.000548747027620267,0.0,0.0,0.0,0.0
337,8482476,Emil Heineman,L,NYI,25,69.57566529242469,15.729929972550169,10.722776354089783,1112.728435241981,26.45270632663995,0.0,0.0,10.543219242148137,21.188260764469337,5.032827611383142,16.887706354274357,18.381489598303183,35.42671044498463,0.976220962136455,0.13188220230473752,0.0,0.0,0.0,0.0,0.000548747027620267,0.0,0.0,0.0,0.00018291567587342235,0.0,0.0,0.0,0.0
338,8481546,Cam York,D,PHI,25,82.71875452659877,5.711320545024822,20.702810280799017,1852.0229106656996,26.41413082582384,0.0,0.0,1.2820739238898815,10.103687020856036,12.505180305173534,29.112623513571986,17.08858316320724,35.832301945991716,0.0777391622462045,0.0,0.0,0.0,0.0,0.0,0.21913297969635998,0.0,0.0,0.0,0.00018291567587342235,0.0,0.0,0.0,0.0
339,8477021,Alexander Kerfoot,C,NSH,32,78.9941907553048,9.334391639741325,17.075741776064557,1127.960065530746,26.41013341580588,0.0,0.0,4.602871412880299,14.41188533662925,11.015826797718065,23.496898680487096,18.47324358035683,34.86355227296375,0.46460581671849277,0.001097494055240534,0.0,0.0,0.0,0.0,0.029449423815621,0.0,0.0,0.0,0.0,0.0,0.0,0.0,0.0
340,8477407,Anthony Duclair,L,NYI,31,77.5772243893635,12.50587975372751,13.589577184338838,1053.240212847451,26.09545693806635,0.0,0.0,7.803839260835415,17.54345464815102,8.331078189110402,19.22147124747176,18.650114296800833,34.28023493648592,0.8478141576733126,0.012621181635266142,0.0,0.0,0.0,0.0,0.001097494055240534,0.0,0.0,0.0,0.0,0.0,0.0,0.0,0.0
341,8485391,Anton Frondell,C,CHI,19,81.44881653141796,9.659850841928472,16.359626687602592,1453.8205955825854,26.019477529531066,0.0,0.0,1.4461936693577697,18.4002587814231,5.926074928951255,27.450642099139397,12.936422991278665,40.50135989530096,0.49551856594110116,0.03383940003658314,0.0,0.0,0.0,0.0,0.11157856228278763,0.0,0.0,0.0,0.004389976220962136,0.0,0.0,0.0,0.0
342,8480980,Connor Dewar,C,PIT,27,81.34185917292548,12.7477044401797,13.216009026527248,1107.7247287534492,25.96371346670695,0.0,0.0,8.39050771161027,17.365329276383033,7.928000812425206,18.907610320689244,18.732481111073024,33.86426573396748,0.8884214377172124,0.011340771904152187,0.0,0.0,0.0,0.0,0.0003658313517468447,0.0,0.0,0.0,0.0,0.0,0.0,0.0,0.0
343,8474189,Lars Eller,C,FLA,37,82.46894748326362,8.394340759158707,17.480433497406572,1004.450502946765,25.87477425656528,0.0,0.0,4.621270674185828,12.110456262791827,12.017494929029581,22.966102626509947,18.66009388707381,33.00923937120598,0.2968721419425645,0.0,0.0,0.0,0.0,0.0,0.019571977318456193,0.0,0.0,0.0,0.0,0.0,0.0,0.0,0.0
344,8476892,Colton Parayko,D,STL,33,82.65941912222331,5.860373358888569,19.900594823295133,1849.9028829676097,25.760968182183703,0.0,0.0,0.5053866761722668,11.101796085542604,12.143870169713734,27.594258726854637,16.414992298602197,35.13424607353248,0.12621181635266143,0.0,0.0,0.0,0.0,0.0,0.15639290287177612,0.0,0.0,0.0,0.0,0.0,0.0,0.0,0.0
345,8477953,Kasperi Kapanen,R,EDM,30,74.7287296580474,10.446327566953011,15.296740143726947,1079.4898931639773,25.74306771067996,0.0,0.0,6.430603690014276,14.725126905322778,9.623326267441486,21.340551072181416,18.359775390286064,33.375937237410845,0.6409365282604719,0.0,0.0,0.0,0.0,0.0,0.008231205414304006,0.0,0.0,0.0,0.0,0.0,0.0,0.0,0.0
346,8483464,Marco Kasper,C,DET,22,80.49810928463543,14.418795391202481,11.28879025257772,1124.47069413512,25.7075856437802,0.0,0.0,9.220836923734177,19.944227476655296,5.443251965211481,17.172353812910572,17.523359453310878,34.1098353054519,0.9403694896652643,0.06328882385220413,0.0,0.0,0.0,0.0,0.0,0.0,0.0,0.0,0.0,0.0,0.0,0.0,0.0
347,8480289,Morgan Barron,C,WPG,28,82.08909933351535,11.680684895020038,13.875389727417122,1030.0500872587643,25.55607462243716,0.0,0.0,7.662440868926049,15.885692066710897,8.992256512254896,18.915553771661607,18.745590477470095,32.72177899599341,0.7962319370770075,0.002560819462227913,0.0,0.0,0.0,0.0,0.0012804097311139564,0.0,0.0,0.0,0.0,0.0,0.0,0.0,0.0
348,8482803,Olen Zellweger,D,BUF,23,72.98545494573024,8.128806179132933,17.375667117582445,1256.146762374793,25.50447329671538,0.0,0.0,3.96795096492293,12.420415058265124,11.105657250169148,23.689194334602462,17.657184473425932,33.36191842793044,0.28754344247301994,0.0,0.0,0.0,0.0,0.0,0.030181086519114688,0.0,0.0,0.0,0.0,0.0,0.0,0.0,0.0
349,8483495,Simon Nemec,D,CGY,22,80.13569383715418,8.079565874128043,17.36916000402639,1566.8253453679365,25.448725878154434,0.0,0.0,2.630546690514288,13.538991968516903,9.107604589217635,25.822493282561734,15.300711009896794,35.83342409431827,0.3261386500823121,0.0003658313517468447,0.0,0.0,0.0,0.0,0.08176330711541979,0.0,0.0,0.0,0.00018291567587342235,0.0,0.0,0.0,0.0
350,8482655,J.J. Moser,D,TBL,26,82.343977122162,4.416398450213665,21.020415198212937,1726.9830271929286,25.4368136484266,0.0,0.0,0.6606521136913502,8.186125243232926,13.234547495399967,28.914960023803815,16.63482715688794,34.05606307334036,0.014084507042253521,0.0,0.0,0.0,0.0,0.0,0.22773001646241084,0.0,0.0,0.0,0.0,0.0,0.0,0.0,0.0
351,8484783,Artyom Levshunov,D,CHI,21,80.73431973104354,4.86071308792873,20.534628897033148,1593.632828555804,25.395341984961878,0.0,0.0,0.30491658706003105,9.337282362982812,11.931977175343397,29.484606977694035,15.565022117786492,35.486349480843806,0.04518017194073532,0.0,0.0,0.0,0.0,0.0,0.22388878726906897,0.0,0.0,0.0,0.0003658313517468447,0.0,0.0,0.0,0.0
352,8476292,Ondrej Palat,L,NYI,35,82.47828597335922,12.446588662662606,12.942575166555187,1075.3222238291482,25.389163829217793,0.0,0.0,8.276954568384015,16.71441589248328,7.844741697618076,18.060343158085857,18.291851863601828,32.47366249994539,0.8683007133711359,0.004389976220962136,0.0,0.0,0.0,0.0,0.0003658313517468447,0.0,0.0,0.0,0.0,0.0,0.0,0.0,0.0
353,8478911,Matt Roy,D,WSH,31,82.64509527705411,4.426612477368551,20.918940905789558,1691.0707359272335,25.34555338315811,0.0,0.0,0.9193993970846192,7.968275873424035,13.060407894043479,28.777322807753176,16.649587624543216,34.07119325553249,0.008414121090177428,0.0,0.0,0.0,0.0,0.0,0.21785256996524602,0.0,0.0,0.0,0.0,0.0,0.0,0.0,0.0
354,8476873,Mark Jankowski,L,CAR,32,73.7148839845992,12.71155782756321,12.594622753000909,848.8084329378812,25.306180580564117,0.0,0.0,8.702720903705622,17.30240895241429,8.067485393512703,17.43952374248964,18.86207061892024,32.53490085214528,0.9036034388147064,0.009145783793671118,0.0,0.0,0.0,0.0,0.0,0.0,0.0,0.0,0.0,0.0,0.0,0.0,0.0
355,8475231,Casey Cizikas,C,NYI,35,82.45010158482799,10.689447517845913,14.552627711402817,998.2589724566009,25.24207522924873,0.0,0.0,6.7891533425532575,14.607579948811,8.800514807353442,20.659329990269,17.740712235551058,32.906652753807364,0.6605085055789282,0.0003658313517468447,0.0,0.0,0.0,0.0,0.0038412291933418692,0.0,0.0,0.0,0.0,0.0,0.0,0.0,0.0
356,8479365,Trent Frederic,C,EDM,28,81.9996656939257,11.91754444285043,13.306282802611072,938.0239406392986,25.2238272454615,0.0,0.0,7.794564913340857,16.485079647732107,8.27854339414793,18.71553759907228,17.91470965224769,33.0819452628252,0.8154380830437169,0.004938723248582404,0.0,0.0,0.0,0.0,0.0009145783793671117,0.0,0.0,0.0,0.0,0.0,0.0,0.0,0.0
357,8478233,Andrew Mangiapane,L,CHI,30,78.78377405485617,10.362708909389497,14.808688684225675,1002.2282425141518,25.171397593615172,0.0,0.0,6.304264938736231,14.706543380375695,9.878776585061718,19.884350126771707,18.31959795011088,32.128577438801514,0.6211816352661423,0.000548747027620267,0.0,0.0,0.0,0.0,0.002194988110481068,0.0,0.0,0.0,0.0,0.0,0.0,0.0,0.0
358,8474151,Ryan McDonagh,D,TBL,37,80.93986892059054,3.875436528161267,21.143026844776795,1572.315943328468,25.01846337293806,0.0,0.0,0.0,7.844460174579331,13.14023986919676,29.283852736385928,16.064657318795046,34.32088055990728,0.011157856228278763,0.0,0.0,0.0,0.0,0.0,0.24089994512529725,0.0,0.0,0.0,0.0,0.0,0.0,0.0,0.0
359,8478851,Alexandre Carrier,D,MTL,30,82.63050176083631,5.458298480783422,19.377521731016298,1575.8035796186464,24.83582021179972,0.0,0.0,2.08708394706003,8.985569146878568,12.636754992505539,26.134271153374367,17.174067048735488,32.44258713081306,0.029998170843241266,0.0,0.0,0.0,0.0,0.0,0.10115236875800256,0.0,0.0,0.0,0.0,0.0,0.0,0.0,0.0
360,8481789,Tye Kartye,L,NYR,25,81.584217615553,8.18845853536155,16.6008655337247,982.7891792634639,24.78932406908625,0.0,0.0,4.488610107202657,12.16598005978795,11.219035890805667,22.260779204250174,17.607552442928306,32.30112795920011,0.28278763490031095,0.0,0.0,0.0,0.0,0.0,0.014084507042253521,0.0,0.0,0.0,0.0,0.0,0.0,0.0,0.0
361,8484860,Matvei Gridin,R,CGY,20,80.9893673330939,10.064663770565502,14.586045490900121,1225.717040712751,24.65070926146562,0.0,0.0,4.150789993479505,16.25765669840163,6.531517111155165,23.027197612534646,14.27873836171923,35.72485288143776,0.5492957746478874,0.008048289738430584,0.0,0.0,0.0,0.0,0.02871776111212731,0.0,0.0,0.0,0.0003658313517468447,0.0,0.0,0.0,0.0
362,8476331,Dylan DeMelo,D,WPG,33,82.61467783707947,5.127145401040829,19.301873591273832,1778.610480710271,24.42901899231466,0.0,0.0,1.2209937687999008,8.992855659066926,11.342014163314875,27.292662866604992,15.499788136644577,33.27692464411492,0.02871776111212731,0.0,0.0,0.0,0.0,0.0,0.13956466069142126,0.0,0.0,0.0,0.0,0.0,0.0,0.0,0.0
363,8478970,Jalen Chatfield,D,CAR,30,82.65626084557553,4.637152867804015,19.74287335700204,1623.980389738625,24.380026224806056,0.0,0.0,1.1213519825422662,8.250240293154478,12.895175236411824,26.391868276206516,16.741014580332553,32.001513081614526,0.014450338394000365,0.0,0.0,0.0,0.0,0.0,0.11907810499359796,0.0,0.0,0.0,0.0,0.0,0.0,0.0,0.0
364,8476927,Teddy Blueger,C,TOR,32,77.38272269374104,8.355231887073396,16.00586147810165,1174.5139967256189,24.361093365175044,0.0,0.0,3.801350201844724,13.120262825652153,10.087042609777995,22.144752218156277,16.67966429913792,32.273251328843706,0.3429668922626669,0.0,0.0,0.0,0.0,0.0,0.011340771904152187,0.0,0.0,0.0,0.0,0.0,0.0,0.0,0.0
365,8483485,Denton Mateychuk,D,CBJ,22,79.36203667789357,6.867459232475863,17.485922005388062,1550.7374836693357,24.353381237863925,0.0,0.0,1.2629923380447723,12.581176372724872,10.087026032574139,25.532256689891284,15.170334073153423,34.44428115652369,0.22114505213096763,0.000548747027620267,0.0,0.0,0.0,0.0,0.07280043899762209,0.0,0.0,0.0,0.0,0.0,0.0,0.0,0.0
366,8479992,Michael Rasmussen,C,DET,27,81.95110504656,10.752674735995488,13.48201274008787,1090.1210197629127,24.23468747608336,0.0,0.0,6.252934020211862,15.325332747026705,8.370522936445656,18.646847051529203,17.143738945827465,31.482466400018836,0.6648984817998902,0.0016462410828608012,0.0,0.0,0.0,0.0,0.000548747027620267,0.0,0.0,0.0,0.0,0.0,0.0,0.0,0.0
367,8482142,Jamie Drysdale,D,PHI,24,80.61114708072205,5.153034273605579,19.03272314752511,1708.7360758940806,24.18575742113069,0.0,0.0,0.8936179247584854,9.340415170940899,10.900660688066024,27.39283820955514,14.877140891228878,33.47930149167543,0.045546003292482165,0.0,0.0,0.0,0.0,0.0,0.13791841960856047,0.0,0.0,0.0,0.0,0.0,0.0,0.0,0.0
368,8477506,Ryan Pulock,D,NYI,32,81.98678184025026,3.2334259713487024,20.89217988538031,1698.6191023949239,24.12560585672901,0.0,0.0,0.0,6.503527586097771,13.440043024373974,28.32193515827237,15.800524361964836,32.41757107154605,0.0009145783793671117,0.0,0.0,0.0,0.0,0.0,0.2103530272544357,0.0,0.0,0.0,0.0,0.0,0.0,0.0,0.0
369,8480049,Dylan Samberg,D,WPG,27,81.51446020318423,4.138015930191957,19.857436969529264,1725.351179286143,23.995452899721222,0.0,0.0,0.6043580311780592,7.706081716143385,12.155912544280046,27.436127813543653,15.450819967648414,32.52723418848139,0.009145783793671118,0.0,0.0,0.0,0.0,0.0,0.1595024693616243,0.0,0.0,0.0,0.0,0.0,0.0,0.0,0.0
370,8485402,Michael Misa,C,SJS,19,80.15293556366312,10.64705815535775,13.344262548697673,1038.8874994747323,23.991320704055422,0.0,0.0,5.524343979906948,16.198519082784344,5.80404435595439,21.72136205702917,14.564936995740807,34.914944801222696,0.6237424547283702,0.007133711359063472,0.0,0.0,0.0,0.0,0.01627949515273459,0.0,0.0,0.0,0.0,0.0,0.0,0.0,0.0
371,8478472,Mathieu Joseph,R,EDM,29,77.12832507849,7.279071597291475,16.568745022459115,978.6580326644929,23.84781661975059,0.0,0.0,3.7171599909765267,11.283040724765337,11.402831416983943,22.186910451485435,17.001598493542833,31.269751185224163,0.168465337479422,0.0,0.0,0.0,0.0,0.0,0.012255350283519298,0.0,0.0,0.0,0.0,0.0,0.0,0.0,0.0
372,8483506,Sam Rinzel,D,CHI,22,74.80485650879244,8.055127980496025,15.726367735817096,1376.0209553790366,23.78149571631312,0.0,0.0,3.4907022439302677,12.797852013840208,6.742683897547929,24.94493879498832,13.310502411064556,34.44920765322298,0.3058350100603622,0.0,0.0,0.0,0.0,0.0,0.058898847631242,0.0,0.0,0.0,0.0,0.0,0.0,0.0,0.0
373,8482148,Hendrix Lapierre,C,PIT,24,68.8654015669505,7.734594976315038,16.038905739883386,639.4480912395626,23.773500716198424,0.0,0.0,4.47923723770423,11.550036671250572,9.615952789341868,23.11198535906724,15.055510158532904,33.28616442459674,0.2023047375160051,0.0,0.0,0.0,0.0,0.0,0.027071520029266508,0.0,0.0,0.0,0.00018291567587342235,0.0,0.0,0.0,0.0
374,8482062,Cole Smith,R,CHI,31,82.00018818011083,10.297841900447272,13.297517805890369,1107.9940214022197,23.59535970633764,0.0,0.0,6.025258545007776,14.7949583566486,8.187464753866548,18.613668899575046,16.57246481195034,30.97098523633887,0.6059996341686482,0.0003658313517468447,0.0,0.0,0.0,0.0,0.0003658313517468447,0.0,0.0,0.0,0.0,0.0,0.0,0.0,0.0
375,8478046,Danton Heinen,L,CBJ,31,78.97717035895755,9.056119709020855,14.524629365977226,955.8070523968875,23.58074907499808,0.0,0.0,5.611966832176452,12.716295118264071,9.673292544866717,19.75508615525482,17.147964040332177,30.397562135327576,0.39564660691421255,0.0,0.0,0.0,0.0,0.0,0.003658313517468447,0.0,0.0,0.0,0.0,0.0,0.0,0.0,0.0
376,8479983,Mario Ferraro,D,WPG,28,82.61240265923367,6.190294925001955,17.25834578017365,1738.6343556647305,23.448640705175603,0.0,0.0,2.6367457581808433,9.770802338260385,10.12678051587601,23.961161089749186,15.417332965323226,31.051548040959812,0.06347173952807755,0.0,0.0,0.0,0.0,0.0,0.039326870312785804,0.0,0.0,0.0,0.0,0.0,0.0,0.0,0.0
377,8480829,Jesperi Kotkaniemi,C,CAR,26,76.9685057342823,9.348663545220125,14.099583451142422,920.9442803749474,23.44824699636255,0.0,0.0,5.504390210664465,13.663759297222569,9.110563353944823,19.380251177023084,16.525891227432222,31.12198114067277,0.456923358331809,0.00018291567587342235,0.0,0.0,0.0,0.0,0.002560819462227913,0.0,0.0,0.0,0.0,0.0,0.0,0.0,0.0
378,8479998,Mikey Anderson,D,LAK,27,82.59065413899746,4.096766543999319,19.203336685448306,1711.7097444089543,23.300103229447625,0.0,0.0,0.35073204284078796,7.683383517361277,12.271850680751953,26.220314068357368,15.315086636700167,31.400287003763793,0.006036217303822937,0.0,0.0,0.0,0.0,0.0,0.10773733308944576,0.0,0.0,0.0,0.0,0.0,0.0,0.0,0.0
379,8479661,Tanner Jeannot,L,BOS,29,81.53880673060921,11.346503360372532,11.896036688337016,999.7204655265406,23.24254004870955,0.0,0.0,7.5953460812552995,15.37079420052354,7.234758321376763,16.90685970645485,16.904351515718215,30.20756865913317,0.7825132613865008,0.0007316627034936894,0.0,0.0,0.0,0.0,0.0,0.0,0.0,0.0,0.0,0.0,0.0,0.0,0.0
380,8481527,Kaedan Korczak,D,PIT,25,68.9581266088243,2.3496350845703846,20.656258779010084,1102.057625613761,23.005893863580468,0.0,0.0,0.04637335345864783,4.696891409934771,14.74018902700922,27.03430655771687,16.66511252552257,29.990677337239127,0.0,0.0,0.0,0.0,0.0,0.0,0.15273458935430767,0.0,0.0,0.0,0.0,0.0,0.0,0.0,0.0
381,8478508,Yakov Trenin,C,MIN,29,82.4419553128354,10.531687050316084,12.460740468442363,1097.9832586592945,22.992427518758447,0.0,0.0,6.169278106393383,14.98360638861857,7.067219627311159,18.010806004803015,15.897368024379546,30.39974800882308,0.6299615877080665,0.0009145783793671117,0.0,0.0,0.0,0.0,0.000548747027620267,0.0,0.0,0.0,0.0,0.0,0.0,0.0,0.0
382,8478891,Mason Appleton,C,DET,30,80.68102527791824,9.183285843819561,13.751521922198808,1110.6620648231792,22.93480776601837,0.0,0.0,5.318895951001267,13.17839541406515,8.579751494865423,19.239388059671914,16.08242892382387,30.307703379410725,0.4316809950612768,0.0,0.0,0.0,0.0,0.0,0.00018291567587342235,0.0,0.0,0.0,0.0,0.0,0.0,0.0,0.0
383,8477493,Aleksander Barkov,C,FLA,31,39.662608577645805,5.629640735075264,17.137607119730767,764.9243828239493,22.76724785480603,0.0,0.0,1.793956857578992,10.073853389208985,9.395913358420469,26.32165662850516,13.249306713609661,34.3151274198143,0.0711541979147613,0.0,0.0,0.0,0.0,0.0,0.08725077739162246,0.0,0.0,0.0,0.0009145783793671117,0.0,0.0,0.0,0.0
384,8480796,Martin Fehérváry,D,WSH,27,82.59987464983872,3.69146073082511,19.05544716447705,1591.0780629919532,22.74690789530216,0.0,0.0,0.5032906657061175,6.951743599855993,11.776420041763899,26.085944638179036,14.830447683284016,30.719007679144706,0.001097494055240534,0.0,0.0,0.0,0.0,0.0,0.09877446497164807,0.0,0.0,0.0,0.0,0.0,0.0,0.0,0.0
385,8476393,Nick Cousins,C,OTT,33,81.4012878425444,7.742793505021688,15.003229629792521,919.3922758783814,22.74602313481421,0.0,0.0,4.372923194681237,11.428940742840371,10.236598796490265,20.01911864268292,16.52785339080644,29.442622963379637,0.20742637644046094,0.0,0.0,0.0,0.0,0.0,0.002012072434607646,0.0,0.0,0.0,0.0,0.0,0.0,0.0,0.0
386,8476925,Colton Sissons,C,TOR,33,82.29917259904198,10.13854032445715,12.442691441551938,1085.9089638762252,22.58123176600909,0.0,0.0,5.847985157867095,14.510056993567266,6.968435262585436,18.16983912316295,15.231094541283024,30.00770880981723,0.5783793671117615,0.0003658313517468447,0.0,0.0,0.0,0.0,0.0003658313517468447,0.0,0.0,0.0,0.0,0.0,0.0,0.0,0.0
387,8478831,Kevin Stenlund,C,UTA,30,82.4463321665779,8.81739323444056,13.48408334421869,1178.0223349709447,22.301476578659248,0.0,0.0,4.67192609256961,13.045379522239683,8.104352212065876,19.155639499805755,15.213799744671569,29.371486946680132,0.3854033290653009,0.0,0.0,0.0,0.0,0.0,0.002194988110481068,0.0,0.0,0.0,0.0,0.0,0.0,0.0,0.0
388,8479369,Andrew Peeke,D,UTA,28,81.1456017256344,5.410965242820862,16.847564439970153,1530.7665208976703,22.258529682791014,0.0,0.0,2.474459422700799,8.290985105671881,9.918407398429,23.940025895412244,14.712561237126279,30.070656641277655,0.013352844338759832,0.0,0.0,0.0,0.0,0.0,0.037497713554051584,0.0,0.0,0.0,0.0,0.0,0.0,0.0,0.0
389,8476931,Jake McCabe,D,TOR,33,82.63626390259932,2.9675772009818973,19.266642874183617,1798.138332739756,22.234220075165513,0.0,0.0,0.0,6.4457389102186955,11.304145141655109,27.316803104060433,13.922411096014201,30.933738996735,0.001097494055240534,0.0,0.0,0.0,0.0,0.0,0.13773550393268702,0.0,0.0,0.0,0.0,0.0,0.0,0.0,0.0
390,8477969,Marcus Pettersson,D,NYR,30,82.659924808852,3.577306250705672,18.64110559737221,1774.4647344807468,22.21841184807788,0.0,0.0,0.0,7.481714126299016,10.361665976467231,26.816653745790436,13.231925920249349,31.453000065253104,0.00695079568319005,0.0,0.0,0.0,0.0,0.0,0.11487104444850924,0.0,0.0,0.0,0.0,0.0,0.0,0.0,0.0
391,8484164,Dalibor Dvorsky,R,STL,21,82.38515491611133,15.137866241437788,7.0699167200094974,1167.795608065474,22.207782961447286,0.0,0.0,9.851243611987282,20.606884842851017,0.15438974891942078,14.233685703516494,13.5968382529063,31.55750566826001,0.959758551307847,0.09109200658496433,0.0,0.0,0.0,0.0,0.00018291567587342235,0.0,0.0,0.0,0.0,0.0,0.0,0.0,0.0
392,8477478,William Carrier,L,CAR,32,71.27744962559187,7.008200768921757,14.962056577586523,774.1368858525509,21.97025734650828,0.0,0.0,3.698515360630443,10.54250723451948,10.633254328619097,19.647209740978067,15.739226515026774,28.596016480288306,0.12145600877995244,0.0,0.0,0.0,0.0,0.0,0.0012804097311139564,0.0,0.0,0.0,0.0,0.0,0.0,0.0,0.0
393,8484911,Collin Graf,R,SJS,24,51.7104529123891,8.733155403206384,13.073487696056514,844.7931467491576,21.8066430992629,0.0,0.0,5.0777933506303,12.555082572715735,7.8769289990490154,18.379349515787805,15.074738925988008,28.812696803607704,0.3543076641668191,0.0,0.0,0.0,0.0,0.0,0.001097494055240534,0.0,0.0,0.0,0.0,0.0,0.0,0.0,0.0
394,8484471,Emmitt Finnie,C,DET,21,82.40894841883986,12.433286168494591,9.362857008455055,1285.8883764337647,21.79614317694965,0.0,0.0,6.57891113344075,18.300567220336003,2.2813923001697782,16.73932283952621,12.316025385403332,31.371749061388645,0.7848911651728553,0.025059447594658862,0.0,0.0,0.0,0.0,0.0009145783793671117,0.0,0.0,0.0,0.0,0.0,0.0,0.0,0.0
395,8482858,Ryker Evans,D,SEA,25,77.76100536635636,3.496080885361269,18.298405558732373,1424.917820094061,21.794486444093643,0.0,0.0,0.0,7.216952071836854,11.443422021620142,25.677600699843904,13.95825923180025,30.12770482759814,0.0038412291933418692,0.0,0.0,0.0,0.0,0.0,0.08322663252240717,0.0,0.0,0.0,0.0,0.0,0.0,0.0,0.0
396,8481024,Linus Karlsson,C,VAN,27,43.771047428232734,7.344289818909728,14.351047413612864,558.5486947674743,21.695337232522593,0.0,0.0,3.981892088654671,10.998749895113619,10.324233228190803,18.809694582114457,15.727742580268663,28.52620308915632,0.1507225169197,0.0,0.0,0.0,0.0,0.0,0.0003658313517468447,0.0,0.0,0.0,0.0,0.0,0.0,0.0,0.0
397,8482073,Braden Schneider,D,NYR,25,82.63998581337327,3.8389162201338687,17.84678392520206,1612.293022278771,21.68570014533593,0.0,0.0,0.22109954267313453,7.414238970174766,10.763769694704923,24.813045251597494,13.817053012435867,29.78029817785422,0.00310956648984818,0.0,0.0,0.0,0.0,0.0,0.058898847631242,0.0,0.0,0.0,0.0,0.0,0.0,0.0,0.0
398,8476889,Radek Faksa,C,DAL,32,80.43886379550753,5.656653576273756,16.028097062278622,962.2692229964142,21.68475063855238,0.0,0.0,2.1455361664932715,9.162479202190932,11.036811485448409,21.501502441383426,15.391047110207635,28.537057272570355,0.03566855679531736,0.0,0.0,0.0,0.0,0.0,0.006402048655569782,0.0,0.0,0.0,0.0,0.0,0.0,0.0,0.0
399,8475220,Marcus Foligno,L,MIN,35,78.75472536269046,10.421716029417409,11.133573891407739,1039.427689601873,21.555289920825146,0.0,0.0,6.392555494970538,14.547646232767931,6.379260993692693,15.881236409690823,14.954700067678587,28.23336126067064,0.63709529906713,0.000548747027620267,0.0,0.0,0.0,0.0,0.0,0.0,0.0,0.0,0.0,0.0,0.0,0.0,0.0
400,8476874,Olli Maatta,D,MIN,32,79.09717443550402,3.0466334822928958,18.488702268253338,1414.5864553927947,21.535335750546235,0.0,0.0,0.01057335747746153,6.100108431494719,11.697088719072429,25.410865597815974,13.962476961080304,29.248492582232302,0.0007316627034936894,0.0,0.0,0.0,0.0,0.0,0.07078836656301445,0.0,0.0,0.0,0.0,0.0,0.0,0.0,0.0
401,8480003,Jesper Boqvist,C,NJD,28,78.31049286086099,10.437891943367537,11.007937534091369,936.1439829988611,21.445829477458908,0.0,0.0,6.887440022618855,14.269057346136712,6.642751636858796,15.60803753946163,15.176827928156241,28.013687039049756,0.635814889336016,0.00018291567587342235,0.0,0.0,0.0,0.0,0.0,0.0,0.0,0.0,0.0,0.0,0.0,0.0,0.0
402,8481532,Alex Turcotte,C,LAK,25,63.60713589297689,7.332222648395069,14.083368227251285,712.4636277316877,21.41559087564635,0.0,0.0,4.030248770525805,10.884798087480789,9.37408848697613,19.31732840311014,15.045617789621009,28.33661563132816,0.14688128772635814,0.0,0.0,0.0,0.0,0.0,0.0018291567587342234,0.0,0.0,0.0,0.0,0.0,0.0,0.0,0.0
403,8476463,Jonas Brodin,D,MIN,33,76.47136334360063,3.0942720170373805,18.27551689320007,1591.3810331263026,21.36978891023745,0.0,0.0,0.0,6.348905062442388,11.205531330832013,25.77541466098066,13.607766511404279,29.486022905070776,0.0003658313517468447,0.0,0.0,0.0,0.0,0.0,0.08651911468812877,0.0,0.0,0.0,0.0,0.0,0.0,0.0,0.0
404,8481481,Blake Lizotte,C,PIT,29,74.71128765721124,8.865209881855074,12.472539303360387,1011.2588045354235,21.33774918521546,0.0,0.0,4.864519733363372,12.98696410737751,7.858012086128396,17.447865314151702,14.931723375952554,28.30042249910375,0.38265959392719956,0.00018291567587342235,0.0,0.0,0.0,0.0,0.0,0.0,0.0,0.0,0.0,0.0,0.0,0.0,0.0
405,8480860,Kevin Bahl,D,CGY,26,82.58713213052867,3.3255373481296537,17.974551371096506,1773.9605509116586,21.30008871922616,0.0,0.0,0.0,7.250377479265717,10.582678066917836,25.148196363075833,13.096920145311957,29.523057885222297,0.0038412291933418692,0.0,0.0,0.0,0.0,0.0,0.06584964331443205,0.0,0.0,0.0,0.0,0.0,0.0,0.0,0.0
406,8480246,Nick Perbix,D,NSH,28,82.57549660150424,4.511774614228995,16.72946079812309,1524.8958610792645,21.241235412352083,0.0,0.0,0.8866700532625633,8.031405947696292,9.954254562456923,23.950259523183266,13.372254757257624,29.591873718930014,0.012804097311139564,0.0,0.0,0.0,0.0,0.0,0.038595207609292116,0.0,0.0,0.0,0.0,0.0,0.0,0.0,0.0
407,8476457,Adam Larsson,D,SEA,34,82.5731582277813,3.7777506558046268,17.33214757358037,1772.9943601371112,21.109898229385,0.0,0.0,0.0,7.7273178614100715,9.305103185385422,25.23486149439326,12.418825283979437,29.871366909317864,0.008962868117797696,0.0,0.0,0.0,0.0,0.0,0.06310590817633072,0.0,0.0,0.0,0.0,0.0,0.0,0.0,0.0
408,8479378,Logan Stanley,D,NYI,28,75.15227625928154,4.110751176173381,16.817014265246595,1247.2502263550957,20.927765441419975,0.0,0.0,0.6585607492285797,7.669515728697354,11.005257463263606,22.9316482725823,14.081069158829186,28.28216986953379,0.00621913297969636,0.0,0.0,0.0,0.0,0.0,0.020486555697823303,0.0,0.0,0.0,0.0,0.0,0.0,0.0,0.0
409,8474574,Tyler Myers,D,DAL,36,82.43244243103182,4.200871100445142,16.647944238837155,1591.9057141778044,20.848815339282297,0.0,0.0,0.7647832465500561,7.571576055714893,9.470580169261927,23.73905862090368,12.731750216176147,28.853786572137157,0.006767880007316627,0.0,0.0,0.0,0.0,0.0,0.034753978415950244,0.0,0.0,0.0,0.0,0.0,0.0,0.0,0.0
410,8480043,Timothy Liljegren,D,WSH,27,71.56638843233566,4.079730475754661,16.681713634388746,1405.4745213076649,20.761444110143408,0.0,0.0,0.6449516097965312,7.469946220477119,10.097213087569674,23.570994214095897,13.275557865510532,28.75807951990293,0.0054874702762026705,0.0,0.0,0.0,0.0,0.0,0.03201024327784891,0.0,0.0,0.0,0.0,0.0,0.0,0.0,0.0
411,8476374,Sean Kuraly,C,BOS,33,81.42996275333498,7.7765158710509885,12.815622834359552,1065.8401873794355,20.59213870541054,0.0,0.0,4.154596296129568,11.615355802514419,7.5493977732372315,18.488973808767447,13.939095529863062,27.656461023668985,0.2282787634900311,0.0,0.0,0.0,0.0,0.0,0.000548747027620267,0.0,0.0,0.0,0.0,0.0,0.0,0.0,0.0
412,8478450,Parker Wotherspoon,D,VGK,29,79.10485897021606,2.912742692927606,17.59026467502172,1559.5825735018218,20.503007367949326,0.0,0.0,0.0,6.511167993142355,10.18327775746264,25.082514075277572,12.638192573177347,28.610380120175627,0.0009145783793671117,0.0,0.0,0.0,0.0,0.0,0.0638375708798244,0.0,0.0,0.0,0.0,0.0,0.0,0.0,0.0
413,8478434,Keegan Kolesar,R,DET,29,82.39919298685453,7.648287018107052,12.824479703351201,967.0280778461546,20.472766721458253,0.0,0.0,4.261723177114671,11.095577865001042,8.000431189498137,17.920205245898398,14.21619833804007,27.080130823137278,0.1825498445216755,0.0,0.0,0.0,0.0,0.0,0.0,0.0,0.0,0.0,0.0,0.0,0.0,0.0,0.0
414,8481013,Jonatan Berggren,R,STL,26,53.20031360866402,7.330194445667486,13.061012483539352,731.2068379010577,20.391206929206838,0.0,0.0,4.425920998412856,10.567138964184016,8.540572147782276,18.165516385907654,14.421508092635547,27.003800081416138,0.1236509968904335,0.0,0.0,0.0,0.0,0.0,0.0007316627034936894,0.0,0.0,0.0,0.0,0.0,0.0,0.0,0.0
415,8484800,Berkly Catton,C,SEA,20,82.1218167579879,10.803796835754538,9.458103244256776,1084.2691846573334,20.261900080011316,0.0,0.0,6.172173462805145,15.958571456241241,3.7448213446544485,15.544998480622661,12.570802312982503,28.874232506944235,0.663069325041156,0.003658313517468447,0.0,0.0,0.0,0.0,0.00018291567587342235,0.0,0.0,0.0,0.0,0.0,0.0,0.0,0.0
416,8480281,Alexey Toropchenko,R,STL,27,80.10768238814998,7.499448134053582,12.642970695800344,958.6076737204123,20.142418829853924,0.0,0.0,3.9761663689091384,11.287507980778019,8.019297517657078,17.619396790683677,13.885379177759312,26.912408445115958,0.1891348088531187,0.0,0.0,0.0,0.0,0.0,0.00018291567587342235,0.0,0.0,0.0,0.0,0.0,0.0,0.0,0.0
417,8476891,Matt Grzelcyk,D,BUF,32,79.769137714491,2.861989124216632,17.23888214178945,1395.9524414657706,20.10087126600608,0.0,0.0,0.061759962152950855,5.725019484064349,9.794853428132532,24.89613028473638,12.316054491695684,28.55226776755577,0.0,0.0,0.0,0.0,0.0,0.0,0.05999634168648253,0.0,0.0,0.0,0.0,0.0,0.0,0.0,0.0
418,8483505,Matthew Poitras,C,BOS,22,63.465799522512945,5.105347086528762,14.961946115386729,823.1084735069406,20.06729320191549,0.0,0.0,0.0,11.830679389038487,8.82049179634264,21.59365698833168,11.708159125703581,29.922979596672583,0.13371135906347173,0.00018291567587342235,0.0,0.0,0.0,0.0,0.01170660325589903,0.0,0.0,0.0,0.0,0.0,0.0,0.0,0.0
419,8476878,Zemgus Girgensons,C,TBL,32,82.20121883444833,8.682081622523238,11.321607493463741,1150.1109203291724,20.00368911598698,0.0,0.0,4.692673715110065,12.724384081947635,6.242801796842942,16.73350136416933,13.19184781248259,27.06427895478488,0.3462593744283885,0.0,0.0,0.0,0.0,0.0,0.0,0.0,0.0,0.0,0.0,0.0,0.0,0.0,0.0
420,8477220,Nate Schmidt,D,UTA,35,82.55568096832565,3.3886613795050455,16.579218821540533,1595.137586004262,19.967880201045578,0.0,0.0,0.3084153053700337,6.657435910244082,9.46464320580506,24.070237306130647,12.307697276772938,28.363580249474126,0.0014633254069873788,0.0,0.0,0.0,0.0,0.0,0.04170477409914029,0.0,0.0,0.0,0.0,0.0,0.0,0.0,0.0
421,8484185,Nick Lardis,L,CHI,21,80.21405717945426,9.733834097084243,9.942119702399046,989.2884785116026,19.67595379948329,0.0,0.0,5.005752810380001,14.675511112022038,4.814571707584746,15.462748697926957,12.336347374339073,27.57996151542449,0.5269800621913298,0.001097494055240534,0.0,0.0,0.0,0.0,0.0,0.0,0.0,0.0,0.0,0.0,0.0,0.0,0.0
422,8478569,Noel Acciari,C,PHI,35,81.37067852467659,9.862716599159706,9.671295230183958,1125.0184033770277,19.53401182934366,0.0,0.0,5.4665664787553965,14.195064222923445,4.74399135719222,15.00641213230637,12.62174849109565,26.783775591123955,0.5293579659776843,0.0009145783793671117,0.0,0.0,0.0,0.0,0.0,0.0,0.0,0.0,0.0,0.0,0.0,0.0,0.0
423,8476467,Jamie Oleksiak,D,VAN,34,82.44007872321971,4.770377703747904,14.729309208881181,1454.9537948237887,19.499686912629087,0.0,0.0,1.5699951932088867,8.125291918920345,8.462238139328397,21.08082354141268,12.43009814763288,26.677590975432718,0.010426193524785073,0.0,0.0,0.0,0.0,0.0,0.0076824583866837385,0.0,0.0,0.0,0.0,0.0,0.0,0.0,0.0
424,8476441,Joel Edmundson,D,LAK,33,81.78207771260684,4.112254761833713,15.039287554161548,1508.8197517533922,19.15154231599526,0.0,0.0,0.8291671149861428,7.490284084154977,8.715176849367463,21.596110727095727,12.111450707227611,26.8058117528741,0.003658313517468447,0.0,0.0,0.0,0.0,0.0,0.010426193524785073,0.0,0.0,0.0,0.0,0.0,0.0,0.0,0.0
425,8479980,Nicolas Hague,D,NSH,28,81.01540424035927,3.883366926543412,15.159149785560489,1549.9090219289596,19.0425167121039,0.0,0.0,0.7210929979413803,7.036374648355628,9.351694874421524,20.912090689118973,12.398974432375146,25.654522679943906,0.001097494055240534,0.0,0.0,0.0,0.0,0.0,0.004938723248582404,0.0,0.0,0.0,0.0,0.0,0.0,0.0,0.0
426,8482176,Wyatt Kaiser,D,CHI,24,77.48601082220807,3.2478188053987953,15.642140954264887,1509.6166486392428,18.889959759663682,0.0,0.0,0.0,6.861148122352046,8.837324496535466,22.548138240181732,11.356715063258203,26.84734723886862,0.002560819462227913,0.0,0.0,0.0,0.0,0.0,0.0188403146149625,0.0,0.0,0.0,0.0,0.0,0.0,0.0,0.0
427,8475208,Brian Dumoulin,D,LAK,35,82.45513132897723,4.912883799773728,13.959982818179427,1469.7236397468462,18.872866617953154,0.0,0.0,1.8615901081202306,7.940547550616294,7.665627566528402,20.608014341554778,11.921147655568259,26.26338806092183,0.008048289738430584,0.0,0.0,0.0,0.0,0.0,0.006767880007316627,0.0,0.0,0.0,0.0,0.0,0.0,0.0,0.0
428,8480891,Michael Kesselring,D,SJS,26,74.59435965347335,4.309316628422664,14.557773915747777,1143.7674241249554,18.86709054417044,0.0,0.0,0.7498934420639846,8.01335873920029,8.059716360908652,21.89554025694185,11.215574243113366,27.746299529233063,0.011340771904152187,0.0,0.0,0.0,0.0,0.0,0.016645326504481434,0.0,0.0,0.0,0.0,0.0,0.0,0.0,0.0
429,8480727,Zach Whitecloud,D,CGY,30,82.13731257326356,3.654772611800878,15.206814044647224,1633.2791577497917,18.861586656448104,0.0,0.0,0.4752444773240121,6.89736834198496,8.810473006681411,21.91465052882076,11.764886280976647,26.357676357583628,0.0016462410828608012,0.0,0.0,0.0,0.0,0.0,0.011157856228278763,0.0,0.0,0.0,0.0,0.0,0.0,0.0,0.0
430,8478854,Ryan Shea,D,EDM,29,69.96724208837138,4.2838994721711545,14.533289953766324,1316.361477205341,18.817189425937478,0.0,0.0,1.1356436046642733,7.54037175792735,7.412857462312343,21.95250909925154,10.945512184257593,27.00147348874695,0.00621913297969636,0.0,0.0,0.0,0.0,0.0,0.014999085421620633,0.0,0.0,0.0,0.0,0.0,0.0,0.0,0.0
431,8478136,Jake Middleton,D,CGY,30,82.5085778972391,3.9069021252871496,14.89212769511297,1505.2680854004564,18.79902982040012,0.0,0.0,0.7090048293195836,7.358933216757831,8.972721783294183,20.96790101852808,12.183575740864345,25.830629671314266,0.0038412291933418692,0.0,0.0,0.0,0.0,0.0,0.00621913297969636,0.0,0.0,0.0,0.0,0.0,0.0,0.0,0.0
432,8479336,Carl Grundstrom,R,PHI,29,67.08263675985573,8.60102360938195,10.189436620006605,765.5457433428,18.790460229388557,0.0,0.0,4.973405252313677,12.632866355405092,6.376142961940894,14.459615151842591,12.708580123829638,25.57590929284247,0.3455277117248948,0.0,0.0,0.0,0.0,0.0,0.0,0.0,0.0,0.0,0.0,0.0,0.0,0.0,0.0
433,8476967,Brett Kulak,D,COL,32,82.48520857249673,3.9716446821650204,14.816490824926289,1555.0860780125531,18.788135507091308,0.0,0.0,0.0,8.220659377007216,7.5450598125634505,22.376859262235868,10.679874346528996,27.480951231431554,0.0171940735321017,0.0,0.0,0.0,0.0,0.0,0.01627949515273459,0.0,0.0,0.0,0.0,0.0,0.0,0.0,0.0
434,8477488,Brett Pesce,D,NJD,32,74.02075272255067,3.228869506309759,15.524327151638829,1514.3617260722274,18.75319665794859,0.0,0.0,0.0,7.067582036074622,8.870294228245678,22.642832656949057,11.441070499191925,26.897943291937857,0.0032924821657216025,0.0,0.0,0.0,0.0,0.0,0.01792573623559539,0.0,0.0,0.0,0.0,0.0,0.0,0.0,0.0
435,8478840,Will Borgen,D,BOS,30,82.50265521902044,2.8794595891624932,15.78775056790789,1477.4442242337736,18.667210157070382,0.0,0.0,0.0,7.668232547318804,6.2501133497664725,25.729249883886105,8.575838101090143,29.913128828451384,0.011157856228278763,0.0,0.0,0.0,0.0,0.0,0.07042253521126761,0.0,0.0,0.0,0.0,0.0,0.0,0.0,0.0
436,8475842,Sam Carrick,C,BUF,34,81.35384532497754,8.1409980143417,10.394154417644062,868.3370641179813,18.53515243198576,0.0,0.0,4.96269735933464,11.617852874467031,6.262463587722034,14.761278140087919,12.693642668101257,24.73759803630556,0.2275471007865374,0.0,0.0,0.0,0.0,0.0,0.0,0.0,0.0,0.0,0.0,0.0,0.0,0.0,0.0
437,8481641,Joel Kiviranta,L,DAL,30,74.9033980440142,10.090505454863905,8.436987909124507,803.4952784944705,18.527493363988413,0.0,0.0,6.479020361398478,14.020020421502727,4.660978075289072,12.477969790711471,12.60449245658061,25.077752186979687,0.5827693433327236,0.00018291567587342235,0.0,0.0,0.0,0.0,0.0,0.0,0.0,0.0,0.0,0.0,0.0,0.0,0.0
438,8481028,Martin Pospisil,C,CGY,27,65.7729240109854,5.528160471539974,12.923665044201652,781.3767971084663,18.451825515741625,0.0,0.0,1.845351949280924,9.446538232533815,8.089913152323229,18.49781453764843,11.767244758143582,25.867968367163158,0.048472654106456924,0.0,0.0,0.0,0.0,0.0,0.001097494055240534,0.0,0.0,0.0,0.0,0.0,0.0,0.0,0.0
439,8476879,Cody Ceci,D,LAK,33,82.42962015316215,2.7168621554854044,15.612314224394444,1505.4772933233105,18.329176379879847,0.0,0.0,0.0,9.491684337236455,5.811411001635559,25.643782506360377,7.848219318613976,30.70294017951707,0.0499359795134443,0.0,0.0,0.0,0.0,0.0,0.0711541979147613,0.0,0.0,0.0,0.0,0.0,0.0,0.0,0.0
440,8476278,Colin Blackwell,C,DAL,33,73.25958213200735,6.7064123814983425,11.620153702417836,870.2882680606879,18.326566083916177,0.0,0.0,3.4909966276400493,10.168638375231524,7.300501798580701,16.14553956952114,12.780508896317668,24.57630934431581,0.08853118712273642,0.0,0.0,0.0,0.0,0.0,0.0,0.0,0.0,0.0,0.0,0.0,0.0,0.0,0.0
441,8478859,Niko Mikkola,D,FLA,30,82.50122759846158,4.4889798139046775,13.786988338450273,1682.618131817135,18.27596815235495,0.0,0.0,0.633690764833491,8.41979829495472,7.061070314720263,20.547967247203143,10.508758967853145,26.118653637031887,0.016645326504481434,0.0,0.0,0.0,0.0,0.0,0.004389976220962136,0.0,0.0,0.0,0.0,0.0,0.0,0.0,0.0
442,8479520,Brandon Duhaime,L,TOR,29,82.3713280926956,7.938459345323996,10.321635867625286,934.7347326697446,18.26009521294928,0.0,0.0,4.501640621201901,11.463133062105157,5.549481778851848,15.144042157207405,11.972691443323622,24.701101297968144,0.2224254618620816,0.0,0.0,0.0,0.0,0.0,0.0,0.0,0.0,0.0,0.0,0.0,0.0,0.0,0.0
443,8484142,Denver Barkey,C,PHI,21,76.99208901621826,8.519499111865649,9.710768416581537,1035.7855671070574,18.230267528447186,0.0,0.0,4.065949254460824,13.18049811644881,3.0544627930008597,16.692831704443655,9.905868512105291,26.90668708051099,0.3436985549661606,0.00018291567587342235,0.0,0.0,0.0,0.0,0.000548747027620267,0.0,0.0,0.0,0.0,0.0,0.0,0.0,0.0
444,8477845,Trevor van Riemsdyk,D,PIT,35,82.19793138021195,3.0114503739881155,14.727369700481137,1385.176971324991,17.738820074469253,0.0,0.0,0.0,6.099234923484438,8.31480403038955,21.219941310274223,10.734093540825127,25.02921931550483,0.0,0.0,0.0,0.0,0.0,0.0,0.008231205414304006,0.0,0.0,0.0,0.0,0.0,0.0,0.0,0.0
445,8479359,Beck Malenstyn,L,BUF,28,82.33506558297837,6.9103357837366435,10.755251084306375,923.1832164319834,17.665586868043018,0.0,0.0,3.8128077277538392,10.228796072738012,6.24857327040708,15.472599750301649,11.905098055594856,23.939893339080697,0.09090909090909091,0.0,0.0,0.0,0.0,0.0,0.0,0.0,0.0,0.0,0.0,0.0,0.0,0.0,0.0
446,8484240,Tom Willander,D,VAN,21,77.0765263464109,2.972456092590131,14.580712878854749,1342.9416863133301,17.55316897144488,0.0,0.0,0.0,6.636015508148941,8.360332169204506,21.234083785849254,10.471981400800425,25.242951260884112,0.0016462410828608012,0.0,0.0,0.0,0.0,0.0,0.00786537406255716,0.0,0.0,0.0,0.0,0.0,0.0,0.0,0.0
447,8476372,Nick Seeler,D,PHI,33,82.45532694485497,3.5349546059431716,13.962760500721844,1453.4503332370364,17.497715106665016,0.0,0.0,0.6277711582244391,6.482315028979228,7.699472013263669,20.29209991948633,10.599002217501708,24.61234706577941,0.00018291567587342235,0.0,0.0,0.0,0.0,0.0,0.004755807572708981,0.0,0.0,0.0,0.0,0.0,0.0,0.0,0.0
448,8483476,Jonathan Lekkerimäki,R,VAN,22,71.78803126937922,8.91554652564937,8.511491166412362,855.1412432784842,17.42703769206173,0.0,0.0,4.84475195906801,13.355556947299338,3.66288418502703,13.940372726600636,10.560627758033363,25.142643272300454,0.3905249679897567,0.00018291567587342235,0.0,0.0,0.0,0.0,0.0,0.0,0.0,0.0,0.0,0.0,0.0,0.0,0.0
449,8481043,Cole Koepke,L,WPG,28,60.06366301831373,7.016116614772224,10.309543226426861,629.9921441832367,17.325659841199084,0.0,0.0,3.9552159519238197,10.450404333456726,6.046026015303228,15.349074467557939,11.337318220692053,24.206422184073453,0.10810316444119261,0.0,0.0,0.0,0.0,0.0,0.00018291567587342235,0.0,0.0,0.0,0.0,0.0,0.0,0.0,0.0
450,8478399,Jonas Siegenthaler,D,NJD,29,80.88807992641856,3.2842476569359578,13.91850317579593,1573.4023120135837,17.202750832731887,0.0,0.0,0.07044998773662166,6.5063669101026935,7.154868946297539,20.79007884693056,9.78171459476471,24.931232674415334,0.00018291567587342235,0.0,0.0,0.0,0.0,0.0,0.004755807572708981,0.0,0.0,0.0,0.0,0.0,0.0,0.0,0.0
451,8479324,Ryan Lindgren,D,SEA,28,82.43088876569036,3.3819052082185093,13.483919924208212,1517.3029333178217,16.86582513242672,0.0,0.0,0.23566225505450764,6.534917413842329,7.05585598473228,20.029676605919256,9.785122346550835,24.05906971107373,0.000548747027620267,0.0,0.0,0.0,0.0,0.0,0.00310956648984818,0.0,0.0,0.0,0.0,0.0,0.0,0.0,0.0
452,8482201,Gage Goncalves,C,TBL,25,59.314008191226876,6.401633896750709,10.378944267056049,783.384681751454,16.78057816380676,0.0,0.0,3.4323469115051286,9.68144683480695,5.316904892341703,15.748500608674295,10.4996694612382,23.524823955261795,0.05963051033473569,0.0,0.0,0.0,0.0,0.0,0.0,0.0,0.0,0.0,0.0,0.0,0.0,0.0,0.0
453,8477365,Connor Clifton,D,BOS,31,80.48739932437785,2.6185492638872465,14.03753045020336,1365.082212530698,16.656079714090605,0.0,0.0,0.0,5.629473617948793,8.14334936099039,20.020840660387357,10.148170294101796,23.528724004355222,0.0,0.0,0.0,0.0,0.0,0.0,0.004024144869215292,0.0,0.0,0.0,0.0,0.0,0.0,0.0,0.0
454,8485406,Porter Martone,R,PHI,20,80.16882176000101,7.509827657199163,9.063099744631055,1268.8645395629255,16.572927401830217,0.0,0.0,0.0,18.044939209066477,0.0,21.626212970537228,3.6955465829817165,32.95068273381835,0.37040424364368024,0.028534845436253887,0.000548747027620267,0.0,0.0,0.0,0.021218218401316994,0.0,0.0,0.0,0.0012804097311139564,0.0,0.0,0.0,0.0
455,8478416,Erik Cernak,D,TBL,29,81.12575874698182,3.0897456559298737,13.340972450480834,1459.861624193302,16.43071810641071,0.0,0.0,0.30056559346940087,5.967202793602314,7.330983368885207,19.359995392435167,9.893778431666318,23.1205739423289,0.0003658313517468447,0.0,0.0,0.0,0.0,0.0,0.0016462410828608012,0.0,0.0,0.0,0.0,0.0,0.0,0.0,0.0
456,8476448,William Karlsson,C,VGK,33,41.587790932767504,5.308716227643628,11.095083055134882,693.4846556414083,16.40379928277851,0.0,0.0,1.2470867555498841,9.617759263959009,6.609020500634173,15.962382450810745,10.209913573909276,23.27744460553545,0.05267971465154564,0.0,0.0,0.0,0.0,0.0,0.0,0.0,0.0,0.0,0.0,0.0,0.0,0.0,0.0
457,8480834,Ty Emberson,D,EDM,26,74.8467542551029,2.3829991552227767,13.989609882795666,1158.7595836980684,16.372609038018442,0.0,0.0,0.017815963989677854,4.768125623867836,8.6671714630718,19.713335691003692,10.514045341347435,22.678862651320816,0.0,0.0,0.0,0.0,0.0,0.0,0.0014633254069873788,0.0,0.0,0.0,0.0,0.0,0.0,0.0,0.0
458,8482095,Tyler Kleven,D,OTT,24,71.82915851987627,3.0550333496606523,13.030471368190987,1236.5218252525924,16.08550471785164,0.0,0.0,0.11500605246610551,6.089603228103507,6.014543341741438,20.56142071003091,8.595668266479562,24.44679262094485,0.000548747027620267,0.0,0.0,0.0,0.0,0.0,0.008779952441924272,0.0,0.0,0.0,0.0,0.0,0.0,0.0,0.0
459,8477499,Rasmus Ristolainen,D,PHI,32,51.7465427351032,5.188814124900993,10.885183890270142,1070.5962745562274,16.073998015171135,0.0,0.0,2.5994297661287438,7.938670944948054,5.993025374969846,16.048937928480555,10.327698454824295,22.23526179814423,0.007133711359063472,0.0,0.0,0.0,0.0,0.0,0.0,0.0,0.0,0.0,0.0,0.0,0.0,0.0,0.0
460,8475279,Ben Chiarot,D,DET,35,82.39451577468272,3.4912810110181507,12.425449012144949,1699.5143511688825,15.9167300231631,0.0,0.0,0.12177187563852897,6.850683900161902,5.128123601663785,19.606154672319615,7.794946878346627,23.842555161339288,0.00310956648984818,0.0,0.0,0.0,0.0,0.0,0.0038412291933418692,0.0,0.0,0.0,0.0,0.0,0.0,0.0,0.0
461,8474013,Ian Cole,D,CHI,37,82.42725925590571,3.1633579735674218,12.721000078174685,1518.5282516475877,15.884358051742106,0.0,0.0,0.0,6.868806318428634,5.8058022605299415,19.989958122364808,8.215862217295662,24.317023578190025,0.00310956648984818,0.0,0.0,0.0,0.0,0.0,0.004389976220962136,0.0,0.0,0.0,0.0,0.0,0.0,0.0,0.0
462,8476473,Connor Murphy,D,EDM,33,80.62228459455702,2.889305930819729,12.788599541092678,1467.4599010852223,15.677905471912407,0.0,0.0,0.0,5.860367559848725,5.930268330501865,19.899067663171955,8.304386515443067,23.263827113128578,0.00018291567587342235,0.0,0.0,0.0,0.0,0.0,0.004755807572708981,0.0,0.0,0.0,0.0,0.0,0.0,0.0,0.0
463,8475462,Radko Gudas,D,FLA,36,80.43212021811652,2.4758667973037247,13.169423710467472,1354.374400807245,15.645290507771197,0.0,0.0,0.0,5.414260906567553,6.824660179959643,19.77832254891792,8.70126341619909,22.90973710894873,0.0,0.0,0.0,0.0,0.0,0.0,0.0018291567587342234,0.0,0.0,0.0,0.0,0.0,0.0,0.0,0.0
464,8484388,Daniil But,L,UTA,21,79.06205387590069,9.133563982594955,6.442703238990131,974.063146346944,15.576267221585086,0.0,0.0,3.907863919200346,15.081901298303908,1.0459869761773581,12.25540611767246,8.04035208453318,24.3336631543906,0.45710627400768244,0.0018291567587342234,0.0,0.0,0.0,0.0,0.0,0.0,0.0,0.0,0.0,0.0,0.0,0.0,0.0
465,8478443,Brandon Carlo,D,STL,30,81.49705523448705,3.3878846213618705,12.069148488165403,1562.551752028388,15.457033109527273,0.0,0.0,0.0,8.39484529747588,3.0298357819335533,21.654639785958327,5.572426792786876,26.32909469103565,0.02652277300164624,0.0,0.0,0.0,0.0,0.0,0.014084507042253521,0.0,0.0,0.0,0.0,0.0,0.0,0.0,0.0
466,8484798,Zeev Buium,D,VAN,21,80.63181251328112,3.74767666121841,11.280868337862739,1597.6930266905285,15.028544999081149,0.0,0.0,0.0,8.10105331570034,3.347535337383128,19.163171910903692,6.041118986953557,24.179842043357745,0.01792573623559539,0.0,0.0,0.0,0.0,0.0,0.003475397841595025,0.0,0.0,0.0,0.0,0.0,0.0,0.0,0.0
467,8484152,Luca Cagnoni,D,SJS,22,45.15107168947148,5.019990528275432,9.826777251263817,880.1127545294793,14.846767779539249,0.0,0.0,1.7521300620743396,8.905599550979124,3.005514017468047,18.011618579960963,7.068639702013612,24.560718384216074,0.03182732760197549,0.0,0.0,0.0,0.0,0.0,0.004024144869215292,0.0,0.0,0.0,0.0,0.0,0.0,0.0,0.0
468,8475794,Tyler Seguin,C,DAL,34,32.119410712759276,4.758664947981382,9.953690193735447,522.8832562843265,14.712355141716829,0.0,0.0,1.4074451921891555,8.501276261674823,5.4999354149921045,14.830391125422503,8.725817079973812,21.471642823612743,0.022681543808304373,0.0,0.0,0.0,0.0,0.0,0.0,0.0,0.0,0.0,0.0,0.0,0.0,0.0,0.0
469,8484304,Uvis Balinskis,D,FLA,30,64.94069406641741,3.5064523032171806,11.106748368106711,1031.6938914480343,14.613200671323892,0.0,0.0,0.9565158673082791,6.260562221586041,6.425650678792262,16.194822564393245,9.197911114955524,20.611098041098032,0.0003658313517468447,0.0,0.0,0.0,0.0,0.0,0.00018291567587342235,0.0,0.0,0.0,0.0,0.0,0.0,0.0,0.0
470,8480848,Ty Dellandrea,C,SJS,26,58.32401027860086,4.998057124934019,9.612047859741418,798.7966509928428,14.610104984675438,0.0,0.0,2.310925114488655,7.806430112854541,5.966162900846818,13.532441209616326,9.830048366376447,19.750199398639886,0.006036217303822937,0.0,0.0,0.0,0.0,0.0,0.0,0.0,0.0,0.0,0.0,0.0,0.0,0.0,0.0
471,8480878,Nils Lundkvist,D,DAL,26,63.00500802991359,2.621705716866989,11.873978697111133,1023.0432458034002,14.495684413978122,0.0,0.0,0.3375639068194391,4.970043586877405,6.9723881955069915,17.04136596995882,8.942454735131724,20.31811535667997,0.0,0.0,0.0,0.0,0.0,0.0,0.0,0.0,0.0,0.0,0.0,0.0,0.0,0.0,0.0
472,8482929,Emil Lilleberg,D,TBL,25,65.89013062570515,2.6673474783931335,11.696300932679375,1099.915295524165,14.363648411072507,0.0,0.0,0.21386064316953088,5.099816961684614,6.847590671562278,16.695971073005694,8.812266177787185,20.062766260087948,0.0,0.0,0.0,0.0,0.0,0.0,0.0,0.0,0.0,0.0,0.0,0.0,0.0,0.0,0.0
473,8484768,Zayne Parekh,D,CGY,20,62.9045550346192,6.121230484272715,8.231660485219798,1093.471624678081,14.352890969492513,0.0,0.0,0.0,13.112200883297517,1.576972669248988,15.438567915814284,5.58066600447736,24.78089366229133,0.20724346076458752,0.0018291567587342234,0.0,0.0,0.0,0.0,0.0003658313517468447,0.0,0.0,0.0,0.0,0.0,0.0,0.0,0.0
474,8477903,Garnet Hathaway,R,FLA,35,81.58948984846259,5.3532280128962935,8.82956138077875,867.0403743447772,14.182789393675044,0.0,0.0,1.937662058271667,9.039020403222285,4.1609622556581,13.83908943358849,7.952899312693634,20.965158556140242,0.035302725443570514,0.0,0.0,0.0,0.0,0.0,0.0,0.0,0.0,0.0,0.0,0.0,0.0,0.0,0.0
475,8484180,Samuel Honzek,L,CGY,22,73.9218196624528,7.80782289882455,6.369769349964255,962.4975005413204,14.177592248788805,0.0,0.0,2.882871843836947,13.199516791702735,0.9172075010238042,12.205631039652935,6.852885330941962,22.411560212042023,0.2869946954453997,0.0007316627034936894,0.0,0.0,0.0,0.0,0.0,0.0,0.0,0.0,0.0,0.0,0.0,0.0,0.0
476,8481593,Jayden Struble,D,MTL,25,73.83540928965472,1.9256530880071594,12.168553377086269,1044.3519135631673,14.094206465093428,0.0,0.0,0.0,4.148664320862421,7.6343509082265575,17.188151070003403,9.098531569213922,19.63955295947485,0.0,0.0,0.0,0.0,0.0,0.0,0.0,0.0,0.0,0.0,0.0,0.0,0.0,0.0,0.0
477,8481014,Alexander Romanov,D,NYI,26,56.461670697096224,3.3400586778439294,10.744593742967933,1138.8352006489788,14.084652420811862,0.0,0.0,0.21733294609743084,6.657949106440791,5.122800369944703,16.81779674273451,7.323714856776117,21.04997095452913,0.0018291567587342234,0.0,0.0,0.0,0.0,0.0,0.0009145783793671117,0.0,0.0,0.0,0.0,0.0,0.0,0.0,0.0
478,8485388,Victor Eklund,R,NYI,20,77.08037918003745,5.217381395292368,8.747536326644,1105.6793122881443,13.964917721936366,0.0,0.0,1.0,10.248348109114458,1.0,19.20668870777017,4.6522542441083825,25.74028709114174,0.07865374062557161,0.0,0.0,0.0,0.0,0.0,0.0074995427108103165,0.0,0.0,0.0,0.0,0.0,0.0,0.0,0.0
479,8474568,Luke Schenn,D,VAN,37,78.85036182848032,2.1709629036702136,11.618852208542032,1106.1006870860278,13.789815112212246,0.0,0.0,0.0,4.636481428994132,6.590345489082723,17.010189826588423,8.166818188523779,19.93409001227375,0.0,0.0,0.0,0.0,0.0,0.0,0.0003658313517468447,0.0,0.0,0.0,0.0,0.0,0.0,0.0,0.0
480,8476624,Barclay Goodrow,C,SJS,33,82.26389098133221,6.440542600564624,7.32316749504399,973.7649575183042,13.763710095608612,0.0,0.0,3.218765613835825,9.781783202527755,2.9590717278584493,11.817412383177825,7.943817196443654,19.590537075438387,0.06530089628681178,0.0,0.0,0.0,0.0,0.0,0.0,0.0,0.0,0.0,0.0,0.0,0.0,0.0,0.0
481,8481806,Louis Crevier,D,BUF,25,58.06272998658084,2.912140928973739,10.810148887448525,988.2318438990482,13.722289816422265,0.0,0.0,0.30132145930396553,5.634284917324809,5.966520532306984,15.704550894336347,8.166714733311565,19.52419925294947,0.00018291567587342235,0.0,0.0,0.0,0.0,0.0,0.0,0.0,0.0,0.0,0.0,0.0,0.0,0.0,0.0
482,8485395,James Hagens,C,BOS,20,76.45612470466088,7.005783011426383,6.595590559251164,1106.1574933401348,13.601373570677547,0.0,0.0,2.402682832575368,11.846865563578895,0.0,16.910994272703743,4.906356725624961,25.37166971164773,0.19041521858423266,0.00018291567587342235,0.0,0.0,0.0,0.0,0.003658313517468447,0.0,0.0,0.0,0.00018291567587342235,0.0,0.0,0.0,0.0
483,8484999,Ilya Protas,L,WSH,20,77.2839699167488,3.843596056741166,9.757089925708023,1117.5341349808252,13.600685982449189,0.0,0.0,0.0,9.669893965505038,1.0,22.005138376632104,3.1899009553326354,27.372263029024396,0.05505761843790013,0.0,0.0,0.0,0.0,0.0,0.02725443570513993,0.0,0.0,0.0,0.0,0.0,0.0,0.0,0.0
484,8475179,Dmitry Kulikov,D,FLA,36,63.0121498120654,2.6698262063749696,10.9183767532628,1121.607073997915,13.58820295963777,0.0,0.0,0.0,6.053265458601974,4.280067511200996,18.536990492421296,6.2326702828833715,22.20974834739952,0.0012804097311139564,0.0,0.0,0.0,0.0,0.0,0.0029266508139747576,0.0,0.0,0.0,0.0,0.0,0.0,0.0,0.0
485,8475455,Brenden Dillon,D,NJD,36,82.29436495451789,2.4572217015853486,10.79999984897763,1465.9975683609978,13.257221550562978,0.0,0.0,0.0,5.494088309819264,4.00665863172949,17.71823892682626,6.011753450349258,20.82686581695313,0.0,0.0,0.0,0.0,0.0,0.0,0.0007316627034936894,0.0,0.0,0.0,0.0,0.0,0.0,0.0,0.0
486,8479066,Ryan Lomberg,L,CBJ,32,80.7589465341928,4.668631654217356,8.525932414985805,730.390743182048,13.19456406920316,0.0,0.0,2.0527055277139397,7.589834338744269,4.657463206633631,13.045790884501669,7.927262170518035,19.1381618329281,0.005121638924455826,0.0,0.0,0.0,0.0,0.0,0.0,0.0,0.0,0.0,0.0,0.0,0.0,0.0,0.0
487,8479442,Troy Stecher,D,TOR,32,79.4309463845236,2.5269657447223546,10.621164343090456,1455.8921124879855,13.14813008781281,0.0,0.0,0.0,5.5697174586602936,4.835274208086484,16.496411492986798,6.815756412360669,19.949901600209003,0.00018291567587342235,0.0,0.0,0.0,0.0,0.0,0.0007316627034936894,0.0,0.0,0.0,0.0,0.0,0.0,0.0,0.0
488,8478468,Jeremy Lauzon,D,VGK,29,75.48641261067208,3.039982146858271,9.99385712434881,1307.190088057125,13.033839271207082,0.0,0.0,0.055887457857700246,6.154232889515055,4.398289239187144,15.624112797618134,6.685957635144732,19.666785508472834,0.00018291567587342235,0.0,0.0,0.0,0.0,0.0,0.0,0.0,0.0,0.0,0.0,0.0,0.0,0.0,0.0
489,8484160,Nate Danielson,C,DET,22,73.67560326573188,4.952629265219547,7.8393043800783495,794.9546928636937,12.791933645297895,0.0,0.0,1.6054182510577903,8.710461860681582,3.3833409101230973,12.72187587586454,7.000222836330498,19.41513121055441,0.02341320651179806,0.0,0.0,0.0,0.0,0.0,0.0,0.0,0.0,0.0,0.0,0.0,0.0,0.0,0.0
490,8477369,Carson Soucy,D,CBJ,32,79.36176429407887,2.894285428229106,9.847431009193118,1335.6535959859489,12.741716437422223,0.0,0.0,0.12275564436708822,5.766526109111366,4.740480393461444,15.026769234839652,6.83102210873435,18.73635806926956,0.0003658313517468447,0.0,0.0,0.0,0.0,0.0,0.0,0.0,0.0,0.0,0.0,0.0,0.0,0.0,0.0
491,8483447,Conor Geekie,C,TBL,22,64.20544571279119,6.56666985355155,5.961371726656004,703.7101327910365,12.528041580207553,0.0,0.0,3.3342529781861674,10.27157684566979,2.3267954262738355,10.120650350305423,7.308991745355568,18.513840835133664,0.09090909090909091,0.0,0.0,0.0,0.0,0.0,0.0,0.0,0.0,0.0,0.0,0.0,0.0,0.0,0.0
492,8484806,Sam Dickinson,D,SJS,20,72.87957692933729,3.800774651667631,8.714212852232873,1223.28297063463,12.514987503900503,0.0,0.0,0.29257002921425884,7.398542904593122,2.9724349286765412,14.785746586686598,5.900546510416091,19.66765927109869,0.006402048655569782,0.0,0.0,0.0,0.0,0.0,0.0,0.0,0.0,0.0,0.0,0.0,0.0,0.0,0.0
493,8481523,Kirby Dach,C,MTL,25,25.42076293078805,3.2710054318162265,9.237394109934824,343.8466222817868,12.50839954175105,0.0,0.0,1.5540915219371874,5.2455519029342685,5.830628007060145,13.268859887229715,8.097349772018939,17.58245196543377,0.0,0.0,0.0,0.0,0.0,0.0,0.0,0.0,0.0,0.0,0.0,0.0,0.0,0.0,0.0
494,8480840,Oskar Bäck,C,DAL,26,64.7023461822058,4.67776595566327,7.773354916198903,788.9170525287224,12.451120871862173,0.0,0.0,1.936028328255872,7.664506404436972,4.067742180625191,11.701425993568252,7.626638319915133,17.59526186559535,0.004024144869215292,0.0,0.0,0.0,0.0,0.0,0.0,0.0,0.0,0.0,0.0,0.0,0.0,0.0,0.0
495,8478413,Jordan Greenway,L,CHI,29,51.956670210542875,4.99178294986593,7.21502609445396,701.0071468024195,12.20680904431989,0.0,0.0,2.437132043163504,7.9614048616135324,3.8572126144730827,10.924809667746358,7.815484024981908,17.161197052324976,0.00932869946954454,0.0,0.0,0.0,0.0,0.0,0.0,0.0,0.0,0.0,0.0,0.0,0.0,0.0,0.0
496,8474567,Zach Bogosian,D,MIN,36,76.2498775276913,2.2066443472715886,9.709059633885282,1155.813065286901,11.91570398115687,0.0,0.0,0.0,4.8837888126588815,4.633321007675906,14.921735549537969,6.3281294159456305,17.97687606292736,0.0,0.0,0.0,0.0,0.0,0.0,0.0,0.0,0.0,0.0,0.0,0.0,0.0,0.0,0.0
497,8475690,Chris Tanev,D,TOR,37,60.476410442828666,2.762981229003635,9.133426650004095,1152.109664857105,11.89640787900773,0.0,0.0,0.0,6.270138981327728,3.417005414606247,15.06772293196149,5.292809964266246,18.966132645840048,0.0016462410828608012,0.0,0.0,0.0,0.0,0.0,0.0,0.0,0.0,0.0,0.0,0.0,0.0,0.0,0.0
498,8483678,Elias Pettersson,D,VAN,22,73.2380963934345,4.700004607474577,7.124134190728916,1098.4843515782563,11.824138798203492,0.0,0.0,1.7541180588020184,7.856746489647604,2.244184222152486,12.320116878994947,6.145529380185948,18.174452723575133,0.009145783793671118,0.0,0.0,0.0,0.0,0.0,0.0,0.0,0.0,0.0,0.0,0.0,0.0,0.0,0.0
499,8484223,Axel Sandin-Pellikka,D,DET,21,71.19934817191334,3.454332770215802,8.273210358131445,1146.3586774701523,11.727543128347246,0.0,0.0,0.0,6.950154736460184,2.913310353074963,13.922360025635918,5.415596098560629,18.32337582800842,0.0016462410828608012,0.0,0.0,0.0,0.0,0.0,0.0,0.0,0.0,0.0,0.0,0.0,0.0,0.0,0.0
500,8481122,Simon Benoit,D,PHI,28,80.75998727893878,2.800359981372782,8.843754782732853,1374.6728424508208,11.644114764105636,0.0,0.0,0.08013099775145302,5.633047664898538,3.169294529652121,14.895649320267202,5.351985851143586,18.425621735584578,0.0,0.0,0.0,0.0,0.0,0.0,0.0,0.0,0.0,0.0,0.0,0.0,0.0,0.0,0.0
501,8484794,Michael Brandsegg-Nygård,R,DET,21,73.42426862400664,4.063441949069656,7.311452756186882,952.4426330758643,11.374894705256537,0.0,0.0,0.0,8.563759338322324,1.765864853015342,13.450558728556024,4.5940867745340785,19.28179626514764,0.027071520029266508,0.0,0.0,0.0,0.0,0.0,0.0,0.0,0.0,0.0,0.0,0.0,0.0,0.0,0.0
502,8479576,Vincent Desharnais,D,WSH,30,73.70109196711114,2.272734884518241,8.977298627628036,1302.3746090122484,11.250033512146278,0.0,0.0,0.0,5.190418351652876,3.042083043093284,15.156989382715587,4.7544942845607725,18.41155954867268,0.0,0.0,0.0,0.0,0.0,0.0,0.0,0.0,0.0,0.0,0.0,0.0,0.0,0.0,0.0
503,8483455,Isaac Howard,L,EDM,22,72.32340250378483,4.927962779946935,6.213438781776279,749.1506483106123,11.141401561723214,0.0,0.0,1.7244518592739848,8.502561382050118,2.225118755791545,10.73397908087171,5.712574389896149,17.34853691525777,0.02323029083592464,0.0,0.0,0.0,0.0,0.0,0.0,0.0,0.0,0.0,0.0,0.0,0.0,0.0,0.0
504,8476979,Erik Gustafsson,D,LAK,34,34.25873687884612,1.92280144380188,8.96016993135384,582.9826993393735,10.882971375155721,0.0,0.0,0.19539367222669,3.9287114384205286,4.6645066080413145,14.115817814635939,6.105265367825545,16.826755148005155,0.0,0.0,0.0,0.0,0.0,0.0,0.0,0.0,0.0,0.0,0.0,0.0,0.0,0.0,0.0
505,8484797,Konsta Helenius,C,BUF,20,68.31487674946938,4.631754631275931,5.663682959478382,875.5059804178379,10.295437590754313,0.0,0.0,1.0,9.46583139041683,0.0,14.182682238342307,2.941259169572268,20.253842703527496,0.049570148161697455,0.0,0.0,0.0,0.0,0.0,0.0003658313517468447,0.0,0.0,0.0,0.0,0.0,0.0,0.0,0.0
506,8484873,Cole Hutson,D,WSH,20,40.7245750830637,4.776639599732733,5.511171368275673,729.0784491622921,10.287810968008406,0.0,0.0,1.3178459318924318,8.489414699305359,0.10538683407529163,11.237032950158028,4.276263414174796,17.344351918003035,0.021218218401316994,0.0,0.0,0.0,0.0,0.0,0.0,0.0,0.0,0.0,0.0,0.0,0.0,0.0,0.0
507,8482768,Fedor Svechkov,C,COL,23,43.00427493462282,4.572291245902122,5.643438444455962,533.786161012358,10.215729690358085,0.0,0.0,2.3590264211271936,7.0147690938136735,3.115608182477112,8.35508854928474,6.616405573215694,14.116706323588629,0.0012804097311139564,0.0,0.0,0.0,0.0,0.0,0.0,0.0,0.0,0.0,0.0,0.0,0.0,0.0,0.0
508,8483609,Adam Klapka,R,CGY,26,44.644574092197686,5.437567154852728,4.585815395611176,470.78980679023596,10.023382550463904,0.0,0.0,2.865206769419495,8.433336289875468,1.9516609599734096,7.563755628961177,5.904807108843192,14.716645232595479,0.015913663800987746,0.0,0.0,0.0,0.0,0.0,0.0,0.0,0.0,0.0,0.0,0.0,0.0,0.0,0.0
509,8483425,Lian Bichsel,D,DAL,22,64.17631027018173,3.1247073544335033,6.86990971559417,1010.3770044658826,9.994617070027674,0.0,0.0,0.0,6.498481828715284,2.489393835932772,11.564913798635521,4.6525972487781395,15.868105862786766,0.0016462410828608012,0.0,0.0,0.0,0.0,0.0,0.0,0.0,0.0,0.0,0.0,0.0,0.0,0.0,0.0
510,8477527,Ross Johnston,L,STL,32,70.62823178586521,3.071327160398408,6.8689673925955415,668.2075788789612,9.940294552993949,0.0,0.0,0.8117866722713115,5.523804036728606,3.38629267123615,11.013959282684652,5.338566104338779,15.204962544743346,0.0,0.0,0.0,0.0,0.0,0.0,0.0,0.0,0.0,0.0,0.0,0.0,0.0,0.0,0.0
511,8482964,Arber Xhekaj,D,MTL,25,76.70047440532188,2.242173781835392,7.437175845190558,929.8282684052268,9.67934962702595,0.0,0.0,0.2137714202280477,4.4386809201763615,3.093427418137503,12.293893966427182,4.7986745343648565,15.046947158606606,0.0,0.0,0.0,0.0,0.0,0.0,0.0,0.0,0.0,0.0,0.0,0.0,0.0,0.0,0.0
512,8484829,Justin Hryckowian,C,DAL,25,28.2088471668761,3.1954274056526653,6.256523269421423,384.9110513111395,9.451950675074087,0.0,0.0,1.5552629526464716,5.155160978648445,3.2469251763547797,9.9520525841791,5.533763893347407,14.210584264576534,0.0,0.0,0.0,0.0,0.0,0.0,0.0,0.0,0.0,0.0,0.0,0.0,0.0,0.0,0.0
513,8480813,Joseph Veleno,C,NYR,26,47.50716035064094,3.0874166006012542,6.143105881866951,599.6329894980796,9.230522482468206,0.0,0.0,0.6806129181185929,5.809174447007311,2.5926176660747693,10.462511227372753,4.367009026540044,14.866879894863674,0.00018291567587342235,0.0,0.0,0.0,0.0,0.0,0.0,0.0,0.0,0.0,0.0,0.0,0.0,0.0,0.0
514,8477810,Joel Hanley,D,CGY,35,66.54692228602988,1.834848412770896,7.294497346506113,1003.2888602367929,9.12934575927701,0.0,0.0,0.0,3.9048168034358226,3.0046823360940107,11.648072148185344,4.411222268931889,14.248940251210337,0.0,0.0,0.0,0.0,0.0,0.0,0.0,0.0,0.0,0.0,0.0,0.0,0.0,0.0,0.0
515,8483450,Ryan Greene,C,CHI,23,29.572397861476816,3.8207020193039227,4.728998749632501,488.1317399647778,8.549700768936424,0.0,0.0,1.6801773564578557,6.306198557521072,2.0801805023806605,7.782751157486773,4.850961075656331,12.962641939349105,0.0003658313517468447,0.0,0.0,0.0,0.0,0.0,0.0,0.0,0.0,0.0,0.0,0.0,0.0,0.0,0.0
516,8478424,Jansen Harkins,C,TBL,29,49.09799749358593,3.310429859075732,5.179935682958896,479.9678648004594,8.490365542034628,0.0,0.0,1.6824679082424723,5.157931736295767,2.4940991043509775,8.21059285075492,5.052733517051437,12.463946213462929,0.0,0.0,0.0,0.0,0.0,0.0,0.0,0.0,0.0,0.0,0.0,0.0,0.0,0.0,0.0
517,8481607,Albert Johansson,D,DET,25,65.09987077655512,2.1811777116730737,6.2185507143972885,1040.3894762896855,8.399728426070363,0.0,0.0,0.0,4.634265302974107,1.6107960883425836,10.995837695144267,3.4278265020158205,13.845673454449983,0.0,0.0,0.0,0.0,0.0,0.0,0.0,0.0,0.0,0.0,0.0,0.0,0.0,0.0,0.0
518,8482859,Zack Ostapchuk,C,SJS,23,42.01459145137993,2.984969892240016,5.341582325853485,426.8053422622561,8.326552218093502,0.0,0.0,1.3948043404636505,4.863557118854427,2.910415822775415,8.174413047798337,5.046653336368824,12.20576204688827,0.0,0.0,0.0,0.0,0.0,0.0,0.0,0.0,0.0,0.0,0.0,0.0,0.0,0.0,0.0
519,8480990,Declan Chisholm,D,NJD,26,36.29585252210655,1.149143682454728,7.0909675560811545,535.7422368289346,8.240111238535883,0.0,0.0,0.0,2.615057147720177,4.155931027519892,10.42661098405782,4.927897816389124,12.020231702777824,0.0,0.0,0.0,0.0,0.0,0.0,0.0,0.0,0.0,0.0,0.0,0.0,0.0,0.0,0.0
520,8483771,Sandis Vilmanis,L,FLA,22,66.67890538094254,3.804562016948996,4.206783768476085,724.7570248606164,8.011345785425082,0.0,0.0,0.6847053299319805,7.322205979071142,0.0,8.773706298103576,3.02480778339181,14.020596578352146,0.0053045546003292485,0.0,0.0,0.0,0.0,0.0,0.0,0.0,0.0,0.0,0.0,0.0,0.0,0.0,0.0
521,8482088,Justin Sourdif,C,WSH,24,22.49379418179496,5.542319402515699,2.4422711483465545,326.1758653259803,7.9845905508622534,0.0,0.0,2.796207080168084,8.90936295005822,0.585637754732648,4.7188703377378864,4.347319031515504,12.602679338855102,0.029449423815621,0.0,0.0,0.0,0.0,0.0,0.0,0.0,0.0,0.0,0.0,0.0,0.0,0.0,0.0
522,8484136,Max Sasson,C,VAN,26,29.943453647765807,4.287586351482494,3.452943008335144,365.49475118660905,7.7405293598176375,0.0,0.0,2.6688331869347355,6.192173924947631,1.5417249136007514,5.597601676366599,5.041692429753463,10.98354071027872,0.0,0.0,0.0,0.0,0.0,0.0,0.0,0.0,0.0,0.0,0.0,0.0,0.0,0.0,0.0
523,8475790,Erik Gudbranson,D,CBJ,34,38.1684007560699,1.243916269401895,6.43222609748344,687.3221073673221,7.676142366885335,0.0,0.0,0.0,3.0308105178374234,2.514717847850978,10.87024829828522,3.5032798063181754,12.636774902188515,0.0,0.0,0.0,0.0,0.0,0.0,0.0,0.0,0.0,0.0,0.0,0.0,0.0,0.0,0.0
524,8482691,Aatu Räty,C,VAN,24,27.50451823408935,4.415372231025647,3.1724628210662527,322.4522297295926,7.5878350520919,0.0,0.0,2.8188268025373655,6.244272087033031,1.6208167278497803,4.88556451665727,5.037725480698034,10.431062040923551,0.00018291567587342235,0.0,0.0,0.0,0.0,0.0,0.0,0.0,0.0,0.0,0.0,0.0,0.0,0.0,0.0
525,8476422,Mike Reilly,D,CAR,33,34.07070041509497,1.8540595460121674,5.572073536633202,504.1203139280403,7.42613308264537,0.0,0.0,0.2833130519455848,3.5688051434055916,2.8665877655742724,8.67576614630311,4.2216701162860915,11.20860864224881,0.0,0.0,0.0,0.0,0.0,0.0,0.0,0.0,0.0,0.0,0.0,0.0,0.0,0.0,0.0
526,8484958,Maxim Tsyplakov,R,CGY,28,41.40248999182011,3.5415405899886547,3.584223849125443,436.76632804060034,7.125764439114098,0.0,0.0,1.6535203009766242,5.68043568522786,1.2318423715190183,6.353336106619263,3.8375606960055095,10.936084885728391,0.0,0.0,0.0,0.0,0.0,0.0,0.0,0.0,0.0,0.0,0.0,0.0,0.0,0.0,0.0
527,8479941,Justin Danforth,R,BUF,33,29.252491924887444,2.2558858261459886,4.840867588297084,392.51775561016433,7.096753414443073,0.0,0.0,0.4056443654597357,4.418634766451321,2.2761630944211064,7.886474472145118,3.7382087431411106,11.235859423426028,0.0,0.0,0.0,0.0,0.0,0.0,0.0,0.0,0.0,0.0,0.0,0.0,0.0,0.0,0.0
528,8478454,Noah Juulsen,D,COL,29,47.99437595393514,1.212357661164747,5.764829223426785,668.5992594271595,6.977186884591532,0.0,0.0,0.0,2.7317138546060002,2.7644566422646326,8.988963681878229,3.699944416002164,10.635426930075802,0.0,0.0,0.0,0.0,0.0,0.0,0.0,0.0,0.0,0.0,0.0,0.0,0.0,0.0,0.0
529,8482751,Ryan Winterton,C,SEA,23,25.67735264702794,2.112109149936284,4.538284807271548,316.62993883305,6.650393957207832,0.0,0.0,0.8245546016945758,3.6101807087791515,2.4790427552129244,6.917711680858127,3.9417207702787067,9.886395257279489,0.0,0.0,0.0,0.0,0.0,0.0,0.0,0.0,0.0,0.0,0.0,0.0,0.0,0.0,0.0
530,8484386,Dmitri Simashev,D,UTA,21,45.64319922913406,1.4834205545169448,4.479464835053388,702.1091025152678,5.962885389570333,0.0,0.0,0.0,3.8813016702143575,1.0,9.425710217490423,1.876951209635474,11.754940548001471,0.0,0.0,0.0,0.0,0.0,0.0,0.0,0.0,0.0,0.0,0.0,0.0,0.0,0.0,0.0
531,8482475,Egor Chinakhov,R,PIT,25,12.401996309214818,2.364426384284876,3.5487623885283877,197.19413642362423,5.913188772813264,0.0,0.0,1.0,4.278752914341292,1.4983683015392066,6.140850371393698,2.682363727920167,9.89092835813892,0.0,0.0,0.0,0.0,0.0,0.0,0.0,0.0,0.0,0.0,0.0,0.0,0.0,0.0,0.0
532,8483398,Declan Carlile,D,PIT,26,9.744476916363263,2.477349112774978,3.4262061773733734,156.8619796975073,5.9035552901483515,0.0,0.0,1.9999999999999998,4.605600038248877,2.0,6.333193788262939,4.0,10.76462227615646,0.0,0.0,0.0,0.0,0.0,0.0,0.0,0.0,0.0,0.0,0.0,0.0,0.0,0.0,0.0
533,8484188,Theo Lindstein,D,STL,21,35.66096935029992,1.5428306315496743,4.335740317634828,558.5494809674724,5.878570949184502,0.0,0.0,0.0,3.836418475415966,1.4643048099894613,7.633650923631084,2.5085888716971545,10.039599215811911,0.0,0.0,0.0,0.0,0.0,0.0,0.0,0.0,0.0,0.0,0.0,0.0,0.0,0.0,0.0
534,8483525,Danila Yurov,R,MIN,23,19.170130702755767,3.0067462370066336,2.7607616906012358,254.91237707525934,5.76750792760787,0.0,0.0,1.7817228181193678,4.427006288219423,1.4211058272229287,4.27243753996228,3.6400745613847056,8.189934097655994,0.0,0.0,0.0,0.0,0.0,0.0,0.0,0.0,0.0,0.0,0.0,0.0,0.0,0.0,0.0
535,8483553,Marc Gatcomb,C,VGK,27,20.76389054482185,3.049286076118006,2.718119331902499,205.22832041116297,5.767405408020505,0.0,0.0,1.8320121202021362,4.4870596626417525,1.5359739879694054,4.095840788013871,3.594459021408441,8.207279237547818,0.0,0.0,0.0,0.0,0.0,0.0,0.0,0.0,0.0,0.0,0.0,0.0,0.0,0.0,0.0
536,8482126,Emil Andrae,D,CBJ,24,28.598749616554954,1.0819200450886761,4.628654874817295,442.37738210383964,5.710574919905971,0.0,0.0,0.0,2.4471725497231684,2.3658876949563705,7.149986764859803,3.1049386975226194,8.722374300003636,0.0,0.0,0.0,0.0,0.0,0.0,0.0,0.0,0.0,0.0,0.0,0.0,0.0,0.0,0.0
537,8482482,Adam Wilsby,D,NSH,26,21.460728571129398,0.8756271932641485,4.241704555361938,359.74205825139217,5.1173317486260865,0.0,0.0,0.0,1.8664472226548046,2.291246541725636,6.322707215364092,2.942881019036929,7.635518425205666,0.0,0.0,0.0,0.0,0.0,0.0,0.0,0.0,0.0,0.0,0.0,0.0,0.0,0.0,0.0
538,8479372,Josh Mahura,D,SEA,28,24.937822512309324,0.8738953932414841,4.160711415990669,370.5296265849247,5.0346068092321525,0.0,0.0,0.0,1.968738684127402,1.8969198766315096,6.908458186024051,2.519461546260564,8.174307780569332,0.0,0.0,0.0,0.0,0.0,0.0,0.0,0.0,0.0,0.0,0.0,0.0,0.0,0.0,0.0
539,8482703,Colton Dach,C,EDM,23,22.964286640960548,2.023282758725238,2.9830015730752746,272.449305433597,5.006284331800513,0.0,0.0,0.8855504009596777,3.3898822569696945,1.5210766617607285,4.664363776366727,2.9096788319201257,7.509472533455025,0.0,0.0,0.0,0.0,0.0,0.0,0.0,0.0,0.0,0.0,0.0,0.0,0.0,0.0,0.0
540,8483482,Tristan Luneau,D,ANA,22,14.88598529305635,1.2270114323967298,3.6090238362831397,320.1053843251599,4.836035268679869,0.0,0.0,0.0,4.207176592387166,1.0209156040821805,6.847392975308539,1.6020695638460756,9.722444225587916,0.000548747027620267,0.0,0.0,0.0,0.0,0.0,0.0,0.0,0.0,0.0,0.0,0.0,0.0,0.0,0.0
541,8483690,Noah Laba,C,NYR,23,23.186343229325296,1.8757152171023985,2.884552574967727,320.65244830897825,4.760267792070126,0.0,0.0,0.5437525757343576,3.3046570535616784,1.3954086121133045,4.587226914159281,2.7262865458034216,7.172105770800418,0.0,0.0,0.0,0.0,0.0,0.0,0.0,0.0,0.0,0.0,0.0,0.0,0.0,0.0,0.0
542,8476455,Gabriel Landeskog,L,COL,34,10.547865846460247,2.3541243847339444,2.2366869241226914,172.71946630943242,4.590811308856636,0.0,0.0,1.0000000000000002,4.074624377015689,1.0,4.014185054672425,2.158759962238568,7.660346923961846,0.0,0.0,0.0,0.0,0.0,0.0,0.0,0.0,0.0,0.0,0.0,0.0,0.0,0.0,0.0
543,8484759,Carter Yakemchuk,D,OTT,21,24.72192411836768,0.9892945896420671,3.315818982573755,393.5114973743746,4.305113572215822,0.0,0.0,0.0,2.9323461779696363,1.0,6.748442996019179,1.490731798856589,8.447890623150515,0.0,0.0,0.0,0.0,0.0,0.0,0.0,0.0,0.0,0.0,0.0,0.0,0.0,0.0,0.0
544,8483890,Braeden Bowman,R,VGK,23,10.804320652328638,1.9619869169497093,2.2808102018189302,143.0096725655022,4.24279711876864,0.0,0.0,1.0000000000000002,3.177528014207179,1.1601124929454913,3.628619397121615,2.3879996858996133,6.481466693675459,0.0,0.0,0.0,0.0,0.0,0.0,0.0,0.0,0.0,0.0,0.0,0.0,0.0,0.0,0.0
545,8482758,Ville Koivunen,R,PIT,23,7.373435563986117,1.5726720580277684,2.5485441936354714,97.19742827790645,4.12121625166324,0.0,0.0,0.9999999999999999,3.1316177365956333,0.9999999999999999,5.055616085703618,1.9999999999999998,8.0143848611182,0.0,0.0,0.0,0.0,0.0,0.0,0.0,0.0,0.0,0.0,0.0,0.0,0.0,0.0,0.0
546,8480426,Charle-Edouard D'Astous,D,TBL,28,17.830099225782796,1.958304724834186,2.1522265251661055,319.5265306959088,4.1105312500002915,0.0,0.0,1.0024399112068327,3.097464504149699,0.6071668718610325,3.953640098767533,2.2035106014869177,6.436763035604467,0.0,0.0,0.0,0.0,0.0,0.0,0.0,0.0,0.0,0.0,0.0,0.0,0.0,0.0,0.0
547,8484403,Florian Xhekaj,L,MTL,22,44.92642648667055,1.3160020569426902,2.579408748725483,441.30421208434825,3.895410805668173,0.0,0.0,0.0,3.0801667946109337,0.0,6.040587131038157,0.7699955165845689,7.935009977152371,0.0,0.0,0.0,0.0,0.0,0.0,0.0,0.0,0.0,0.0,0.0,0.0,0.0,0.0,0.0
548,8483466,Kevin Korchinski,D,CHI,22,21.63688935204991,1.0027840230065823,2.8912353506760557,339.9011906353969,3.894019373682638,0.0,0.0,0.0,2.22347720284022,1.030598152926727,5.166630022410235,1.6806624980799454,6.736859958634874,0.0,0.0,0.0,0.0,0.0,0.0,0.0,0.0,0.0,0.0,0.0,0.0,0.0,0.0,0.0
549,8481725,Elmer Soderblom,L,PIT,25,17.089580613189845,1.7845788159224163,1.8586436975789047,194.67744024756962,3.643222513501321,0.0,0.0,0.8762098062165999,2.8797182151219793,0.8267238684469461,3.086788742883188,2.0307724110648837,5.570533098901456,0.0,0.0,0.0,0.0,0.0,0.0,0.0,0.0,0.0,0.0,0.0,0.0,0.0,0.0,0.0
550,8482166,Shakir Mukhamadullin,D,EDM,24,17.05107549942554,0.7862415027428445,2.8313599523934716,280.0213956726666,3.6176014551363163,0.0,0.0,0.03779108252934302,1.6077878741832183,1.0824834448850917,4.885976314313033,1.6419645151522313,5.929256381006424,0.0,0.0,0.0,0.0,0.0,0.0,0.0,0.0,0.0,0.0,0.0,0.0,0.0,0.0,0.0
551,8481161,Jake Christiansen,D,CBJ,27,29.52764456573289,0.6876301104404274,2.864069736560188,308.46077993616484,3.5516998470006156,0.0,0.0,0.0,1.4503485551504098,1.3793669558112875,4.712363738469692,1.851415407287052,5.703038175125043,0.0,0.0,0.0,0.0,0.0,0.0,0.0,0.0,0.0,0.0,0.0,0.0,0.0,0.0,0.0
552,8486067,Gavin McKenna,L,TOR,19,12.97399929371542,1.4837657389539056,1.88057070969837,195.59334040842822,3.3643364486522755,0.0,0.0,0.9999999999999999,2.863698648974197,0.9999999999999999,3.965247985154496,2.0,6.325759297423875,0.0,0.0,0.0,0.0,0.0,0.0,0.0,0.0,0.0,0.0,0.0,0.0,0.0,0.0,0.0
553,8481721,Arseny Gritsyuk,R,NJD,25,15.459038123387657,1.7218019763887875,1.5443192996617048,235.32823185135578,3.2661212760504923,0.0,0.0,0.6461511547219058,2.9762312861675952,0.3892736690616792,2.827566669408102,1.6000119590503397,5.248127248727093,0.0,0.0,0.0,0.0,0.0,0.0,0.0,0.0,0.0,0.0,0.0,0.0,0.0,0.0,0.0
554,8480842,Filip Hallander,C,PIT,26,3.472392115819641,1.1056546640722031,2.146628551834849,39.48555597092178,3.2522832159070525,0.0,0.0,0.9999999999999999,3.256254374470645,1.9999999999999998,6.246589937913741,2.9999999999999996,9.45510987583499,0.0,0.0,0.0,0.0,0.0,0.0,0.0,0.0,0.0,0.0,0.0,0.0,0.0,0.0,0.0
555,8475235,Nicolas Deslauriers,L,CAR,35,27.31096627435297,1.4031413741009615,1.8337092501920877,225.10960859283063,3.2368506242930493,0.0,0.0,0.34186766268628926,2.8192833418055896,0.5402793947902081,3.4687994095361816,1.3495608976255111,5.688139584307254,0.0,0.0,0.0,0.0,0.0,0.0,0.0,0.0,0.0,0.0,0.0,0.0,0.0,0.0,0.0
556,8482726,Samuel Helenius,C,LAK,24,22.593574051232352,1.6831829974115184,1.374183216422703,181.53675064603948,3.0573662138342215,0.0,0.0,0.838207768925189,2.7212956635931262,0.5041380580480087,2.4640419477005073,1.6215536076846577,4.813993078869152,0.0,0.0,0.0,0.0,0.0,0.0,0.0,0.0,0.0,0.0,0.0,0.0,0.0,0.0,0.0
557,8479368,Max Jones,L,EDM,28,19.811785122446626,1.126299319278952,1.9026835151599144,191.2588695221445,3.0289828344388665,0.0,0.0,0.1857944680249779,2.3534762476157756,0.6209955994640084,3.5596618201629417,1.25446609687683,5.345747066227739,0.0,0.0,0.0,0.0,0.0,0.0,0.0,0.0,0.0,0.0,0.0,0.0,0.0,0.0,0.0
558,8483570,Ben Meyers,C,SEA,28,14.322635131578135,1.3486365590957232,1.4224122519123326,167.95013776173045,2.771048811008056,0.0,0.0,0.5847170442372375,2.349815578076203,0.5255109326543486,2.5431723503316355,1.2885370008188257,4.592238068232867,0.0,0.0,0.0,0.0,0.0,0.0,0.0,0.0,0.0,0.0,0.0,0.0,0.0,0.0,0.0
559,8483395,Arshdeep Bains,L,VAN,25,9.286474108334431,1.3760735713319696,1.3714646178884855,98.84514450981162,2.747538189220455,0.0,0.0,0.9999999999999999,2.673277810500609,0.9999999999999999,2.717292488559935,1.9999999999999998,5.208230716343381,0.0,0.0,0.0,0.0,0.0,0.0,0.0,0.0,0.0,0.0,0.0,0.0,0.0,0.0,0.0
560,8481726,Adam Edstrom,C,NSH,26,20.86582141804165,1.6128543262526212,1.118487417175559,211.00449715191033,2.73134174342818,0.0,0.0,0.5085217365873048,2.9618116044641343,0.07106548213563635,2.470831673079404,1.1112483402132054,4.885012090900995,0.0,0.0,0.0,0.0,0.0,0.0,0.0,0.0,0.0,0.0,0.0,0.0,0.0,0.0,0.0
561,8482408,Jeff Malott,L,ANA,30,12.972644071334049,1.822055224498594,0.8018111272534181,116.18928807836032,2.623866351752012,0.0,0.0,1.0,3.132209754924575,0.16714098580835884,1.6286740405072033,1.3129719451696524,4.514080447017278,0.0,0.0,0.0,0.0,0.0,0.0,0.0,0.0,0.0,0.0,0.0,0.0,0.0,0.0,0.0
562,8484321,Nikolas Matinpalo,D,OTT,28,22.16236552132203,0.6910895933643618,1.7835800893709084,350.7909999816684,2.47466968273527,0.0,0.0,0.0,1.675037630146379,0.14564794936970055,3.647152317914462,0.6942066394897455,4.659946980986115,0.0,0.0,0.0,0.0,0.0,0.0,0.0,0.0,0.0,0.0,0.0,0.0,0.0,0.0,0.0
563,8477971,Andreas Englund,D,DET,30,18.56490487123624,0.5593995389012535,1.6414635956105759,221.8368730718351,2.2008631345118292,0.0,0.0,0.0,1.3612582174115626,0.29871856300639293,3.3774529270952915,0.6343114036143673,4.2655426121093845,0.0,0.0,0.0,0.0,0.0,0.0,0.0,0.0,0.0,0.0,0.0,0.0,0.0,0.0,0.0
564,8485702,Maxim Shabanov,R,MIN,26,4.2035838535397865,1.0635739212009363,1.1132658024555269,67.25633821822915,2.176839723656463,0.0,0.0,1.0,2.614284375283383,1.0,2.795673610308019,2.0,5.331268973318954,0.0,0.0,0.0,0.0,0.0,0.0,0.0,0.0,0.0,0.0,0.0,0.0,0.0,0.0,0.0
565,8480029,Alex Formenton,L,EDM,27,4.193067202935349,0.04752893102295518,2.119202897013978,64.05652983082098,2.1667318280369328,0.0,0.0,0.0,0.36588506505194246,2.0,5.350418006209825,2.0,5.575021060761808,0.0,0.0,0.0,0.0,0.0,0.0,0.0,0.0,0.0,0.0,0.0,0.0,0.0,0.0,0.0
566,8486161,Owen Michaels,R,EDM,24,4.159000468484795,2.0639492072914405,0.07615728039307966,50.236078147084655,2.14010648768452,0.0,0.0,2.0,5.4070152251852655,0.0,0.5246284490204991,2.0,5.735713977839127,0.0007316627034936894,0.0,0.0,0.0,0.0,0.0,0.0,0.0,0.0,0.0,0.0,0.0,0.0,0.0,0.0
567,8486103,Ivar Stenberg,L,SJS,19,10.657734097585536,0.32843212631906177,1.7581111491436854,159.7296120015892,2.086543275462747,0.0,0.0,0.0,1.1506027551312523,0.9999999999999999,3.757632018915826,1.011556584338058,4.454764293548152,0.0,0.0,0.0,0.0,0.0,0.0,0.0,0.0,0.0,0.0,0.0,0.0,0.0,0.0,0.0
568,8485512,Tim Washe,C,ANA,25,5.835023236566924,0.3778028504889789,1.4979843955392669,79.51603711589165,1.8757872460282456,0.0,0.0,0.0,1.2207947593297255,1.0,3.5800843723694475,1.0488754419193995,4.529071198358043,0.0,0.0,0.0,0.0,0.0,0.0,0.0,0.0,0.0,0.0,0.0,0.0,0.0,0.0,0.0
569,8482460,Matt Rempe,C,NYR,24,11.295073458021053,0.768029692883536,1.0959547301102421,97.65516691291057,1.863984422993778,0.0,0.0,0.1532838901631175,1.7275594605682327,0.2474620394147482,2.382920255972674,0.48553274292476467,3.8363365250968884,0.0,0.0,0.0,0.0,0.0,0.0,0.0,0.0,0.0,0.0,0.0,0.0,0.0,0.0,0.0
570,8484803,Trevor Connelly,L,VGK,20,10.366354289728644,1.3409335029297562,0.5096971601953205,124.7501749659526,1.8506306631250768,0.0,0.0,0.9999999999999999,2.647886903315265,0.0,1.5706935169950795,1.0000000000000002,3.875611306758535,0.0,0.0,0.0,0.0,0.0,0.0,0.0,0.0,0.0,0.0,0.0,0.0,0.0,0.0,0.0
571,8481754,Nikita Nesterenko,C,ANA,25,7.419978158194176,0.7158553959633741,1.1255745161242736,87.51363788763494,1.8414299120876478,0.0,0.0,0.0968333509635603,1.7310281871676227,0.26775537371544317,2.4601972576585998,0.47026285703881265,3.8891196774494357,0.0,0.0,0.0,0.0,0.0,0.0,0.0,0.0,0.0,0.0,0.0,0.0,0.0,0.0,0.0
572,8483460,David Jiricek,D,PHI,23,10.846616836532823,0.3128672923292921,1.1665517340429576,142.55314091340128,1.4794190263722498,0.0,0.0,0.0,0.9487707675449165,0.21339924046724904,2.607069684437326,0.3330401955404023,3.237365103000729,0.0,0.0,0.0,0.0,0.0,0.0,0.0,0.0,0.0,0.0,0.0,0.0,0.0,0.0,0.0
573,8482700,Nolan Allan,D,SJS,23,4.464957272204124,1.1468767370014208,0.30525163022864665,76.42887612643234,1.4521283672300673,0.0,0.0,0.9999999999999999,2.8217370425918396,0.0,1.0657190098007638,1.0000000000000002,3.66716759139455,0.0,0.0,0.0,0.0,0.0,0.0,0.0,0.0,0.0,0.0,0.0,0.0,0.0,0.0,0.0
574,8483676,Stephen Halliday,C,OTT,24,5.508583392935924,1.203146218901066,0.17874007733578326,52.195868286508336,1.3818862962368492,0.0,0.0,0.9999999999999999,2.7333953285577337,0.0,0.7423650476547649,1.0000000000000002,3.2592494536271204,0.0,0.0,0.0,0.0,0.0,0.0,0.0,0.0,0.0,0.0,0.0,0.0,0.0,0.0,0.0
575,8484305,Zach Metsa,D,BUF,28,7.310767028820901,0.09033562286730697,1.2911842942746312,79.41522172075379,1.3815199171419381,0.0,0.0,0.0,0.35465684311725193,0.9999999999999999,2.568479068241048,1.0000000000000002,2.7640892379098694,0.0,0.0,0.0,0.0,0.0,0.0,0.0,0.0,0.0,0.0,0.0,0.0,0.0,0.0,0.0
576,8479705,Jeffrey Viel,L,TBL,29,8.984104788407501,0.5872107576498066,0.7311631967088041,94.92883627353778,1.3183739543586106,0.0,0.0,0.09455143924454519,1.3386710831883883,0.16217101008229257,1.656078142644592,0.37221113661314814,2.734108041086922,0.0,0.0,0.0,0.0,0.0,0.0,0.0,0.0,0.0,0.0,0.0,0.0,0.0,0.0,0.0
577,8482765,Isak Rosen,R,WPG,23,8.829878754432253,0.5064975708914116,0.807033620520156,102.74181301879106,1.3135311914115677,0.0,0.0,0.05151264604983348,1.2019400202750725,0.13533751091477408,1.8823765785129758,0.37355761720609754,2.792608806674949,0.0,0.0,0.0,0.0,0.0,0.0,0.0,0.0,0.0,0.0,0.0,0.0,0.0,0.0,0.0
578,8482072,Jack Ahcan,D,NSH,29,3.487839386381675,0.04148402584665712,1.1914351172928788,30.13025534787407,1.2329191431395359,0.0,0.0,0.0,0.24726632666190954,0.9999999999999999,3.963347908467061,1.0,4.139288194670334,0.0,0.0,0.0,0.0,0.0,0.0,0.0,0.0,0.0,0.0,0.0,0.0,0.0,0.0,0.0
579,8483521,Noah Warren,D,ANA,22,3.0214087941187984,0.0399432050735945,1.0923859031859864,39.662185226005825,1.1323291082595808,0.0,0.0,0.0,0.26531583077233534,0.9999999999999999,3.3164675396217778,1.0,3.4813296493980714,0.0,0.0,0.0,0.0,0.0,0.0,0.0,0.0,0.0,0.0,0.0,0.0,0.0,0.0,0.0
580,8482802,Carter Mazur,L,DET,24,2.248596651272399,0.034528973061041246,1.0862811849756726,20.3592553414541,1.1208101580367138,0.0,0.0,0.0,0.2810019618880702,0.9999999999999999,5.45064153547696,1.0,5.689020006009316,0.0,0.0,0.0,0.0,0.0,0.0,0.0,0.0,0.0,0.0,0.0,0.0,0.0,0.0,0.0
581,8482171,William Wallinder,D,DET,24,1.901464317646155,0.026399879380712286,1.0659663873810872,19.017075796994085,1.0923662667617995,0.0,0.0,0.0,0.18061122425498802,0.9999999999999999,4.583625781979145,0.9999999999999999,4.7060222387278845,0.0,0.0,0.0,0.0,0.0,0.0,0.0,0.0,0.0,0.0,0.0,0.0,0.0,0.0,0.0
582,8481219,Jonathan Aspirot,D,BOS,27,11.565226435221978,0.27576977063391517,0.8157059842914491,193.4238941636794,1.0914757549253644,0.0,0.0,0.0,0.8085785488803903,0.0,1.8499105389191768,0.22356076377888395,2.287656686627928,0.0,0.0,0.0,0.0,0.0,0.0,0.0,0.0,0.0,0.0,0.0,0.0,0.0,0.0,0.0
583,8482165,Yan Kuznetsov,D,CGY,24,9.00961848667666,0.3576442255306445,0.6730393591732113,178.31206714055833,1.0306835847038558,0.0,0.0,0.0,1.251646533557531,0.0,1.9311764705997831,0.09534003399785554,2.6837332660580184,0.0,0.0,0.0,0.0,0.0,0.0,0.0,0.0,0.0,0.0,0.0,0.0,0.0,0.0,0.0
584,8483471,Brad Lambert,C,WPG,23,5.862877281366516,0.19449352058100663,0.6896152668229122,66.45675185533082,0.8841087874039188,0.0,0.0,0.0,0.7634360084843521,0.11085483491093391,1.9463820703116992,0.23948834827690935,2.4452336556813967,0.0,0.0,0.0,0.0,0.0,0.0,0.0,0.0,0.0,0.0,0.0,0.0,0.0,0.0,0.0
585,8481030,Jack St. Ivany,D,WPG,27,5.123253250588514,0.16729738322742527,0.6614974986117452,80.75270978970332,0.8287948818391705,0.0,0.0,0.0,0.5939059852468023,0.08075074017476336,1.8498334297681915,0.12130208503772226,2.281575417205885,0.0,0.0,0.0,0.0,0.0,0.0,0.0,0.0,0.0,0.0,0.0,0.0,0.0,0.0,0.0
586,8480870,Bo Groulx,C,TOR,26,7.936103403614148,0.2373811630360053,0.44866567815451025,93.08028169371568,0.6860468411905155,0.0,0.0,0.0,0.7751511268140483,0.0,1.2659832566196754,0.10494565854543134,1.8134245514624587,0.0,0.0,0.0,0.0,0.0,0.0,0.0,0.0,0.0,0.0,0.0,0.0,0.0,0.0,0.0
587,8482094,Daemon Hunt,D,MIN,24,7.067505988972601,0.1469089151872917,0.4621091163456708,89.07534851809743,0.6090180315329625,0.0,0.0,0.0,0.8580096078623825,0.0,1.3972348293099774,0.08838756137462424,1.9052133918713037,0.0,0.0,0.0,0.0,0.0,0.0,0.0,0.0,0.0,0.0,0.0,0.0,0.0,0.0,0.0
588,8482874,Jacob Melanson,R,SEA,23,4.076081459520158,0.2033288703933829,0.37177326142295625,38.52751909641016,0.5751021318163392,0.0,0.0,0.007595989174965259,0.7355004398094861,0.062157900299873,1.1759317641478322,0.10822969685060568,1.769563492183297,0.0,0.0,0.0,0.0,0.0,0.0,0.0,0.0,0.0,0.0,0.0,0.0,0.0,0.0,0.0
589,8482866,Ville Ottavainen,D,SEA,24,2.408285178186633,0.06860661870598138,0.4916394320449727,40.1665818595615,0.560246050750954,0.0,0.0,0.0,0.47978785361206516,0.06854576084018071,2.3839492716296675,0.11027065348114325,2.7221511484213257,0.0,0.0,0.0,0.0,0.0,0.0,0.0,0.0,0.0,0.0,0.0,0.0,0.0,0.0,0.0
590,8482747,Brennan Othmann,L,CGY,23,4.057681823461081,0.23102142991508579,0.3170082017267963,41.373248783260394,0.548029631641882,0.0,0.0,0.0,0.8474517386340867,0.038732855632020884,1.0194373508719845,0.09438109752605016,1.7279222080050707,0.0,0.0,0.0,0.0,0.0,0.0,0.0,0.0,0.0,0.0,0.0,0.0,0.0,0.0,0.0
591,8482118,Sam Colangelo,R,ANA,25,3.5935529638788086,0.2687116587869816,0.2743809756325067,39.2728665422513,0.5430926344194883,0.0,0.0,0.016920627990126027,0.9800505335637395,0.017881758528588167,0.9872520095786956,0.09454106316691999,1.7903024379070491,0.0,0.0,0.0,0.0,0.0,0.0,0.0,0.0,0.0,0.0,0.0,0.0,0.0,0.0,0.0
592,8483513,Reid Schaefer,L,NSH,23,5.392429139335791,0.3165945962136209,0.2090059997436734,54.31677426603822,0.5256005959572942,0.0,0.0,0.04916246242978969,0.7829239502415369,0.0,0.6215714820641508,0.09675628703022435,1.264764878823839,0.0,0.0,0.0,0.0,0.0,0.0,0.0,0.0,0.0,0.0,0.0,0.0,0.0,0.0,0.0
593,8482715,Ryan Ufko,D,NSH,23,2.988173571292493,0.08814183648188324,0.3978977559550605,43.47566190548886,0.4860395924369437,0.0,0.0,0.0,0.5276094812776043,0.01614636410245117,1.7722231457446487,0.07053486898722647,2.1703764038063533,0.0,0.0,0.0,0.0,0.0,0.0,0.0,0.0,0.0,0.0,0.0,0.0,0.0,0.0,0.0
594,8484938,Arttu Hyry,R,DAL,25,5.2475292923046295,0.14366585525425188,0.34081189041475074,69.66921756174453,0.4844777456690026,0.0,0.0,0.0,0.646383129650157,0.0,1.2523935311483891,0.04104168746383881,1.6499689104010402,0.0,0.0,0.0,0.0,0.0,0.0,0.0,0.0,0.0,0.0,0.0,0.0,0.0,0.0,0.0
595,8482807,Ethan Del Mastro,D,CHI,23,3.9456171578159323,0.12340496693940968,0.3127531122383449,59.13949116411902,0.43615807917775457,0.0,0.0,0.0,0.5757695596329995,0.0,1.1614980623270947,0.050365212942829765,1.5711657322546955,0.0,0.0,0.0,0.0,0.0,0.0,0.0,0.0,0.0,0.0,0.0,0.0,0.0,0.0,0.0
596,8481719,Max Crozier,D,TBL,26,3.8223391406874176,0.11801791977157461,0.3085774897686794,60.6638199877578,0.426595409540254,0.0,0.0,0.0,0.5095197435060033,0.0,1.050189581594945,0.05482239839496524,1.4015982763258101,0.0,0.0,0.0,0.0,0.0,0.0,0.0,0.0,0.0,0.0,0.0,0.0,0.0,0.0,0.0
597,8479772,Zack MacEwen,R,TOR,30,4.017950680237582,0.13309179743461133,0.2464919816684056,25.96624947834689,0.37958377910301694,0.0,0.0,0.0,0.64896717315408,0.035722428982045175,0.8523623278031562,0.059719376075777826,1.371714169503424,0.0,0.0,0.0,0.0,0.0,0.0,0.0,0.0,0.0,0.0,0.0,0.0,0.0,0.0,0.0
598,8479985,Cale Fleury,D,SEA,28,3.478059014414786,0.1053892988505252,0.2707433520285072,53.263530279656734,0.37613265087903236,0.0,0.0,0.0,0.49774732288152024,0.0,1.104497978375265,0.04095626917918748,1.4399888920434223,0.0,0.0,0.0,0.0,0.0,0.0,0.0,0.0,0.0,0.0,0.0,0.0,0.0,0.0,0.0
599,8480075,Cameron Crotty,D,OTT,27,3.5745664596785836,0.05846743580835406,0.30636769558826227,43.54663833680096,0.36483513139661633,0.0,0.0,0.0,0.42548780432099936,0.016937438787212065,1.2770025200704809,0.06696678465237253,1.497078955532574,0.0,0.0,0.0,0.0,0.0,0.0,0.0,0.0,0.0,0.0,0.0,0.0,0.0,0.0,0.0
600,8483017,Frederic Brunet,D,BOS,23,2.2256759779135042,0.07844988535714631,0.2339742274962401,43.106983362527444,0.31242411285338645,0.0,0.0,0.0,0.5682970101509636,0.0,1.3490568950816315,0.03919651559667862,1.7314219003659463,0.0,0.0,0.0,0.0,0.0,0.0,0.0,0.0,0.0,0.0,0.0,0.0,0.0,0.0,0.0
601,8483731,Alex Bump,L,PHI,23,4.783270133975156,0.16096669115822973,0.138700125658799,58.99138551298406,0.2996668168170287,0.0,0.0,0.0,0.7947916056649332,0.0,0.8262275924464179,0.0,1.3424434133062046,0.0,0.0,0.0,0.0,0.0,0.0,0.0,0.0,0.0,0.0,0.0,0.0,0.0,0.0,0.0
602,8480876,Curtis Douglas,C,SEA,26,5.562815043265685,0.15358304808534504,0.1447192984935525,37.92739349899318,0.29830234657889754,0.0,0.0,0.0,0.45031488530885083,0.0,0.485015609640719,0.05504417282559091,0.8426647624603212,0.0,0.0,0.0,0.0,0.0,0.0,0.0,0.0,0.0,0.0,0.0,0.0,0.0,0.0,0.0
603,8482877,Jaroslav Chmelar,R,NYR,23,6.615656353971923,0.13338085404058891,0.13297888145734507,53.58288743959535,0.266359735497934,0.0,0.0,0.0,0.4754157513448616,0.0,0.571690944784949,0.01539890219989837,0.8825685161296707,0.0,0.0,0.0,0.0,0.0,0.0,0.0,0.0,0.0,0.0,0.0,0.0,0.0,0.0,0.0
604,8479346,Dillon Dube,C,STL,28,4.122994506081295,0.06593092955599315,0.16503647142685765,47.9529785557593,0.2309674009828508,0.0,0.0,0.0,0.39670663633325515,0.0,0.7303243032891515,0.0,0.9660164102382294,0.0,0.0,0.0,0.0,0.0,0.0,0.0,0.0,0.0,0.0,0.0,0.0,0.0,0.0,0.0
605,8481732,Andre Lee,L,LAK,26,2.6359000922000932,0.09836212829117724,0.12076837645623936,24.116911916636145,0.2191305047474166,0.0,0.0,0.0,0.4670003399481749,0.0,0.5858073118613895,0.03640674493340671,0.9604041578883716,0.0,0.0,0.0,0.0,0.0,0.0,0.0,0.0,0.0,0.0,0.0,0.0,0.0,0.0,0.0
606,8484790,Adam Jiricek,D,STL,20,4.23222953429256,0.06531607925616001,0.13796162292861058,77.9562440303365,0.2032777021847706,0.0,0.0,0.0,0.491473842932057,0.0,0.9248680550981289,0.0,1.1502105847246205,0.0,0.0,0.0,0.0,0.0,0.0,0.0,0.0,0.0,0.0,0.0,0.0,0.0,0.0,0.0
607,8482784,Zach Dean,C,STL,23,2.209937614982945,0.047058311259846844,0.13453994310086922,28.024817581105,0.18159825436071608,0.0,0.0,0.0,0.3554277943738803,0.0,0.7573428028638146,0.015759925701164173,1.0210328399654232,0.0,0.0,0.0,0.0,0.0,0.0,0.0,0.0,0.0,0.0,0.0,0.0,0.0,0.0,0.0
608,8484428,Charles Alexis Legault,D,CAR,23,3.347123631835423,0.06192077053888336,0.1077511903138565,42.76234396894395,0.16967196085273986,0.0,0.0,0.0,0.3783957971770212,0.0,0.579535959545517,0.0,0.8113885384729981,0.0,0.0,0.0,0.0,0.0,0.0,0.0,0.0,0.0,0.0,0.0,0.0,0.0,0.0,0.0
609,8483679,Anton Johansson,D,DET,22,4.127219524205075,0.05450686595484972,0.10986947035090731,69.46464812883123,0.16437633630575704,0.0,0.0,0.0,0.3674111453105171,0.0,0.7138765334171082,0.0,0.8988983034770625,0.0,0.0,0.0,0.0,0.0,0.0,0.0,0.0,0.0,0.0,0.0,0.0,0.0,0.0,0.0
610,8484509,Josh Samanski,C,EDM,24,3.760875081242388,0.06464240752237524,0.0978461524650808,33.26768499621915,0.16248855998745604,0.0,0.0,0.0,0.31286054880177866,0.0,0.4668396735642691,0.008827483195518855,0.6761792200359958,0.0,0.0,0.0,0.0,0.0,0.0,0.0,0.0,0.0,0.0,0.0,0.0,0.0,0.0,0.0
611,8485957,Alberts Smits,D,NYR,19,6.216539462160173,0.0508420601111068,0.10983213016125604,92.85174112541111,0.16067419027236285,0.0,0.0,0.0,0.4920376703318143,0.0,0.9225253703953975,0.0,1.1535149719224969,0.0,0.0,0.0,0.0,0.0,0.0,0.0,0.0,0.0,0.0,0.0,0.0,0.0,0.0,0.0
612,8484390,Roman Kantserov,R,CHI,33,5.192503920583761,0.05181447850456746,0.0984380612395609,95.05412885262845,0.15025253974412836,0.0,0.0,0.0,0.5591759699340012,0.0,0.9457345481959222,0.0,1.2318929001318768,0.0,0.0,0.0,0.0,0.0,0.0,0.0,0.0,0.0,0.0,0.0,0.0,0.0,0.0,0.0
613,8486171,T.J. Hughes,R,COL,25,3.0480565191817472,0.04767583971062331,0.09635781254164207,51.964542440570874,0.1440336522522654,0.0,0.0,0.0,0.36553277717707505,0.0,0.6544649995971864,0.0,0.8328789049147393,0.0,0.0,0.0,0.0,0.0,0.0,0.0,0.0,0.0,0.0,0.0,0.0,0.0,0.0,0.0
614,8482731,Tyson Hinds,D,ANA,23,3.1898763443608873,0.05016094285314204,0.0935471740697825,41.76109172721922,0.14370811692292454,0.0,0.0,0.0,0.3399686812442682,0.0,0.6148275740257744,0.0,0.8195390598246076,0.0,0.0,0.0,0.0,0.0,0.0,0.0,0.0,0.0,0.0,0.0,0.0,0.0,0.0,0.0
615,8478147,Bokondji Imama,L,FLA,30,4.610645836215783,0.04634738849250615,0.07544433721568287,29.521582352272258,0.12179172570818902,0.0,0.0,0.0,0.2822905523276125,0.0,0.43550632291676816,0.0,0.6222718418706272,0.0,0.0,0.0,0.0,0.0,0.0,0.0,0.0,0.0,0.0,0.0,0.0,0.0,0.0,0.0
616,8484262,Travis Mitchell,D,ANA,27,3.27792775022559,0.04223982737748988,0.07655444406581871,51.08867108715726,0.11879427144330859,0.0,0.0,0.0,0.42077277179107525,0.0,0.6327643051881733,0.0,0.8843247387918621,0.0,0.0,0.0,0.0,0.0,0.0,0.0,0.0,0.0,0.0,0.0,0.0,0.0,0.0,0.0
617,8486025,Viggo Björck,C,WPG,33,4.12886360779014,0.038639486010718996,0.07340855391929994,58.68248722077621,0.11204803993001894,0.0,0.0,0.0,0.39110708564212066,0.0,0.6558098616486695,0.0,0.8746938673850417,0.0,0.0,0.0,0.0,0.0,0.0,0.0,0.0,0.0,0.0,0.0,0.0,0.0,0.0,0.0
618,8481538,Judd Caulfield,R,ANA,25,2.991551013735916,0.0317807224802196,0.06423037061805635,35.38893848336027,0.09601109309827595,0.0,0.0,0.0,0.26143947450052873,0.0,0.4504036415217416,0.0,0.5929780981260269,0.0,0.0,0.0,0.0,0.0,0.0,0.0,0.0,0.0,0.0,0.0,0.0,0.0,0.0,0.0
619,8482806,William Trudeau,D,NSH,24,2.958663051693943,0.030568471423142847,0.06292405068576555,33.932797897945655,0.0934925221089084,0.0,0.0,0.0,0.21863035637106817,0.0,0.4393278432108565,0.0,0.5548881112004916,0.0,0.0,0.0,0.0,0.0,0.0,0.0,0.0,0.0,0.0,0.0,0.0,0.0,0.0,0.0
620,8478173,Hayden Hodgson,R,OTT,30,3.301391386917885,0.04409439021369748,0.04309414440289197,19.672976013454516,0.08718853461658946,0.0,0.0,0.0,0.30020142037539854,0.0,0.33010235300966323,0.0,0.5524423819202974,0.0,0.0,0.0,0.0,0.0,0.0,0.0,0.0,0.0,0.0,0.0,0.0,0.0,0.0,0.0
621,8483695,Amadeus Lombardi,C,NJD,23,4.063742603772076,0.028143631716701076,0.05386661121678468,36.577060742785115,0.08201024293348576,0.0,0.0,0.0,0.21666320860342253,0.0,0.3768038128896659,0.0,0.48861912443576955,0.0,0.0,0.0,0.0,0.0,0.0,0.0,0.0,0.0,0.0,0.0,0.0,0.0,0.0,0.0
622,8482459,Tyrel Bauer,D,WPG,24,2.942975098530808,0.020395669257232463,0.04197988248662462,22.289901437253516,0.06237555174385708,0.0,0.0,0.0,0.1548526702270892,0.0,0.2961437972648279,0.0,0.3827302550479392,0.0,0.0,0.0,0.0,0.0,0.0,0.0,0.0,0.0,0.0,0.0,0.0,0.0,0.0,0.0
623,8484786,Cole Beaudoin,C,,20,1.0,0.0,0.0,9.95,0.0,0.0,0.0,0.0,0.10922415735580769,0.0,0.1883350726488245,0.0,0.24645879307304783,0.0,0.0,0.0,0.0,0.0,0.0,0.0,0.0,0.0,0.0,0.0,0.0,0.0,0.0,0.0
