,PlayerID,Player,Team,Position,Headshot,Team Logo,Jersey Number,playerStripped,Age,Date of Birth,Birth City,Birth State/Province,Birth Country,Nationality,Height (in),Weight (lbs),Draft Year,Draft Team,Draft Round,Round Pick,Overall Draft Position
0,8480800,Quinn Hughes,MIN,D,https://assets.nhle.com/mugs/nhl/20252026/MIN/8480800.png,https://assets.nhle.com/logos/nhl/svg/MIN_light.svg,43,quinnhughes,26,1999-10-14,Orlando,FL,USA,USA,70,180,2018,VAN,1,7,7
1,8478460,Zach Werenski,CBJ,D,https://assets.nhle.com/mugs/nhl/20252026/CBJ/8478460.png,https://assets.nhle.com/logos/nhl/svg/CBJ_light.svg,8,zachwerenski,29,1997-07-19,Grosse Pointe,MI,USA,USA,74,213,2015,CBJ,1,8,8
2,8481542,Moritz Seider,DET,D,https://assets.nhle.com/mugs/nhl/20252026/DET/8481542.png,https://assets.nhle.com/logos/nhl/svg/DET_light.svg?season=20252026,53,moritzseider,25,2001-04-06,Zell,,DEU,DEU,76,204,2019,DET,1,6,6
3,8480036,Miro Heiskanen,DAL,D,https://assets.nhle.com/mugs/nhl/20252026/DAL/8480036.png,https://assets.nhle.com/logos/nhl/svg/DAL_light.svg,4,miroheiskanen,27,1999-07-18,Espoo,,FIN,FIN,73,195,2017,DAL,1,3,3
4,8486169,Jake Livanavage,PIT,D,https://assets.nhle.com/mugs/nhl/20252026/PIT/8486169.png,https://assets.nhle.com/logos/nhl/svg/PIT_light.svg,4,jakelivanavage,22,2004-05-06,,,USA,,71,190,-,-,-,-,-
5,8479425,Filip Hronek,VAN,D,https://assets.nhle.com/mugs/nhl/20252026/VAN/8479425.png,https://assets.nhle.com/logos/nhl/svg/VAN_light.svg,17,filiphronek,28,1997-11-02,Hradec Králové,,CZE,CZE,72,190,2016,DET,2,23,53
6,8474600,Roman Josi,NSH,D,https://assets.nhle.com/mugs/nhl/20252026/NSH/8474600.png,https://assets.nhle.com/logos/nhl/svg/NSH_light.svg,59,romanjosi,36,1990-06-01,Bern,,CHE,CHE,73,201,2008,NSH,2,8,38
7,8480069,Cale Makar,COL,D,https://assets.nhle.com/mugs/nhl/20252026/COL/8480069.png,https://assets.nhle.com/logos/nhl/svg/COL_light.svg,8,calemakar,27,1998-10-30,Calgary,AB,CAN,CAN,71,187,2017,COL,1,4,4
8,8482105,Jake Sanderson,OTT,D,https://assets.nhle.com/mugs/nhl/20252026/OTT/8482105.png,https://assets.nhle.com/logos/nhl/svg/OTT_light.svg,85,jakesanderson,24,2002-07-08,Whitefish,MT,USA,USA,75,195,2020,OTT,1,5,5
9,8478500,Ivan Provorov,CBJ,D,https://assets.nhle.com/mugs/nhl/20252026/CBJ/8478500.png,https://assets.nhle.com/logos/nhl/svg/CBJ_light.svg,9,ivanprovorov,29,1997-01-13,Yaroslavl,,RUS,RUS,73,201,2015,PHI,1,7,7
10,8477504,Josh Morrissey,WPG,D,https://assets.nhle.com/mugs/nhl/20252026/WPG/8477504.png,https://assets.nhle.com/logos/nhl/svg/WPG_light.svg,44,joshmorrissey,31,1995-03-28,Calgary,AB,CAN,CAN,72,185,2013,WPG,1,13,13
11,8485366,Matthew Schaefer,NYI,D,https://assets.nhle.com/mugs/nhl/20252026/NYI/8485366.png,https://assets.nhle.com/logos/nhl/svg/NYI_light.svg,48,mattschaefer,19,2007-09-05,,,CAN,,74,183,2025,NYI,1,1,1
12,8480803,Evan Bouchard,EDM,D,https://assets.nhle.com/mugs/nhl/20252026/EDM/8480803.png,https://assets.nhle.com/logos/nhl/svg/EDM_light.svg,2,evanbouchard,26,1999-10-20,Oakville,ON,CAN,CAN,75,194,2018,EDM,1,10,10
13,8482122,Brock Faber,MIN,D,https://assets.nhle.com/mugs/nhl/20252026/MIN/8482122.png,https://assets.nhle.com/logos/nhl/svg/MIN_light.svg,7,brockfaber,24,2002-08-22,Maple Grove,MN,USA,USA,73,200,2020,L.A,2,14,45
14,8479325,Charlie McAvoy,BOS,D,https://assets.nhle.com/mugs/nhl/20252026/BOS/8479325.png,https://assets.nhle.com/logos/nhl/svg/BOS_light.svg?season=20252026,73,charliemcavoy,28,1997-12-21,Long Beach,NY,USA,USA,73,209,2016,BOS,1,14,14
15,8479410,Mikhail Sergachev,UTA,D,https://assets.nhle.com/mugs/nhl/20252026/UTA/8479410.png,https://assets.nhle.com/logos/nhl/svg/UTA_light.svg?season=20252026,98,mikhailsergachev,28,1998-06-25,Nizhnekamsk,,RUS,RUS,73,217,2016,MTL,1,9,9
16,8481605,Jackson LaCombe,ANA,D,https://assets.nhle.com/mugs/nhl/20252026/ANA/8481605.png,https://assets.nhle.com/logos/nhl/svg/ANA_light.svg,2,jacksonlacombe,25,2001-01-09,Eden Prairie,MN,USA,USA,73,171,2019,ANA,2,8,39
17,8477948,Travis Sanheim,PHI,D,https://assets.nhle.com/mugs/nhl/20252026/PHI/8477948.png,https://assets.nhle.com/logos/nhl/svg/PHI_light.svg,6,travissanheim,30,1996-03-29,Elkhorn,MB,CAN,CAN,75,181,2014,PHI,1,17,17
18,8480839,Rasmus Dahlin,BUF,D,https://assets.nhle.com/mugs/nhl/20252026/BUF/8480839.png,https://assets.nhle.com/logos/nhl/svg/BUF_light.svg,26,rasmusdahlin,26,2000-04-13,Trollhattan,,SWE,SWE,75,202,2018,BUF,1,1,1
19,8476875,Mike Matheson,MTL,D,https://assets.nhle.com/mugs/nhl/20252026/MTL/8476875.png,https://assets.nhle.com/logos/nhl/svg/MTL_light.svg,8,michaelmatheson,32,1994-02-27,Pointe-Claire,QC,CAN,CAN,74,193,2012,FLA,1,23,23
20,8483457,Lane Hutson,MTL,D,https://assets.nhle.com/mugs/nhl/20252026/MTL/8483457.png,https://assets.nhle.com/logos/nhl/svg/MTL_light.svg,48,lanehutson,22,2004-02-14,,,USA,,69,158,2022,MTL,2,30,62
21,8478882,Vladislav Gavrikov,NYR,D,https://assets.nhle.com/mugs/nhl/20252026/NYR/8478882.png,https://assets.nhle.com/logos/nhl/svg/NYR_light.svg,44,vladislavgavrikov,30,1995-11-21,Yaroslavl,,RUS,RUS,75,221,2015,CBJ,6,8,159
22,8477495,Seth Jones,FLA,D,https://assets.nhle.com/mugs/nhl/20252026/FLA/8477495.png,https://assets.nhle.com/logos/nhl/svg/FLA_light.svg,3,sethjones,32,1994-10-03,Arlington,TX,USA,USA,76,213,2013,NSH,1,4,4
23,8479323,Adam Fox,NYR,D,https://assets.nhle.com/mugs/nhl/20252026/NYR/8479323.png,https://assets.nhle.com/logos/nhl/svg/NYR_light.svg,23,adamfox,28,1998-02-17,Jericho,NY,USA,USA,71,182,2016,CGY,3,5,66
24,8474578,Erik Karlsson,PIT,D,https://assets.nhle.com/mugs/nhl/20252026/PIT/8474578.png,https://assets.nhle.com/logos/nhl/svg/PIT_light.svg,65,erikkarlsson,36,1990-05-31,Landsbro,,SWE,SWE,72,190,2008,OTT,1,15,15
25,8481598,Philip Broberg,STL,D,https://assets.nhle.com/mugs/nhl/20252026/STL/8481598.png,https://assets.nhle.com/logos/nhl/svg/STL_light.svg?season=20252026,6,philipbroberg,25,2001-06-25,Orebro,,SWE,SWE,75,199,2019,EDM,1,8,8
26,8479345,Jakob Chychrun,WSH,D,https://assets.nhle.com/mugs/nhl/20252026/WSH/8479345.png,https://assets.nhle.com/logos/nhl/svg/WSH_secondary_light.svg,6,jakobchychrun,28,1998-03-31,Boca Raton,FL,USA,USA,74,220,2016,ARI,1,16,16
27,8476902,Esa Lindell,DAL,D,https://assets.nhle.com/mugs/nhl/20252026/DAL/8476902.png,https://assets.nhle.com/logos/nhl/svg/DAL_light.svg,23,esalindell,32,1994-05-23,Vantaa,,FIN,FIN,75,220,2012,DAL,3,13,74
28,8478397,Rasmus Andersson,VGK,D,https://assets.nhle.com/mugs/nhl/20252026/VGK/8478397.png,https://assets.nhle.com/logos/nhl/svg/VGK_light.svg,4,rasmusandersson,29,1996-10-27,Malmö,,SWE,SWE,73,202,2015,CGY,2,23,53
29,8474590,John Carlson,ANA,D,https://assets.nhle.com/mugs/nhl/20252026/ANA/8474590.png,https://assets.nhle.com/logos/nhl/svg/ANA_light.svg,74,johncarlson,36,1990-01-10,Natick,MA,USA,USA,75,215,2008,WSH,1,27,27
30,8474563,Drew Doughty,LAK,D,https://assets.nhle.com/mugs/nhl/20252026/LAK/8474563.png,https://assets.nhle.com/logos/nhl/svg/LAK_light.svg,8,drewdoughty,36,1989-12-08,London,ON,CAN,CAN,73,210,2008,L.A,1,2,2
31,8481581,Thomas Harley,DAL,D,https://assets.nhle.com/mugs/nhl/20252026/DAL/8481581.png,https://assets.nhle.com/logos/nhl/svg/DAL_light.svg,55,thomasharley,25,2001-08-19,Syracuse,NY,USA,USA,75,205,2019,DAL,1,18,18
32,8482684,Luke Hughes,NJD,D,https://assets.nhle.com/mugs/nhl/20252026/NJD/8482684.png,https://assets.nhle.com/logos/nhl/svg/NJD_light.svg,43,lukehughes,23,2003-09-09,Manchester,NH,USA,USA,74,184,2021,N.J,1,4,4
33,8478402,Connor McDavid,EDM,C,https://assets.nhle.com/mugs/nhl/20252026/EDM/8478402.png,https://assets.nhle.com/logos/nhl/svg/EDM_light.svg,97,connormcdavid,29,1997-01-13,Richmond Hill,ON,CAN,CAN,73,193,2015,EDM,1,1,1
34,8477447,Shea Theodore,VGK,D,https://assets.nhle.com/mugs/nhl/20252026/VGK/8477447.png,https://assets.nhle.com/logos/nhl/svg/VGK_light.svg,27,sheatheodore,31,1995-08-03,Langley,BC,CAN,CAN,74,197,2013,ANA,1,26,26
35,8480807,Mattias Samuelsson,BUF,D,https://assets.nhle.com/mugs/nhl/20252026/BUF/8480807.png,https://assets.nhle.com/logos/nhl/svg/BUF_light.svg,23,mattiassamuelsson,26,2000-03-14,Philadelphia,PA,USA,USA,76,231,2018,BUF,2,1,32
36,8476885,Jacob Trouba,ANA,D,https://assets.nhle.com/mugs/nhl/20252026/ANA/8476885.png,https://assets.nhle.com/logos/nhl/svg/ANA_light.svg,65,jaketrouba,32,1994-02-26,Rochester,MI,USA,USA,75,203,2012,WPG,1,9,9
37,8480145,Neal Pionk,WPG,D,https://assets.nhle.com/mugs/nhl/20252026/WPG/8480145.png,https://assets.nhle.com/logos/nhl/svg/WPG_light.svg,4,nealpionk,31,1995-07-29,Hermantown,MN,USA,USA,72,185,-,-,-,-,-
38,8478178,Darren Raddysh,TBL,D,https://assets.nhle.com/mugs/nhl/20252026/TBL/8478178.png,https://assets.nhle.com/logos/nhl/svg/TBL_light.svg,43,darrenraddysh,30,1996-02-28,Toronto,ON,CAN,CAN,73,200,-,-,-,-,-
39,8478055,Gustav Forsling,FLA,D,https://assets.nhle.com/mugs/nhl/20252026/FLA/8478055.png,https://assets.nhle.com/logos/nhl/svg/FLA_light.svg,42,gustavforsling,30,1996-06-12,Linkoping,,SWE,SWE,72,186,2014,VAN,5,6,126
40,8476869,Brady Skjei,NSH,D,https://assets.nhle.com/mugs/nhl/20252026/NSH/8476869.png,https://assets.nhle.com/logos/nhl/svg/NSH_light.svg,76,bradyskjei,32,1994-03-26,Lakeville,MN,USA,USA,75,210,2012,NYR,1,28,28
41,8478396,Noah Hanifin,VGK,D,https://assets.nhle.com/mugs/nhl/20252026/VGK/8478396.png,https://assets.nhle.com/logos/nhl/svg/VGK_light.svg,15,noahhanifin,29,1997-01-25,Boston,MA,USA,USA,75,207,2015,CAR,1,5,5
42,8478469,Thomas Chabot,OTT,D,https://assets.nhle.com/mugs/nhl/20252026/OTT/8478469.png,https://assets.nhle.com/logos/nhl/svg/OTT_light.svg,72,thomaschabot,29,1997-01-30,Sainte-Marie,QC,CAN,CAN,74,195,2015,OTT,1,18,18
43,8477986,Brandon Montour,SEA,D,https://assets.nhle.com/mugs/nhl/20252026/SEA/8477986.png,https://assets.nhle.com/logos/nhl/svg/SEA_light.svg,62,brandonmontour,32,1994-04-11,Brantford,ON,CAN,CAN,72,194,2014,ANA,2,25,55
44,8481546,Cam York,PHI,D,https://assets.nhle.com/mugs/nhl/20252026/PHI/8481546.png,https://assets.nhle.com/logos/nhl/svg/PHI_light.svg,8,camyork,25,2001-01-05,Anaheim,CA,USA,USA,71,175,2019,PHI,1,14,14
45,8480865,Noah Dobson,MTL,D,https://assets.nhle.com/mugs/nhl/20252026/MTL/8480865.png,https://assets.nhle.com/logos/nhl/svg/MTL_light.svg,53,noahdobson,26,2000-01-07,Summerside,PE,CAN,CAN,76,194,2018,NYI,1,12,12
46,8477932,Aaron Ekblad,FLA,D,https://assets.nhle.com/mugs/nhl/20252026/FLA/8477932.png,https://assets.nhle.com/logos/nhl/svg/FLA_light.svg,5,aaronekblad,30,1996-02-07,Windsor,ON,CAN,CAN,76,215,2014,FLA,1,1,1
47,8477346,MacKenzie Weegar,UTA,D,https://assets.nhle.com/mugs/nhl/20252026/UTA/8477346.png,https://assets.nhle.com/logos/nhl/svg/UTA_light.svg?season=20252026,52,mackenzieweegar,32,1994-01-07,Ottawa,ON,CAN,CAN,72,206,2013,FLA,7,25,206
48,8476931,Jake McCabe,TOR,D,https://assets.nhle.com/mugs/nhl/20252026/TOR/8476931.png,https://assets.nhle.com/logos/nhl/svg/TOR_light.svg,22,jakemccabe,32,1993-10-12,Eau Claire,WI,USA,USA,73,204,2012,BUF,2,14,44
49,8480817,K'Andre Miller,CAR,D,https://assets.nhle.com/mugs/nhl/20252026/CAR/8480817.png,https://assets.nhle.com/logos/nhl/svg/CAR_light.svg,19,kandremiller,26,2000-01-21,St. Paul,MN,USA,USA,77,215,2018,NYR,1,22,22
50,8478038,Devon Toews,COL,D,https://assets.nhle.com/mugs/nhl/20252026/COL/8478038.png,https://assets.nhle.com/logos/nhl/svg/COL_light.svg,7,devontoews,32,1994-02-21,Abbotsford,BC,CAN,CAN,73,191,2014,NYI,4,18,108
51,8482762,Simon Edvinsson,DET,D,https://assets.nhle.com/mugs/nhl/20252026/DET/8482762.png,https://assets.nhle.com/logos/nhl/svg/DET_light.svg?season=20252026,77,simonedvinsson,23,2003-02-05,Kungsbacka,,SWE,SWE,78,209,2021,DET,1,6,6
52,8481524,Bowen Byram,BUF,D,https://assets.nhle.com/mugs/nhl/20252026/BUF/8481524.png,https://assets.nhle.com/logos/nhl/svg/BUF_light.svg,24,bowenbyram,25,2001-06-13,Cranbrook,BC,CAN,CAN,73,190,2019,COL,1,4,4
53,8477492,Nathan MacKinnon,COL,C,https://assets.nhle.com/mugs/nhl/20252026/COL/8477492.png,https://assets.nhle.com/logos/nhl/svg/COL_light.svg,29,nathanmackinnon,31,1995-09-01,Halifax,NS,CAN,CAN,72,200,2013,COL,1,1,1
54,8476892,Colton Parayko,STL,D,https://assets.nhle.com/mugs/nhl/20252026/STL/8476892.png,https://assets.nhle.com/logos/nhl/svg/STL_light.svg?season=20252026,55,coltonparayko,33,1993-05-12,St. Albert,AB,CAN,CAN,78,228,2012,STL,3,25,86
55,8478864,Kirill Kaprizov,MIN,L,https://assets.nhle.com/mugs/nhl/20252026/MIN/8478864.png,https://assets.nhle.com/logos/nhl/svg/MIN_light.svg,97,kirillkaprizov,29,1997-04-26,Novokuznetsk,,RUS,RUS,70,202,2015,MIN,5,14,135
56,8475753,Justin Faulk,DET,D,https://assets.nhle.com/mugs/nhl/20252026/DET/8475753.png,https://assets.nhle.com/logos/nhl/svg/DET_light.svg?season=20252026,72,justinfaulk,34,1992-03-20,South St.Paul,MN,USA,USA,72,214,2010,CAR,2,7,37
57,8480860,Kevin Bahl,CGY,D,https://assets.nhle.com/mugs/nhl/20252026/CGY/8480860.png,https://assets.nhle.com/logos/nhl/svg/CGY_light.svg,7,kevinbahl,26,2000-06-27,New Westminster,BC,CAN,CAN,78,230,-,-,-,-,-
58,8480049,Dylan Samberg,WPG,D,https://assets.nhle.com/mugs/nhl/20252026/WPG/8480049.png,https://assets.nhle.com/logos/nhl/svg/WPG_light.svg,54,dylansamberg,27,1999-01-24,Saginaw,MN,USA,USA,76,219,2017,WPG,2,12,43
59,8480336,Sean Walker,CAR,D,https://assets.nhle.com/mugs/nhl/20252026/CAR/8480336.png,https://assets.nhle.com/logos/nhl/svg/CAR_light.svg,26,seanwalker,31,1994-11-13,Keswick,ON,CAN,CAN,71,195,-,-,-,-,-
60,8471724,Kris Letang,PIT,D,https://assets.nhle.com/mugs/nhl/20252026/PIT/8471724.png,https://assets.nhle.com/logos/nhl/svg/PIT_light.svg,58,krisletang,39,1987-04-24,Montreal,QC,CAN,CAN,72,201,2005,PIT,3,1,62
61,8478407,Vince Dunn,SEA,D,https://assets.nhle.com/mugs/nhl/20252026/SEA/8478407.png,https://assets.nhle.com/logos/nhl/svg/SEA_light.svg,29,vincedunn,29,1996-10-29,Mississauga,ON,CAN,CAN,72,200,2015,STL,2,26,56
62,8482671,Owen Power,BUF,D,https://assets.nhle.com/mugs/nhl/20252026/BUF/8482671.png,https://assets.nhle.com/logos/nhl/svg/BUF_light.svg,25,owenpower,23,2002-11-22,Mississauga,ON,CAN,CAN,78,218,2021,BUF,1,1,1
63,8476854,Hampus Lindholm,BOS,D,https://assets.nhle.com/mugs/nhl/20252026/BOS/8476854.png,https://assets.nhle.com/logos/nhl/svg/BOS_light.svg?season=20252026,27,hampuslindholm,32,1994-01-20,Helsingborg,,SWE,SWE,76,215,2012,ANA,1,6,6
64,8477934,Leon Draisaitl,EDM,C,https://assets.nhle.com/mugs/nhl/20252026/EDM/8477934.png,https://assets.nhle.com/logos/nhl/svg/EDM_light.svg,29,leondraisaitl,30,1995-10-27,Cologne,,DEU,DEU,74,208,2014,EDM,1,3,3
65,8482655,J.J. Moser,TBL,D,https://assets.nhle.com/mugs/nhl/20252026/TBL/8482655.png,https://assets.nhle.com/logos/nhl/svg/TBL_light.svg,90,janismoser,26,2000-06-06,Biel,,CHE,CHE,73,173,2021,ARI,2,28,60
66,8482142,Jamie Drysdale,PHI,D,https://assets.nhle.com/mugs/nhl/20252026/PHI/8482142.png,https://assets.nhle.com/logos/nhl/svg/PHI_light.svg,9,jamiedrysdale,24,2002-04-08,Toronto,ON,CAN,CAN,71,183,2020,ANA,1,6,6
67,8476462,Dougie Hamilton,NJD,D,https://assets.nhle.com/mugs/nhl/20252026/NJD/8476462.png,https://assets.nhle.com/logos/nhl/svg/NJD_light.svg,7,dougiehamilton,33,1993-06-17,Toronto,ON,CAN,CAN,78,230,2011,BOS,1,9,9
68,8478398,Kyle Connor,WPG,L,https://assets.nhle.com/mugs/nhl/20252026/WPG/8478398.png,https://assets.nhle.com/logos/nhl/svg/WPG_light.svg,81,kyleconnor,29,1996-12-09,Shelby Twp.,MI,USA,USA,74,179,2015,WPG,1,17,17
69,8476460,Mark Scheifele,WPG,C,https://assets.nhle.com/mugs/nhl/20252026/WPG/8476460.png,https://assets.nhle.com/logos/nhl/svg/WPG_light.svg,55,markscheifele,33,1993-03-15,Kitchener,ON,CAN,CAN,75,198,2011,WPG,1,7,7
70,8480039,Martin Necas,COL,C,https://assets.nhle.com/mugs/nhl/20252026/COL/8480039.png,https://assets.nhle.com/logos/nhl/svg/COL_light.svg,88,martinnecas,27,1999-01-15,Nove Mesto na Morave,,CZE,CZE,74,189,2017,CAR,1,12,12
71,8476331,Dylan DeMelo,WPG,D,https://assets.nhle.com/mugs/nhl/20252026/WPG/8476331.png,https://assets.nhle.com/logos/nhl/svg/WPG_light.svg,2,dylandemelo,33,1993-05-01,London,ON,CAN,CAN,72,195,2011,S.J,6,28,179
72,8477969,Marcus Pettersson,VAN,D,https://assets.nhle.com/mugs/nhl/20252026/VAN/8477969.png,https://assets.nhle.com/logos/nhl/svg/VAN_light.svg,26,marcuspettersson,30,1996-05-08,Skellefteå,,SWE,SWE,75,177,2014,ANA,2,8,38
73,8477499,Rasmus Ristolainen,PHI,D,https://assets.nhle.com/mugs/nhl/20252026/PHI/8477499.png,https://assets.nhle.com/logos/nhl/svg/PHI_light.svg,55,rasmusristolainen,31,1994-10-27,Turku,,FIN,FIN,76,221,2013,BUF,1,8,8
74,8476457,Adam Larsson,SEA,D,https://assets.nhle.com/mugs/nhl/20252026/SEA/8476457.png,https://assets.nhle.com/logos/nhl/svg/SEA_light.svg,6,adamlarsson,33,1992-11-12,Skellefteå,,SWE,SWE,75,209,2011,N.J,1,4,4
75,8484801,Macklin Celebrini,SJS,C,https://assets.nhle.com/mugs/nhl/20252026/SJS/8484801.png,https://assets.nhle.com/logos/nhl/svg/SJS_light.svg,71,macklincelebrini,20,2006-06-13,,,CAN,,72,190,2024,S.J,1,1,1
76,8481559,Jack Hughes,NJD,C,https://assets.nhle.com/mugs/nhl/20252026/NJD/8481559.png,https://assets.nhle.com/logos/nhl/svg/NJD_light.svg,86,jackhughes,25,2001-05-14,Orlando,FL,USA,USA,71,175,2019,N.J,1,1,1
77,8476958,Jaccob Slavin,CAR,D,https://assets.nhle.com/mugs/nhl/20252026/CAR/8476958.png,https://assets.nhle.com/logos/nhl/svg/CAR_light.svg,74,jaccobslavin,32,1994-05-01,Denver,CO,USA,USA,75,207,2012,CAR,4,29,120
78,8486166,Viking Gustafsson Nyberg,MIN,D,https://assets.nhle.com/mugs/nhl/20252026/MIN/8486166.png,https://assets.nhle.com/logos/nhl/svg/MIN_light.svg,6,vikinggustafssonnyberg,23,2003-09-21,STOCKHOLM,,SWE,,78,225,-,-,-,-,-
79,8477933,Sam Reinhart,FLA,C,https://assets.nhle.com/mugs/nhl/20252026/FLA/8477933.png,https://assets.nhle.com/logos/nhl/svg/FLA_light.svg,13,samreinhart,30,1995-11-06,West Vancouver,BC,CAN,CAN,74,193,2014,BUF,1,2,2
80,8478403,Jack Eichel,VGK,C,https://assets.nhle.com/mugs/nhl/20252026/VGK/8478403.png,https://assets.nhle.com/logos/nhl/svg/VGK_light.svg,9,jackeichel,29,1996-10-28,North Chelmsford,MA,USA,USA,74,207,2015,BUF,1,2,2
81,8475200,Dmitry Orlov,SJS,D,https://assets.nhle.com/mugs/nhl/20252026/SJS/8475200.png,https://assets.nhle.com/logos/nhl/svg/SJS_light.svg,9,dmitryorlov,35,1991-07-23,Novokuznetsk,,RUS,RUS,71,214,2009,WSH,2,25,55
82,8476853,Morgan Rielly,TOR,D,https://assets.nhle.com/mugs/nhl/20252026/TOR/8476853.png,https://assets.nhle.com/logos/nhl/svg/TOR_light.svg,44,morganrielly,32,1994-03-09,Vancouver,BC,CAN,CAN,73,222,2012,TOR,1,5,5
83,8481568,Alex Vlasic,CHI,D,https://assets.nhle.com/mugs/nhl/20252026/CHI/8481568.png,https://assets.nhle.com/logos/nhl/svg/CHI_light.svg?season=20252026,72,alexvlasic,25,2001-06-05,Wilmette,IL,USA,USA,78,199,2019,CHI,2,12,43
84,8475764,Cam Fowler,STL,D,https://assets.nhle.com/mugs/nhl/20252026/STL/8475764.png,https://assets.nhle.com/logos/nhl/svg/STL_light.svg?season=20252026,17,camfowler,34,1991-12-05,Windsor,ON,CAN,USA,74,215,2010,ANA,1,12,12
85,8476923,Damon Severson,CBJ,D,https://assets.nhle.com/mugs/nhl/20252026/CBJ/8476923.png,https://assets.nhle.com/logos/nhl/svg/CBJ_light.svg,78,damonseverson,32,1994-08-07,Melville,SK,CAN,CAN,74,205,2012,N.J,2,30,60
86,8479983,Mario Ferraro,SJS,D,https://assets.nhle.com/mugs/nhl/20252026/SJS/8479983.png,https://assets.nhle.com/logos/nhl/svg/SJS_light.svg,38,marioferraro,28,1998-09-17,Toronto,ON,CAN,CAN,72,209,2017,S.J,2,18,49
87,8477498,Darnell Nurse,EDM,D,https://assets.nhle.com/mugs/nhl/20252026/EDM/8477498.png,https://assets.nhle.com/logos/nhl/svg/EDM_light.svg,25,darnellnurse,31,1995-02-04,Hamilton,ON,CAN,CAN,76,221,2013,EDM,1,7,7
88,8476459,Mika Zibanejad,NYR,C,https://assets.nhle.com/mugs/nhl/20252026/NYR/8476459.png,https://assets.nhle.com/logos/nhl/svg/NYR_light.svg,93,mikazibanejad,33,1993-04-18,Huddinge,,SWE,SWE,74,202,2011,OTT,1,6,6
89,8476917,Adam Pelech,NYI,D,https://assets.nhle.com/mugs/nhl/20252026/NYI/8476917.png,https://assets.nhle.com/logos/nhl/svg/NYI_light.svg,3,adampelech,32,1994-08-16,Toronto,ON,CAN,CAN,75,210,2012,NYI,3,4,65
90,8477507,Nikita Zadorov,BOS,D,https://assets.nhle.com/mugs/nhl/20252026/BOS/8477507.png,https://assets.nhle.com/logos/nhl/svg/BOS_light.svg?season=20252026,91,nikitazadorov,31,1995-04-16,Moscow,,RUS,RUS,78,248,2013,BUF,1,16,16
91,8484144,Connor Bedard,CHI,C,https://assets.nhle.com/mugs/nhl/20252026/CHI/8484144.png,https://assets.nhle.com/logos/nhl/svg/CHI_light.svg?season=20252026,98,connorbedard,21,2005-07-17,,,CAN,,70,185,2023,CHI,1,1,1
92,8478550,Artemi Panarin,LAK,L,https://assets.nhle.com/mugs/nhl/20252026/LAK/8478550.png,https://assets.nhle.com/logos/nhl/svg/LAK_light.svg,10,artemipanarin,34,1991-10-30,Korkino,,RUS,RUS,72,173,-,-,-,-,-
93,8475279,Ben Chiarot,DET,D,https://assets.nhle.com/mugs/nhl/20252026/DET/8475279.png,https://assets.nhle.com/logos/nhl/svg/DET_light.svg?season=20252026,8,benchiarot,35,1991-05-09,Hamilton,ON,CAN,CAN,75,232,2009,ATL,4,29,120
94,8480018,Nick Suzuki,MTL,C,https://assets.nhle.com/mugs/nhl/20252026/MTL/8480018.png,https://assets.nhle.com/logos/nhl/svg/MTL_light.svg,14,nicksuzuki,27,1999-08-10,London,ON,CAN,CAN,71,208,2017,VGK,1,13,13
95,8477506,Ryan Pulock,NYI,D,https://assets.nhle.com/mugs/nhl/20252026/NYI/8477506.png,https://assets.nhle.com/logos/nhl/svg/NYI_light.svg,6,ryanpulock,32,1994-10-06,Dauphin,MB,CAN,CAN,74,216,2013,NYI,1,15,15
96,8479318,Auston Matthews,TOR,C,https://assets.nhle.com/mugs/nhl/20252026/TOR/8479318.png,https://assets.nhle.com/logos/nhl/svg/TOR_light.svg,34,austonmatts,29,1997-09-17,San Ramon,CA,USA,USA,75,208,2016,TOR,1,1,1
97,8482245,Artem Zub,OTT,D,https://assets.nhle.com/mugs/nhl/20252026/OTT/8482245.png,https://assets.nhle.com/logos/nhl/svg/OTT_light.svg,2,artemzub,31,1995-10-03,Khabarovsk,,RUS,RUS,74,200,-,-,-,-,-
98,8477500,Bo Horvat,NYI,C,https://assets.nhle.com/mugs/nhl/20252026/NYI/8477500.png,https://assets.nhle.com/logos/nhl/svg/NYI_light.svg,14,bohorvat,31,1995-04-05,London,ON,CAN,CAN,72,215,2013,VAN,1,9,9
99,8480002,Nico Hischier,NJD,C,https://assets.nhle.com/mugs/nhl/20252026/NJD/8480002.png,https://assets.nhle.com/logos/nhl/svg/NJD_light.svg,13,nicohischier,27,1999-01-04,Brig,,CHE,CHE,73,175,2017,N.J,1,1,1
100,8477956,David Pastrnak,BOS,R,https://assets.nhle.com/mugs/nhl/20252026/BOS/8477956.png,https://assets.nhle.com/logos/nhl/svg/BOS_light.svg?season=20252026,88,davidpastrnak,30,1996-05-25,Havirov,,CZE,CZE,73,195,2014,BOS,1,25,25
101,8478445,Mathew Barzal,NYI,C,https://assets.nhle.com/mugs/nhl/20252026/NYI/8478445.png,https://assets.nhle.com/logos/nhl/svg/NYI_light.svg,13,mattbarzal,29,1997-05-26,Coquitlam,BC,CAN,CAN,73,190,2015,NYI,1,16,16
102,8478911,Matt Roy,WSH,D,https://assets.nhle.com/mugs/nhl/20252026/WSH/8478911.png,https://assets.nhle.com/logos/nhl/svg/WSH_secondary_light.svg,3,mattroy,31,1995-03-01,Detroit,MI,USA,USA,73,205,2015,L.A,7,13,194
103,8475171,Oliver Ekman-Larsson,TOR,D,https://assets.nhle.com/mugs/nhl/20252026/TOR/8475171.png,https://assets.nhle.com/logos/nhl/svg/TOR_light.svg,95,oliverekmanlarsson,35,1991-07-17,Karlskrona,,SWE,SWE,74,200,2009,PHX,1,6,6
104,8475218,Mattias Ekholm,EDM,D,https://assets.nhle.com/mugs/nhl/20252026/EDM/8475218.png,https://assets.nhle.com/logos/nhl/svg/EDM_light.svg,14,mattiasekholm,36,1990-05-24,Borlange,,SWE,SWE,76,215,2009,NSH,4,11,102
105,8479998,Mikey Anderson,LAK,D,https://assets.nhle.com/mugs/nhl/20252026/LAK/8479998.png,https://assets.nhle.com/logos/nhl/svg/LAK_light.svg,44,michaelyanderson,27,1999-05-25,Fridley,MN,USA,USA,72,195,2017,L.A,4,10,103
106,8481557,Matt Boldy,MIN,L,https://assets.nhle.com/mugs/nhl/20252026/MIN/8481557.png,https://assets.nhle.com/logos/nhl/svg/MIN_light.svg,12,mattboldy,25,2001-04-05,Milford,MA,USA,USA,74,201,2019,MIN,1,12,12
107,8476389,Vincent Trocheck,NYR,C,https://assets.nhle.com/mugs/nhl/20252026/NYR/8476389.png,https://assets.nhle.com/logos/nhl/svg/NYR_light.svg,16,vincenttrocheck,33,1993-07-11,Pittsburgh,PA,USA,USA,71,184,2011,FLA,3,3,64
108,8475188,Brayden McNabb,VGK,D,https://assets.nhle.com/mugs/nhl/20252026/VGK/8475188.png,https://assets.nhle.com/logos/nhl/svg/VGK_light.svg,3,braydenmcnabb,35,1991-01-21,Davidson,SK,CAN,CAN,76,215,2009,BUF,3,5,66
109,8475906,John Klingberg,SJS,D,https://assets.nhle.com/mugs/nhl/20252026/SJS/8475906.png,https://assets.nhle.com/logos/nhl/svg/SJS_light.svg,3,johnklingberg,34,1992-08-14,Gothenburg,,SWE,SWE,75,190,2010,DAL,5,11,131
110,8477505,Alexander Wennberg,SJS,C,https://assets.nhle.com/mugs/nhl/20252026/SJS/8477505.png,https://assets.nhle.com/logos/nhl/svg/SJS_light.svg,21,alexwennberg,32,1994-09-22,Stockholm,,SWE,SWE,74,190,2013,CBJ,1,14,14
111,8482073,Braden Schneider,NYR,D,https://assets.nhle.com/mugs/nhl/20252026/NYR/8482073.png,https://assets.nhle.com/logos/nhl/svg/NYR_light.svg,4,bradenschneider,25,2001-09-20,Prince Albert,SK,CAN,CAN,75,208,2020,NYR,1,19,19
112,8475158,Ryan O'Reilly,NSH,C,https://assets.nhle.com/mugs/nhl/20252026/NSH/8475158.png,https://assets.nhle.com/logos/nhl/svg/NSH_light.svg,90,ryanoreilly,35,1991-02-07,Clinton,ON,CAN,CAN,73,207,2009,COL,2,3,33
113,8483687,Marek Alscher,FLA,D,https://assets.nhle.com/mugs/nhl/20252026/FLA/8483687.png,https://assets.nhle.com/logos/nhl/svg/FLA_light.svg,51,marekalscher,22,2004-04-07,,,CZE,,75,206,2022,FLA,3,28,93
114,8478859,Niko Mikkola,FLA,D,https://assets.nhle.com/mugs/nhl/20252026/FLA/8478859.png,https://assets.nhle.com/logos/nhl/svg/FLA_light.svg,77,nikomikkola,30,1996-04-27,Finland,,FIN,FIN,76,209,2015,STL,5,6,127
115,8476453,Nikita Kucherov,TBL,R,https://assets.nhle.com/mugs/nhl/20252026/TBL/8476453.png,https://assets.nhle.com/logos/nhl/svg/TBL_light.svg,86,nikitakucherov,33,1993-06-17,Maykop,,RUS,RUS,71,181,2011,T.B,2,28,58
116,8480727,Zach Whitecloud,CGY,D,https://assets.nhle.com/mugs/nhl/20252026/CGY/8480727.png,https://assets.nhle.com/logos/nhl/svg/CGY_light.svg,28,zachwhitecloud,29,1996-11-28,Brandon,MB,CAN,CAN,74,207,-,-,-,-,-
117,8477488,Brett Pesce,NJD,D,https://assets.nhle.com/mugs/nhl/20252026/NJD/8477488.png,https://assets.nhle.com/logos/nhl/svg/NJD_light.svg,22,brettpesce,31,1994-11-15,Tarrytown,NY,USA,USA,75,206,2013,CAR,3,5,66
118,8476463,Jonas Brodin,MIN,D,https://assets.nhle.com/mugs/nhl/20252026/MIN/8476463.png,https://assets.nhle.com/logos/nhl/svg/MIN_light.svg,25,jonasbrodin,33,1993-07-12,Karlstad,,SWE,SWE,74,196,2011,MIN,1,10,10
119,8482116,Tim Stützle,OTT,C,https://assets.nhle.com/mugs/nhl/20252026/OTT/8482116.png,https://assets.nhle.com/logos/nhl/svg/OTT_light.svg,18,timstutzle,24,2002-01-15,Viersen,,DEU,DEU,72,193,2020,OTT,1,3,3
120,8480027,Jason Robertson,DAL,L,https://assets.nhle.com/mugs/nhl/20252026/DAL/8480027.png,https://assets.nhle.com/logos/nhl/svg/DAL_light.svg,21,jasonrobertson,27,1999-07-22,Arcadia,CA,USA,USA,75,200,2017,DAL,2,8,39
121,8477404,Jake Guentzel,TBL,C,https://assets.nhle.com/mugs/nhl/20252026/TBL/8477404.png,https://assets.nhle.com/logos/nhl/svg/TBL_light.svg,59,jakeguentzel,32,1994-10-06,Omaha,NE,USA,USA,71,180,2013,PIT,3,16,77
122,8478507,John Marino,UTA,D,https://assets.nhle.com/mugs/nhl/20252026/UTA/8478507.png,https://assets.nhle.com/logos/nhl/svg/UTA_light.svg?season=20252026,6,johnmarino,29,1997-05-21,Brockton,MA,USA,USA,73,181,2015,EDM,6,3,154
123,8477946,Dylan Larkin,DET,C,https://assets.nhle.com/mugs/nhl/20252026/DET/8477946.png,https://assets.nhle.com/logos/nhl/svg/DET_light.svg?season=20252026,71,dylanlarkin,30,1996-07-30,Waterford,MI,USA,USA,73,198,2014,DET,1,15,15
124,8478420,Mikko Rantanen,DAL,R,https://assets.nhle.com/mugs/nhl/20252026/DAL/8478420.png,https://assets.nhle.com/logos/nhl/svg/DAL_light.svg,96,mikkorantanen,29,1996-10-29,Nousiainen,,FIN,FIN,76,215,2015,COL,1,10,10
125,8478450,Parker Wotherspoon,PIT,D,https://assets.nhle.com/mugs/nhl/20252026/PIT/8478450.png,https://assets.nhle.com/logos/nhl/svg/PIT_light.svg,29,parkerwotherspoon,29,1997-08-24,Surrey,BC,CAN,CAN,73,190,2015,NYI,4,21,112
126,8476468,J.T. Miller,NYR,C,https://assets.nhle.com/mugs/nhl/20252026/NYR/8476468.png,https://assets.nhle.com/logos/nhl/svg/NYR_light.svg,10,jtmiller,33,1993-03-14,East Palestine,OH,USA,USA,73,218,2011,NYR,1,15,15
127,8478970,Jalen Chatfield,CAR,D,https://assets.nhle.com/mugs/nhl/20252026/CAR/8478970.png,https://assets.nhle.com/logos/nhl/svg/CAR_light.svg,5,jalenchatfield,30,1996-05-15,Ypsilanti,MI,USA,USA,73,188,-,-,-,-,-
128,8482740,Wyatt Johnston,DAL,C,https://assets.nhle.com/mugs/nhl/20252026/DAL/8482740.png,https://assets.nhle.com/logos/nhl/svg/DAL_light.svg,53,wyattjohnston,23,2003-05-14,Toronto,ON,CAN,CAN,73,185,2021,DAL,1,23,23
129,8482165,Yan Kuznetsov,CGY,D,https://assets.nhle.com/mugs/nhl/20252026/CGY/8482165.png,https://assets.nhle.com/logos/nhl/svg/CGY_light.svg,37,yankuznetsov,24,2002-03-09,Murmansk,,RUS,RUS,76,209,2020,CGY,2,19,50
130,8482124,Quinton Byfield,LAK,R,https://assets.nhle.com/mugs/nhl/20252026/LAK/8482124.png,https://assets.nhle.com/logos/nhl/svg/LAK_light.svg,55,quintonbyfield,24,2002-08-19,Newmarket,ON,CAN,CAN,77,220,2020,L.A,1,2,2
131,8475786,Zach Hyman,EDM,L,https://assets.nhle.com/mugs/nhl/20252026/EDM/8475786.png,https://assets.nhle.com/logos/nhl/svg/EDM_light.svg,18,zachhyman,34,1992-06-09,Toronto,ON,CAN,CAN,73,211,2010,FLA,5,3,123
132,8478483,Mitch Marner,VGK,R,https://assets.nhle.com/mugs/nhl/20252026/VGK/8478483.png,https://assets.nhle.com/logos/nhl/svg/VGK_light.svg,93,mitchmarner,29,1997-05-05,Markham,ON,CAN,CAN,72,181,2015,TOR,1,4,4
133,8475810,Bryan Rust,PIT,R,https://assets.nhle.com/mugs/nhl/20252026/PIT/8475810.png,https://assets.nhle.com/logos/nhl/svg/PIT_light.svg,17,bryanrust,34,1992-05-11,Pontiac,MI,USA,USA,71,192,2010,PIT,3,20,80
134,8480043,Timothy Liljegren,WSH,D,https://assets.nhle.com/mugs/nhl/20252026/WSH/8480043.png,https://assets.nhle.com/logos/nhl/svg/WSH_secondary_light.svg,27,timliljegren,27,1999-04-30,Kristianstad,,SWE,SWE,73,192,2017,TOR,1,17,17
135,8482730,Brandt Clarke,LAK,D,https://assets.nhle.com/mugs/nhl/20252026/LAK/8482730.png,https://assets.nhle.com/logos/nhl/svg/LAK_light.svg,92,brandtclarke,23,2003-02-09,Nepean,ON,CAN,CAN,74,185,2021,L.A,1,8,8
136,8479542,Brandon Hagel,TBL,L,https://assets.nhle.com/mugs/nhl/20252026/TBL/8479542.png,https://assets.nhle.com/logos/nhl/svg/TBL_light.svg,38,brandonhagel,28,1998-08-27,Saskatoon,SK,CAN,CAN,74,179,2016,BUF,6,8,159
137,8477951,Nick Schmaltz,UTA,C,https://assets.nhle.com/mugs/nhl/20252026/UTA/8477951.png,https://assets.nhle.com/logos/nhl/svg/UTA_light.svg?season=20252026,8,nickschmaltz,30,1996-02-23,Madison,WI,USA,USA,72,181,2014,CHI,1,20,20
138,8477220,Nate Schmidt,UTA,D,https://assets.nhle.com/mugs/nhl/20252026/UTA/8477220.png,https://assets.nhle.com/logos/nhl/svg/UTA_light.svg?season=20252026,88,nathanschmidt,35,1991-07-16,St. Cloud,MN,USA,USA,72,195,-,-,-,-,-
139,8483495,Simon Nemec,NJD,D,https://assets.nhle.com/mugs/nhl/20252026/NJD/8483495.png,https://assets.nhle.com/logos/nhl/svg/NJD_light.svg,71,simonnemec,22,2004-02-15,Liptovsky Mikulas,,SVK,SVK,73,190,2022,N.J,1,2,2
140,8475754,Brock Nelson,COL,C,https://assets.nhle.com/mugs/nhl/20252026/COL/8475754.png,https://assets.nhle.com/logos/nhl/svg/COL_light.svg,11,brocknelson,34,1991-10-15,Warroad,MN,USA,USA,76,210,2010,NYI,1,30,30
141,8479980,Nicolas Hague,NSH,D,https://assets.nhle.com/mugs/nhl/20252026/NSH/8479980.png,https://assets.nhle.com/logos/nhl/svg/NSH_light.svg,41,nicolashague,27,1998-12-05,Kitchener,ON,CAN,CAN,78,230,2017,VGK,2,3,34
142,8482176,Wyatt Kaiser,CHI,D,https://assets.nhle.com/mugs/nhl/20252026/CHI/8482176.png,https://assets.nhle.com/logos/nhl/svg/CHI_light.svg?season=20252026,44,wyattkaiser,24,2002-07-31,Andover,MN,USA,USA,72,173,2020,CHI,3,19,81
143,8478427,Sebastian Aho,CAR,C,https://assets.nhle.com/mugs/nhl/20252026/CAR/8478427.png,https://assets.nhle.com/logos/nhl/svg/CAR_light.svg,20,sebastianahoC,29,1997-07-26,Rauma,,FIN,FIN,72,176,2015,CAR,2,5,35
144,8474716,Jared Spurgeon,MIN,D,https://assets.nhle.com/mugs/nhl/20252026/MIN/8474716.png,https://assets.nhle.com/logos/nhl/svg/MIN_light.svg,46,jaredspurgeon,36,1989-11-29,Edmonton,AB,CAN,CAN,69,166,2008,NYI,6,5,156
145,8484783,Artyom Levshunov,CHI,D,https://assets.nhle.com/mugs/nhl/20252026/CHI/8484783.png,https://assets.nhle.com/logos/nhl/svg/CHI_light.svg?season=20252026,55,artyomlevshunov,20,2005-10-28,,,BLR,,74,208,2024,CHI,1,2,2
146,8484798,Zeev Buium,VAN,D,https://assets.nhle.com/mugs/nhl/20252026/VAN/8484798.png,https://assets.nhle.com/logos/nhl/svg/VAN_light.svg,8,zeevbuium,20,2005-12-07,,,USA,,72,183,2024,MIN,1,12,12
147,8474574,Tyler Myers,DAL,D,https://assets.nhle.com/mugs/nhl/20252026/DAL/8474574.png,https://assets.nhle.com/logos/nhl/svg/DAL_light.svg,57,tylermyers,36,1990-02-01,Houston,TX,USA,CAN,80,229,2008,BUF,1,12,12
148,8478399,Jonas Siegenthaler,NJD,D,https://assets.nhle.com/mugs/nhl/20252026/NJD/8478399.png,https://assets.nhle.com/logos/nhl/svg/NJD_light.svg,71,jonassiegenthaler,29,1997-05-06,Zurich,,CHE,CHE,74,218,2015,WSH,2,27,57
149,8482087,Kaiden Guhle,MTL,D,https://assets.nhle.com/mugs/nhl/20252026/MTL/8482087.png,https://assets.nhle.com/logos/nhl/svg/MTL_light.svg,21,kaidenguhle,24,2002-01-18,Edmonton,AB,CAN,CAN,74,205,2020,MTL,1,16,16
150,8476880,Tom Wilson,WSH,R,https://assets.nhle.com/mugs/nhl/20252026/WSH/8476880.png,https://assets.nhle.com/logos/nhl/svg/WSH_secondary_light.svg,43,tomwilson,32,1994-03-29,Toronto,ON,CAN,CAN,76,220,2012,WSH,1,16,16
151,8481014,Alexander Romanov,NYI,D,https://assets.nhle.com/mugs/nhl/20252026/NYI/8481014.png,https://assets.nhle.com/logos/nhl/svg/NYI_light.svg,28,alexromanov,26,2000-01-06,Moscow,,RUS,RUS,73,215,2018,MTL,2,7,38
152,8477939,William Nylander,TOR,R,https://assets.nhle.com/mugs/nhl/20252026/TOR/8477939.png,https://assets.nhle.com/logos/nhl/svg/TOR_light.svg,88,willnylander,30,1996-05-01,Calgary,AB,CAN,SWE,72,204,2014,TOR,1,8,8
153,8479369,Andrew Peeke,BOS,D,https://assets.nhle.com/mugs/nhl/20252026/BOS/8479369.png,https://assets.nhle.com/logos/nhl/svg/BOS_light.svg?season=20252026,20,andrewpeeke,28,1998-03-17,Parkland,FL,USA,USA,75,210,2016,CBJ,2,4,34
154,8476905,Chandler Stephenson,SEA,C,https://assets.nhle.com/mugs/nhl/20252026/SEA/8476905.png,https://assets.nhle.com/logos/nhl/svg/SEA_light.svg,9,chandlerstephenson,32,1994-04-22,Saskatoon,SK,CAN,CAN,72,209,2012,WSH,3,16,77
155,8481562,Domenick Fensore,CAR,D,https://assets.nhle.com/mugs/nhl/20252026/CAR/8481562.png,https://assets.nhle.com/logos/nhl/svg/CAR_light.svg,3,domenickfensore,25,2001-09-07,Bronxville,NY,USA,USA,67,151,2019,CAR,3,28,90
156,8478443,Brandon Carlo,TOR,D,https://assets.nhle.com/mugs/nhl/20252026/TOR/8478443.png,https://assets.nhle.com/logos/nhl/svg/TOR_light.svg,25,brandoncarlo,29,1996-11-26,Colorado Springs,CO,USA,USA,78,218,2015,BOS,2,7,37
157,8477960,Adrian Kempe,LAK,R,https://assets.nhle.com/mugs/nhl/20252026/LAK/8477960.png,https://assets.nhle.com/logos/nhl/svg/LAK_light.svg,9,adriankempe,30,1996-09-13,Kramfors,,SWE,SWE,74,200,2014,L.A,1,29,29
158,8480796,Martin Fehérváry,WSH,D,https://assets.nhle.com/mugs/nhl/20252026/WSH/8480796.png,https://assets.nhle.com/logos/nhl/svg/WSH_secondary_light.svg,42,martinfehervary,27,1999-10-06,Bratislava,,SVK,SVK,74,199,2018,WSH,2,15,46
159,8482665,Matty Beniers,SEA,C,https://assets.nhle.com/mugs/nhl/20252026/SEA/8482665.png,https://assets.nhle.com/logos/nhl/svg/SEA_light.svg,10,mattybeniers,23,2002-11-05,Hingham,MA,USA,USA,74,178,2021,SEA,1,2,2
160,8480434,Sean Durzi,UTA,D,https://assets.nhle.com/mugs/nhl/20252026/UTA/8480434.png,https://assets.nhle.com/logos/nhl/svg/UTA_light.svg?season=20252026,5,seandurzi,27,1998-10-21,Mississauga,ON,CAN,CAN,72,195,2018,TOR,2,21,52
161,8474151,Ryan McDonagh,TBL,D,https://assets.nhle.com/mugs/nhl/20252026/TBL/8474151.png,https://assets.nhle.com/logos/nhl/svg/TBL_light.svg,27,ryanmcdonagh,37,1989-06-13,St. Paul,MN,USA,USA,73,215,2007,MTL,1,12,12
162,8479420,Tage Thompson,BUF,C,https://assets.nhle.com/mugs/nhl/20252026/BUF/8479420.png,https://assets.nhle.com/logos/nhl/svg/BUF_light.svg,72,tagethompson,28,1997-10-30,Phoenix,AZ,USA,USA,78,220,2016,STL,1,26,26
163,8476906,Shayne Gostisbehere,CAR,D,https://assets.nhle.com/mugs/nhl/20252026/CAR/8476906.png,https://assets.nhle.com/logos/nhl/svg/CAR_light.svg,4,shaynegostisbehere,33,1993-04-20,Pembroke Pines,FL,USA,USA,71,180,2012,PHI,3,17,78
164,8471675,Sidney Crosby,PIT,C,https://assets.nhle.com/mugs/nhl/20252026/PIT/8471675.png,https://assets.nhle.com/logos/nhl/svg/PIT_light.svg,87,sidneycrosby,39,1987-08-07,Cole Harbour,NS,CAN,CAN,71,200,2005,PIT,1,1,1
165,8475913,Mark Stone,VGK,R,https://assets.nhle.com/mugs/nhl/20252026/VGK/8475913.png,https://assets.nhle.com/logos/nhl/svg/VGK_light.svg,61,markstone,34,1992-05-13,Winnipeg,MB,CAN,CAN,75,217,2010,OTT,6,28,178
166,8480873,Rasmus Sandin,WSH,D,https://assets.nhle.com/mugs/nhl/20252026/WSH/8480873.png,https://assets.nhle.com/logos/nhl/svg/WSH_secondary_light.svg,38,rasmussandin,26,2000-03-07,Uppsala,,SWE,SWE,71,182,2018,TOR,1,29,29
167,8479442,Troy Stecher,TOR,D,https://assets.nhle.com/mugs/nhl/20252026/TOR/8479442.png,https://assets.nhle.com/logos/nhl/svg/TOR_light.svg,28,troystecher,32,1994-04-07,Richmond,BC,CAN,CAN,70,184,-,-,-,-,-
168,8483485,Denton Mateychuk,CBJ,D,https://assets.nhle.com/mugs/nhl/20252026/CBJ/8483485.png,https://assets.nhle.com/logos/nhl/svg/CBJ_light.svg,5,dentonmateychuk,22,2004-07-12,,,CAN,,71,188,2022,CBJ,1,12,12
169,8475798,Mikael Granlund,ANA,C,https://assets.nhle.com/mugs/nhl/20252026/ANA/8475798.png,https://assets.nhle.com/logos/nhl/svg/ANA_light.svg,64,mikaelgranlund,34,1992-02-26,Oulu,,FIN,FIN,70,185,2010,MIN,1,9,9
170,8482113,Anton Lundell,FLA,C,https://assets.nhle.com/mugs/nhl/20252026/FLA/8482113.png,https://assets.nhle.com/logos/nhl/svg/FLA_light.svg,15,antonlundell,25,2001-10-03,Espoo,,FIN,FIN,73,185,2020,FLA,1,12,12
171,8484153,Leo Carlsson,ANA,C,https://assets.nhle.com/mugs/nhl/20252026/ANA/8484153.png,https://assets.nhle.com/logos/nhl/svg/ANA_light.svg,91,leocarlsson,21,2004-12-26,,,SWE,,75,194,2023,ANA,1,2,2
172,8477950,Tony DeAngelo,NYI,D,https://assets.nhle.com/mugs/nhl/20252026/NYI/8477950.png,https://assets.nhle.com/logos/nhl/svg/NYI_light.svg,77,anthonydeangelo,30,1995-10-24,Sewell,NJ,USA,USA,71,180,2014,T.B,1,19,19
173,8477942,Kevin Fiala,LAK,L,https://assets.nhle.com/mugs/nhl/20252026/LAK/8477942.png,https://assets.nhle.com/logos/nhl/svg/LAK_light.svg,22,kevinfiala,30,1996-07-22,St. Gallen,,CHE,CHE,70,204,2014,NSH,1,11,11
174,8471685,Anze Kopitar,LAK,C,https://assets.nhle.com/mugs/nhl/20252026/LAK/8471685.png,https://assets.nhle.com/logos/nhl/svg/LAK_light.svg,11,anzekopitar,39,1987-08-24,Jesenice,,SVN,SVN,75,225,2005,L.A,1,11,11
175,8480246,Nick Perbix,NSH,D,https://assets.nhle.com/mugs/nhl/20252026/NSH/8480246.png,https://assets.nhle.com/logos/nhl/svg/NSH_light.svg,48,nickperbix,28,1998-06-15,Minneapolis,MN,USA,USA,74,191,2017,T.B,6,14,169
176,8478439,Travis Konecny,PHI,R,https://assets.nhle.com/mugs/nhl/20252026/PHI/8478439.png,https://assets.nhle.com/logos/nhl/svg/PHI_light.svg,11,traviskonecny,29,1997-03-11,London,ON,CAN,CAN,70,175,2015,PHI,1,24,24
177,8479343,Clayton Keller,UTA,R,https://assets.nhle.com/mugs/nhl/20252026/UTA/8479343.png,https://assets.nhle.com/logos/nhl/svg/UTA_light.svg?season=20252026,9,claytonkeller,28,1998-07-29,Chesterfield,MO,USA,USA,70,178,2016,ARI,1,7,7
178,8478851,Alexandre Carrier,MTL,D,https://assets.nhle.com/mugs/nhl/20252026/MTL/8478851.png,https://assets.nhle.com/logos/nhl/svg/MTL_light.svg,45,alexandrecarrier,29,1996-10-08,Quebec City,QC,CAN,CAN,71,174,2015,NSH,4,24,115
179,8478493,Joel Eriksson Ek,MIN,C,https://assets.nhle.com/mugs/nhl/20252026/MIN/8478493.png,https://assets.nhle.com/logos/nhl/svg/MIN_light.svg,14,joelerikssonek,29,1997-01-29,Karlstad,,SWE,SWE,75,207,2015,MIN,1,20,20
180,8476454,Ryan Nugent-Hopkins,EDM,C,https://assets.nhle.com/mugs/nhl/20252026/EDM/8476454.png,https://assets.nhle.com/logos/nhl/svg/EDM_light.svg,93,ryannugenthopkins,33,1993-04-12,Burnaby,BC,CAN,CAN,72,195,2011,EDM,1,1,1
181,8478444,Brock Boeser,VAN,R,https://assets.nhle.com/mugs/nhl/20252026/VAN/8478444.png,https://assets.nhle.com/logos/nhl/svg/VAN_light.svg,6,brockboeser,29,1997-02-25,Burnsville,MN,USA,USA,73,208,2015,VAN,1,23,23
182,8475172,Nazem Kadri,COL,C,https://assets.nhle.com/mugs/nhl/20252026/COL/8475172.png,https://assets.nhle.com/logos/nhl/svg/COL_light.svg,91,nazemkadri,36,1990-10-06,London,ON,CAN,CAN,72,185,2009,TOR,1,7,7
183,8480023,Robert Thomas,STL,C,https://assets.nhle.com/mugs/nhl/20252026/STL/8480023.png,https://assets.nhle.com/logos/nhl/svg/STL_light.svg?season=20252026,18,robertthomas,27,1999-07-02,Aurora,ON,CAN,CAN,72,218,2017,STL,1,20,20
184,8477949,Alex Tuch,BUF,R,https://assets.nhle.com/mugs/nhl/20252026/BUF/8477949.png,https://assets.nhle.com/logos/nhl/svg/BUF_light.svg,89,alextuch,30,1996-05-10,Syracuse,NY,USA,USA,76,219,2014,MIN,1,18,18
185,8480012,Elias Pettersson,VAN,C,https://assets.nhle.com/mugs/nhl/20252026/VAN/8480012.png,https://assets.nhle.com/logos/nhl/svg/VAN_light.svg,40,eliaspetterssonC,27,1998-11-12,Sundsvall,,SWE,SWE,74,176,2017,VAN,1,5,5
186,8476967,Brett Kulak,COL,D,https://assets.nhle.com/mugs/nhl/20252026/COL/8476967.png,https://assets.nhle.com/logos/nhl/svg/COL_light.svg,27,brettkulak,32,1994-01-06,Edmonton,AB,CAN,CAN,73,197,2012,CGY,4,14,105
187,8476483,Rickard Rakell,PIT,R,https://assets.nhle.com/mugs/nhl/20252026/PIT/8476483.png,https://assets.nhle.com/logos/nhl/svg/PIT_light.svg,67,rickardrakell,33,1993-05-05,Sundbyberg,,SWE,SWE,73,195,2011,ANA,1,30,30
188,8480893,Kirill Marchenko,CBJ,R,https://assets.nhle.com/mugs/nhl/20252026/CBJ/8480893.png,https://assets.nhle.com/logos/nhl/svg/CBJ_light.svg,86,kirillmarchenko,26,2000-07-21,Barnaul,,RUS,RUS,75,197,2018,CBJ,2,18,49
189,8484166,Adam Fantilli,CBJ,C,https://assets.nhle.com/mugs/nhl/20252026/CBJ/8484166.png,https://assets.nhle.com/logos/nhl/svg/CBJ_light.svg,19,adamfantilli,21,2004-10-12,,,CAN,,74,194,2023,CBJ,1,3,3
190,8476887,Filip Forsberg,NSH,L,https://assets.nhle.com/mugs/nhl/20252026/NSH/8476887.png,https://assets.nhle.com/logos/nhl/svg/NSH_light.svg,9,filipforsberg,32,1994-08-13,Ostervala,,SWE,SWE,73,205,2012,WSH,1,11,11
191,8478854,Ryan Shea,PIT,D,https://assets.nhle.com/mugs/nhl/20252026/PIT/8478854.png,https://assets.nhle.com/logos/nhl/svg/PIT_light.svg,6,ryanshea,29,1997-02-11,Milton,MA,USA,USA,74,200,2015,CHI,4,30,121
192,8482093,Seth Jarvis,CAR,R,https://assets.nhle.com/mugs/nhl/20252026/CAR/8482093.png,https://assets.nhle.com/logos/nhl/svg/CAR_light.svg,24,sethjarvis,24,2002-02-01,Winnipeg,MB,CAN,CAN,70,175,2020,CAR,1,13,13
193,8475151,Kyle Palmieri,NYI,C,https://assets.nhle.com/mugs/nhl/20252026/NYI/8475151.png,https://assets.nhle.com/logos/nhl/svg/NYI_light.svg,21,kylepalmieri,35,1991-02-01,Smithtown,NY,USA,USA,71,198,2009,ANA,1,26,26
194,8470613,Brent Burns,COL,D,https://assets.nhle.com/mugs/nhl/20252026/COL/8470613.png,https://assets.nhle.com/logos/nhl/svg/COL_light.svg,84,brentburns,41,1985-03-09,Barrie,ON,CAN,CAN,77,230,2003,MIN,1,20,20
195,8475167,Victor Hedman,TBL,D,https://assets.nhle.com/mugs/nhl/20252026/TBL/8475167.png,https://assets.nhle.com/logos/nhl/svg/TBL_light.svg,77,victorhedman,35,1990-12-18,Ornskoldsvik,,SWE,SWE,79,244,2009,T.B,1,2,2
196,8482078,Lucas Raymond,DET,L,https://assets.nhle.com/mugs/nhl/20252026/DET/8482078.png,https://assets.nhle.com/logos/nhl/svg/DET_light.svg?season=20252026,23,lucasraymond,24,2002-03-28,Gothenburg,,SWE,SWE,71,176,2020,DET,1,4,4
197,8482720,Matthew Knies,TOR,L,https://assets.nhle.com/mugs/nhl/20252026/TOR/8482720.png,https://assets.nhle.com/logos/nhl/svg/TOR_light.svg,89,mattknies,23,2002-10-17,Phoenix,AZ,USA,USA,74,210,2021,TOR,2,25,57
198,8479407,Jesper Bratt,NJD,L,https://assets.nhle.com/mugs/nhl/20252026/NJD/8479407.png,https://assets.nhle.com/logos/nhl/svg/NJD_light.svg,63,jesperbratt,28,1998-07-30,Stockholm,,SWE,SWE,70,175,2016,N.J,6,11,162
199,8479982,Conor Timmins,BUF,D,https://assets.nhle.com/mugs/nhl/20252026/BUF/8479982.png,https://assets.nhle.com/logos/nhl/svg/BUF_light.svg,21,conortimmins,28,1998-09-18,St. Catharines,ON,CAN,CAN,74,202,2017,COL,2,1,32
200,8480426,Charle-Edouard D'Astous,TBL,D,https://assets.nhle.com/mugs/nhl/20252026/TBL/8480426.png,https://assets.nhle.com/logos/nhl/svg/TBL_light.svg,51,charleedouarddastous,28,1998-04-21,,,CAN,,74,188,-,-,-,-,-
201,8478013,Jake Walman,EDM,D,https://assets.nhle.com/mugs/nhl/20252026/EDM/8478013.png,https://assets.nhle.com/logos/nhl/svg/EDM_light.svg,96,jakewalman,30,1996-02-20,Toronto,ON,CAN,CAN,74,215,2014,STL,3,22,82
202,8476979,Erik Gustafsson,DET,D,https://assets.nhle.com/mugs/nhl/20252026/DET/8476979.png,https://assets.nhle.com/logos/nhl/svg/DET_light.svg?season=20252026,64,erikgustafsson,34,1992-03-14,Nynashamn,,SWE,SWE,72,197,2012,EDM,4,2,93
203,8480014,Gabriel Vilardi,WPG,C,https://assets.nhle.com/mugs/nhl/20252026/WPG/8480014.png,https://assets.nhle.com/logos/nhl/svg/WPG_light.svg,13,gabrielvilardi,27,1999-08-16,Kingston,ON,CAN,CAN,75,215,2017,L.A,1,11,11
204,8481606,Jordan Spence,OTT,D,https://assets.nhle.com/mugs/nhl/20252026/OTT/8481606.png,https://assets.nhle.com/logos/nhl/svg/OTT_light.svg,10,jordanspence,25,2001-02-24,Manly,,AUS,AUS,70,180,2019,L.A,4,2,95
205,8481533,Trevor Zegras,PHI,C,https://assets.nhle.com/mugs/nhl/20252026/PHI/8481533.png,https://assets.nhle.com/logos/nhl/svg/PHI_light.svg,46,trevorzegras,25,2001-03-20,Bedford,NY,USA,USA,72,185,2019,ANA,1,9,9
206,8481596,Shane Pinto,OTT,C,https://assets.nhle.com/mugs/nhl/20252026/OTT/8481596.png,https://assets.nhle.com/logos/nhl/svg/OTT_light.svg,12,shanepinto,25,2000-11-12,Franklin Square,NY,USA,USA,75,201,2019,OTT,2,1,32
207,8475692,Mats Zuccarello,MIN,R,https://assets.nhle.com/mugs/nhl/20252026/MIN/8475692.png,https://assets.nhle.com/logos/nhl/svg/MIN_light.svg,36,matszuccarello,39,1987-09-01,Oslo,,NOR,NOR,68,181,-,-,-,-,-
208,8482667,William Eklund,SJS,L,https://assets.nhle.com/mugs/nhl/20252026/SJS/8482667.png,https://assets.nhle.com/logos/nhl/svg/SJS_light.svg,27,willeklund,23,2002-10-12,Stockholm,,SWE,SWE,71,181,2021,S.J,1,7,7
209,8483515,Juraj Slafkovský,MTL,L,https://assets.nhle.com/mugs/nhl/20252026/MTL/8483515.png,https://assets.nhle.com/logos/nhl/svg/MTL_light.svg,20,jurajslafkovsky,22,2004-03-30,Kosice,,SVK,SVK,75,238,2022,MTL,1,1,1
210,8478414,Timo Meier,NJD,R,https://assets.nhle.com/mugs/nhl/20252026/NJD/8478414.png,https://assets.nhle.com/logos/nhl/svg/NJD_light.svg,28,timomeier,29,1996-10-08,Herisau,,CHE,CHE,73,220,2015,S.J,1,9,9
211,8479337,Alex DeBrincat,DET,R,https://assets.nhle.com/mugs/nhl/20252026/DET/8479337.png,https://assets.nhle.com/logos/nhl/svg/DET_light.svg?season=20252026,93,alexdebrincat,28,1997-12-18,Farmington Hills,MI,USA,USA,68,178,2016,CHI,2,9,39
212,8477935,Sam Bennett,FLA,C,https://assets.nhle.com/mugs/nhl/20252026/FLA/8477935.png,https://assets.nhle.com/logos/nhl/svg/FLA_light.svg,9,sambennett,30,1996-06-20,Holland Landing,ON,CAN,CAN,73,195,2014,CGY,1,4,4
213,8477476,Artturi Lehkonen,COL,L,https://assets.nhle.com/mugs/nhl/20252026/COL/8477476.png,https://assets.nhle.com/logos/nhl/svg/COL_light.svg,62,artturilehkonen,31,1995-07-04,Piikkio,,FIN,FIN,71,179,2013,MTL,2,25,55
214,8476441,Joel Edmundson,LAK,D,https://assets.nhle.com/mugs/nhl/20252026/LAK/8476441.png,https://assets.nhle.com/logos/nhl/svg/LAK_light.svg,6,joeledmundson,33,1993-06-28,Brandon,MB,CAN,CAN,77,221,2011,STL,2,16,46
215,8474586,Jordan Eberle,SEA,R,https://assets.nhle.com/mugs/nhl/20252026/SEA/8474586.png,https://assets.nhle.com/logos/nhl/svg/SEA_light.svg,7,jordaneberle,36,1990-05-15,Regina,SK,CAN,CAN,71,190,2008,EDM,1,22,22
216,8477989,Christian Dvorak,PHI,C,https://assets.nhle.com/mugs/nhl/20252026/PHI/8477989.png,https://assets.nhle.com/logos/nhl/svg/PHI_light.svg,22,christiandvorak,30,1996-02-02,Palos,IL,USA,USA,73,193,2014,ARI,2,28,58
217,8477479,Tyler Bertuzzi,CHI,L,https://assets.nhle.com/mugs/nhl/20252026/CHI/8477479.png,https://assets.nhle.com/logos/nhl/svg/CHI_light.svg?season=20252026,59,tylerbertuzzi,31,1995-02-24,Sudbury,ON,CAN,CAN,73,186,2013,DET,2,28,58
218,8483490,Pavel Mintyukov,ANA,D,https://assets.nhle.com/mugs/nhl/20252026/ANA/8483490.png,https://assets.nhle.com/logos/nhl/svg/ANA_light.svg,98,pavelmintyukov,22,2003-11-25,Moscow,,RUS,RUS,73,192,2022,ANA,1,10,10
219,8478873,Troy Terry,ANA,R,https://assets.nhle.com/mugs/nhl/20252026/ANA/8478873.png,https://assets.nhle.com/logos/nhl/svg/ANA_light.svg,19,troyterry,29,1997-09-10,Denver,CO,USA,USA,72,185,2015,ANA,5,27,148
220,8479324,Ryan Lindgren,SEA,D,https://assets.nhle.com/mugs/nhl/20252026/SEA/8479324.png,https://assets.nhle.com/logos/nhl/svg/SEA_light.svg,55,ryanlindgren,28,1998-02-11,Burnsville,MN,USA,USA,72,190,2016,BOS,2,19,49
221,8483493,Frank Nazar,CHI,C,https://assets.nhle.com/mugs/nhl/20252026/CHI/8483493.png,https://assets.nhle.com/logos/nhl/svg/CHI_light.svg?season=20252026,91,franknazar,22,2004-01-14,,,USA,,69,175,2022,CHI,1,13,13
222,8482155,Alex Laferriere,LAK,R,https://assets.nhle.com/mugs/nhl/20252026/LAK/8482155.png,https://assets.nhle.com/logos/nhl/svg/LAK_light.svg,14,alexlaferriere,24,2001-10-28,Chatham,NJ,USA,USA,72,173,2020,L.A,3,21,83
223,8479314,Matthew Tkachuk,FLA,L,https://assets.nhle.com/mugs/nhl/20252026/FLA/8479314.png,https://assets.nhle.com/logos/nhl/svg/FLA_light.svg,19,matttkachuk,28,1997-12-11,Scottsdale,AZ,USA,USA,74,201,2016,CGY,1,6,6
224,8483506,Sam Rinzel,CHI,D,https://assets.nhle.com/mugs/nhl/20252026/CHI/8483506.png,https://assets.nhle.com/logos/nhl/svg/CHI_light.svg?season=20252026,6,samrinzel,22,2004-06-25,,,USA,,76,177,2022,CHI,1,25,25
225,8474013,Ian Cole,UTA,D,https://assets.nhle.com/mugs/nhl/20252026/UTA/8474013.png,https://assets.nhle.com/logos/nhl/svg/UTA_light.svg?season=20252026,28,iancole,37,1989-02-21,Ann Arbor,MI,USA,USA,73,225,2007,STL,1,18,18
226,8478010,Brayden Point,TBL,C,https://assets.nhle.com/mugs/nhl/20252026/TBL/8478010.png,https://assets.nhle.com/logos/nhl/svg/TBL_light.svg,21,braydenpoint,30,1996-03-13,Calgary,AB,CAN,CAN,71,180,2014,T.B,3,19,79
227,8482077,Dylan Holloway,STL,L,https://assets.nhle.com/mugs/nhl/20252026/STL/8482077.png,https://assets.nhle.com/logos/nhl/svg/STL_light.svg?season=20252026,81,dylanholloway,25,2001-09-23,Calgary,AB,CAN,CAN,73,203,2020,EDM,1,14,14
228,8481656,Aliaksei Protas,WSH,L,https://assets.nhle.com/mugs/nhl/20252026/WSH/8481656.png,https://assets.nhle.com/logos/nhl/svg/WSH_secondary_light.svg,21,aliakseiprotas,25,2001-01-06,VITEBSK,,BLR,BLR,78,225,2019,WSH,3,29,91
229,8482110,Dawson Mercer,NJD,C,https://assets.nhle.com/mugs/nhl/20252026/NJD/8482110.png,https://assets.nhle.com/logos/nhl/svg/NJD_light.svg,91,dawsonmercer,24,2001-10-27,Carbonear,NL,CAN,CAN,72,180,2020,N.J,1,18,18
230,8482100,Alexander Nikishin,CAR,D,https://assets.nhle.com/mugs/nhl/20252026/CAR/8482100.png,https://assets.nhle.com/logos/nhl/svg/CAR_light.svg,21,alexnikishin,25,2001-10-02,,,RUS,,76,216,2020,CAR,3,7,69
231,8481540,Cole Caufield,MTL,R,https://assets.nhle.com/mugs/nhl/20252026/MTL/8481540.png,https://assets.nhle.com/logos/nhl/svg/MTL_light.svg,13,colecaufield,25,2001-01-02,Mosinee,WI,USA,USA,67,174,2019,MTL,1,15,15
232,8484227,Will Smith,SJS,C,https://assets.nhle.com/mugs/nhl/20252026/SJS/8484227.png,https://assets.nhle.com/logos/nhl/svg/SJS_light.svg,2,willsmith,21,2005-03-17,,,USA,,72,181,2023,S.J,1,4,4
233,8475166,John Tavares,TOR,C,https://assets.nhle.com/mugs/nhl/20252026/TOR/8475166.png,https://assets.nhle.com/logos/nhl/svg/TOR_light.svg,91,johntavares,36,1990-09-20,Mississauga,ON,CAN,CAN,73,216,2009,NYI,1,1,1
234,8479576,Vincent Desharnais,SJS,D,https://assets.nhle.com/mugs/nhl/20252026/SJS/8479576.png,https://assets.nhle.com/logos/nhl/svg/SJS_light.svg,73,vincentdesharnais,30,1996-05-29,Laval,QC,CAN,CAN,78,215,2016,EDM,7,2,183
235,8476456,Jonathan Huberdeau,CGY,L,https://assets.nhle.com/mugs/nhl/20252026/CGY/8476456.png,https://assets.nhle.com/logos/nhl/svg/CGY_light.svg,10,jonathanhuberdeau,33,1993-06-04,Saint-Jerome,QC,CAN,CAN,73,200,2011,FLA,1,3,3
236,8479398,Samuel Girard,PIT,D,https://assets.nhle.com/mugs/nhl/20252026/PIT/8479398.png,https://assets.nhle.com/logos/nhl/svg/PIT_light.svg,49,samuelgirard,28,1998-05-12,Roberval,QC,CAN,CAN,70,170,2016,NSH,2,17,47
237,8475745,Charlie Coyle,CBJ,C,https://assets.nhle.com/mugs/nhl/20252026/CBJ/8475745.png,https://assets.nhle.com/logos/nhl/svg/CBJ_light.svg,3,charliecoyle,34,1992-03-02,E. Weymouth,MA,USA,USA,75,223,2010,S.J,1,28,28
238,8478840,Will Borgen,NYR,D,https://assets.nhle.com/mugs/nhl/20252026/NYR/8478840.png,https://assets.nhle.com/logos/nhl/svg/NYR_light.svg,17,willborgen,29,1996-12-19,Moorhead,MN,USA,USA,75,204,2015,BUF,4,1,92
239,8478440,Dylan Strome,WSH,C,https://assets.nhle.com/mugs/nhl/20252026/WSH/8478440.png,https://assets.nhle.com/logos/nhl/svg/WSH_secondary_light.svg,17,dylanstrome,29,1997-03-07,Mississauga,ON,CAN,CAN,75,200,2015,ARI,1,3,3
240,8475179,Dmitry Kulikov,FLA,D,https://assets.nhle.com/mugs/nhl/20252026/FLA/8475179.png,https://assets.nhle.com/logos/nhl/svg/FLA_light.svg,7,dmitrykulikov,35,1990-10-29,Lipetsk,,RUS,RUS,73,201,2009,FLA,1,14,14
241,8484152,Luca Cagnoni,SJS,D,https://assets.nhle.com/mugs/nhl/20252026/SJS/8484152.png,https://assets.nhle.com/logos/nhl/svg/SJS_light.svg,42,lucacagnoni,21,2004-12-21,,,CAN,,69,180,2023,S.J,4,27,123
242,8483429,Seamus Casey,NJD,D,https://assets.nhle.com/mugs/nhl/20252026/NJD/8483429.png,https://assets.nhle.com/logos/nhl/svg/NJD_light.svg,24,seamuscasey,22,2004-01-08,,,USA,,69,162,2022,N.J,2,14,46
243,8475455,Brenden Dillon,NJD,D,https://assets.nhle.com/mugs/nhl/20252026/NJD/8475455.png,https://assets.nhle.com/logos/nhl/svg/NJD_light.svg,5,brendendillon,35,1990-11-13,New Westminster,BC,CAN,CAN,76,224,-,-,-,-,-
244,8475690,Chris Tanev,TOR,D,https://assets.nhle.com/mugs/nhl/20252026/TOR/8475690.png,https://assets.nhle.com/logos/nhl/svg/TOR_light.svg,8,christanev,36,1989-12-20,Toronto,ON,CAN,CAN,74,193,-,-,-,-,-
245,8483510,Elias Salomonsson,WPG,D,https://assets.nhle.com/mugs/nhl/20252026/WPG/8483510.png,https://assets.nhle.com/logos/nhl/svg/WPG_light.svg,57,eliassalomonsson,22,2004-08-31,,,SWE,,72,172,2022,WPG,2,23,55
246,8474150,Mikael Backlund,CGY,C,https://assets.nhle.com/mugs/nhl/20252026/CGY/8474150.png,https://assets.nhle.com/logos/nhl/svg/CGY_light.svg,11,mikaelbacklund,37,1989-03-17,Vasteras,,SWE,SWE,72,206,2007,CGY,1,24,24
247,8477402,Pavel Buchnevich,STL,L,https://assets.nhle.com/mugs/nhl/20252026/STL/8477402.png,https://assets.nhle.com/logos/nhl/svg/STL_light.svg?season=20252026,89,pavelbuchnevich,31,1995-04-17,Cherepovets,,RUS,RUS,73,196,2013,NYR,3,14,75
248,8477496,Elias Lindholm,BOS,C,https://assets.nhle.com/mugs/nhl/20252026/BOS/8477496.png,https://assets.nhle.com/logos/nhl/svg/BOS_light.svg?season=20252026,28,eliaslindholm,31,1994-12-02,Boden,,SWE,SWE,73,202,2013,CAR,1,5,5
249,8475181,Nick Leddy,SJS,D,https://assets.nhle.com/mugs/nhl/20252026/SJS/8475181.png,https://assets.nhle.com/logos/nhl/svg/SJS_light.svg,4,nickleddy,35,1991-03-20,Eden Prairie,MN,USA,USA,72,205,2009,MIN,1,16,16
250,8480192,Johnathan Kovacevic,NJD,D,https://assets.nhle.com/mugs/nhl/20252026/NJD/8480192.png,https://assets.nhle.com/logos/nhl/svg/NJD_light.svg,8,johnathankovacevic,29,1997-07-12,Niagara Falls,ON,CAN,CAN,76,208,2017,WPG,3,12,74
251,8474564,Steven Stamkos,NSH,C,https://assets.nhle.com/mugs/nhl/20252026/NSH/8474564.png,https://assets.nhle.com/logos/nhl/svg/NSH_light.svg,91,stevenstamkos,36,1990-02-07,Markham,ON,CAN,CAN,72,182,2008,T.B,1,1,1
252,8482624,Daniil Miromanov,CGY,D,https://assets.nhle.com/mugs/nhl/20252026/CGY/8482624.png,https://assets.nhle.com/logos/nhl/svg/CGY_light.svg,62,daniilmiromanov,29,1997-07-11,Moscow,,RUS,RUS,76,200,-,-,-,-,-
253,8482858,Ryker Evans,SEA,D,https://assets.nhle.com/mugs/nhl/20252026/SEA/8482858.png,https://assets.nhle.com/logos/nhl/svg/SEA_light.svg,41,rykerevans,24,2001-12-13,Calgary,AB,CAN,CAN,71,189,2021,SEA,2,3,35
254,8480035,Henri Jokiharju,BOS,D,https://assets.nhle.com/mugs/nhl/20252026/BOS/8480035.png,https://assets.nhle.com/logos/nhl/svg/BOS_light.svg?season=20252026,20,henrijokiharju,27,1999-06-17,Oulu,,FIN,FIN,72,200,2017,CHI,1,29,29
255,8476312,Josh Manson,COL,D,https://assets.nhle.com/mugs/nhl/20252026/COL/8476312.png,https://assets.nhle.com/logos/nhl/svg/COL_light.svg,42,joshmanson,34,1991-10-07,Hinsdale,IL,USA,CAN,75,218,2011,ANA,6,9,160
256,8475790,Erik Gudbranson,CBJ,D,https://assets.nhle.com/mugs/nhl/20252026/CBJ/8475790.png,https://assets.nhle.com/logos/nhl/svg/CBJ_light.svg,44,erikgudbranson,34,1992-01-07,Ottawa,ON,CAN,CAN,77,222,2010,FLA,1,3,3
257,8476882,Teuvo Teravainen,CHI,C,https://assets.nhle.com/mugs/nhl/20252026/CHI/8476882.png,https://assets.nhle.com/logos/nhl/svg/CHI_light.svg?season=20252026,86,teuvoteravainen,32,1994-09-11,Helsinki,,FIN,FIN,71,191,2012,CHI,1,18,18
258,8475208,Brian Dumoulin,LAK,D,https://assets.nhle.com/mugs/nhl/20252026/LAK/8475208.png,https://assets.nhle.com/logos/nhl/svg/LAK_light.svg,2,briandumoulin,35,1991-09-06,Biddeford,ME,USA,USA,76,207,2009,CAR,2,21,51
259,8473419,Brad Marchand,FLA,L,https://assets.nhle.com/mugs/nhl/20252026/FLA/8473419.png,https://assets.nhle.com/logos/nhl/svg/FLA_light.svg,63,bradmarchand,38,1988-05-11,Halifax,NS,CAN,CAN,69,176,2006,BOS,3,8,71
260,8477501,Valeri Nichushkin,COL,R,https://assets.nhle.com/mugs/nhl/20252026/COL/8477501.png,https://assets.nhle.com/logos/nhl/svg/COL_light.svg,43,valerinichushkin,31,1995-03-04,Chelyabinsk,,RUS,RUS,76,210,2013,DAL,1,10,10
261,8474141,Patrick Kane,DET,R,https://assets.nhle.com/mugs/nhl/20252026/DET/8474141.png,https://assets.nhle.com/logos/nhl/svg/DET_light.svg?season=20252026,88,patkane,37,1988-11-19,Buffalo,NY,USA,USA,70,177,2007,CHI,1,1,1
262,8485391,Anton Frondell,CHI,C,https://assets.nhle.com/mugs/nhl/20252026/CHI/8485391.png,https://assets.nhle.com/logos/nhl/svg/CHI_light.svg?season=20252026,16,antonfrondell,19,2007-05-07,Trangsund,,SWE,,73,198,2025,CHI,1,3,3
263,8476372,Nick Seeler,PHI,D,https://assets.nhle.com/mugs/nhl/20252026/PHI/8476372.png,https://assets.nhle.com/logos/nhl/svg/PHI_light.svg,24,nickseeler,33,1993-06-03,Eden Prairie,MN,USA,USA,74,201,2011,MIN,5,10,131
264,8484258,Sam Malinski,COL,D,https://assets.nhle.com/mugs/nhl/20252026/COL/8484258.png,https://assets.nhle.com/logos/nhl/svg/COL_light.svg,70,sammalinski,28,1998-07-27,,,USA,,71,190,-,-,-,-,-
265,8478416,Erik Cernak,TBL,D,https://assets.nhle.com/mugs/nhl/20252026/TBL/8478416.png,https://assets.nhle.com/logos/nhl/svg/TBL_light.svg,81,erikcernak,29,1997-05-28,Kosice,,SVK,SVK,76,224,2015,L.A,2,13,43
266,8477409,Carter Verhaeghe,FLA,C,https://assets.nhle.com/mugs/nhl/20252026/FLA/8477409.png,https://assets.nhle.com/logos/nhl/svg/FLA_light.svg,23,carterverhaeghe,31,1995-08-14,Toronto,ON,CAN,CAN,74,180,2013,TOR,3,21,82
267,8480802,Ryan McLeod,BUF,C,https://assets.nhle.com/mugs/nhl/20252026/BUF/8480802.png,https://assets.nhle.com/logos/nhl/svg/BUF_light.svg,71,ryanmcleod,27,1999-09-21,Mississauga,ON,CAN,CAN,74,207,2018,EDM,2,9,40
268,8481604,Pavel Dorofeyev,VGK,R,https://assets.nhle.com/mugs/nhl/20252026/VGK/8481604.png,https://assets.nhle.com/logos/nhl/svg/VGK_light.svg,16,paveldorofeyev,25,2000-10-26,Nizhny Tagil,,RUS,RUS,73,194,2019,VGK,3,17,79
269,8482109,Alexis Lafrenière,NYR,L,https://assets.nhle.com/mugs/nhl/20252026/NYR/8482109.png,https://assets.nhle.com/logos/nhl/svg/NYR_light.svg,13,alexislafreniere,24,2001-10-11,St-Eustache,QC,CAN,CAN,73,195,2020,NYR,1,1,1
270,8471215,Evgeni Malkin,PIT,C,https://assets.nhle.com/mugs/nhl/20252026/PIT/8471215.png,https://assets.nhle.com/logos/nhl/svg/PIT_light.svg,71,evgenimalkin,40,1986-07-31,Magnitogorsk,,RUS,RUS,75,195,2004,PIT,1,2,2
271,8476879,Cody Ceci,LAK,D,https://assets.nhle.com/mugs/nhl/20252026/LAK/8476879.png,https://assets.nhle.com/logos/nhl/svg/LAK_light.svg,5,codyceci,32,1993-12-21,Ottawa,ON,CAN,CAN,74,210,2012,OTT,1,15,15
272,8477015,Connor Brown,NJD,R,https://assets.nhle.com/mugs/nhl/20252026/NJD/8477015.png,https://assets.nhle.com/logos/nhl/svg/NJD_light.svg,16,connorbrown,32,1994-01-14,Toronto,ON,CAN,CAN,72,181,2012,TOR,6,5,156
273,8476473,Connor Murphy,EDM,D,https://assets.nhle.com/mugs/nhl/20252026/EDM/8476473.png,https://assets.nhle.com/logos/nhl/svg/EDM_light.svg,5,connormurphy,33,1993-03-26,Dublin,OH,USA,USA,76,212,2011,PHX,1,20,20
274,8478136,Jake Middleton,MIN,D,https://assets.nhle.com/mugs/nhl/20252026/MIN/8478136.png,https://assets.nhle.com/logos/nhl/svg/MIN_light.svg,55,jakemiddleton,30,1996-01-02,Wainwright,AB,CAN,CAN,75,219,2014,L.A,7,30,210
275,8482079,Marco Rossi,VAN,C,https://assets.nhle.com/mugs/nhl/20252026/VAN/8482079.png,https://assets.nhle.com/logos/nhl/svg/VAN_light.svg,23,marcorossi,25,2001-09-23,Feldkirch,,AUT,AUT,69,182,2020,MIN,1,9,9
276,8484873,Cole Hutson,WSH,D,https://assets.nhle.com/mugs/nhl/20252026/WSH/8484873.png,https://assets.nhle.com/logos/nhl/svg/WSH_secondary_light.svg,44,colehutson,20,2006-06-28,St. Louis,,USA,,71,175,2024,WSH,2,11,43
277,8471214,Alex Ovechkin,WSH,L,https://assets.nhle.com/mugs/nhl/20252026/WSH/8471214.png,https://assets.nhle.com/logos/nhl/svg/WSH_secondary_light.svg,8,alexovechkin,41,1985-09-17,Moscow,,RUS,RUS,75,238,2004,WSH,1,1,1
278,8484762,Beckett Sennecke,ANA,R,https://assets.nhle.com/mugs/nhl/20252026/ANA/8484762.png,https://assets.nhle.com/logos/nhl/svg/ANA_light.svg,45,beckettsennecke,20,2006-01-28,,,CAN,,74,177,2024,ANA,1,3,3
279,8481624,Ilya Mikheyev,CHI,R,https://assets.nhle.com/mugs/nhl/20252026/CHI/8481624.png,https://assets.nhle.com/logos/nhl/svg/CHI_light.svg?season=20252026,95,ilyamikheyev,31,1994-10-10,Omsk,,RUS,RUS,74,192,-,-,-,-,-
280,8479987,Morgan Geekie,BOS,C,https://assets.nhle.com/mugs/nhl/20252026/BOS/8479987.png,https://assets.nhle.com/logos/nhl/svg/BOS_light.svg?season=20252026,39,morgangeekie,28,1998-07-20,Strathclair,MB,CAN,CAN,75,200,2017,CAR,3,5,67
281,8481525,Matthew Robertson,NYR,D,https://assets.nhle.com/mugs/nhl/20252026/NYR/8481525.png,https://assets.nhle.com/logos/nhl/svg/NYR_light.svg,29,mattrobertson,25,2001-03-09,Edmonton,AB,CAN,CAN,75,211,2019,NYR,2,18,49
282,8482699,Dylan Guenther,UTA,R,https://assets.nhle.com/mugs/nhl/20252026/UTA/8482699.png,https://assets.nhle.com/logos/nhl/svg/UTA_light.svg?season=20252026,11,dylanguenther,23,2003-04-10,Edmonton,AB,CAN,CAN,74,175,2021,ARI,1,9,9
283,8478975,Mason Marchment,CBJ,L,https://assets.nhle.com/mugs/nhl/20252026/CBJ/8478975.png,https://assets.nhle.com/logos/nhl/svg/CBJ_light.svg,27,masonmarchment,31,1995-06-18,Uxbridge,ON,CAN,,76,210,-,-,-,-,-
284,8480208,Drake Batherson,OTT,R,https://assets.nhle.com/mugs/nhl/20252026/OTT/8480208.png,https://assets.nhle.com/logos/nhl/svg/OTT_light.svg,19,drakebatherson,28,1998-04-27,Fort Wayne,IN,USA,USA,75,200,2017,OTT,4,28,121
285,8482095,Tyler Kleven,OTT,D,https://assets.nhle.com/mugs/nhl/20252026/OTT/8482095.png,https://assets.nhle.com/logos/nhl/svg/OTT_light.svg,43,tylerkleven,24,2002-01-10,Fargo,ND,USA,USA,76,200,2020,OTT,2,13,44
286,8478449,Roope Hintz,DAL,C,https://assets.nhle.com/mugs/nhl/20252026/DAL/8478449.png,https://assets.nhle.com/logos/nhl/svg/DAL_light.svg,24,roopehintz,29,1996-11-17,Tampere,,FIN,FIN,75,215,2015,DAL,2,19,49
287,8476399,Blake Coleman,CGY,L,https://assets.nhle.com/mugs/nhl/20252026/CGY/8476399.png,https://assets.nhle.com/logos/nhl/svg/CGY_light.svg,20,blakecoleman,34,1991-11-28,Plano,TX,USA,USA,71,199,2011,N.J,3,14,75
288,8482174,William Villeneuve,TOR,D,https://assets.nhle.com/mugs/nhl/20252026/TOR/8482174.png,https://assets.nhle.com/logos/nhl/svg/TOR_light.svg,76,willvilleneuve,24,2002-03-20,Sherbrooke,QC,CAN,CAN,74,184,2020,TOR,4,29,122
289,8483431,Logan Cooley,UTA,C,https://assets.nhle.com/mugs/nhl/20252026/UTA/8483431.png,https://assets.nhle.com/logos/nhl/svg/UTA_light.svg?season=20252026,92,logancooley,22,2004-05-04,Pittsburgh,PA,USA,USA,70,174,-,-,-,-,-
290,8478519,Anthony Cirelli,TBL,C,https://assets.nhle.com/mugs/nhl/20252026/TBL/8478519.png,https://assets.nhle.com/logos/nhl/svg/TBL_light.svg,71,anthonycirelli,29,1997-07-15,Etobicoke,ON,CAN,CAN,72,189,2015,T.B,3,11,72
291,8482929,Emil Lilleberg,TBL,D,https://assets.nhle.com/mugs/nhl/20252026/TBL/8482929.png,https://assets.nhle.com/logos/nhl/svg/TBL_light.svg,78,emillilleberg,25,2001-02-02,,,NOR,,74,192,2021,ARI,4,11,107
292,8482159,Tyson Foerster,PHI,R,https://assets.nhle.com/mugs/nhl/20252026/PHI/8482159.png,https://assets.nhle.com/logos/nhl/svg/PHI_light.svg,71,tysonfoerster,24,2002-01-18,Alliston,ON,CAN,CAN,74,194,2020,PHI,1,23,23
293,8481122,Simon Benoit,TOR,D,https://assets.nhle.com/mugs/nhl/20252026/TOR/8481122.png,https://assets.nhle.com/logos/nhl/svg/TOR_light.svg,44,simonbenoit,28,1998-09-19,Laval,QC,CAN,CAN,75,203,-,-,-,-,-
294,8483712,Ludvig Jansson,FLA,D,https://assets.nhle.com/mugs/nhl/20252026/FLA/8483712.png,https://assets.nhle.com/logos/nhl/svg/FLA_light.svg,54,ludvigjansson,22,2003-12-27,,,SWE,,72,176,2022,FLA,4,28,125
295,8480748,Kiefer Sherwood,SJS,L,https://assets.nhle.com/mugs/nhl/20252026/SJS/8480748.png,https://assets.nhle.com/logos/nhl/svg/SJS_light.svg,44,kiefersherwood,31,1995-03-31,Columbus,OH,USA,USA,72,194,-,-,-,-,-
296,8483445,Cutter Gauthier,ANA,L,https://assets.nhle.com/mugs/nhl/20252026/ANA/8483445.png,https://assets.nhle.com/logos/nhl/svg/ANA_light.svg,61,cuttergauthier,22,2004-01-19,,,SWE,,74,189,2022,PHI,1,5,5
297,8476874,Olli Maatta,CGY,D,https://assets.nhle.com/mugs/nhl/20252026/CGY/8476874.png,https://assets.nhle.com/logos/nhl/svg/CGY_light.svg,3,ollimaatta,32,1994-08-22,Jyväskylä,,FIN,FIN,74,207,2012,PIT,1,22,22
298,8478856,Conor Garland,CBJ,R,https://assets.nhle.com/mugs/nhl/20252026/CBJ/8478856.png,https://assets.nhle.com/logos/nhl/svg/CBJ_light.svg,83,conorgarland,30,1996-03-11,Scituate,MA,USA,USA,70,165,2015,ARI,5,2,123
299,8478468,Jeremy Lauzon,VGK,D,https://assets.nhle.com/mugs/nhl/20252026/VGK/8478468.png,https://assets.nhle.com/logos/nhl/svg/VGK_light.svg,5,jeremylauzon,29,1997-04-28,Val D'or,QC,CAN,CAN,73,204,2015,BOS,2,22,52
300,8478452,Caleb Jones,PIT,D,https://assets.nhle.com/mugs/nhl/20252026/PIT/8478452.png,https://assets.nhle.com/logos/nhl/svg/PIT_light.svg,82,calebjones,29,1997-06-06,Arlington,TX,USA,USA,73,194,2015,EDM,4,26,117
301,8484768,Zayne Parekh,CGY,D,https://assets.nhle.com/mugs/nhl/20252026/CGY/8484768.png,https://assets.nhle.com/logos/nhl/svg/CGY_light.svg,19,zayneparekh,20,2006-02-15,,,CAN,,72,179,2024,CGY,1,9,9
302,8482166,Shakir Mukhamadullin,SJS,D,https://assets.nhle.com/mugs/nhl/20252026/SJS/8482166.png,https://assets.nhle.com/logos/nhl/svg/SJS_light.svg,85,shakirmukhamadullin,24,2002-01-10,,,RUS,,76,178,2020,N.J,1,20,20
303,8481806,Louis Crevier,CHI,D,https://assets.nhle.com/mugs/nhl/20252026/CHI/8481806.png,https://assets.nhle.com/logos/nhl/svg/CHI_light.svg?season=20252026,46,louiscrevier,25,2001-05-04,Quebec City,QC,CAN,CAN,72,196,2020,CHI,7,2,188
304,8477497,Sean Monahan,CBJ,C,https://assets.nhle.com/mugs/nhl/20252026/CBJ/8477497.png,https://assets.nhle.com/logos/nhl/svg/CBJ_light.svg,23,seanmonahan,31,1994-10-12,Brampton,ON,CAN,CAN,74,196,2013,CGY,1,6,6
305,8475184,Chris Kreider,ANA,L,https://assets.nhle.com/mugs/nhl/20252026/ANA/8475184.png,https://assets.nhle.com/logos/nhl/svg/ANA_light.svg,22,chriskreider,35,1991-04-30,Boxford,MA,USA,USA,75,230,2009,NYR,1,19,19
306,8485406,Porter Martone,PHI,R,https://assets.nhle.com/mugs/nhl/20252026/PHI/8485406.png,https://assets.nhle.com/logos/nhl/svg/PHI_light.svg,94,portermartone,19,2006-10-26,Peterborough,,CAN,,75,208,2025,PHI,1,6,6
307,8481528,Dylan Cozens,OTT,C,https://assets.nhle.com/mugs/nhl/20252026/OTT/8481528.png,https://assets.nhle.com/logos/nhl/svg/OTT_light.svg,24,dylancozens,25,2001-02-09,Whitehorse,YT,CAN,CAN,75,195,2019,BUF,1,7,7
308,8476881,Tomas Hertl,VGK,C,https://assets.nhle.com/mugs/nhl/20252026/VGK/8476881.png,https://assets.nhle.com/logos/nhl/svg/VGK_light.svg,48,tomashertl,32,1993-11-12,Praha,,CZE,CZE,75,215,2012,S.J,1,17,17
309,8475324,Nick Jensen,OTT,D,https://assets.nhle.com/mugs/nhl/20252026/OTT/8475324.png,https://assets.nhle.com/logos/nhl/svg/OTT_light.svg,4,nickjensen,36,1990-09-21,St. Paul,MN,USA,USA,73,205,2009,DET,5,29,150
310,8482482,Adam Wilsby,NSH,D,https://assets.nhle.com/mugs/nhl/20252026/NSH/8482482.png,https://assets.nhle.com/logos/nhl/svg/NSH_light.svg,2,adamwilsby,26,2000-08-07,Stockholm,,SWE,SWE,73,188,2020,NSH,4,8,101
311,8478542,Evan Rodrigues,FLA,C,https://assets.nhle.com/mugs/nhl/20252026/FLA/8478542.png,https://assets.nhle.com/logos/nhl/svg/FLA_light.svg,17,evanrodrigues,33,1993-07-28,Toronto,ON,CAN,CAN,71,184,-,-,-,-,-
312,8484240,Tom Willander,VAN,D,https://assets.nhle.com/mugs/nhl/20252026/VAN/8484240.png,https://assets.nhle.com/logos/nhl/svg/VAN_light.svg,5,tomwillander,21,2005-02-09,,,SWE,,73,180,2023,VAN,1,11,11
313,8480830,Andrei Svechnikov,CAR,R,https://assets.nhle.com/mugs/nhl/20252026/CAR/8480830.png,https://assets.nhle.com/logos/nhl/svg/CAR_light.svg,37,andreisvechnikov,26,2000-03-26,Barnual,,RUS,RUS,74,195,2018,CAR,1,2,2
314,8482803,Olen Zellweger,ANA,D,https://assets.nhle.com/mugs/nhl/20252026/ANA/8482803.png,https://assets.nhle.com/logos/nhl/svg/ANA_light.svg,8,olenzellweger,23,2003-09-10,Calgary,AB,CAN,CAN,69,175,2021,ANA,2,2,34
315,8476891,Matt Grzelcyk,CHI,D,https://assets.nhle.com/mugs/nhl/20252026/CHI/8476891.png,https://assets.nhle.com/logos/nhl/svg/CHI_light.svg?season=20252026,24,mattgrzelcyk,32,1994-01-05,Charlestown,MA,USA,USA,70,176,2012,BOS,3,24,85
316,8481563,Drew Helleson,ANA,D,https://assets.nhle.com/mugs/nhl/20252026/ANA/8481563.png,https://assets.nhle.com/logos/nhl/svg/ANA_light.svg,14,drewhelleson,25,2001-03-26,Farmington,MN,USA,USA,75,190,2019,COL,2,16,47
317,8480801,Brady Tkachuk,OTT,L,https://assets.nhle.com/mugs/nhl/20252026/OTT/8480801.png,https://assets.nhle.com/logos/nhl/svg/OTT_light.svg,8,bradytkachuk,27,1999-09-16,Scottsdale,AZ,USA,USA,76,221,2018,OTT,1,4,4
318,8476467,Jamie Oleksiak,SEA,D,https://assets.nhle.com/mugs/nhl/20252026/SEA/8476467.png,https://assets.nhle.com/logos/nhl/svg/SEA_light.svg,4,jamieoleksiak,33,1992-12-21,Toronto,ON,CAN,CAN,79,257,2011,DAL,1,14,14
319,8480797,Joel Farabee,CGY,L,https://assets.nhle.com/mugs/nhl/20252026/CGY/8480797.png,https://assets.nhle.com/logos/nhl/svg/CGY_light.svg,86,joelfarabee,26,2000-02-25,Syracuse,NY,USA,USA,72,183,2018,PHI,1,14,14
320,8481580,Connor McMichael,WSH,L,https://assets.nhle.com/mugs/nhl/20252026/WSH/8481580.png,https://assets.nhle.com/logos/nhl/svg/WSH_secondary_light.svg,77,connormcmichael,25,2001-01-15,Ajax,ON,CAN,CAN,72,180,2019,WSH,1,25,25
321,8482511,Mason Lohrei,BOS,D,https://assets.nhle.com/mugs/nhl/20252026/BOS/8482511.png,https://assets.nhle.com/logos/nhl/svg/BOS_light.svg?season=20252026,6,masonlohrei,25,2001-01-17,,,USA,,77,211,2020,BOS,2,27,58
322,8482107,Mike Benning,FLA,D,https://assets.nhle.com/mugs/nhl/20252026/FLA/8482107.png,https://assets.nhle.com/logos/nhl/svg/FLA_light.svg,20,michaelbenning,24,2002-01-05,Edmonton,AB,CAN,CAN,69,177,2020,FLA,4,2,95
323,8477494,Jonathan Drouin,STL,L,https://assets.nhle.com/mugs/nhl/20252026/STL/8477494.png,https://assets.nhle.com/logos/nhl/svg/STL_light.svg?season=20252026,92,jonathandrouin,31,1995-03-28,Ste-Agathe,QC,CAN,CAN,71,198,2013,T.B,1,3,3
324,8478498,Jake DeBrusk,VAN,L,https://assets.nhle.com/mugs/nhl/20252026/VAN/8478498.png,https://assets.nhle.com/logos/nhl/svg/VAN_light.svg,74,jakedebrusk,29,1996-10-17,Edmonton,AB,CAN,CAN,72,197,2015,BOS,1,14,14
325,8482157,Will Cuylle,NYR,L,https://assets.nhle.com/mugs/nhl/20252026/NYR/8482157.png,https://assets.nhle.com/logos/nhl/svg/NYR_light.svg,50,willcuylle,24,2002-02-05,Toronto,ON,CAN,CAN,75,211,2020,NYR,2,29,60
326,8478401,Pavel Zacha,BOS,C,https://assets.nhle.com/mugs/nhl/20252026/BOS/8478401.png,https://assets.nhle.com/logos/nhl/svg/BOS_light.svg?season=20252026,18,pavelzacha,29,1997-04-06,Brno,,CZE,CZE,76,199,2015,N.J,1,6,6
327,8480015,Owen Tippett,PHI,R,https://assets.nhle.com/mugs/nhl/20252026/PHI/8480015.png,https://assets.nhle.com/logos/nhl/svg/PHI_light.svg,74,owentippett,27,1999-02-16,Peterborough,ON,CAN,CAN,73,207,2017,FLA,1,10,10
328,8479400,Pierre-Luc Dubois,WSH,C,https://assets.nhle.com/mugs/nhl/20252026/WSH/8479400.png,https://assets.nhle.com/logos/nhl/svg/WSH_secondary_light.svg,80,pierrelucdubois,28,1998-06-24,Ste-Agathe-Des-Monts,QC,CAN,CAN,76,214,2016,CBJ,1,3,3
329,8483565,Nick Blankenburg,COL,D,https://assets.nhle.com/mugs/nhl/20252026/COL/8483565.png,https://assets.nhle.com/logos/nhl/svg/COL_light.svg,3,nickblankenburg,28,1998-05-12,WASHINGTON,MI,USA,USA,69,177,-,-,-,-,-
330,8482733,Logan Mailloux,STL,D,https://assets.nhle.com/mugs/nhl/20252026/STL/8482733.png,https://assets.nhle.com/logos/nhl/svg/STL_light.svg?season=20252026,23,loganmailloux,23,2003-04-15,,,CAN,,75,220,2021,MTL,1,31,31
331,8475170,Brayden Schenn,NYI,C,https://assets.nhle.com/mugs/nhl/20252026/NYI/8475170.png,https://assets.nhle.com/logos/nhl/svg/NYI_light.svg,10,braydenschenn,35,1991-08-22,Saskatoon,SK,CAN,CAN,73,199,2009,L.A,1,5,5
332,8477365,Connor Clifton,PIT,D,https://assets.nhle.com/mugs/nhl/20252026/PIT/8477365.png,https://assets.nhle.com/logos/nhl/svg/PIT_light.svg,75,connorclifton,31,1995-04-28,Long Branch,NJ,USA,USA,71,190,2013,PHX,5,12,133
333,8484806,Sam Dickinson,SJS,D,https://assets.nhle.com/mugs/nhl/20252026/SJS/8484806.png,https://assets.nhle.com/logos/nhl/svg/SJS_light.svg,6,samdickinson,20,2006-06-07,,,CAN,,75,199,2024,S.J,1,11,11
334,8481547,Simon Lundmark,TBL,D,https://assets.nhle.com/mugs/nhl/20252026/TBL/8481547.png,https://assets.nhle.com/logos/nhl/svg/TBL_light.svg,7,simonlundmark,25,2000-10-08,Stockholm,,SWE,SWE,74,201,2019,WPG,2,20,51
335,8477451,Ryan Hartman,MIN,R,https://assets.nhle.com/mugs/nhl/20252026/MIN/8477451.png,https://assets.nhle.com/logos/nhl/svg/MIN_light.svg,38,ryanhartman,32,1994-09-20,Hilton Head Isl.,SC,USA,USA,72,197,2013,CHI,1,30,30
336,8483450,Ryan Greene,CHI,C,https://assets.nhle.com/mugs/nhl/20252026/CHI/8483450.png,https://assets.nhle.com/logos/nhl/svg/CHI_light.svg?season=20252026,20,ryangreene,22,2003-10-21,,,CAN,,73,174,2022,CHI,2,25,57
337,8481219,Jonathan Aspirot,BOS,D,https://assets.nhle.com/mugs/nhl/20252026/BOS/8481219.png,https://assets.nhle.com/logos/nhl/svg/BOS_light.svg?season=20252026,45,jonathanaspirot,27,1999-05-16,Mascouche,QC,CAN,CAN,72,200,-,-,-,-,-
338,8479675,Trevor Moore,LAK,L,https://assets.nhle.com/mugs/nhl/20252026/LAK/8479675.png,https://assets.nhle.com/logos/nhl/svg/LAK_light.svg,12,trevormoore,31,1995-03-31,Thousand Oaks,CA,USA,USA,70,195,-,-,-,-,-
339,8481601,Simon Holmstrom,NYI,R,https://assets.nhle.com/mugs/nhl/20252026/NYI/8481601.png,https://assets.nhle.com/logos/nhl/svg/NYI_light.svg,92,simonholmstrom,25,2001-05-24,Tranas,,SWE,SWE,74,205,2019,NYI,1,23,23
340,8476539,Jonathan Marchessault,NSH,R,https://assets.nhle.com/mugs/nhl/20252026/NSH/8476539.png,https://assets.nhle.com/logos/nhl/svg/NSH_light.svg,81,jonathanmarchessault,35,1990-12-27,Cap-Rouge,QC,CAN,CAN,69,183,-,-,-,-,-
341,8473986,Alex Killorn,ANA,L,https://assets.nhle.com/mugs/nhl/20252026/ANA/8473986.png,https://assets.nhle.com/logos/nhl/svg/ANA_light.svg,17,alexkillorn,37,1989-09-14,Halifax,NS,CAN,CAN,73,194,2007,T.B,3,16,77
342,8479378,Logan Stanley,BUF,D,https://assets.nhle.com/mugs/nhl/20252026/BUF/8479378.png,https://assets.nhle.com/logos/nhl/svg/BUF_light.svg,8,loganstanley,28,1998-05-26,Waterloo,ON,CAN,CAN,79,242,2016,WPG,1,18,18
343,8483516,Jimmy Snuggerud,STL,R,https://assets.nhle.com/mugs/nhl/20252026/STL/8483516.png,https://assets.nhle.com/logos/nhl/svg/STL_light.svg?season=20252026,21,jimmysnuggerud,22,2004-06-01,,,USA,,73,186,2022,STL,1,23,23
344,8482092,Ridly Greig,OTT,C,https://assets.nhle.com/mugs/nhl/20252026/OTT/8482092.png,https://assets.nhle.com/logos/nhl/svg/OTT_light.svg,71,ridlygreig,24,2002-08-08,Lethbridge,AB,CAN,CAN,72,183,2020,OTT,1,28,28
345,8475287,Erik Haula,NSH,L,https://assets.nhle.com/mugs/nhl/20252026/NSH/8475287.png,https://assets.nhle.com/logos/nhl/svg/NSH_light.svg,56,erikhaula,35,1991-03-23,Pori,,FIN,FIN,71,191,2009,MIN,7,1,182
346,8475794,Tyler Seguin,DAL,C,https://assets.nhle.com/mugs/nhl/20252026/DAL/8475794.png,https://assets.nhle.com/logos/nhl/svg/DAL_light.svg,91,tylerseguin,34,1992-01-31,Brampton,ON,CAN,CAN,73,205,2010,BOS,1,2,2
347,8482679,Matt Coronato,CGY,R,https://assets.nhle.com/mugs/nhl/20252026/CGY/8482679.png,https://assets.nhle.com/logos/nhl/svg/CGY_light.svg,27,mattcoronato,23,2002-11-14,Greenlawn,NY,USA,USA,70,183,2021,CGY,1,13,13
348,8476461,Sean Couturier,PHI,C,https://assets.nhle.com/mugs/nhl/20252026/PHI/8476461.png,https://assets.nhle.com/logos/nhl/svg/PHI_light.svg,14,seancouturier,33,1992-12-07,Phoenix,AZ,USA,CAN,75,211,2011,PHI,1,8,8
349,8482146,Luke Evangelista,NSH,R,https://assets.nhle.com/mugs/nhl/20252026/NSH/8482146.png,https://assets.nhle.com/logos/nhl/svg/NSH_light.svg,77,lukeevangelista,24,2002-02-21,Toronto,ON,CAN,CAN,72,183,2020,NSH,2,11,42
350,8482476,Emil Heineman,NYI,L,https://assets.nhle.com/mugs/nhl/20252026/NYI/8482476.png,https://assets.nhle.com/logos/nhl/svg/NYI_light.svg,51,emilheineman,24,2001-11-16,Leksand,,SWE,SWE,72,194,2020,FLA,2,12,43
351,8475857,Kevin Gravel,NSH,D,https://assets.nhle.com/mugs/nhl/20252026/NSH/8475857.png,https://assets.nhle.com/logos/nhl/svg/NSH_light.svg,5,kevingravel,34,1992-03-06,Kingsford,MI,USA,USA,76,205,2010,L.A,5,28,148
352,8478474,Lawson Crouse,UTA,L,https://assets.nhle.com/mugs/nhl/20252026/UTA/8478474.png,https://assets.nhle.com/logos/nhl/svg/UTA_light.svg?season=20252026,67,lawsoncrouse,29,1997-06-23,Mt. Brydges,ON,CAN,CAN,76,215,2015,FLA,1,11,11
353,8477940,Nikolaj Ehlers,CAR,L,https://assets.nhle.com/mugs/nhl/20252026/CAR/8477940.png,https://assets.nhle.com/logos/nhl/svg/CAR_light.svg,27,nikolajehlers,30,1996-02-14,Aalborg,,DNK,DNK,72,169,2014,WPG,1,9,9
354,8480185,Eetu Luostarinen,FLA,C,https://assets.nhle.com/mugs/nhl/20252026/FLA/8480185.png,https://assets.nhle.com/logos/nhl/svg/FLA_light.svg,27,eetuluostarinen,28,1998-09-02,Siilinjarvi,,FIN,FIN,75,190,2017,CAR,2,11,42
355,8477429,Andrew Copp,DET,C,https://assets.nhle.com/mugs/nhl/20252026/DET/8477429.png,https://assets.nhle.com/logos/nhl/svg/DET_light.svg?season=20252026,18,andrewcopp,32,1994-07-08,Ann Arbor,MI,USA,USA,73,199,2013,WPG,4,13,104
356,8479371,Dante Fabbro,CBJ,D,https://assets.nhle.com/mugs/nhl/20252026/CBJ/8479371.png,https://assets.nhle.com/logos/nhl/svg/CBJ_light.svg,15,dantefabbro,28,1998-06-20,Coquitlam,BC,CAN,CAN,72,189,2016,NSH,1,17,17
357,8477369,Carson Soucy,NYI,D,https://assets.nhle.com/mugs/nhl/20252026/NYI/8477369.png,https://assets.nhle.com/logos/nhl/svg/NYI_light.svg,7,carsonsoucy,32,1994-07-27,Viking,AB,CAN,CAN,77,208,2013,MIN,5,16,137
358,8476927,Teddy Blueger,VAN,C,https://assets.nhle.com/mugs/nhl/20252026/VAN/8476927.png,https://assets.nhle.com/logos/nhl/svg/VAN_light.svg,73,teddyblueger,32,1994-08-15,Riga,,LVA,LVA,72,185,2012,PIT,2,22,52
359,8475168,Matt Duchene,DAL,C,https://assets.nhle.com/mugs/nhl/20252026/DAL/8475168.png,https://assets.nhle.com/logos/nhl/svg/DAL_light.svg,95,mattduchene,35,1991-01-16,Haliburton,ON,CAN,CAN,71,195,2009,COL,1,3,3
360,8482809,Jackson Blake,CAR,R,https://assets.nhle.com/mugs/nhl/20252026/CAR/8482809.png,https://assets.nhle.com/logos/nhl/svg/CAR_light.svg,53,jacksonblake,23,2003-08-03,,,USA,,70,152,2021,CAR,4,13,109
361,8480878,Nils Lundkvist,DAL,D,https://assets.nhle.com/mugs/nhl/20252026/DAL/8480878.png,https://assets.nhle.com/logos/nhl/svg/DAL_light.svg,5,nilslundkvist,26,2000-07-27,Pitea,,SWE,SWE,71,190,2018,NYR,1,28,28
362,8476429,Scott Mayfield,NYI,D,https://assets.nhle.com/mugs/nhl/20252026/NYI/8476429.png,https://assets.nhle.com/logos/nhl/svg/NYI_light.svg,24,scottmayfield,33,1992-10-14,St. Louis,MO,USA,USA,77,220,2011,NYI,2,4,34
363,8484148,Oliver Bonk,PHI,D,https://assets.nhle.com/mugs/nhl/20252026/PHI/8484148.png,https://assets.nhle.com/logos/nhl/svg/PHI_light.svg,59,oliverbonk,21,2005-01-09,,,CAN,,74,180,2023,PHI,1,22,22
364,8484911,Collin Graf,SJS,R,https://assets.nhle.com/mugs/nhl/20252026/SJS/8484911.png,https://assets.nhle.com/logos/nhl/svg/SJS_light.svg,51,collingraf,24,2002-09-21,,,USA,,73,194,-,-,-,-,-
365,8477955,Jared McCann,SEA,L,https://assets.nhle.com/mugs/nhl/20252026/SEA/8477955.png,https://assets.nhle.com/logos/nhl/svg/SEA_light.svg,19,jaredmccann,30,1996-05-31,Stratford,ON,CAN,CAN,73,191,2014,VAN,1,24,24
366,8475169,Evander Kane,VAN,L,https://assets.nhle.com/mugs/nhl/20252026/VAN/8475169.png,https://assets.nhle.com/logos/nhl/svg/VAN_light.svg,91,evanderkane,35,1991-08-02,Vancouver,BC,CAN,CAN,74,210,2009,ATL,1,4,4
367,8476455,Gabriel Landeskog,COL,L,https://assets.nhle.com/mugs/nhl/20252026/COL/8476455.png,https://assets.nhle.com/logos/nhl/svg/COL_light.svg,92,gabriellandeskog,33,1992-11-23,Stockholm,,SWE,SWE,73,215,2011,COL,1,2,2
368,8477444,Andre Burakovsky,CHI,L,https://assets.nhle.com/mugs/nhl/20252026/CHI/8477444.png,https://assets.nhle.com/logos/nhl/svg/CHI_light.svg?season=20252026,95,andreburakovsky,31,1995-02-09,Klagenfurt,,AUT,SWE,75,209,2013,WSH,1,23,23
369,8484304,Uvis Balinskis,FLA,D,https://assets.nhle.com/mugs/nhl/20252026/FLA/8484304.png,https://assets.nhle.com/logos/nhl/svg/FLA_light.svg,26,uvisbalinskis,30,1996-08-01,Ventspils,,Lat,,72,196,-,-,-,-,-
370,8476826,Yanni Gourde,TBL,C,https://assets.nhle.com/mugs/nhl/20252026/TBL/8476826.png,https://assets.nhle.com/logos/nhl/svg/TBL_light.svg,37,yannigourde,34,1991-12-15,Saint-Narcisse,QC,CAN,CAN,69,174,-,-,-,-,-
371,8483468,Jiri Kulich,BUF,C,https://assets.nhle.com/mugs/nhl/20252026/BUF/8483468.png,https://assets.nhle.com/logos/nhl/svg/BUF_light.svg,20,jirikulich,22,2004-04-14,Kadan,,CZE,CZE,71,172,2022,BUF,1,28,28
372,8481030,Jack St. Ivany,PIT,D,https://assets.nhle.com/mugs/nhl/20252026/PIT/8481030.png,https://assets.nhle.com/logos/nhl/svg/PIT_light.svg,6,jackstivany,27,1999-07-22,Manhattan Beach,CA,USA,USA,75,198,2018,PHI,4,19,112
373,8473512,Claude Giroux,OTT,R,https://assets.nhle.com/mugs/nhl/20252026/OTT/8473512.png,https://assets.nhle.com/logos/nhl/svg/OTT_light.svg,28,claudegiroux,38,1988-01-12,Hearst,ON,CAN,CAN,71,190,2006,PHI,1,22,22
374,8479985,Cale Fleury,SEA,D,https://assets.nhle.com/mugs/nhl/20252026/SEA/8479985.png,https://assets.nhle.com/logos/nhl/svg/SEA_light.svg,8,calefleury,27,1998-11-19,Carlyle,SK,CAN,CAN,73,204,2017,MTL,3,25,87
375,8480220,Noah Cates,PHI,L,https://assets.nhle.com/mugs/nhl/20252026/PHI/8480220.png,https://assets.nhle.com/logos/nhl/svg/PHI_light.svg,27,noahcates,27,1999-02-05,Stillwater,MN,USA,USA,73,165,2017,PHI,5,13,137
376,8477964,Ivan Barbashev,VGK,L,https://assets.nhle.com/mugs/nhl/20252026/VGK/8477964.png,https://assets.nhle.com/logos/nhl/svg/VGK_light.svg,49,ivanbarbashev,30,1995-12-14,Moscow,,RUS,RUS,73,195,2014,STL,2,3,33
377,8477845,Trevor van Riemsdyk,WSH,D,https://assets.nhle.com/mugs/nhl/20252026/WSH/8477845.png,https://assets.nhle.com/logos/nhl/svg/WSH_secondary_light.svg,57,trevorvanriemsdyk,35,1991-07-24,Middletown,NJ,USA,USA,75,191,-,-,-,-,-
378,8484223,Axel Sandin-Pellikka,DET,D,https://assets.nhle.com/mugs/nhl/20252026/DET/8484223.png,https://assets.nhle.com/logos/nhl/svg/DET_light.svg?season=20252026,44,axelsandinpellikka,21,2005-03-11,,,SWE,,72,186,2023,DET,1,17,17
379,8473533,Jordan Staal,CAR,C,https://assets.nhle.com/mugs/nhl/20252026/CAR/8473533.png,https://assets.nhle.com/logos/nhl/svg/CAR_light.svg,11,jordanstaal,38,1988-09-10,Thunder Bay,ON,CAN,CAN,76,220,2006,PIT,1,2,2
380,8475462,Radko Gudas,ANA,D,https://assets.nhle.com/mugs/nhl/20252026/ANA/8475462.png,https://assets.nhle.com/logos/nhl/svg/ANA_light.svg,6,radkogudas,36,1990-06-05,Prague,,CZE,CZE,72,208,2010,T.B,3,6,66
381,8477919,Frederick Gaudreau,SEA,C,https://assets.nhle.com/mugs/nhl/20252026/SEA/8477919.png,https://assets.nhle.com/logos/nhl/svg/SEA_light.svg,89,frederickgaudreau,,,,,,,,,,,,,
382,8475768,Jaden Schwartz,SEA,L,https://assets.nhle.com/mugs/nhl/20252026/SEA/8475768.png,https://assets.nhle.com/logos/nhl/svg/SEA_light.svg,71,jadenschwartz,34,1992-06-25,Wilcox,SK,CAN,CAN,70,185,2010,STL,1,14,14
383,8484150,Hunter Brzustewicz,CGY,D,https://assets.nhle.com/mugs/nhl/20252026/CGY/8484150.png,https://assets.nhle.com/logos/nhl/svg/CGY_light.svg,48,hunterbrzustewicz,21,2004-11-29,,,USA,,72,190,2023,VAN,3,11,75
384,8478020,Michael Amadio,OTT,R,https://assets.nhle.com/mugs/nhl/20252026/OTT/8478020.png,https://assets.nhle.com/logos/nhl/svg/OTT_light.svg,22,michaelamadio,30,1996-05-13,Sault Ste. Marie,ON,CAN,CAN,73,204,2014,L.A,3,30,90
385,8476432,Boone Jenner,CBJ,C,https://assets.nhle.com/mugs/nhl/20252026/CBJ/8476432.png,https://assets.nhle.com/logos/nhl/svg/CBJ_light.svg,22,boonejenner,33,1993-06-15,Dorchester,ON,CAN,CAN,74,203,2011,CBJ,2,7,37
386,8479351,Sam Steel,DAL,C,https://assets.nhle.com/mugs/nhl/20252026/DAL/8479351.png,https://assets.nhle.com/logos/nhl/svg/DAL_light.svg,18,samsteel,28,1998-02-03,Ardrossan,AB,CAN,CAN,71,184,2016,ANA,1,30,30
387,8481068,Yegor Sharangovich,CGY,C,https://assets.nhle.com/mugs/nhl/20252026/CGY/8481068.png,https://assets.nhle.com/logos/nhl/svg/CGY_light.svg,17,yegorsharangovich,28,1998-06-06,Minsk,,BLR,BLR,74,196,2018,N.J,5,17,141
388,8480009,Eeli Tolvanen,SEA,R,https://assets.nhle.com/mugs/nhl/20252026/SEA/8480009.png,https://assets.nhle.com/logos/nhl/svg/SEA_light.svg,17,eelitolvanen,27,1999-04-22,Vihti,,FIN,FIN,70,191,2017,NSH,1,30,30
389,8481719,Max Crozier,TBL,D,https://assets.nhle.com/mugs/nhl/20252026/TBL/8481719.png,https://assets.nhle.com/logos/nhl/svg/TBL_light.svg,24,maxcrozier,26,2000-04-19,,,CAN,,73,197,2019,T.B,4,27,120
390,8484210,Gabe Perreault,NYR,R,https://assets.nhle.com/mugs/nhl/20252026/NYR/8484210.png,https://assets.nhle.com/logos/nhl/svg/NYR_light.svg,94,gabeperreault,21,2005-05-07,,,CAN,,71,178,2023,NYR,1,23,23
391,8482175,JJ Peterka,UTA,R,https://assets.nhle.com/mugs/nhl/20252026/UTA/8482175.png,https://assets.nhle.com/logos/nhl/svg/UTA_light.svg?season=20252026,10,jjpeterka,24,2002-01-14,Munich,,DEU,DEU,72,189,2020,BUF,2,3,34
392,8481527,Kaedan Korczak,VGK,D,https://assets.nhle.com/mugs/nhl/20252026/VGK/8481527.png,https://assets.nhle.com/logos/nhl/svg/VGK_light.svg,6,kaedankorczak,25,2001-01-29,Yorkton,SK,CAN,CAN,75,202,2019,VGK,2,10,41
393,8479402,Jake Bean,CGY,D,https://assets.nhle.com/mugs/nhl/20252026/CGY/8479402.png,https://assets.nhle.com/logos/nhl/svg/CGY_light.svg,24,jakebean,28,1998-06-09,Calgary,AB,CAN,CAN,73,196,2016,CAR,1,13,13
394,8481607,Albert Johansson,DET,D,https://assets.nhle.com/mugs/nhl/20252026/DET/8481607.png,https://assets.nhle.com/logos/nhl/svg/DET_light.svg?season=20252026,20,albertjohansson,25,2001-01-04,Karlstad,,SWE,SWE,72,168,2019,DET,2,29,60
395,8482259,Bobby McMann,SEA,C,https://assets.nhle.com/mugs/nhl/20252026/SEA/8482259.png,https://assets.nhle.com/logos/nhl/svg/SEA_light.svg,74,bobbymcmann,30,1996-06-15,"Wainwright, AB",AB,CAN,CAN,74,208,-,-,-,-,-
396,8480887,Jordan Harris,BOS,D,https://assets.nhle.com/mugs/nhl/20252026/BOS/8480887.png,https://assets.nhle.com/logos/nhl/svg/BOS_light.svg?season=20252026,43,jordanharris,26,2000-07-07,Haverhill,MA,USA,USA,71,189,2018,MTL,3,9,71
397,8480459,Pius Suter,STL,C,https://assets.nhle.com/mugs/nhl/20252026/STL/8480459.png,https://assets.nhle.com/logos/nhl/svg/STL_light.svg?season=20252026,22,piussuter,30,1996-05-24,Zurich,,CHE,CHE,71,179,-,-,-,-,-
398,8484999,Ilya Protas,WSH,L,https://assets.nhle.com/mugs/nhl/20252026/WSH/8484999.png,https://assets.nhle.com/logos/nhl/svg/WSH_secondary_light.svg,62,ilyaprotas,20,2006-07-18,Vitebsk,,BLR,,78,225,2024,WSH,3,10,75
399,8484145,Zach Benson,BUF,L,https://assets.nhle.com/mugs/nhl/20252026/BUF/8484145.png,https://assets.nhle.com/logos/nhl/svg/BUF_light.svg,6,zachbenson,21,2005-05-12,,,CAN,,69,163,2023,BUF,1,13,13
400,8482659,Josh Doan,BUF,R,https://assets.nhle.com/mugs/nhl/20252026/BUF/8482659.png,https://assets.nhle.com/logos/nhl/svg/BUF_light.svg,91,joshdoan,24,2002-02-01,,,USA,,73,183,2021,ARI,2,5,37
401,8480064,Josh Norris,BUF,C,https://assets.nhle.com/mugs/nhl/20252026/BUF/8480064.png,https://assets.nhle.com/logos/nhl/svg/BUF_light.svg,9,joshnorris,27,1999-05-05,Oxford,MI,USA,USA,74,195,2017,S.J,1,19,19
402,8478463,Anthony Beauvillier,WSH,R,https://assets.nhle.com/mugs/nhl/20252026/WSH/8478463.png,https://assets.nhle.com/logos/nhl/svg/WSH_secondary_light.svg,72,anthonybeauvillier,29,1997-06-08,Sorel-Tracy,QC,CAN,CAN,71,180,2015,NYI,1,28,28
403,8478458,Jack Roslovic,EDM,C,https://assets.nhle.com/mugs/nhl/20252026/EDM/8478458.png,https://assets.nhle.com/logos/nhl/svg/EDM_light.svg,96,jackroslovic,29,1997-01-29,Columbus,OH,USA,USA,73,200,2015,WPG,1,25,25
404,8484188,Theo Lindstein,STL,D,https://assets.nhle.com/mugs/nhl/20252026/STL/8484188.png,https://assets.nhle.com/logos/nhl/svg/STL_light.svg?season=20252026,4,theolindstein,21,2005-01-05,,,SWE,,73,180,2023,STL,1,29,29
405,8480950,Ilya Lyubushkin,DAL,D,https://assets.nhle.com/mugs/nhl/20252026/DAL/8480950.png,https://assets.nhle.com/logos/nhl/svg/DAL_light.svg,46,ilyalyubushkin,32,1994-04-06,Moscow,,RUS,RUS,74,200,-,-,-,-,-
406,8482861,Vincent Iorio,NYR,D,https://assets.nhle.com/mugs/nhl/20252026/NYR/8482861.png,https://assets.nhle.com/logos/nhl/svg/NYR_light.svg,6,vincentiorio,23,2002-11-14,Coquitlam,BC,CAN,CAN,76,200,2021,WSH,2,23,55
407,8479385,Jordan Kyrou,STL,R,https://assets.nhle.com/mugs/nhl/20252026/STL/8479385.png,https://assets.nhle.com/logos/nhl/svg/STL_light.svg?season=20252026,25,jordankyrou,28,1998-05-05,Toronto,ON,CAN,CAN,73,196,2016,STL,2,5,35
408,8482641,Matt Kiersted,MIN,D,https://assets.nhle.com/mugs/nhl/20252026/MIN/8482641.png,https://assets.nhle.com/logos/nhl/svg/MIN_light.svg,26,mattkiersted,28,1998-04-14,ELK RIVER,MN,USA,USA,72,181,-,-,-,-,-
409,8484839,Harrison Brunicke,PIT,D,https://assets.nhle.com/mugs/nhl/20252026/PIT/8484839.png,https://assets.nhle.com/logos/nhl/svg/PIT_light.svg,45,harrisonbrunicke,20,2006-05-08,,,,,75,184,2024,PIT,2,12,44
410,8480870,Bo Groulx,TOR,C,https://assets.nhle.com/mugs/nhl/20252026/TOR/8480870.png,https://assets.nhle.com/logos/nhl/svg/TOR_light.svg,29,bogroulx,26,2000-02-06,Gatineau,QC,CAN,CAN,74,200,2018,ANA,2,23,54
411,8475718,Justin Holl,STL,D,https://assets.nhle.com/mugs/nhl/20252026/STL/8475718.png,https://assets.nhle.com/logos/nhl/svg/STL_light.svg?season=20252026,4,justinholl,34,1992-01-30,Tonka Bay,MN,USA,USA,75,197,2010,CHI,2,24,54
412,8482666,Scott Morrow,NYR,D,https://assets.nhle.com/mugs/nhl/20252026/NYR/8482666.png,https://assets.nhle.com/logos/nhl/svg/NYR_light.svg,60,scottmorrow,23,2002-11-01,,,USA,,74,195,2021,CAR,2,8,40
413,8477456,J.T. Compher,DET,L,https://assets.nhle.com/mugs/nhl/20252026/DET/8477456.png,https://assets.nhle.com/logos/nhl/svg/DET_light.svg?season=20252026,37,jtcompher,31,1995-04-08,Northbrook,IL,USA,USA,72,190,2013,BUF,2,5,35
414,8483425,Lian Bichsel,DAL,D,https://assets.nhle.com/mugs/nhl/20252026/DAL/8483425.png,https://assets.nhle.com/logos/nhl/svg/DAL_light.svg,6,lianbichsel,22,2004-05-18,,,SUI,,78,233,2022,DAL,1,18,18
415,8476419,Jean-Gabriel Pageau,NYI,C,https://assets.nhle.com/mugs/nhl/20252026/NYI/8476419.png,https://assets.nhle.com/logos/nhl/svg/NYI_light.svg,44,jeangabrielpageau,33,1992-11-11,Ottawa,ON,CAN,CAN,71,185,2011,OTT,4,5,96
416,8479372,Josh Mahura,SEA,D,https://assets.nhle.com/mugs/nhl/20252026/SEA/8479372.png,https://assets.nhle.com/logos/nhl/svg/SEA_light.svg,28,joshmahura,28,1998-05-05,St. Albert,AB,CAN,CAN,72,185,2016,ANA,3,24,85
417,8482097,Jack Quinn,BUF,R,https://assets.nhle.com/mugs/nhl/20252026/BUF/8482097.png,https://assets.nhle.com/logos/nhl/svg/BUF_light.svg,22,jackquinn,25,2001-09-19,Ottawa,ON,CAN,CAN,73,185,2020,BUF,1,8,8
418,8475314,Anders Lee,NYI,L,https://assets.nhle.com/mugs/nhl/20252026/NYI/8475314.png,https://assets.nhle.com/logos/nhl/svg/NYI_light.svg,72,anderslee,36,1990-07-03,Edina,MN,USA,USA,75,235,2009,NYI,6,1,152
419,8483467,Kirill Kudryavtsev,VAN,D,https://assets.nhle.com/mugs/nhl/20252026/VAN/8483467.png,https://assets.nhle.com/logos/nhl/svg/VAN_light.svg,59,kirillkudryavtsev,22,2004-02-05,,,RUS,,71,200,2022,VAN,7,15,208
420,8484321,Nikolas Matinpalo,OTT,D,https://assets.nhle.com/mugs/nhl/20252026/OTT/8484321.png,https://assets.nhle.com/logos/nhl/svg/OTT_light.svg,33,nikolasmatinpalo,28,1998-10-05,Espoo,,Fin,,75,207,-,-,-,-,-
421,8482149,Cole Perfetti,WPG,C,https://assets.nhle.com/mugs/nhl/20252026/WPG/8482149.png,https://assets.nhle.com/logos/nhl/svg/WPG_light.svg,91,coleperfetti,24,2002-01-01,Whitby,ON,CAN,CAN,71,184,2020,WPG,1,10,10
422,8475722,Jason Zucker,BUF,L,https://assets.nhle.com/mugs/nhl/20252026/BUF/8475722.png,https://assets.nhle.com/logos/nhl/svg/BUF_light.svg,17,jasonzucker,34,1992-01-16,Newport Beach,CA,USA,USA,71,192,2010,MIN,2,29,59
423,8482731,Tyson Hinds,ANA,D,https://assets.nhle.com/mugs/nhl/20252026/ANA/8482731.png,https://assets.nhle.com/logos/nhl/svg/ANA_light.svg,55,tysonhinds,23,2003-03-12,Gatineau,QC,CAN,CAN,75,178,2021,ANA,3,12,76
424,8480113,Alex Iafallo,WPG,L,https://assets.nhle.com/mugs/nhl/20252026/WPG/8480113.png,https://assets.nhle.com/logos/nhl/svg/WPG_light.svg,9,alexiafallo,32,1993-12-21,Eden,NY,USA,USA,72,200,-,-,-,-,-
425,8476479,Phillip Danault,MTL,C,https://assets.nhle.com/mugs/nhl/20252026/MTL/8476479.png,https://assets.nhle.com/logos/nhl/svg/MTL_light.svg,24,phillipdanault,33,1993-02-24,Victoriaville,QC,CAN,CAN,73,200,2011,CHI,1,26,26
426,8483489,Fraser Minten,BOS,C,https://assets.nhle.com/mugs/nhl/20252026/BOS/8483489.png,https://assets.nhle.com/logos/nhl/svg/BOS_light.svg?season=20252026,93,fraserminten,22,2004-07-05,,,CAN,,74,192,2022,TOR,2,6,38
427,8477450,Jason Dickinson,EDM,C,https://assets.nhle.com/mugs/nhl/20252026/EDM/8477450.png,https://assets.nhle.com/logos/nhl/svg/EDM_light.svg,16,jasondickinson,31,1995-07-04,Georgetown,ON,CAN,CAN,74,200,2013,DAL,1,29,29
428,8480834,Ty Emberson,EDM,D,https://assets.nhle.com/mugs/nhl/20252026/EDM/8480834.png,https://assets.nhle.com/logos/nhl/svg/EDM_light.svg,49,tyemberson,26,2000-05-23,Eau Claire,WI,USA,USA,73,195,2018,ARI,3,11,73
429,8481056,Spencer Stastney,EDM,D,https://assets.nhle.com/mugs/nhl/20252026/EDM/8481056.png,https://assets.nhle.com/logos/nhl/svg/EDM_light.svg,24,spencerstastney,26,2000-01-04,Woodbridge,IL,USA,USA,72,184,2018,NSH,5,7,131
430,8480028,Morgan Frost,CGY,C,https://assets.nhle.com/mugs/nhl/20252026/CGY/8480028.png,https://assets.nhle.com/logos/nhl/svg/CGY_light.svg,16,morganfrost,27,1999-05-14,Aurora,ON,CAN,CAN,71,170,2017,PHI,1,27,27
431,8485388,Victor Eklund,NYI,R,https://assets.nhle.com/mugs/nhl/20252026/NYI/8485388.png,https://assets.nhle.com/logos/nhl/svg/NYI_light.svg,38,victoreklund,20,2006-10-03,Stockholm,,SWE,,71,175,2025,NYI,1,16,16
432,8484471,Emmitt Finnie,DET,C,https://assets.nhle.com/mugs/nhl/20252026/DET/8484471.png,https://assets.nhle.com/logos/nhl/svg/DET_light.svg?season=20252026,58,emmittfinnie,21,2005-06-27,,,CAN,,72,170,2023,DET,7,9,201
433,8484984,Ivan Demidov,MTL,R,https://assets.nhle.com/mugs/nhl/20252026/MTL/8484984.png,https://assets.nhle.com/logos/nhl/svg/MTL_light.svg,93,ivandemidov,20,2005-12-10,,,RUS,,73,192,2024,MTL,1,5,5
434,8480798,Philipp Kurashev,SJS,C,https://assets.nhle.com/mugs/nhl/20252026/SJS/8480798.png,https://assets.nhle.com/logos/nhl/svg/SJS_light.svg,96,philippkurashev,26,1999-10-12,Munsingen,,CHE,CHE,72,190,2018,CHI,4,27,120
435,8482145,Mavrik Bourque,DAL,C,https://assets.nhle.com/mugs/nhl/20252026/DAL/8482145.png,https://assets.nhle.com/logos/nhl/svg/DAL_light.svg,22,mavrikbourque,24,2002-01-08,Plessisville,QC,CAN,CAN,70,185,2020,DAL,1,30,30
436,8482873,Topias Vilen,NJD,D,https://assets.nhle.com/mugs/nhl/20252026/NJD/8482873.png,https://assets.nhle.com/logos/nhl/svg/NJD_light.svg,38,topiasvilen,23,2003-04-01,,,FIN,,73,194,2021,N.J,5,1,129
437,8482702,Logan Stankoven,CAR,C,https://assets.nhle.com/mugs/nhl/20252026/CAR/8482702.png,https://assets.nhle.com/logos/nhl/svg/CAR_light.svg,22,loganstankoven,23,2003-02-26,Kamloops,BC,CAN,CAN,67,170,2021,DAL,2,15,47
438,8475149,Marcus Johansson,MIN,L,https://assets.nhle.com/mugs/nhl/20252026/MIN/8475149.png,https://assets.nhle.com/logos/nhl/svg/MIN_light.svg,90,marcusjohansson,36,1990-10-06,Landskrona,,SWE,SWE,73,203,2009,WSH,1,24,24
439,8481617,Vasily Podkolzin,EDM,R,https://assets.nhle.com/mugs/nhl/20252026/EDM/8481617.png,https://assets.nhle.com/logos/nhl/svg/EDM_light.svg,92,vasilypodkolzin,25,2001-06-24,Moscow,,RUS,RUS,73,190,2019,VAN,1,10,10
440,8478133,Jake Evans,MTL,C,https://assets.nhle.com/mugs/nhl/20252026/MTL/8478133.png,https://assets.nhle.com/logos/nhl/svg/MTL_light.svg,71,jakeevans,30,1996-06-02,Toronto,ON,CAN,CAN,72,186,2014,MTL,7,27,207
441,8475755,Alexander Petrovic,DAL,D,https://assets.nhle.com/mugs/nhl/20252026/DAL/8475755.png,https://assets.nhle.com/logos/nhl/svg/DAL_light.svg,36,alexpetrovic,34,1992-03-03,Edmonton,AB,CAN,CAN,76,220,2010,FLA,2,6,36
442,8480874,Adam Ginning,PHI,D,https://assets.nhle.com/mugs/nhl/20252026/PHI/8480874.png,https://assets.nhle.com/logos/nhl/svg/PHI_light.svg,73,adamginning,26,2000-01-13,Linkoping,,SWE,SWE,75,188,2018,PHI,2,19,50
443,8482126,Emil Andrae,PHI,D,https://assets.nhle.com/mugs/nhl/20252026/PHI/8482126.png,https://assets.nhle.com/logos/nhl/svg/PHI_light.svg,36,emilandrae,24,2002-02-23,,,SWE,,69,189,2020,PHI,2,23,54
444,8482745,Mason McTavish,ANA,C,https://assets.nhle.com/mugs/nhl/20252026/ANA/8482745.png,https://assets.nhle.com/logos/nhl/svg/ANA_light.svg,83,masonmctavish,23,2003-01-30,Zurich,,CHE,CHE,72,213,2021,ANA,1,3,3
445,8477435,Ryan Graves,PIT,D,https://assets.nhle.com/mugs/nhl/20252026/PIT/8477435.png,https://assets.nhle.com/logos/nhl/svg/PIT_light.svg,27,ryangraves,31,1995-05-21,Yarmouth,NS,CAN,CAN,77,220,2013,NYR,4,19,110
446,8482089,Jake Neighbours,STL,L,https://assets.nhle.com/mugs/nhl/20252026/STL/8482089.png,https://assets.nhle.com/logos/nhl/svg/STL_light.svg?season=20252026,63,jakeneighbours,24,2002-03-29,Calgary,AB,CAN,CAN,72,201,2020,STL,1,26,26
447,8482705,Cole Sillinger,CBJ,C,https://assets.nhle.com/mugs/nhl/20252026/CBJ/8482705.png,https://assets.nhle.com/logos/nhl/svg/CBJ_light.svg,4,colesillinger,23,2003-05-16,Columbus,OH,USA,USA,73,201,2021,CBJ,1,12,12
448,8482187,Ronan Seeley,CAR,D,https://assets.nhle.com/mugs/nhl/20252026/CAR/8482187.png,https://assets.nhle.com/logos/nhl/svg/CAR_light.svg,91,ronanseeley,24,2002-08-02,Yellowknife,NT,CAN,CAN,72,176,2020,CAR,7,22,208
449,8477511,Anthony Mantha,PIT,R,https://assets.nhle.com/mugs/nhl/20252026/PIT/8477511.png,https://assets.nhle.com/logos/nhl/svg/PIT_light.svg,39,anthonymantha,32,1994-09-16,Longueuil,QC,CAN,CAN,77,234,2013,DET,1,20,20
450,8482911,Joel Nystrom,CAR,D,https://assets.nhle.com/mugs/nhl/20252026/CAR/8482911.png,https://assets.nhle.com/logos/nhl/svg/CAR_light.svg,64,joelnystrom,24,2002-05-14,,,SWE,,71,170,2021,CAR,7,27,219
451,8483760,Hunter McDonald,PHI,D,https://assets.nhle.com/mugs/nhl/20252026/PHI/8483760.png,https://assets.nhle.com/logos/nhl/svg/PHI_light.svg,19,huntermcdonald,24,2002-05-11,,,USA,,76,205,2022,PHI,6,4,165
452,8481721,Arseny Gritsyuk,NJD,R,https://assets.nhle.com/mugs/nhl/20252026/NJD/8481721.png,https://assets.nhle.com/logos/nhl/svg/NJD_light.svg,81,arsenygritsyuk,25,2001-03-15,,,RUS,,72,195,2019,N.J,5,5,129
453,8484860,Matvei Gridin,CGY,R,https://assets.nhle.com/mugs/nhl/20252026/CGY/8484860.png,https://assets.nhle.com/logos/nhl/svg/CGY_light.svg,92,matveigridin,20,2006-03-01,,,RUS,,73,182,2024,CGY,1,28,28
454,8479999,Casey Mittelstadt,BOS,C,https://assets.nhle.com/mugs/nhl/20252026/BOS/8479999.png,https://assets.nhle.com/logos/nhl/svg/BOS_light.svg?season=20252026,11,caseymittelstadt,27,1998-11-22,Edina,MN,USA,USA,73,195,2017,BUF,1,8,8
455,8481553,Bobby Brink,MIN,R,https://assets.nhle.com/mugs/nhl/20252026/MIN/8481553.png,https://assets.nhle.com/logos/nhl/svg/MIN_light.svg,10,bobbybrink,25,2001-07-08,Minnetonka,MN,USA,USA,68,166,2019,PHI,2,3,34
456,8476448,William Karlsson,VGK,C,https://assets.nhle.com/mugs/nhl/20252026/VGK/8476448.png,https://assets.nhle.com/logos/nhl/svg/VGK_light.svg,71,willkarlsson,33,1993-01-08,Marsta,,SWE,SWE,72,190,2011,ANA,2,23,53
457,8480849,Barrett Hayton,UTA,C,https://assets.nhle.com/mugs/nhl/20252026/UTA/8480849.png,https://assets.nhle.com/logos/nhl/svg/UTA_light.svg?season=20252026,27,barretthayton,26,2000-06-09,Peterborough,ON,CAN,CAN,73,207,2018,ARI,1,5,5
458,8484386,Dmitri Simashev,UTA,D,https://assets.nhle.com/mugs/nhl/20252026/UTA/8484386.png,https://assets.nhle.com/logos/nhl/svg/UTA_light.svg?season=20252026,26,dmitrisimashev,21,2005-02-04,,,RUS,,76,198,2023,ARI,1,6,6
459,8482131,Donovan Sebrango,FLA,D,https://assets.nhle.com/mugs/nhl/20252026/FLA/8482131.png,https://assets.nhle.com/logos/nhl/svg/FLA_light.svg,73,donovansebrango,24,2002-01-12,Ottawa,ON,CAN,CAN,73,194,2020,DET,3,1,63
460,8480068,Ryan Poehling,ANA,C,https://assets.nhle.com/mugs/nhl/20252026/ANA/8480068.png,https://assets.nhle.com/logos/nhl/svg/ANA_light.svg,25,ryanpoehling,27,1999-01-03,Lakeville,MN,USA,USA,74,196,2017,MTL,1,25,25
461,8485414,Ben Kindel,PIT,C,https://assets.nhle.com/mugs/nhl/20252026/PIT/8485414.png,https://assets.nhle.com/logos/nhl/svg/PIT_light.svg,81,benkindel,19,2007-04-19,,,CAN,,71,182,2025,PIT,1,11,11
462,8484994,Igor Chernyshov,SJS,L,https://assets.nhle.com/mugs/nhl/20252026/SJS/8484994.png,https://assets.nhle.com/logos/nhl/svg/SJS_light.svg,92,igorchernyshov,20,2005-11-30,,,RUS,,75,204,2024,S.J,2,1,33
463,8479639,Dylan Coghlan,VGK,D,https://assets.nhle.com/mugs/nhl/20252026/VGK/8479639.png,https://assets.nhle.com/logos/nhl/svg/VGK_light.svg,52,dylancoghlan,28,1998-02-19,Duncan,BC,CAN,CAN,74,208,-,-,-,-,-
464,8481004,Josiah Slavin,CAR,L,https://assets.nhle.com/mugs/nhl/20252026/CAR/8481004.png,https://assets.nhle.com/logos/nhl/svg/CAR_light.svg,23,josiahslavin,27,1998-12-31,Erie,CO,USA,USA,75,189,2018,CHI,7,7,193
465,8484380,Wilmer Skoog,FLA,C,https://assets.nhle.com/mugs/nhl/20252026/FLA/8484380.png,https://assets.nhle.com/logos/nhl/svg/FLA_light.svg,73,wilmerskoog,27,1999-07-17,,,SWE,,74,196,-,-,-,-,-
466,8480291,Skyler Brind'Amour,CAR,C,https://assets.nhle.com/mugs/nhl/20252026/CAR/8480291.png,https://assets.nhle.com/logos/nhl/svg/CAR_light.svg,76,skylerbrindamour,27,1999-07-27,Raleigh,NC,USA,USA,74,175,2017,EDM,6,22,177
467,8482804,Ty Murchison,PHI,D,https://assets.nhle.com/mugs/nhl/20252026/PHI/8482804.png,https://assets.nhle.com/logos/nhl/svg/PHI_light.svg,29,tymurchison,23,2003-02-02,,,USA,,74,192,2021,PHI,5,30,158
468,8480078,Filip Chytil,VAN,C,https://assets.nhle.com/mugs/nhl/20252026/VAN/8480078.png,https://assets.nhle.com/logos/nhl/svg/VAN_light.svg,77,filipchytil,27,1999-09-05,Kromeriz,,CZE,CZE,74,204,2017,NYR,1,21,21
469,8482209,Rory Kerins,CGY,C,https://assets.nhle.com/mugs/nhl/20252026/CGY/8482209.png,https://assets.nhle.com/logos/nhl/svg/CGY_light.svg,6,rorykerins,24,2002-04-12,Caledon,ON,CAN,CAN,70,175,2020,CGY,6,19,174
470,8483678,Elias Pettersson,VAN,D,https://assets.nhle.com/mugs/nhl/20252026/VAN/8483678.png,https://assets.nhle.com/logos/nhl/svg/VAN_light.svg,25,eliaspetterssonD,22,2004-02-16,,,SWE,,74,185,2022,VAN,3,15,80
471,8475726,Tyler Toffoli,SJS,C,https://assets.nhle.com/mugs/nhl/20252026/SJS/8475726.png,https://assets.nhle.com/logos/nhl/svg/SJS_light.svg,73,tylertoffoli,34,1992-04-24,Scarborough,ON,CAN,CAN,72,203,2010,L.A,2,17,47
472,8476392,Adam Lowry,WPG,C,https://assets.nhle.com/mugs/nhl/20252026/WPG/8476392.png,https://assets.nhle.com/logos/nhl/svg/WPG_light.svg,17,adamlowry,33,1993-03-29,St. Louis,MO,USA,USA,78,208,2011,WPG,3,6,67
473,8476422,Mike Reilly,CAR,D,https://assets.nhle.com/mugs/nhl/20252026/CAR/8476422.png,https://assets.nhle.com/logos/nhl/svg/CAR_light.svg,6,michaelreilly,33,1993-07-13,Chicago,IL,USA,USA,73,196,2011,CBJ,4,7,98
474,8475765,Vladimir Tarasenko,MIN,R,https://assets.nhle.com/mugs/nhl/20252026/MIN/8475765.png,https://assets.nhle.com/logos/nhl/svg/MIN_light.svg,91,vladimirtarasenko,34,1991-12-13,Yaroslavl,,RUS,RUS,73,228,2010,STL,1,16,16
475,8476856,Mathew Dumba,PIT,D,https://assets.nhle.com/mugs/nhl/20252026/PIT/8476856.png,https://assets.nhle.com/logos/nhl/svg/PIT_light.svg,24,mattdumba,32,1994-07-25,Regina,SK,CAN,CAN,72,181,2012,MIN,1,7,7
476,8480075,Cameron Crotty,OTT,D,https://assets.nhle.com/mugs/nhl/20252026/OTT/8480075.png,https://assets.nhle.com/logos/nhl/svg/OTT_light.svg,5,camcrotty,27,1999-05-05,Ottawa,ON,CAN,CAN,75,188,2017,ARI,3,20,82
477,8483808,Andrei Kuzmenko,LAK,L,https://assets.nhle.com/mugs/nhl/20252026/LAK/8483808.png,https://assets.nhle.com/logos/nhl/svg/LAK_light.svg,62,andreikuzmenko,30,1996-02-04,YAKUTSK,,RUS,RUS,71,194,-,-,-,-,-
478,8484933,Mikulas Hovorka,FLA,D,https://assets.nhle.com/mugs/nhl/20252026/FLA/8484933.png,https://assets.nhle.com/logos/nhl/svg/FLA_light.svg,96,mikulashovorka,25,2001-07-01,,,CZE,,78,229,-,-,-,-,-
479,8479353,Brett Howden,VGK,C,https://assets.nhle.com/mugs/nhl/20252026/VGK/8479353.png,https://assets.nhle.com/logos/nhl/svg/VGK_light.svg,21,bretthowden,28,1998-03-29,Calgary,AB,CAN,CAN,74,203,2016,T.B,1,27,27
480,8477503,Max Domi,TOR,C,https://assets.nhle.com/mugs/nhl/20252026/TOR/8477503.png,https://assets.nhle.com/logos/nhl/svg/TOR_light.svg,11,maxdomi,31,1995-03-02,Winnipeg,MB,CAN,CAN,70,194,2013,PHX,1,12,12
481,8481567,Henry Thrun,TOR,D,https://assets.nhle.com/mugs/nhl/20252026/TOR/8481567.png,https://assets.nhle.com/logos/nhl/svg/TOR_light.svg,8,henrythrun,25,2001-03-12,Southborough,MA,USA,USA,74,190,2019,ANA,4,8,101
482,8484169,Drew Fortescue,NYR,D,https://assets.nhle.com/mugs/nhl/20252026/NYR/8484169.png,https://assets.nhle.com/logos/nhl/svg/NYR_light.svg,45,drewfortescue,21,2005-04-28,New York,,USA,,74,195,2023,NYR,3,26,90
483,8484387,Matvei Michkov,PHI,R,https://assets.nhle.com/mugs/nhl/20252026/PHI/8484387.png,https://assets.nhle.com/logos/nhl/svg/PHI_light.svg,39,matveimichkov,21,2004-12-09,,,RUS,,70,172,2023,PHI,1,7,7
484,8476921,Jordan Martinook,CAR,L,https://assets.nhle.com/mugs/nhl/20252026/CAR/8476921.png,https://assets.nhle.com/logos/nhl/svg/CAR_light.svg,48,jordanmartinook,34,1992-07-25,Brandon,MB,CAN,CAN,72,196,2012,PHX,2,28,58
485,8480879,Jacob Bernard-Docker,DET,D,https://assets.nhle.com/mugs/nhl/20252026/DET/8480879.png,https://assets.nhle.com/logos/nhl/svg/DET_light.svg?season=20252026,25,jakebernarddocker,26,2000-06-30,Canmore,AB,CAN,CAN,72,190,2018,OTT,1,26,26
486,8483512,Matt Savoie,EDM,C,https://assets.nhle.com/mugs/nhl/20252026/EDM/8483512.png,https://assets.nhle.com/logos/nhl/svg/EDM_light.svg,22,mattsavoie,22,2004-01-01,St. Albert,AB,CAN,CAN,69,179,2022,BUF,1,9,9
487,8483398,Declan Carlile,TBL,D,https://assets.nhle.com/mugs/nhl/20252026/TBL/8483398.png,https://assets.nhle.com/logos/nhl/svg/TBL_light.svg,72,declancarlile,26,2000-05-18,,,USA,,75,192,-,-,-,-,-
488,8476878,Zemgus Girgensons,TBL,C,https://assets.nhle.com/mugs/nhl/20252026/TBL/8476878.png,https://assets.nhle.com/logos/nhl/svg/TBL_light.svg,28,zemgusgirgensons,32,1994-01-05,Riga,,LVA,LVA,74,200,2012,BUF,1,14,14
489,8473507,Jeff Petry,MIN,D,https://assets.nhle.com/mugs/nhl/20252026/MIN/8473507.png,https://assets.nhle.com/logos/nhl/svg/MIN_light.svg,2,jeffpetry,38,1987-12-09,Ann Arbor,MI,USA,USA,75,209,2006,EDM,2,15,45
490,8482088,Justin Sourdif,WSH,C,https://assets.nhle.com/mugs/nhl/20252026/WSH/8482088.png,https://assets.nhle.com/logos/nhl/svg/WSH_secondary_light.svg,34,justinsourdif,24,2002-03-24,,,CAN,,71,180,2020,FLA,3,25,87
491,8477987,Ryan Donato,CHI,C,https://assets.nhle.com/mugs/nhl/20252026/CHI/8477987.png,https://assets.nhle.com/logos/nhl/svg/CHI_light.svg?season=20252026,8,ryandonato,30,1996-04-09,Boston,MA,USA,USA,72,190,2014,BOS,2,26,56
492,8480144,David Kampf,WSH,C,https://assets.nhle.com/mugs/nhl/20252026/WSH/8480144.png,https://assets.nhle.com/logos/nhl/svg/WSH_secondary_light.svg,64,davidkampf,31,1995-01-12,Chomutov,,CZE,CZE,74,197,-,-,-,-,-
493,8484158,Easton Cowan,TOR,R,https://assets.nhle.com/mugs/nhl/20252026/TOR/8484158.png,https://assets.nhle.com/logos/nhl/svg/TOR_light.svg,53,eastoncowan,21,2005-05-20,,,CAN,,71,185,2023,TOR,1,28,28
494,8479395,Dennis Cholowski,NJD,D,https://assets.nhle.com/mugs/nhl/20252026/NJD/8479395.png,https://assets.nhle.com/logos/nhl/svg/NJD_light.svg,21,dennischolowski,28,1998-02-15,Langley,BC,CAN,CAN,74,210,2016,DET,1,20,20
495,8477810,Joel Hanley,CGY,D,https://assets.nhle.com/mugs/nhl/20252026/CGY/8477810.png,https://assets.nhle.com/logos/nhl/svg/CGY_light.svg,44,joelhanley,35,1991-06-08,Keswick,ON,CAN,CAN,71,190,-,-,-,-,-
496,8483472,Maveric Lamoureux,UTA,D,https://assets.nhle.com/mugs/nhl/20252026/UTA/8483472.png,https://assets.nhle.com/logos/nhl/svg/UTA_light.svg?season=20252026,10,mavericlamoureux,22,2004-01-13,,,CAN,,78,196,2022,ARI,1,29,29
497,8478042,Viktor Arvidsson,BOS,L,https://assets.nhle.com/mugs/nhl/20252026/BOS/8478042.png,https://assets.nhle.com/logos/nhl/svg/BOS_light.svg?season=20252026,33,viktorarvidsson,33,1993-04-08,Skellefteå,,SWE,SWE,70,185,2014,NSH,4,22,112
498,8477953,Kasperi Kapanen,EDM,R,https://assets.nhle.com/mugs/nhl/20252026/EDM/8477953.png,https://assets.nhle.com/logos/nhl/svg/EDM_light.svg,42,kasperikapanen,30,1996-07-23,Kuopio,,FIN,FIN,73,194,2014,PIT,1,22,22
499,8482055,Drew O'Connor,VAN,L,https://assets.nhle.com/mugs/nhl/20252026/VAN/8482055.png,https://assets.nhle.com/logos/nhl/svg/VAN_light.svg,18,drewoconnor,28,1998-06-09,Chatham,NJ,USA,USA,75,200,-,-,-,-,-
500,8477018,Ben Hutton,VGK,D,https://assets.nhle.com/mugs/nhl/20252026/VGK/8477018.png,https://assets.nhle.com/logos/nhl/svg/VGK_light.svg,17,benhutton,33,1993-04-20,Brockville,ON,CAN,CAN,75,201,2012,VAN,5,26,147
501,8484392,Felix Unger Sorum,CAR,R,https://assets.nhle.com/mugs/nhl/20252026/CAR/8484392.png,https://assets.nhle.com/logos/nhl/svg/CAR_light.svg,36,felixungersorum,21,2005-09-14,,,NOR,,71,170,2023,CAR,2,30,62
502,8481711,Matias Maccelli,TOR,L,https://assets.nhle.com/mugs/nhl/20252026/TOR/8481711.png,https://assets.nhle.com/logos/nhl/svg/TOR_light.svg,63,matiasmaccelli,25,2000-10-14,Turku,,FIN,FIN,71,176,2019,ARI,4,5,98
503,8485395,James Hagens,BOS,C,https://assets.nhle.com/mugs/nhl/20252026/BOS/8485395.png,https://assets.nhle.com/logos/nhl/svg/BOS_light.svg?season=20252026,44,jameshagens,19,2006-11-03,Hauppauge,,USA,,71,177,2025,BOS,1,7,7
504,8474567,Zach Bogosian,MIN,D,https://assets.nhle.com/mugs/nhl/20252026/MIN/8474567.png,https://assets.nhle.com/logos/nhl/svg/MIN_light.svg,24,zachbogosian,36,1990-07-15,Massena,NY,USA,USA,74,222,2008,ATL,1,3,3
505,8479026,Philippe Myers,TOR,D,https://assets.nhle.com/mugs/nhl/20252026/TOR/8479026.png,https://assets.nhle.com/logos/nhl/svg/TOR_light.svg,51,philippemyers,29,1997-01-25,Moncton,NB,CAN,CAN,78,219,-,-,-,-,-
506,8475343,Nic Dowd,VGK,C,https://assets.nhle.com/mugs/nhl/20252026/VGK/8475343.png,https://assets.nhle.com/logos/nhl/svg/VGK_light.svg,26,nicdowd,36,1990-05-27,Huntsville,AL,USA,USA,73,193,2009,L.A,7,17,198
507,8484759,Carter Yakemchuk,OTT,D,https://assets.nhle.com/mugs/nhl/20252026/OTT/8484759.png,https://assets.nhle.com/logos/nhl/svg/OTT_light.svg,26,carteryakemchuk,21,2005-09-29,,,CAN,,75,201,2024,OTT,1,7,7
508,8475791,Taylor Hall,CAR,L,https://assets.nhle.com/mugs/nhl/20252026/CAR/8475791.png,https://assets.nhle.com/logos/nhl/svg/CAR_light.svg,71,taylorhall,34,1991-11-14,Calgary,AB,CAN,CAN,73,210,2010,EDM,1,1,1
509,8482177,Marat Khusnutdinov,BOS,C,https://assets.nhle.com/mugs/nhl/20252026/BOS/8482177.png,https://assets.nhle.com/logos/nhl/svg/BOS_light.svg?season=20252026,92,maratkhusnutdinov,24,2002-07-17,,,RUS,,71,176,2020,MIN,2,6,37
510,8473604,Jonathan Toews,WPG,C,https://assets.nhle.com/mugs/nhl/20252026/WPG/8473604.png,https://assets.nhle.com/logos/nhl/svg/WPG_light.svg,19,jonathantoews,38,1988-04-29,Winnipeg,MB,CAN,CAN,74,201,2006,CHI,1,3,3
511,8481618,Alex Newhook,MTL,C,https://assets.nhle.com/mugs/nhl/20252026/MTL/8481618.png,https://assets.nhle.com/logos/nhl/svg/MTL_light.svg,15,alexnewhook,25,2001-01-28,St. John's,NL,CAN,CAN,70,190,2019,COL,1,16,16
512,8480835,Jack Drury,COL,C,https://assets.nhle.com/mugs/nhl/20252026/COL/8480835.png,https://assets.nhle.com/logos/nhl/svg/COL_light.svg,18,jackdrury,26,2000-02-03,New York,NY,USA,USA,71,174,2018,CAR,2,11,42
513,8478831,Kevin Stenlund,UTA,C,https://assets.nhle.com/mugs/nhl/20252026/UTA/8478831.png,https://assets.nhle.com/logos/nhl/svg/UTA_light.svg?season=20252026,82,kevinstenlund,30,1996-09-20,Huddinge,,SWE,SWE,77,215,2015,CBJ,2,28,58
514,8482775,Oliver Kapanen,MTL,C,https://assets.nhle.com/mugs/nhl/20252026/MTL/8482775.png,https://assets.nhle.com/logos/nhl/svg/MTL_light.svg,91,oliverkapanen,23,2003-07-29,,,SWE,,74,194,2021,MTL,2,32,64
515,8482713,Mackie Samoskevich,FLA,R,https://assets.nhle.com/mugs/nhl/20252026/FLA/8482713.png,https://assets.nhle.com/logos/nhl/svg/FLA_light.svg,11,mackiesamoskevich,23,2002-11-15,Newtown,CT,USA,USA,71,191,2021,FLA,1,24,24
516,8480831,Alec Regula,EDM,D,https://assets.nhle.com/mugs/nhl/20252026/EDM/8480831.png,https://assets.nhle.com/logos/nhl/svg/EDM_light.svg,75,alecregula,26,2000-08-06,West Bloomfield,MI,USA,USA,76,208,2018,DET,3,5,67
517,8478462,Nicolas Roy,COL,C,https://assets.nhle.com/mugs/nhl/20252026/COL/8478462.png,https://assets.nhle.com/logos/nhl/svg/COL_light.svg,10,nicolasroy,29,1997-02-05,Amos,QC,CAN,CAN,76,202,2015,CAR,4,5,96
518,8478047,Michael Bunting,DAL,L,https://assets.nhle.com/mugs/nhl/20252026/DAL/8478047.png,https://assets.nhle.com/logos/nhl/svg/DAL_light.svg,58,michaelbunting,31,1995-09-17,Scarborough,ON,CAN,CAN,72,192,2014,ARI,4,27,117
519,8484186,Ryan Leonard,WSH,R,https://assets.nhle.com/mugs/nhl/20252026/WSH/8484186.png,https://assets.nhle.com/logos/nhl/svg/WSH_secondary_light.svg,9,ryanleonard,21,2005-01-21,,,USA,,72,192,2023,WSH,1,8,8
520,8474612,Travis Hamonic,DET,D,https://assets.nhle.com/mugs/nhl/20252026/DET/8474612.png,https://assets.nhle.com/logos/nhl/svg/DET_light.svg?season=20252026,52,travishamonic,36,1990-08-16,St. Malo,MB,CAN,CAN,73,200,2008,NYI,2,23,53
521,8482074,Connor Zary,CGY,C,https://assets.nhle.com/mugs/nhl/20252026/CGY/8482074.png,https://assets.nhle.com/logos/nhl/svg/CGY_light.svg,47,connorzary,25,2001-09-25,Saskatoon,SK,CAN,CAN,72,178,2020,CGY,1,24,24
522,8481006,Tyler Tucker,STL,D,https://assets.nhle.com/mugs/nhl/20252026/STL/8481006.png,https://assets.nhle.com/logos/nhl/svg/STL_light.svg?season=20252026,75,tylertucker,26,2000-03-01,Thunder Bay,ON,CAN,CAN,73,204,2018,STL,7,14,200
523,8476872,Scott Laughton,LAK,C,https://assets.nhle.com/mugs/nhl/20252026/LAK/8476872.png,https://assets.nhle.com/logos/nhl/svg/LAK_light.svg,21,scottlaughton,32,1994-05-30,Oakville,ON,CAN,CAN,73,190,2012,PHI,1,20,20
524,8484164,Dalibor Dvorsky,STL,R,https://assets.nhle.com/mugs/nhl/20252026/STL/8484164.png,https://assets.nhle.com/logos/nhl/svg/STL_light.svg?season=20252026,15,dalibordvorsky,21,2005-06-15,,,SVK,,73,201,2023,STL,1,10,10
525,8484428,Charles Alexis Legault,CAR,D,https://assets.nhle.com/mugs/nhl/20252026/CAR/8484428.png,https://assets.nhle.com/logos/nhl/svg/CAR_light.svg,62,charlesalexislegault,23,2003-09-05,,,CAN,,75,208,2023,CAR,5,11,139
526,8478438,Tommy Novak,PIT,C,https://assets.nhle.com/mugs/nhl/20252026/PIT/8478438.png,https://assets.nhle.com/logos/nhl/svg/PIT_light.svg,18,thomasnovak,29,1997-04-28,St. Paul,MN,USA,USA,73,179,2015,NSH,3,24,85
527,8476525,Colin Miller,WPG,D,https://assets.nhle.com/mugs/nhl/20252026/WPG/8476525.png,https://assets.nhle.com/logos/nhl/svg/WPG_light.svg,6,colinmiller,33,1992-10-29,Sault Ste. Marie,ON,CAN,CAN,73,200,2012,L.A,5,30,151
528,8481554,Kaapo Kakko,SEA,R,https://assets.nhle.com/mugs/nhl/20252026/SEA/8481554.png,https://assets.nhle.com/logos/nhl/svg/SEA_light.svg,84,kaapokakko,25,2001-02-13,Turku,,FIN,FIN,74,206,2019,NYR,1,2,2
529,8482111,Justin Barron,NSH,D,https://assets.nhle.com/mugs/nhl/20252026/NSH/8482111.png,https://assets.nhle.com/logos/nhl/svg/NSH_light.svg,72,justinbarron,24,2001-11-15,Halifax,NS,CAN,CAN,74,201,2020,COL,1,25,25
530,8479671,Mathieu Olivier,CBJ,R,https://assets.nhle.com/mugs/nhl/20252026/CBJ/8479671.png,https://assets.nhle.com/logos/nhl/svg/CBJ_light.svg,24,mathieuolivier,29,1997-02-11,Biloxi,MS,USA,USA,73,217,-,-,-,-,-
531,8480084,Nick DeSimone,UTA,D,https://assets.nhle.com/mugs/nhl/20252026/UTA/8480084.png,https://assets.nhle.com/logos/nhl/svg/UTA_light.svg?season=20252026,57,nickdesimone,31,1994-11-21,East Amherst,NY,USA,USA,74,185,-,-,-,-,-
532,8480848,Ty Dellandrea,SJS,C,https://assets.nhle.com/mugs/nhl/20252026/SJS/8480848.png,https://assets.nhle.com/logos/nhl/svg/SJS_light.svg,10,tydellandrea,26,2000-07-21,Toronto,ON,CAN,CAN,73,195,2018,DAL,1,13,13
533,8481600,Tobias Bjornfot,FLA,D,https://assets.nhle.com/mugs/nhl/20252026/FLA/8481600.png,https://assets.nhle.com/logos/nhl/svg/FLA_light.svg,22,tobiasbjornfot,25,2001-04-06,Upplands Vasby,,SWE,SWE,72,200,2019,L.A,1,22,22
534,8483890,Braeden Bowman,VGK,R,https://assets.nhle.com/mugs/nhl/20252026/VGK/8483890.png,https://assets.nhle.com/logos/nhl/svg/VGK_light.svg,42,braedenbowman,23,2003-06-26,,,CAN,,73,205,-,-,-,-,-
535,8482807,Ethan Del Mastro,CHI,D,https://assets.nhle.com/mugs/nhl/20252026/CHI/8482807.png,https://assets.nhle.com/logos/nhl/svg/CHI_light.svg?season=20252026,38,ethandelmastro,23,2003-01-15,Burlington,ON,CAN,CAN,76,210,2021,CHI,4,9,105
536,8477931,Tomas Nosek,FLA,L,https://assets.nhle.com/mugs/nhl/20252026/FLA/8477931.png,https://assets.nhle.com/logos/nhl/svg/FLA_light.svg,92,tomasnosek,34,1992-09-01,Pardubice,,CZE,CZE,75,205,-,-,-,-,-
537,8481572,Ville Heinola,WPG,D,https://assets.nhle.com/mugs/nhl/20252026/WPG/8481572.png,https://assets.nhle.com/logos/nhl/svg/WPG_light.svg,14,villeheinola,25,2001-02-03,Honkajoki,,FIN,FIN,71,181,2019,WPG,1,20,20
538,8477839,Conor Sheary,NYR,L,https://assets.nhle.com/mugs/nhl/20252026/NYR/8477839.png,https://assets.nhle.com/logos/nhl/svg/NYR_light.svg,43,conorsheary,34,1992-06-08,Winchester,MA,USA,USA,69,179,-,-,-,-,-
539,8477851,Jordan Oesterle,NSH,D,https://assets.nhle.com/mugs/nhl/20252026/NSH/8477851.png,https://assets.nhle.com/logos/nhl/svg/NSH_light.svg,82,jordanoesterle,34,1992-06-25,Dearborn Heights,MI,USA,USA,72,187,-,-,-,-,-
540,8476469,Joel Armia,LAK,R,https://assets.nhle.com/mugs/nhl/20252026/LAK/8476469.png,https://assets.nhle.com/logos/nhl/svg/LAK_light.svg,40,joelarmia,33,1993-05-31,Pori,,FIN,FIN,75,216,2011,BUF,1,16,16
541,8477446,Michael McCarron,MIN,C,https://assets.nhle.com/mugs/nhl/20252026/MIN/8477446.png,https://assets.nhle.com/logos/nhl/svg/MIN_light.svg,47,michaelmccarron,31,1995-03-07,Grosse Pointe,MI,USA,USA,78,232,2013,MTL,1,25,25
542,8476981,Josh Anderson,MTL,R,https://assets.nhle.com/mugs/nhl/20252026/MTL/8476981.png,https://assets.nhle.com/logos/nhl/svg/MTL_light.svg,17,joshanderson,32,1994-05-07,Burlington,ON,CAN,CAN,75,218,2012,CBJ,4,4,95
543,8481593,Jayden Struble,MTL,D,https://assets.nhle.com/mugs/nhl/20252026/MTL/8481593.png,https://assets.nhle.com/logos/nhl/svg/MTL_light.svg,47,jaydenstruble,25,2001-09-08,,,USA,,72,202,2019,MTL,2,15,46
544,8483500,Noah Ostlund,BUF,C,https://assets.nhle.com/mugs/nhl/20252026/BUF/8483500.png,https://assets.nhle.com/logos/nhl/svg/BUF_light.svg,86,noahostlund,22,2004-03-11,,,SWE,,71,163,2022,BUF,1,16,16
545,8481716,Dmitri Voronkov,CBJ,L,https://assets.nhle.com/mugs/nhl/20252026/CBJ/8481716.png,https://assets.nhle.com/logos/nhl/svg/CBJ_light.svg,10,dmitrivoronkov,26,2000-09-10,,,RUS,,77,240,2019,CBJ,4,21,114
546,8475762,Derek Forbort,VAN,D,https://assets.nhle.com/mugs/nhl/20252026/VAN/8475762.png,https://assets.nhle.com/logos/nhl/svg/VAN_light.svg,27,derekforbort,34,1992-03-04,Duluth,MN,USA,USA,76,208,2010,L.A,1,15,15
547,8477938,Haydn Fleury,WPG,D,https://assets.nhle.com/mugs/nhl/20252026/WPG/8477938.png,https://assets.nhle.com/logos/nhl/svg/WPG_light.svg,24,haydnfleury,30,1996-07-08,Carlyle,SK,CAN,CAN,76,208,2014,CAR,1,7,7
548,8480980,Connor Dewar,PIT,C,https://assets.nhle.com/mugs/nhl/20252026/PIT/8480980.png,https://assets.nhle.com/logos/nhl/svg/PIT_light.svg,19,connordewar,27,1999-06-26,Gilbert Plains,MB,CAN,CAN,70,183,2018,MIN,3,30,92
549,8482715,Ryan Ufko,NSH,D,https://assets.nhle.com/mugs/nhl/20252026/NSH/8482715.png,https://assets.nhle.com/logos/nhl/svg/NSH_light.svg,12,ryanufko,23,2003-05-07,,,USA,,72,174,2021,NSH,4,19,115
550,8481167,Brayden Pachal,CGY,D,https://assets.nhle.com/mugs/nhl/20252026/CGY/8481167.png,https://assets.nhle.com/logos/nhl/svg/CGY_light.svg,94,braydenpachal,27,1999-08-23,Estevan,SK,CAN,CAN,74,203,-,-,-,-,-
551,8481481,Blake Lizotte,PIT,C,https://assets.nhle.com/mugs/nhl/20252026/PIT/8481481.png,https://assets.nhle.com/logos/nhl/svg/PIT_light.svg,46,blakelizotte,28,1997-12-13,Lindstrom,MN,USA,USA,69,170,-,-,-,-,-
552,8480001,Urho Vaakanainen,NYR,D,https://assets.nhle.com/mugs/nhl/20252026/NYR/8480001.png,https://assets.nhle.com/logos/nhl/svg/NYR_light.svg,18,urhovaakanainen,27,1999-01-01,Joensuu,,FIN,FIN,74,200,2017,BOS,1,18,18
553,8480855,Jack McBain,UTA,C,https://assets.nhle.com/mugs/nhl/20252026/UTA/8480855.png,https://assets.nhle.com/logos/nhl/svg/UTA_light.svg?season=20252026,22,jackmcbain,26,2000-01-06,Toronto,ON,CAN,CAN,75,201,2018,MIN,3,1,63
554,8481013,Jonatan Berggren,STL,R,https://assets.nhle.com/mugs/nhl/20252026/STL/8481013.png,https://assets.nhle.com/logos/nhl/svg/STL_light.svg?season=20252026,29,jonatanberggren,26,2000-07-16,Uppsala,,SWE,SWE,71,197,2018,DET,2,2,33
555,8481591,Samuel Poulin,PIT,R,https://assets.nhle.com/mugs/nhl/20252026/PIT/8481591.png,https://assets.nhle.com/logos/nhl/svg/PIT_light.svg,88,samuelpoulin,,,,,,,,,,,,,
556,8478454,Noah Juulsen,PHI,D,https://assets.nhle.com/mugs/nhl/20252026/PHI/8478454.png,https://assets.nhle.com/logos/nhl/svg/PHI_light.svg,47,noahjuulsen,29,1997-04-02,Surrey,BC,CAN,CAN,74,201,2015,MTL,1,26,26
557,8483524,Shane Wright,SEA,C,https://assets.nhle.com/mugs/nhl/20252026/SEA/8483524.png,https://assets.nhle.com/logos/nhl/svg/SEA_light.svg,51,shanewright,22,2004-01-05,Burlington,ON,CAN,CAN,72,192,2022,SEA,1,4,4
558,8483464,Marco Kasper,DET,C,https://assets.nhle.com/mugs/nhl/20252026/DET/8483464.png,https://assets.nhle.com/logos/nhl/svg/DET_light.svg?season=20252026,92,marcokasper,22,2004-04-08,Innsbruck,,AUT,AUT,73,183,2022,DET,1,8,8
559,8476480,Vladislav Namestnikov,WPG,C,https://assets.nhle.com/mugs/nhl/20252026/WPG/8476480.png,https://assets.nhle.com/logos/nhl/svg/WPG_light.svg,7,vladislavnamestnikov,33,1992-11-22,Zhukovskiy,,RUS,RUS,72,179,2011,T.B,1,27,27
560,8477998,Warren Foegele,OTT,L,https://assets.nhle.com/mugs/nhl/20252026/OTT/8477998.png,https://assets.nhle.com/logos/nhl/svg/OTT_light.svg,37,warrenfoegele,30,1996-04-01,Markham,ON,CAN,CAN,74,198,2014,CAR,3,7,67
561,8475799,Nino Niederreiter,WPG,R,https://assets.nhle.com/mugs/nhl/20252026/WPG/8475799.png,https://assets.nhle.com/logos/nhl/svg/WPG_light.svg,62,ninoniederreiter,34,1992-09-08,Chur,,CHE,CHE,74,218,2010,NYI,1,5,5
562,8484214,Luca Pinelli,CBJ,C,https://assets.nhle.com/mugs/nhl/20252026/CBJ/8484214.png,https://assets.nhle.com/logos/nhl/svg/CBJ_light.svg,53,lucapinelli,21,2005-04-05,,,CAN,,69,165,2023,CBJ,4,18,114
563,8481522,Peyton Krebs,BUF,C,https://assets.nhle.com/mugs/nhl/20252026/BUF/8481522.png,https://assets.nhle.com/logos/nhl/svg/BUF_light.svg,19,peytonkrebs,25,2001-01-26,Calgary,AB,CAN,CAN,72,187,2019,VGK,1,17,17
564,8481575,Lassi Thomson,OTT,D,https://assets.nhle.com/mugs/nhl/20252026/OTT/8481575.png,https://assets.nhle.com/logos/nhl/svg/OTT_light.svg,60,lassithomson,26,2000-09-24,Tampere,,FIN,FIN,72,190,2019,OTT,1,19,19
565,8483768,Victor Mancini,VAN,D,https://assets.nhle.com/mugs/nhl/20252026/VAN/8483768.png,https://assets.nhle.com/logos/nhl/svg/VAN_light.svg,90,victormancini,24,2002-05-26,,,USA,,75,215,2022,NYR,5,30,159
566,8484287,Cole McWard,NYI,D,https://assets.nhle.com/mugs/nhl/20252026/NYI/8484287.png,https://assets.nhle.com/logos/nhl/svg/NYI_light.svg,4,colemcward,25,2001-06-09,Fenton,MO,USA,USA,73,192,-,-,-,-,-
567,8480990,Declan Chisholm,WSH,D,https://assets.nhle.com/mugs/nhl/20252026/WSH/8480990.png,https://assets.nhle.com/logos/nhl/svg/WSH_secondary_light.svg,47,declanchisholm,26,2000-01-12,Bowmanville,ON,CAN,CAN,73,185,2018,WPG,5,26,150
568,8478569,Noel Acciari,PIT,C,https://assets.nhle.com/mugs/nhl/20252026/PIT/8478569.png,https://assets.nhle.com/logos/nhl/svg/PIT_light.svg,52,noelacciari,34,1991-12-01,Johnston,RI,USA,USA,70,209,-,-,-,-,-
569,8475191,Reilly Smith,VGK,R,https://assets.nhle.com/mugs/nhl/20252026/VGK/8475191.png,https://assets.nhle.com/logos/nhl/svg/VGK_light.svg,19,reillysmith,35,1991-04-01,Toronto,ON,CAN,CAN,73,185,2009,DAL,3,8,69
570,8485702,Maxim Shabanov,NYI,R,https://assets.nhle.com/mugs/nhl/20252026/NYI/8485702.png,https://assets.nhle.com/logos/nhl/svg/NYI_light.svg,49,maximshabanov,,,,,,,,,,,,,
571,8477426,Nick Paul,TBL,L,https://assets.nhle.com/mugs/nhl/20252026/TBL/8477426.png,https://assets.nhle.com/logos/nhl/svg/TBL_light.svg,20,nickpaul,31,1995-03-20,Mississauga,ON,CAN,CAN,75,223,2013,DAL,4,10,101
572,8481599,Victor Soderstrom,BOS,D,https://assets.nhle.com/mugs/nhl/20252026/BOS/8481599.png,https://assets.nhle.com/logos/nhl/svg/BOS_light.svg?season=20252026,29,victorsoderstrom,25,2001-02-26,Gavle,,SWE,SWE,71,184,2019,ARI,1,11,11
573,8470621,Corey Perry,TBL,R,https://assets.nhle.com/mugs/nhl/20252026/TBL/8470621.png,https://assets.nhle.com/logos/nhl/svg/TBL_light.svg,90,coreyperry,41,1985-05-16,Peterborough,ON,CAN,CAN,75,208,2003,ANA,1,28,28
574,8482178,Ian Moore,ANA,D,https://assets.nhle.com/mugs/nhl/20252026/ANA/8482178.png,https://assets.nhle.com/logos/nhl/svg/ANA_light.svg,3,ianmoore,24,2002-01-04,Salt Lake City,UT,USA,USA,74,171,2020,ANA,3,5,67
575,8474568,Luke Schenn,BUF,D,https://assets.nhle.com/mugs/nhl/20252026/BUF/8474568.png,https://assets.nhle.com/logos/nhl/svg/BUF_light.svg,2,lukeschenn,36,1989-11-02,Saskatoon,SK,CAN,CAN,74,225,2008,TOR,1,5,5
576,8481523,Kirby Dach,MTL,C,https://assets.nhle.com/mugs/nhl/20252026/MTL/8481523.png,https://assets.nhle.com/logos/nhl/svg/MTL_light.svg,77,kirbydach,25,2001-01-21,Fort Saskatchewan,AB,CAN,CAN,76,212,2019,CHI,1,3,3
577,8480074,Alexandre Texier,MTL,L,https://assets.nhle.com/mugs/nhl/20252026/MTL/8480074.png,https://assets.nhle.com/logos/nhl/svg/MTL_light.svg,85,alexandretexier,27,1999-09-13,St. Martin D'heres,,FRA,FRA,73,186,2017,CBJ,2,14,45
578,8483466,Kevin Korchinski,CHI,D,https://assets.nhle.com/mugs/nhl/20252026/CHI/8483466.png,https://assets.nhle.com/logos/nhl/svg/CHI_light.svg?season=20252026,14,kevinkorchinski,22,2004-06-21,Saskatoon,SK,CAN,CAN,73,185,2022,CHI,1,7,7
579,8477416,Oliver Bjorkstrand,TBL,R,https://assets.nhle.com/mugs/nhl/20252026/TBL/8477416.png,https://assets.nhle.com/logos/nhl/svg/TBL_light.svg,28,oliverbjorkstrand,31,1995-04-10,Herning,,DNK,DNK,72,175,2013,CBJ,3,28,89
580,8482737,Zachary Bolduc,MTL,R,https://assets.nhle.com/mugs/nhl/20252026/MTL/8482737.png,https://assets.nhle.com/logos/nhl/svg/MTL_light.svg,76,zacharybolduc,,,,,,,,,,,,,
581,8484230,Otto Stenberg,STL,C,https://assets.nhle.com/mugs/nhl/20252026/STL/8484230.png,https://assets.nhle.com/logos/nhl/svg/STL_light.svg?season=20252026,28,ottostenberg,21,2005-05-29,,,SWE,,71,180,2023,STL,1,25,25
582,8479996,Cody Glass,NJD,C,https://assets.nhle.com/mugs/nhl/20252026/NJD/8479996.png,https://assets.nhle.com/logos/nhl/svg/NJD_light.svg,12,codyglass,27,1999-04-01,Winnipeg,MB,CAN,CAN,75,206,2017,VGK,1,6,6
583,8474102,David Perron,DET,L,https://assets.nhle.com/mugs/nhl/20252026/DET/8474102.png,https://assets.nhle.com/logos/nhl/svg/DET_light.svg?season=20252026,57,davidperron,38,1988-05-28,Sherbrooke,QC,CAN,CAN,73,196,2007,STL,1,26,26
584,8478109,Victor Olofsson,CGY,L,https://assets.nhle.com/mugs/nhl/20252026/CGY/8478109.png,https://assets.nhle.com/logos/nhl/svg/CGY_light.svg,95,victorolofsson,31,1995-07-18,Ornskoldsvik,,SWE,SWE,71,181,2014,BUF,7,1,181
585,8485467,Luke Haymes,TOR,C,https://assets.nhle.com/mugs/nhl/20252026/TOR/8485467.png,https://assets.nhle.com/logos/nhl/svg/TOR_light.svg,43,lukehaymes,23,2003-07-28,Ottawa,,CAN,,73,192,-,-,-,-,-
586,8478891,Mason Appleton,DET,C,https://assets.nhle.com/mugs/nhl/20252026/DET/8478891.png,https://assets.nhle.com/logos/nhl/svg/DET_light.svg?season=20252026,22,masonappleton,30,1996-01-15,Green Bay,WI,USA,USA,75,197,2015,WPG,6,17,168
587,8482475,Egor Chinakhov,PIT,R,https://assets.nhle.com/mugs/nhl/20252026/PIT/8482475.png,https://assets.nhle.com/logos/nhl/svg/PIT_light.svg,59,egorchinakhov,,,,,,,,,,,,,
588,8483690,Noah Laba,NYR,C,https://assets.nhle.com/mugs/nhl/20252026/NYR/8483690.png,https://assets.nhle.com/logos/nhl/svg/NYR_light.svg,42,noahlaba,23,2003-08-04,,,USA,,75,214,2022,NYR,4,14,111
589,8484221,Calum Ritchie,NYI,C,https://assets.nhle.com/mugs/nhl/20252026/NYI/8484221.png,https://assets.nhle.com/logos/nhl/svg/NYI_light.svg,64,calumritchie,21,2005-01-21,,,CAN,,74,185,2023,COL,1,27,27
590,8484142,Denver Barkey,PHI,C,https://assets.nhle.com/mugs/nhl/20252026/PHI/8484142.png,https://assets.nhle.com/logos/nhl/svg/PHI_light.svg,86,denverbarkey,21,2005-04-27,,,CAN,,69,155,2023,PHI,3,31,95
591,8480891,Michael Kesselring,BUF,D,https://assets.nhle.com/mugs/nhl/20252026/BUF/8480891.png,https://assets.nhle.com/logos/nhl/svg/BUF_light.svg,7,michaelkesselring,26,2000-01-13,New Hampton,NH,USA,USA,76,190,2018,EDM,6,9,164
592,8482742,Zachary L'Heureux,NSH,L,https://assets.nhle.com/mugs/nhl/20252026/NSH/8482742.png,https://assets.nhle.com/logos/nhl/svg/NSH_light.svg,68,zacharylheureux,23,2003-05-15,,,CAN,,71,197,2021,NSH,1,27,27
593,8476438,Brandon Saad,VGK,L,https://assets.nhle.com/mugs/nhl/20252026/VGK/8476438.png,https://assets.nhle.com/logos/nhl/svg/VGK_light.svg,20,brandonsaad,33,1992-10-27,Pittsburgh,PA,USA,USA,73,215,2011,CHI,2,13,43
594,8483448,Isaiah George,NYI,D,https://assets.nhle.com/mugs/nhl/20252026/NYI/8483448.png,https://assets.nhle.com/logos/nhl/svg/NYI_light.svg,36,isaiahgeorge,22,2004-02-15,,,CAN,,73,196,2022,NYI,4,1,98
595,8480995,Pontus Holmberg,TBL,R,https://assets.nhle.com/mugs/nhl/20252026/TBL/8480995.png,https://assets.nhle.com/logos/nhl/svg/TBL_light.svg,29,pontusholmberg,27,1999-03-09,Vasteras,,SWE,SWE,72,202,2018,TOR,6,1,156
596,8483630,Pavol Regenda,SJS,L,https://assets.nhle.com/mugs/nhl/20252026/SJS/8483630.png,https://assets.nhle.com/logos/nhl/svg/SJS_light.svg,84,pavolregenda,26,1999-12-07,Michalovce,,SVK,SVK,76,212,-,-,-,-,-
597,8476374,Sean Kuraly,BOS,C,https://assets.nhle.com/mugs/nhl/20252026/BOS/8476374.png,https://assets.nhle.com/logos/nhl/svg/BOS_light.svg?season=20252026,52,seankuraly,33,1993-01-20,Dublin,OH,USA,USA,74,213,2011,S.J,5,12,133
598,8480058,Pierre-Olivier Joseph,VAN,D,https://assets.nhle.com/mugs/nhl/20252026/VAN/8480058.png,https://assets.nhle.com/logos/nhl/svg/VAN_light.svg,7,pierreolivierjoseph,,,,,,,,,,,,,
599,8484829,Justin Hryckowian,DAL,C,https://assets.nhle.com/mugs/nhl/20252026/DAL/8484829.png,https://assets.nhle.com/logos/nhl/svg/DAL_light.svg,49,justinhryckowian,25,2001-02-23,,,CAN,,70,194,-,-,-,-,-
600,8483525,Danila Yurov,MIN,R,https://assets.nhle.com/mugs/nhl/20252026/MIN/8483525.png,https://assets.nhle.com/logos/nhl/svg/MIN_light.svg,22,danilayurov,22,2003-12-22,,,RUS,,73,178,2022,MIN,1,24,24
601,8476458,Ryan Strome,CGY,C,https://assets.nhle.com/mugs/nhl/20252026/CGY/8476458.png,https://assets.nhle.com/logos/nhl/svg/CGY_light.svg,22,ryanstrome,33,1993-07-11,Mississauga,ON,CAN,CAN,73,191,2011,NYI,1,5,5
602,8473994,Jamie Benn,DAL,L,https://assets.nhle.com/mugs/nhl/20252026/DAL/8473994.png,https://assets.nhle.com/logos/nhl/svg/DAL_light.svg,14,jamiebenn,37,1989-07-18,Victoria,BC,CAN,CAN,74,205,2007,DAL,5,8,129
603,8482062,Cole Smith,VGK,R,https://assets.nhle.com/mugs/nhl/20252026/VGK/8482062.png,https://assets.nhle.com/logos/nhl/svg/VGK_light.svg,22,colesmith,30,1995-10-28,Brainerd,MN,USA,USA,75,195,-,-,-,-,-
604,8478508,Yakov Trenin,MIN,C,https://assets.nhle.com/mugs/nhl/20252026/MIN/8478508.png,https://assets.nhle.com/logos/nhl/svg/MIN_light.svg,13,yakovtrenin,29,1997-01-13,Chelyabinsk,,RUS,RUS,74,201,2015,NSH,2,25,55
605,8482660,Kent Johnson,CBJ,C,https://assets.nhle.com/mugs/nhl/20252026/CBJ/8482660.png,https://assets.nhle.com/logos/nhl/svg/CBJ_light.svg,91,kentjohnson,23,2002-10-18,Port Moody,BC,CAN,CAN,72,175,2021,CBJ,1,5,5
606,8474641,Adam Henrique,EDM,C,https://assets.nhle.com/mugs/nhl/20252026/EDM/8474641.png,https://assets.nhle.com/logos/nhl/svg/EDM_light.svg,19,adamhenrique,36,1990-02-06,Brantford,ON,CAN,CAN,72,195,2008,N.J,3,21,82
607,8477407,Anthony Duclair,NYI,L,https://assets.nhle.com/mugs/nhl/20252026/NYI/8477407.png,https://assets.nhle.com/logos/nhl/svg/NYI_light.svg,11,anthonyduclair,31,1995-08-26,Pointe-Claire,QC,CAN,CAN,71,197,2013,NYR,3,19,80
608,8483499,Liam Ohgren,VAN,L,https://assets.nhle.com/mugs/nhl/20252026/VAN/8483499.png,https://assets.nhle.com/logos/nhl/svg/VAN_light.svg,92,liamohgren,22,2004-01-28,,,SWE,,72,187,2022,MIN,1,19,19
609,8480842,Filip Hallander,PIT,C,https://assets.nhle.com/mugs/nhl/20252026/PIT/8480842.png,https://assets.nhle.com/logos/nhl/svg/PIT_light.svg,11,filiphallander,26,2000-06-29,Sundsvall,,SWE,SWE,73,190,2018,PIT,2,27,58
610,8484220,David Reinbacher,MTL,D,https://assets.nhle.com/mugs/nhl/20252026/MTL/8484220.png,https://assets.nhle.com/logos/nhl/svg/MTL_light.svg,64,davidreinbacher,21,2004-10-25,,,AUT,,75,209,2023,MTL,1,5,5
611,8480871,Adam Boqvist,NYI,D,https://assets.nhle.com/mugs/nhl/20252026/NYI/8480871.png,https://assets.nhle.com/logos/nhl/svg/NYI_light.svg,34,adamboqvist,26,2000-08-15,Falun,,SWE,SWE,72,182,2018,CHI,1,8,8
612,8482201,Gage Goncalves,TBL,C,https://assets.nhle.com/mugs/nhl/20252026/TBL/8482201.png,https://assets.nhle.com/logos/nhl/svg/TBL_light.svg,93,gagegoncalves,25,2001-01-16,,,CAN,,72,181,2020,T.B,2,31,62
613,8481178,Egor Zamula,CBJ,D,https://assets.nhle.com/mugs/nhl/20252026/CBJ/8481178.png,https://assets.nhle.com/logos/nhl/svg/CBJ_light.svg,6,egorzamula,26,2000-03-30,Chelyabinsk,,RUS,RUS,75,177,-,-,-,-,-
614,8483686,Adam Engstrom,MTL,D,https://assets.nhle.com/mugs/nhl/20252026/MTL/8483686.png,https://assets.nhle.com/logos/nhl/svg/MTL_light.svg,42,adamengstrom,22,2003-11-17,,,SWE,,74,193,2022,MTL,3,27,92
615,8477541,Dakota Mermis,TOR,D,https://assets.nhle.com/mugs/nhl/20252026/TOR/8477541.png,https://assets.nhle.com/logos/nhl/svg/TOR_light.svg,3,dakotamermis,32,1994-01-05,Alton,IL,USA,USA,72,195,-,-,-,-,-
616,8480828,Michael Callahan,BOS,D,https://assets.nhle.com/mugs/nhl/20252026/BOS/8480828.png,https://assets.nhle.com/logos/nhl/svg/BOS_light.svg?season=20252026,79,michaelcallahan,27,1999-09-23,Franklin,MA,USA,USA,74,200,2018,ARI,5,18,142
617,8476897,Oskar Sundqvist,STL,C,https://assets.nhle.com/mugs/nhl/20252026/STL/8476897.png,https://assets.nhle.com/logos/nhl/svg/STL_light.svg?season=20252026,70,oskarsundqvist,32,1994-03-23,Boden,,SWE,SWE,75,220,2012,PIT,3,20,81
618,8484203,Bradly Nadeau,CAR,L,https://assets.nhle.com/mugs/nhl/20252026/CAR/8484203.png,https://assets.nhle.com/logos/nhl/svg/CAR_light.svg,29,bradlynadeau,21,2005-05-05,,,CAN,,70,161,2023,CAR,1,30,30
619,8484800,Berkly Catton,SEA,C,https://assets.nhle.com/mugs/nhl/20252026/SEA/8484800.png,https://assets.nhle.com/logos/nhl/svg/SEA_light.svg,27,berklycatton,20,2006-01-14,,,CAN,,71,170,2024,SEA,1,8,8
620,8480188,Fabian Zetterlund,OTT,L,https://assets.nhle.com/mugs/nhl/20252026/OTT/8480188.png,https://assets.nhle.com/logos/nhl/svg/OTT_light.svg,20,fabianzetterlund,27,1999-08-25,Karlstad,,SWE,SWE,71,220,2017,N.J,3,1,63
621,8475220,Marcus Foligno,MIN,L,https://assets.nhle.com/mugs/nhl/20252026/MIN/8475220.png,https://assets.nhle.com/logos/nhl/svg/MIN_light.svg,17,marcusfoligno,35,1991-08-10,Buffalo,NY,USA,CAN,75,226,2009,BUF,4,13,104
622,8484197,Oliver Moore,CHI,C,https://assets.nhle.com/mugs/nhl/20252026/CHI/8484197.png,https://assets.nhle.com/logos/nhl/svg/CHI_light.svg?season=20252026,11,olivermoore,21,2005-01-22,,,USA,,71,188,2023,CHI,1,19,19
623,8476292,Ondrej Palat,NYI,L,https://assets.nhle.com/mugs/nhl/20252026/NYI/8476292.png,https://assets.nhle.com/logos/nhl/svg/NYI_light.svg,81,ondrejpalat,35,1991-03-28,Frydek-Mistek,,CZE,CZE,72,194,2011,T.B,7,27,208
624,8485402,Michael Misa,SJS,C,https://assets.nhle.com/mugs/nhl/20252026/SJS/8485402.png,https://assets.nhle.com/logos/nhl/svg/SJS_light.svg,77,michaelmisa,19,2007-02-16,,,CAN,,73,185,2025,S.J,1,2,2
625,8480289,Morgan Barron,WPG,C,https://assets.nhle.com/mugs/nhl/20252026/WPG/8480289.png,https://assets.nhle.com/logos/nhl/svg/WPG_light.svg,36,morganbarron,27,1998-12-02,Halifax,NS,CAN,CAN,76,220,2017,NYR,6,19,174
626,8477021,Alexander Kerfoot,UTA,C,https://assets.nhle.com/mugs/nhl/20252026/UTA/8477021.png,https://assets.nhle.com/logos/nhl/svg/UTA_light.svg?season=20252026,14,alexkerfoot,32,1994-08-11,Vancouver,BC,CAN,CAN,71,186,2012,N.J,5,29,150
627,8482067,Connor Mackey,NYR,D,https://assets.nhle.com/mugs/nhl/20252026/NYR/8482067.png,https://assets.nhle.com/logos/nhl/svg/NYR_light.svg,12,connormackey,30,1996-09-12,Tower Lakes,IL,USA,USA,74,197,-,-,-,-,-
628,8482470,Ilya Solovyov,PIT,D,https://assets.nhle.com/mugs/nhl/20252026/PIT/8482470.png,https://assets.nhle.com/logos/nhl/svg/PIT_light.svg,7,ilyasolovyov,26,2000-07-20,Mogilev,,BLR,BLR,75,208,2020,CGY,7,19,205
629,8482758,Ville Koivunen,PIT,R,https://assets.nhle.com/mugs/nhl/20252026/PIT/8482758.png,https://assets.nhle.com/logos/nhl/svg/PIT_light.svg,41,villekoivunen,23,2003-06-13,,,FIN,,71,161,2021,CAR,2,19,51
630,8479619,Michael Carcone,UTA,L,https://assets.nhle.com/mugs/nhl/20252026/UTA/8479619.png,https://assets.nhle.com/logos/nhl/svg/UTA_light.svg?season=20252026,53,michaelcarcone,30,1996-05-19,Ajax,ON,CAN,CAN,69,170,-,-,-,-,-
631,8480448,Parker Kelly,COL,C,https://assets.nhle.com/mugs/nhl/20252026/COL/8480448.png,https://assets.nhle.com/logos/nhl/svg/COL_light.svg,17,parkerkelly,27,1999-05-14,Camrose,AB,CAN,CAN,72,190,-,-,-,-,-
632,8478502,Dennis Gilbert,OTT,D,https://assets.nhle.com/mugs/nhl/20252026/OTT/8478502.png,https://assets.nhle.com/logos/nhl/svg/OTT_light.svg,44,dennisgilbert,29,1996-10-30,Buffalo,NY,USA,USA,74,216,2015,CHI,3,30,91
633,8474679,Gustav Nyquist,WPG,R,https://assets.nhle.com/mugs/nhl/20252026/WPG/8474679.png,https://assets.nhle.com/logos/nhl/svg/WPG_light.svg,14,gustavnyquist,37,1989-09-01,Halmstad,,SWE,SWE,71,180,2008,DET,4,30,121
634,8484185,Nick Lardis,CHI,L,https://assets.nhle.com/mugs/nhl/20252026/CHI/8484185.png,https://assets.nhle.com/logos/nhl/svg/CHI_light.svg?season=20252026,76,nicklardis,21,2005-07-08,,,CAN,,71,165,2023,CHI,3,3,67
635,8481582,Nick Robertson,TOR,L,https://assets.nhle.com/mugs/nhl/20252026/TOR/8481582.png,https://assets.nhle.com/logos/nhl/svg/TOR_light.svg,14,nickrobertson,25,2001-09-11,Pasadena,CA,USA,USA,69,183,2019,TOR,2,22,53
636,8479638,Justin Brazeau,PIT,R,https://assets.nhle.com/mugs/nhl/20252026/PIT/8479638.png,https://assets.nhle.com/logos/nhl/svg/PIT_light.svg,16,justinbrazeau,28,1998-02-02,New Liskeard,ON,CAN,,77,220,-,-,-,-,-
637,8479992,Michael Rasmussen,DET,C,https://assets.nhle.com/mugs/nhl/20252026/DET/8479992.png,https://assets.nhle.com/logos/nhl/svg/DET_light.svg?season=20252026,27,michaelrasmussen,27,1999-04-17,Vancouver,BC,CAN,CAN,78,211,2017,DET,1,9,9
638,8473422,Nick Foligno,MIN,L,https://assets.nhle.com/mugs/nhl/20252026/MIN/8473422.png,https://assets.nhle.com/logos/nhl/svg/MIN_light.svg,71,nickfoligno,38,1987-10-31,Buffalo,NY,USA,USA,72,210,2006,OTT,1,28,28
639,8479661,Tanner Jeannot,BOS,L,https://assets.nhle.com/mugs/nhl/20252026/BOS/8479661.png,https://assets.nhle.com/logos/nhl/svg/BOS_light.svg?season=20252026,84,tannerjeannot,29,1997-05-29,Estevan,SK,CAN,CAN,74,208,-,-,-,-,-
640,8483731,Alex Bump,PHI,L,https://assets.nhle.com/mugs/nhl/20252026/PHI/8483731.png,https://assets.nhle.com/logos/nhl/svg/PHI_light.svg,20,alexbump,22,2003-11-20,,,USA,,72,195,2022,PHI,5,4,133
641,8480355,Mark Kastelic,BOS,C,https://assets.nhle.com/mugs/nhl/20252026/BOS/8480355.png,https://assets.nhle.com/logos/nhl/svg/BOS_light.svg?season=20252026,47,markkastelic,27,1999-03-11,Phoenix,AZ,USA,,75,233,2019,OTT,5,1,125
642,8479339,Patrik Laine,MTL,L,https://assets.nhle.com/mugs/nhl/20252026/MTL/8479339.png,https://assets.nhle.com/logos/nhl/svg/MTL_light.svg,92,patriklaine,28,1998-04-19,Tampere,,FIN,FIN,77,205,2016,WPG,1,2,2
643,8481609,Vladislav Kolyachonok,BOS,D,https://assets.nhle.com/mugs/nhl/20252026/BOS/8481609.png,https://assets.nhle.com/logos/nhl/svg/BOS_light.svg?season=20252026,18,vladislavkolyachonok,25,2001-05-26,Minsk,,BLR,BLR,73,193,2019,FLA,2,21,52
644,8482516,Matthew Kessel,STL,D,https://assets.nhle.com/mugs/nhl/20252026/STL/8482516.png,https://assets.nhle.com/logos/nhl/svg/STL_light.svg?season=20252026,4,mattkessel,26,2000-06-23,Phoenix,AZ,USA,USA,74,205,2020,STL,5,26,150
645,8479525,Ross Colton,COL,C,https://assets.nhle.com/mugs/nhl/20252026/COL/8479525.png,https://assets.nhle.com/logos/nhl/svg/COL_light.svg,79,rosscolton,30,1996-09-11,Robbinsville,NJ,USA,USA,72,194,2016,T.B,4,27,118
646,8484794,Michael Brandsegg-Nygård,DET,R,https://assets.nhle.com/mugs/nhl/20252026/DET/8484794.png,https://assets.nhle.com/logos/nhl/svg/DET_light.svg?season=20252026,28,michaelbrandseggnygard,21,2005-10-05,,,NOR,,73,198,2024,DET,1,15,15
647,8481024,Linus Karlsson,VAN,C,https://assets.nhle.com/mugs/nhl/20252026/VAN/8481024.png,https://assets.nhle.com/logos/nhl/svg/VAN_light.svg,94,linuskarlsson,26,1999-11-16,Eksjö,,SWE,SWE,73,178,2018,S.J,3,25,87
648,8476925,Colton Sissons,VGK,C,https://assets.nhle.com/mugs/nhl/20252026/VGK/8476925.png,https://assets.nhle.com/logos/nhl/svg/VGK_light.svg,15,coltonsissons,32,1993-11-05,North Vancouver,BC,CAN,CAN,73,200,2012,NSH,2,20,50
649,8478233,Andrew Mangiapane,CHI,L,https://assets.nhle.com/mugs/nhl/20252026/CHI/8478233.png,https://assets.nhle.com/logos/nhl/svg/CHI_light.svg?season=20252026,26,andrewmangiapane,30,1996-04-04,Toronto,ON,CAN,CAN,70,184,2015,CGY,6,15,166
650,8475763,Kevin Hayes,PIT,R,https://assets.nhle.com/mugs/nhl/20252026/PIT/8475763.png,https://assets.nhle.com/logos/nhl/svg/PIT_light.svg,13,kevinhayes,34,1992-05-08,Dorchester,MA,USA,USA,77,216,2010,CHI,1,24,24
651,8484388,Daniil But,UTA,L,https://assets.nhle.com/mugs/nhl/20252026/UTA/8484388.png,https://assets.nhle.com/logos/nhl/svg/UTA_light.svg?season=20252026,50,daniilbut,21,2005-02-15,,,RUS,,77,203,2023,ARI,1,12,12
652,8482117,Lukas Reichel,BOS,L,https://assets.nhle.com/mugs/nhl/20252026/BOS/8482117.png,https://assets.nhle.com/logos/nhl/svg/BOS_light.svg?season=20252026,76,lukasreichel,24,2002-05-17,Nürnberg,,DEU,DEU,72,170,2020,CHI,1,17,17
653,8478413,Jordan Greenway,BUF,L,https://assets.nhle.com/mugs/nhl/20252026/BUF/8478413.png,https://assets.nhle.com/logos/nhl/svg/BUF_light.svg,12,jordangreenway,29,1997-02-16,Canton,NY,USA,USA,78,231,2015,MIN,2,20,50
654,8476988,Matt Benning,TOR,D,https://assets.nhle.com/mugs/nhl/20252026/TOR/8476988.png,https://assets.nhle.com/logos/nhl/svg/TOR_light.svg,33,mattbenning,32,1994-05-25,Edmonton,AB,CAN,CAN,73,203,2012,BOS,6,24,175
655,8478421,A.J. Greer,FLA,L,https://assets.nhle.com/mugs/nhl/20252026/FLA/8478421.png,https://assets.nhle.com/logos/nhl/svg/FLA_light.svg,18,ajgreer,29,1996-12-14,Joliette,QC,CAN,CAN,75,208,2015,COL,2,9,39
656,8482094,Daemon Hunt,MIN,D,https://assets.nhle.com/mugs/nhl/20252026/MIN/8482094.png,https://assets.nhle.com/logos/nhl/svg/MIN_light.svg,48,daemonhunt,24,2002-05-15,,,CAN,,73,201,2020,MIN,3,3,65
657,8479370,Tyson Jost,NSH,C,https://assets.nhle.com/mugs/nhl/20252026/NSH/8479370.png,https://assets.nhle.com/logos/nhl/svg/NSH_light.svg,17,tysonjost,28,1998-03-14,St. Albert,AB,CAN,CAN,71,187,2016,COL,1,10,10
658,8480806,Isac Lundeström,CBJ,C,https://assets.nhle.com/mugs/nhl/20252026/CBJ/8480806.png,https://assets.nhle.com/logos/nhl/svg/CBJ_light.svg,21,isaclundestrom,26,1999-11-06,Gallivare,,SWE,SWE,72,193,2018,ANA,1,23,23
659,8480840,Oskar Bäck,DAL,C,https://assets.nhle.com/mugs/nhl/20252026/DAL/8480840.png,https://assets.nhle.com/logos/nhl/svg/DAL_light.svg,10,oskarback,26,2000-03-12,Karlstad,,SWE,SWE,75,210,2018,DAL,3,13,75
660,8475848,Brendan Gallagher,MTL,R,https://assets.nhle.com/mugs/nhl/20252026/MTL/8475848.png,https://assets.nhle.com/logos/nhl/svg/MTL_light.svg,7,brendangallagher,34,1992-05-06,Edmonton,AB,CAN,CAN,69,186,2010,MTL,5,27,147
661,8475784,Jeff Skinner,SJS,L,https://assets.nhle.com/mugs/nhl/20252026/SJS/8475784.png,https://assets.nhle.com/logos/nhl/svg/SJS_light.svg,53,jeffskinner,34,1992-05-16,Toronto,ON,CAN,CAN,71,197,2010,CAR,1,7,7
662,8484180,Samuel Honzek,CGY,L,https://assets.nhle.com/mugs/nhl/20252026/CGY/8484180.png,https://assets.nhle.com/logos/nhl/svg/CGY_light.svg,29,samuelhonzek,21,2004-11-12,,,SVK,,76,186,2023,CGY,1,16,16
663,8484241,Matthew Wood,NSH,R,https://assets.nhle.com/mugs/nhl/20252026/NSH/8484241.png,https://assets.nhle.com/logos/nhl/svg/NSH_light.svg,71,mattwood,21,2005-02-06,,,CAN,,77,205,2023,NSH,1,15,15
664,8483699,Angus Booth,LAK,D,https://assets.nhle.com/mugs/nhl/20252026/LAK/8483699.png,https://assets.nhle.com/logos/nhl/svg/LAK_light.svg,81,angusbooth,-,-,-,-,-,-,-,-,-,-,-,-,-
665,8481754,Nikita Nesterenko,ANA,C,https://assets.nhle.com/mugs/nhl/20252026/ANA/8481754.png,https://assets.nhle.com/logos/nhl/svg/ANA_light.svg,13,nikitanesterenko,25,2001-09-10,Brooklyn,NY,USA,USA,74,183,2019,MIN,6,17,172
666,8478841,Colton White,NJD,D,https://assets.nhle.com/mugs/nhl/20252026/NJD/8478841.png,https://assets.nhle.com/logos/nhl/svg/NJD_light.svg,6,coltonwhite,29,1997-05-03,London,ON,CAN,CAN,73,187,2015,N.J,4,6,97
667,8478057,Dakota Joshua,TOR,C,https://assets.nhle.com/mugs/nhl/20252026/TOR/8478057.png,https://assets.nhle.com/logos/nhl/svg/TOR_light.svg,81,dakotajosh,30,1996-05-15,Dearborn,MI,USA,USA,75,206,2014,TOR,5,8,128
668,8483573,Ethen Frank,WSH,R,https://assets.nhle.com/mugs/nhl/20252026/WSH/8483573.png,https://assets.nhle.com/logos/nhl/svg/WSH_secondary_light.svg,53,ethenfrank,28,1998-02-05,,,USA,,71,185,-,-,-,-,-
669,8483752,Dominic James,TBL,C,https://assets.nhle.com/mugs/nhl/20252026/TBL/8483752.png,https://assets.nhle.com/logos/nhl/svg/TBL_light.svg,17,dominicjames,24,2002-07-03,,,USA,,69,148,2022,CHI,6,12,173
670,8479383,Boris Katchouk,TBL,L,https://assets.nhle.com/mugs/nhl/20252026/TBL/8479383.png,https://assets.nhle.com/logos/nhl/svg/TBL_light.svg,61,boriskatchouk,28,1998-06-18,Waterloo,ON,CAN,CAN,74,206,2016,T.B,2,14,44
671,8485251,Kai Uchacz,VGK,C,https://assets.nhle.com/mugs/nhl/20252026/VGK/8485251.png,https://assets.nhle.com/logos/nhl/svg/VGK_light.svg,77,kaiuchacz,23,2003-06-24,,,CAN,,74,209,-,-,-,-,-
672,8484177,Lenni Hameenaho,NJD,R,https://assets.nhle.com/mugs/nhl/20252026/NJD/8484177.png,https://assets.nhle.com/logos/nhl/svg/NJD_light.svg,29,lennihameenaho,21,2004-11-07,,,FIN,,72,173,2023,N.J,2,26,58
673,8481577,Philip Tomasino,PIT,R,https://assets.nhle.com/mugs/nhl/20252026/PIT/8481577.png,https://assets.nhle.com/logos/nhl/svg/PIT_light.svg,62,philiptomasino,25,2001-07-28,Mississauga,ON,CAN,CAN,72,179,2019,NSH,1,24,24
674,8479533,Joona Koppanen,PIT,L,https://assets.nhle.com/mugs/nhl/20252026/PIT/8479533.png,https://assets.nhle.com/logos/nhl/svg/PIT_light.svg,15,joonakoppanen,28,1998-02-25,Tampere,,FIN,FIN,77,216,2016,BOS,5,14,135
675,8478476,Kyle Capobianco,DAL,D,https://assets.nhle.com/mugs/nhl/20252026/DAL/8478476.png,https://assets.nhle.com/logos/nhl/svg/DAL_light.svg,20,kylecapobianco,29,1997-08-13,Mississauga,ON,CAN,CAN,74,201,2015,ARI,3,2,63
676,8483505,Matthew Poitras,BOS,C,https://assets.nhle.com/mugs/nhl/20252026/BOS/8483505.png,https://assets.nhle.com/logos/nhl/svg/BOS_light.svg?season=20252026,51,mattpoitras,22,2004-03-10,Ajax,ON,CAN,CAN,71,176,2022,BOS,2,22,54
677,8483503,Owen Pickering,PIT,D,https://assets.nhle.com/mugs/nhl/20252026/PIT/8483503.png,https://assets.nhle.com/logos/nhl/svg/PIT_light.svg,38,owenpickering,22,2004-01-27,St. Adolphe,MB,CAN,CAN,75,179,2022,PIT,1,21,21
678,8480813,Joseph Veleno,MTL,C,https://assets.nhle.com/mugs/nhl/20252026/MTL/8480813.png,https://assets.nhle.com/logos/nhl/svg/MTL_light.svg,90,josephveleno,,,,,,,,,,,,,
679,8480007,Jonas Rondbjerg,VGK,R,https://assets.nhle.com/mugs/nhl/20252026/VGK/8480007.png,https://assets.nhle.com/logos/nhl/svg/VGK_light.svg,46,jonasrondbjerg,27,1999-03-31,Horsholm,,DNK,DNK,74,203,2017,VGK,3,3,65
680,8482768,Fedor Svechkov,NSH,C,https://assets.nhle.com/mugs/nhl/20252026/NSH/8482768.png,https://assets.nhle.com/logos/nhl/svg/NSH_light.svg,9,fedorsvechkov,23,2003-04-05,,,RUS,,72,187,2021,NSH,1,19,19
681,8485512,Tim Washe,ANA,C,https://assets.nhle.com/mugs/nhl/20252026/ANA/8485512.png,https://assets.nhle.com/logos/nhl/svg/ANA_light.svg,42,timwashe,25,2001-08-25,,,USA,,75,215,-,-,-,-,-
682,8479388,Riley Stillman,EDM,D,https://assets.nhle.com/mugs/nhl/20252026/EDM/8479388.png,https://assets.nhle.com/logos/nhl/svg/EDM_light.svg,61,rileystillman,28,1998-03-09,Peterborough,ON,CAN,CAN,73,196,2016,FLA,4,23,114
683,8482691,Aatu Räty,VAN,C,https://assets.nhle.com/mugs/nhl/20252026/VAN/8482691.png,https://assets.nhle.com/logos/nhl/svg/VAN_light.svg,54,aaturaty,23,2002-11-14,Oulu,,FIN,FIN,74,190,2021,NYI,2,20,52
684,8483709,Abram Wiebe,CGY,D,https://assets.nhle.com/mugs/nhl/20252026/CGY/8483709.png,https://assets.nhle.com/logos/nhl/svg/CGY_light.svg,52,abramwiebe,23,2003-08-28,Mission,,CAN,,74,187,2022,VGK,7,16,209
685,8483460,David Jiricek,PHI,D,https://assets.nhle.com/mugs/nhl/20252026/PHI/8483460.png,https://assets.nhle.com/logos/nhl/svg/PHI_light.svg,5,davidjiricek,22,2003-11-28,Klatovy,,CZE,CZE,76,199,2022,CBJ,1,6,6
686,8480281,Alexey Toropchenko,STL,R,https://assets.nhle.com/mugs/nhl/20252026/STL/8480281.png,https://assets.nhle.com/logos/nhl/svg/STL_light.svg?season=20252026,13,alexeitoropchenko,27,1999-06-25,Moscow,,RUS,RUS,78,222,2017,STL,4,20,113
687,8477573,Nathan Walker,STL,L,https://assets.nhle.com/mugs/nhl/20252026/STL/8477573.png,https://assets.nhle.com/logos/nhl/svg/STL_light.svg?season=20252026,26,nathanwalker,32,1994-02-07,Cardiff,,GBR,AUS,69,187,2014,WSH,3,29,89
688,8478472,Mathieu Joseph,LAK,R,https://assets.nhle.com/mugs/nhl/20252026/LAK/8478472.png,https://assets.nhle.com/logos/nhl/svg/LAK_light.svg,21,mathieujoseph,29,1997-02-09,Laval,QC,CAN,CAN,73,187,2015,T.B,4,29,120
689,8482751,Ryan Winterton,SEA,C,https://assets.nhle.com/mugs/nhl/20252026/SEA/8482751.png,https://assets.nhle.com/logos/nhl/svg/SEA_light.svg,26,ryanwinterton,23,2003-09-04,Markham,ON,CAN,CAN,74,175,2021,SEA,3,3,67
690,8481789,Tye Kartye,NYR,L,https://assets.nhle.com/mugs/nhl/20252026/NYR/8481789.png,https://assets.nhle.com/logos/nhl/svg/NYR_light.svg,24,tyekartye,25,2001-04-30,Kingston,ON,CAN,CAN,71,202,-,-,-,-,-
691,8483487,Rutger McGroarty,PIT,R,https://assets.nhle.com/mugs/nhl/20252026/PIT/8483487.png,https://assets.nhle.com/logos/nhl/svg/PIT_light.svg,2,rutgermcgroarty,22,2004-03-30,,,USA,,72,200,2022,WPG,1,14,14
692,8483570,Ben Meyers,SEA,C,https://assets.nhle.com/mugs/nhl/20252026/SEA/8483570.png,https://assets.nhle.com/logos/nhl/svg/SEA_light.svg,59,benmeyers,27,1998-11-15,DELANO,MN,USA,USA,71,194,-,-,-,-,-
693,8482206,Ethan Cardwell,SJS,R,https://assets.nhle.com/mugs/nhl/20252026/SJS/8482206.png,https://assets.nhle.com/logos/nhl/svg/SJS_light.svg,56,ethancardwell,24,2002-08-30,,,CAN,,71,180,2021,S.J,4,25,121
694,8479705,Jeffrey Viel,ANA,L,https://assets.nhle.com/mugs/nhl/20252026/ANA/8479705.png,https://assets.nhle.com/logos/nhl/svg/ANA_light.svg,25,jeffreyviel,29,1997-01-28,Rimouski,QC,CAN,CAN,74,205,-,-,-,-,-
695,8482634,Alex Steeves,BOS,C,https://assets.nhle.com/mugs/nhl/20252026/BOS/8482634.png,https://assets.nhle.com/logos/nhl/svg/BOS_light.svg?season=20252026,21,alexsteeves,26,1999-12-10,Bedford,NH,USA,USA,72,196,-,-,-,-,-
696,8484797,Konsta Helenius,BUF,C,https://assets.nhle.com/mugs/nhl/20252026/BUF/8484797.png,https://assets.nhle.com/logos/nhl/svg/BUF_light.svg,94,konstahelenius,20,2006-05-11,,,FIN,,71,180,2024,BUF,1,14,14
697,8476867,Brendan Gaunce,CBJ,C,https://assets.nhle.com/mugs/nhl/20252026/CBJ/8476867.png,https://assets.nhle.com/logos/nhl/svg/CBJ_light.svg,50,brendangaunce,32,1994-03-25,Sudbury,ON,CAN,CAN,75,219,2012,VAN,1,26,26
698,8476278,Colin Blackwell,DAL,C,https://assets.nhle.com/mugs/nhl/20252026/DAL/8476278.png,https://assets.nhle.com/logos/nhl/svg/DAL_light.svg,15,colinblackwell,33,1993-03-28,Lawrence,MA,USA,USA,69,190,2011,S.J,7,13,193
699,8478904,Steven Lorentz,TOR,C,https://assets.nhle.com/mugs/nhl/20252026/TOR/8478904.png,https://assets.nhle.com/logos/nhl/svg/TOR_light.svg,18,stevenlorentz,30,1996-04-13,Kitchener,ON,CAN,CAN,76,206,2015,CAR,7,5,186
700,8477406,Mattias Janmark,EDM,C,https://assets.nhle.com/mugs/nhl/20252026/EDM/8477406.png,https://assets.nhle.com/logos/nhl/svg/EDM_light.svg,13,mattiasjanmark,33,1992-12-08,Stockholm,,SWE,SWE,73,205,2013,DET,3,18,79
701,8477425,Miles Wood,CBJ,L,https://assets.nhle.com/mugs/nhl/20252026/CBJ/8477425.png,https://assets.nhle.com/logos/nhl/svg/CBJ_light.svg,11,mileswood,31,1995-09-13,Buffalo,NY,USA,USA,74,195,2013,N.J,4,9,100
702,8479336,Carl Grundstrom,PHI,R,https://assets.nhle.com/mugs/nhl/20252026/PHI/8479336.png,https://assets.nhle.com/logos/nhl/svg/PHI_light.svg,91,carlgrundstrom,28,1997-12-01,Umea,,SWE,SWE,72,195,2016,TOR,2,27,57
703,8479390,Taylor Raddysh,NYR,R,https://assets.nhle.com/mugs/nhl/20252026/NYR/8479390.png,https://assets.nhle.com/logos/nhl/svg/NYR_light.svg,14,taylorraddysh,28,1998-02-18,Caledon,ON,CAN,CAN,75,198,2016,T.B,2,28,58
704,8475714,Calle Jarnkrok,TOR,C,https://assets.nhle.com/mugs/nhl/20252026/TOR/8475714.png,https://assets.nhle.com/logos/nhl/svg/TOR_light.svg,19,callejarnkrok,35,1991-09-25,Gävle,,SWE,SWE,72,192,2010,DET,2,21,51
705,8480003,Jesper Boqvist,FLA,C,https://assets.nhle.com/mugs/nhl/20252026/FLA/8480003.png,https://assets.nhle.com/logos/nhl/svg/FLA_light.svg,70,jesperboqvist,27,1998-10-30,Falun,,SWE,SWE,72,180,2017,N.J,2,5,36
706,8478366,Frank Vatrano,ANA,R,https://assets.nhle.com/mugs/nhl/20252026/ANA/8478366.png,https://assets.nhle.com/logos/nhl/svg/ANA_light.svg,77,frankvatrano,32,1994-03-14,East Longmeadow,MA,USA,USA,71,197,-,-,-,-,-
707,8477952,Robby Fabbri,MIN,C,https://assets.nhle.com/mugs/nhl/20252026/MIN/8477952.png,https://assets.nhle.com/logos/nhl/svg/MIN_light.svg,21,robbyfabbri,30,1996-01-22,Mississauga,ON,CAN,CAN,71,185,2014,STL,1,21,21
708,8479977,Kailer Yamamoto,UTA,R,https://assets.nhle.com/mugs/nhl/20252026/UTA/8479977.png,https://assets.nhle.com/logos/nhl/svg/UTA_light.svg?season=20252026,56,kaileryamamoto,28,1998-09-29,Spokane,WA,USA,USA,68,153,2017,EDM,1,22,22
709,8484938,Arttu Hyry,DAL,R,https://assets.nhle.com/mugs/nhl/20252026/DAL/8484938.png,https://assets.nhle.com/logos/nhl/svg/DAL_light.svg,25,arttuhyry,25,2001-04-06,,,FIN,,74,209,-,-,-,-,-
710,8475231,Casey Cizikas,NYI,C,https://assets.nhle.com/mugs/nhl/20252026/NYI/8475231.png,https://assets.nhle.com/logos/nhl/svg/NYI_light.svg,53,caseycizikas,35,1991-02-27,Toronto,ON,CAN,CAN,71,190,2009,NYI,4,1,92
711,8476474,Stefan Noesen,NJD,R,https://assets.nhle.com/mugs/nhl/20252026/NJD/8476474.png,https://assets.nhle.com/logos/nhl/svg/NJD_light.svg,11,stefannoesen,33,1993-02-12,Plano,TX,USA,USA,73,205,2011,OTT,1,21,21
712,8474037,James van Riemsdyk,DET,L,https://assets.nhle.com/mugs/nhl/20252026/DET/8474037.png,https://assets.nhle.com/logos/nhl/svg/DET_light.svg?season=20252026,21,jamesvanriemsdyk,37,1989-05-04,Middletown,NJ,USA,USA,75,208,2007,PHI,1,2,2
713,8476889,Radek Faksa,DAL,C,https://assets.nhle.com/mugs/nhl/20252026/DAL/8476889.png,https://assets.nhle.com/logos/nhl/svg/DAL_light.svg,12,radekfaksa,32,1994-01-09,Vitkov,,CZE,CZE,75,225,2012,DAL,1,13,13
714,8484136,Max Sasson,VAN,C,https://assets.nhle.com/mugs/nhl/20252026/VAN/8484136.png,https://assets.nhle.com/logos/nhl/svg/VAN_light.svg,63,maxsasson,26,2000-09-05,,,USA,,73,181,-,-,-,-,-
715,8479941,Justin Danforth,BUF,R,https://assets.nhle.com/mugs/nhl/20252026/BUF/8479941.png,https://assets.nhle.com/logos/nhl/svg/BUF_light.svg,15,justindanforth,33,1993-03-15,Oshawa,ON,CAN,CAN,69,190,-,-,-,-,-
716,8483476,Jonathan Lekkerimäki,VAN,R,https://assets.nhle.com/mugs/nhl/20252026/VAN/8483476.png,https://assets.nhle.com/logos/nhl/svg/VAN_light.svg,88,jonathanlekkerimaki,22,2004-07-24,,,SWE,,71,172,2022,VAN,1,15,15
717,8479362,Riley Tufte,BOS,L,https://assets.nhle.com/mugs/nhl/20252026/BOS/8479362.png,https://assets.nhle.com/logos/nhl/svg/BOS_light.svg?season=20252026,10,rileytufte,28,1998-04-10,Coon Rapids,MN,USA,USA,78,230,2016,DAL,1,25,25
718,8484234,Aydar Suniev,CGY,L,https://assets.nhle.com/mugs/nhl/20252026/CGY/8484234.png,https://assets.nhle.com/logos/nhl/svg/CGY_light.svg,61,aydarsuniev,21,2004-11-16,,,RUS,,74,198,2023,CGY,3,16,80
719,8483482,Tristan Luneau,ANA,D,https://assets.nhle.com/mugs/nhl/20252026/ANA/8483482.png,https://assets.nhle.com/logos/nhl/svg/ANA_light.svg,67,tristanluneau,22,2004-01-12,,,CAN,,73,195,2022,ANA,2,21,53
720,8477979,Nicolas Aube-Kubel,MIN,R,https://assets.nhle.com/mugs/nhl/20252026/MIN/8477979.png,https://assets.nhle.com/logos/nhl/svg/MIN_light.svg,16,nicolasaubekubel,30,1996-05-10,Slave Lake,AB,CAN,CAN,72,207,2014,PHI,2,18,48
721,8478434,Keegan Kolesar,VGK,R,https://assets.nhle.com/mugs/nhl/20252026/VGK/8478434.png,https://assets.nhle.com/logos/nhl/svg/VGK_light.svg,55,keegankolesar,29,1997-04-08,Brandon,MB,CAN,CAN,74,217,2015,CBJ,3,8,69
722,8484262,Travis Mitchell,NYI,D,https://assets.nhle.com/mugs/nhl/20252026/NYI/8484262.png,https://assets.nhle.com/logos/nhl/svg/NYI_light.svg,34,travismitch,26,1999-11-25,,,USA,,76,201,-,-,-,-,-
723,8482072,Jack Ahcan,COL,D,https://assets.nhle.com/mugs/nhl/20252026/COL/8482072.png,https://assets.nhle.com/logos/nhl/svg/COL_light.svg,47,jackahcan,29,1997-05-18,Savage,MN,USA,USA,68,180,-,-,-,-,-
724,8481535,Nils Hoglander,VAN,L,https://assets.nhle.com/mugs/nhl/20252026/VAN/8481535.png,https://assets.nhle.com/logos/nhl/svg/VAN_light.svg,21,nilshoglander,25,2000-12-20,BOCKTRäSK,,SWE,SWE,69,185,2019,VAN,2,9,40
725,8482765,Isak Rosen,WPG,R,https://assets.nhle.com/mugs/nhl/20252026/WPG/8482765.png,https://assets.nhle.com/logos/nhl/svg/WPG_light.svg,27,isakrosen,23,2003-03-15,Solna,,SWE,SWE,71,156,2021,BUF,1,14,14
726,8481077,John Leonard,DET,L,https://assets.nhle.com/mugs/nhl/20252026/DET/8481077.png,https://assets.nhle.com/logos/nhl/svg/DET_light.svg?season=20252026,43,johnleonard,28,1998-08-07,Westwood,NJ,USA,USA,71,196,2018,S.J,6,27,182
727,8482698,Tristan Broz,PIT,C,https://assets.nhle.com/mugs/nhl/20252026/PIT/8482698.png,https://assets.nhle.com/logos/nhl/svg/PIT_light.svg,26,tristanbroz,23,2002-10-10,,,USA,,72,178,2021,PIT,2,26,58
728,8482168,Maxim Groshev,TBL,D,https://assets.nhle.com/mugs/nhl/20252026/TBL/8482168.png,https://assets.nhle.com/logos/nhl/svg/TBL_light.svg,52,maximgroshev,24,2001-12-14,,,RUS,,74,198,2020,T.B,3,23,85
729,8482125,Alexander Holtz,VGK,R,https://assets.nhle.com/mugs/nhl/20252026/VGK/8482125.png,https://assets.nhle.com/logos/nhl/svg/VGK_light.svg,10,alexholtz,24,2002-01-23,Stockholm,,SWE,SWE,72,195,2020,N.J,1,7,7
730,8482703,Colton Dach,EDM,C,https://assets.nhle.com/mugs/nhl/20252026/EDM/8482703.png,https://assets.nhle.com/logos/nhl/svg/EDM_light.svg,34,coltondach,23,2003-01-04,St. Albert,AB,CAN,CAN,76,196,2021,CHI,2,30,62
731,8481569,Marshall Warren,NYI,D,https://assets.nhle.com/mugs/nhl/20252026/NYI/8481569.png,https://assets.nhle.com/logos/nhl/svg/NYI_light.svg,41,marshallwarren,25,2001-04-20,,,USA,,71,195,2019,MIN,6,11,166
732,8478874,Adam Gaudette,SJS,R,https://assets.nhle.com/mugs/nhl/20252026/SJS/8478874.png,https://assets.nhle.com/logos/nhl/svg/SJS_light.svg,81,adamgaudette,30,1996-10-03,Braintree,MA,USA,USA,73,194,2015,VAN,5,28,149
733,8474189,Lars Eller,OTT,C,https://assets.nhle.com/mugs/nhl/20252026/OTT/8474189.png,https://assets.nhle.com/logos/nhl/svg/OTT_light.svg,20,larseller,37,1989-05-08,Rodovre,,DNK,DNK,74,205,2007,STL,1,13,13
734,8481186,Logan O'Connor,COL,R,https://assets.nhle.com/mugs/nhl/20252026/COL/8481186.png,https://assets.nhle.com/logos/nhl/svg/COL_light.svg,25,loganoconnor,30,1996-08-14,Missouri City,TX,USA,USA,72,175,-,-,-,-,-
735,8483756,Jared Wright,LAK,R,https://assets.nhle.com/mugs/nhl/20252026/LAK/8483756.png,https://assets.nhle.com/logos/nhl/svg/LAK_light.svg,25,jaredwright,23,2002-11-22,Burnsville,,USA,,73,178,2022,L.A,6,8,169
736,8480762,Eric Robinson,CAR,L,https://assets.nhle.com/mugs/nhl/20252026/CAR/8480762.png,https://assets.nhle.com/logos/nhl/svg/CAR_light.svg,50,ericrobinson,31,1995-06-14,BELLMAWR,NJ,USA,USA,74,205,-,-,-,-,-
737,8476393,Nick Cousins,OTT,C,https://assets.nhle.com/mugs/nhl/20252026/OTT/8476393.png,https://assets.nhle.com/logos/nhl/svg/OTT_light.svg,21,nickcousins,33,1993-07-20,Belleville,ON,CAN,CAN,71,192,2011,PHI,3,7,68
738,8482964,Arber Xhekaj,MTL,D,https://assets.nhle.com/mugs/nhl/20252026/MTL/8482964.png,https://assets.nhle.com/logos/nhl/svg/MTL_light.svg,72,arberxhekaj,25,2001-01-30,Hamilton,ON,CAN,CAN,76,238,-,-,-,-,-
739,8485405,Brady Martin,NSH,C,https://assets.nhle.com/mugs/nhl/20252026/NSH/8485405.png,https://assets.nhle.com/logos/nhl/svg/NSH_light.svg,44,bradymartin,19,2007-03-16,,,CAN,,72,185,2025,NSH,1,5,5
740,8483696,Cole O'Hara,NSH,R,https://assets.nhle.com/mugs/nhl/20252026/NSH/8483696.png,https://assets.nhle.com/logos/nhl/svg/NSH_light.svg,19,coleohara,24,2002-06-20,,,CAN,,72,189,2022,NSH,4,17,114
741,8480829,Jesperi Kotkaniemi,CAR,C,https://assets.nhle.com/mugs/nhl/20252026/CAR/8480829.png,https://assets.nhle.com/logos/nhl/svg/CAR_light.svg,82,jesperikotkaniemi,26,2000-07-06,Pori,,FIN,FIN,74,201,2018,MTL,1,3,3
742,8476624,Barclay Goodrow,SJS,C,https://assets.nhle.com/mugs/nhl/20252026/SJS/8476624.png,https://assets.nhle.com/logos/nhl/svg/SJS_light.svg,23,barclaygoodrow,33,1993-02-26,Toronto,ON,CAN,CAN,74,204,-,-,-,-,-
743,8478046,Danton Heinen,CBJ,L,https://assets.nhle.com/mugs/nhl/20252026/CBJ/8478046.png,https://assets.nhle.com/logos/nhl/svg/CBJ_light.svg,58,dantonheinen,31,1995-07-05,Langley,BC,CAN,CAN,73,188,2014,BOS,4,26,116
744,8483733,Nikita Grebenkin,PHI,R,https://assets.nhle.com/mugs/nhl/20252026/PHI/8483733.png,https://assets.nhle.com/logos/nhl/svg/PHI_light.svg,17,nikitagrebenkin,23,2003-05-02,,,RUS,,74,195,2022,TOR,5,6,135
745,8480853,Liam Foudy,NYI,C,https://assets.nhle.com/mugs/nhl/20252026/NYI/8480853.png,https://assets.nhle.com/logos/nhl/svg/NYI_light.svg,43,liamfoudy,26,2000-02-04,Toronto,ON,CAN,CAN,74,188,2018,CBJ,1,18,18
746,8482896,Tyson Kozak,BUF,C,https://assets.nhle.com/mugs/nhl/20252026/BUF/8482896.png,https://assets.nhle.com/logos/nhl/svg/BUF_light.svg,48,tysonkozak,23,2002-12-29,Souris,MB,CAN,CAN,71,173,2021,BUF,7,1,193
747,8479359,Beck Malenstyn,BUF,L,https://assets.nhle.com/mugs/nhl/20252026/BUF/8479359.png,https://assets.nhle.com/logos/nhl/svg/BUF_light.svg,29,beckmalenstyn,28,1998-02-04,Delta,BC,CAN,CAN,75,200,2016,WSH,5,24,145
748,8483669,Adam Sykora,NYR,L,https://assets.nhle.com/mugs/nhl/20252026/NYR/8483669.png,https://assets.nhle.com/logos/nhl/svg/NYR_light.svg,38,adamsykora,22,2004-09-07,Piestany,,SVK,SVK,70,179,2022,NYR,2,31,63
749,8477380,Jonny Brodzinski,NYR,C,https://assets.nhle.com/mugs/nhl/20252026/NYR/8477380.png,https://assets.nhle.com/logos/nhl/svg/NYR_light.svg,76,jonnybrodzinski,33,1993-06-19,Ham Lake,MN,USA,USA,72,212,2013,L.A,5,27,148
750,8482993,Avery Hayes,PIT,R,https://assets.nhle.com/mugs/nhl/20252026/PIT/8482993.png,https://assets.nhle.com/logos/nhl/svg/PIT_light.svg,85,averyhayes,23,2002-10-10,,,USA,,70,180,-,-,-,-,-
751,8476873,Mark Jankowski,CAR,L,https://assets.nhle.com/mugs/nhl/20252026/CAR/8476873.png,https://assets.nhle.com/logos/nhl/svg/CAR_light.svg,77,markjankowski,32,1994-09-13,Hamilton,ON,CAN,CAN,76,212,2012,CGY,1,21,21
752,8481725,Elmer Soderblom,PIT,L,https://assets.nhle.com/mugs/nhl/20252026/PIT/8481725.png,https://assets.nhle.com/logos/nhl/svg/PIT_light.svg,25,elmersoderblom,25,2001-07-05,Gothenburg,,SWE,SWE,80,246,2019,DET,6,4,159
753,8474090,Brendan Smith,CBJ,D,https://assets.nhle.com/mugs/nhl/20252026/CBJ/8474090.png,https://assets.nhle.com/logos/nhl/svg/CBJ_light.svg,7,brendansmith,37,1989-02-08,Mimico,ON,CAN,CAN,74,200,2007,DET,1,27,27
754,8479520,Brandon Duhaime,WSH,L,https://assets.nhle.com/mugs/nhl/20252026/WSH/8479520.png,https://assets.nhle.com/logos/nhl/svg/WSH_secondary_light.svg,24,brandonduhaime,29,1997-05-22,Coral Springs,FL,USA,USA,74,200,2016,MIN,4,15,106
755,8484160,Nate Danielson,DET,C,https://assets.nhle.com/mugs/nhl/20252026/DET/8484160.png,https://assets.nhle.com/logos/nhl/svg/DET_light.svg?season=20252026,29,nathandannyson,22,2004-09-27,,,CAN,,74,185,2023,DET,1,9,9
756,8479365,Trent Frederic,EDM,C,https://assets.nhle.com/mugs/nhl/20252026/EDM/8479365.png,https://assets.nhle.com/logos/nhl/svg/EDM_light.svg,10,trentfrederic,28,1998-02-11,St. Louis,MO,USA,USA,75,214,2016,BOS,1,29,29
757,8486056,Tyson Gross,CGY,C,https://assets.nhle.com/mugs/nhl/20252026/CGY/8486056.png,https://assets.nhle.com/logos/nhl/svg/CGY_light.svg,39,tysongross,24,2002-09-23,Calgary,,CAN,,75,195,-,-,-,-,-
758,8481093,Rafael Harvey-Pinard,PIT,L,https://assets.nhle.com/mugs/nhl/20252026/PIT/8481093.png,https://assets.nhle.com/logos/nhl/svg/PIT_light.svg,48,rafaelharveypinard,27,1999-01-06,Saguenay,QC,CAN,CAN,69,181,2019,MTL,7,15,201
759,8484242,Brayden Yager,WPG,C,https://assets.nhle.com/mugs/nhl/20252026/WPG/8484242.png,https://assets.nhle.com/logos/nhl/svg/WPG_light.svg,29,braydenyager,21,2005-01-03,,,CAN,,71,180,2023,PIT,1,14,14
760,8484305,Zach Metsa,BUF,D,https://assets.nhle.com/mugs/nhl/20252026/BUF/8484305.png,https://assets.nhle.com/logos/nhl/svg/BUF_light.svg,73,zachmetsa,27,1998-10-19,,,USA,,69,198,-,-,-,-,-
761,8481477,Nico Sturm,MIN,C,https://assets.nhle.com/mugs/nhl/20252026/MIN/8481477.png,https://assets.nhle.com/logos/nhl/svg/MIN_light.svg,78,nicosturm,31,1995-05-03,Augsburg,,DEU,DEU,75,209,-,-,-,-,-
762,8476994,Vinnie Hinostroza,FLA,C,https://assets.nhle.com/mugs/nhl/20252026/FLA/8476994.png,https://assets.nhle.com/logos/nhl/svg/FLA_light.svg,18,vinniehinostroza,32,1994-04-03,Chicago,IL,USA,USA,70,183,2012,CHI,6,18,169
763,8475760,Nick Bjugstad,NJD,C,https://assets.nhle.com/mugs/nhl/20252026/NJD/8475760.png,https://assets.nhle.com/logos/nhl/svg/NJD_light.svg,72,nickbjugstad,34,1992-07-17,Minneapolis,MN,USA,USA,78,209,2010,FLA,1,19,19
764,8479591,Michael Eyssimont,BOS,C,https://assets.nhle.com/mugs/nhl/20252026/BOS/8479591.png,https://assets.nhle.com/logos/nhl/svg/BOS_light.svg?season=20252026,81,michaeleyssimont,30,1996-09-09,Littleton,CO,USA,USA,72,180,2016,L.A,5,21,142
765,8481070,Hugh McGing,STL,L,https://assets.nhle.com/mugs/nhl/20252026/STL/8481070.png,https://assets.nhle.com/logos/nhl/svg/STL_light.svg?season=20252026,56,hughmcging,28,1998-07-11,Chicago,IL,USA,USA,68,176,2018,STL,5,14,138
766,8481712,Matěj  Blümel,BOS,R,https://assets.nhle.com/mugs/nhl/20252026/BOS/8481712.png,https://assets.nhle.com/logos/nhl/svg/BOS_light.svg?season=20252026,13,matejblumel,26,2000-05-31,Tabor,,CZE,CZE,72,200,2019,EDM,4,7,100
767,8480196,Jacob Bryson,WPG,D,https://assets.nhle.com/mugs/nhl/20252026/WPG/8480196.png,https://assets.nhle.com/logos/nhl/svg/WPG_light.svg,78,jakebryson,28,1997-11-18,London,ON,CAN,CAN,69,176,2017,BUF,4,6,99
768,8484406,Ty Mueller,VAN,C,https://assets.nhle.com/mugs/nhl/20252026/VAN/8484406.png,https://assets.nhle.com/logos/nhl/svg/VAN_light.svg,39,tymueller,23,2003-02-26,,,CAN,,71,185,2023,VAN,4,9,105
769,8483452,Hunter Haight,MIN,C,https://assets.nhle.com/mugs/nhl/20252026/MIN/8483452.png,https://assets.nhle.com/logos/nhl/svg/MIN_light.svg,37,hunterhaight,22,2004-04-04,,,CAN,,70,173,2022,MIN,2,15,47
770,8476871,Tanner Pearson,BUF,L,https://assets.nhle.com/mugs/nhl/20252026/BUF/8476871.png,https://assets.nhle.com/logos/nhl/svg/BUF_light.svg,70,tannerpearson,34,1992-08-10,Kitchener,ON,CAN,CAN,73,201,2012,L.A,1,30,30
771,8481532,Alex Turcotte,LAK,C,https://assets.nhle.com/mugs/nhl/20252026/LAK/8481532.png,https://assets.nhle.com/logos/nhl/svg/LAK_light.svg,15,alexturcotte,25,2001-02-26,Elk Grove,IL,USA,USA,71,185,2019,L.A,1,5,5
772,8483471,Brad Lambert,WPG,C,https://assets.nhle.com/mugs/nhl/20252026/WPG/8483471.png,https://assets.nhle.com/logos/nhl/svg/WPG_light.svg,93,bradlambert,22,2003-12-19,,,FIN,,73,173,2022,WPG,1,30,30
773,8481518,Nolan Foote,FLA,L,https://assets.nhle.com/mugs/nhl/20252026/FLA/8481518.png,https://assets.nhle.com/logos/nhl/svg/FLA_light.svg,25,nolanfoote,25,2000-11-29,Denver,CO,USA,USA,75,196,2019,T.B,1,27,27
774,8485385,Braeden Cootes,VAN,C,https://assets.nhle.com/mugs/nhl/20252026/VAN/8485385.png,https://assets.nhle.com/logos/nhl/svg/VAN_light.svg,80,braedencootes,19,2007-02-09,,,CAN,,71,183,2025,VAN,1,15,15
775,8479550,Tanner Laczynski,VGK,C,https://assets.nhle.com/mugs/nhl/20252026/VGK/8479550.png,https://assets.nhle.com/logos/nhl/svg/VGK_light.svg,28,tannerlaczynski,29,1997-06-01,Minooka,IL,USA,USA,73,190,2016,PHI,6,18,169
776,8485493,David Tomasek,EDM,R,https://assets.nhle.com/mugs/nhl/20252026/EDM/8485493.png,https://assets.nhle.com/logos/nhl/svg/EDM_light.svg,86,davidtomasek,30,1996-02-10,,,CZE,,74,210,-,-,-,-,-
777,8479387,Keaton Middleton,COL,D,https://assets.nhle.com/mugs/nhl/20252026/COL/8479387.png,https://assets.nhle.com/logos/nhl/svg/COL_light.svg,67,keatonmiddleton,28,1998-02-10,Edmonton,AB,CAN,CAN,78,240,2016,TOR,4,10,101
778,8477478,William Carrier,CAR,L,https://assets.nhle.com/mugs/nhl/20252026/CAR/8477478.png,https://assets.nhle.com/logos/nhl/svg/CAR_light.svg,28,willcarrier,31,1994-12-20,LaSalle,QC,CAN,CAN,74,218,2013,STL,2,27,57
779,8481715,Hunter Skinner,STL,D,https://assets.nhle.com/mugs/nhl/20252026/STL/8481715.png,https://assets.nhle.com/logos/nhl/svg/STL_light.svg?season=20252026,57,hunterskinner,25,2001-04-29,Wyndotte,MI,USA,USA,75,205,2019,NYR,4,19,112
780,8483766,David Spacek,MIN,D,https://assets.nhle.com/mugs/nhl/20252026/MIN/8483766.png,https://assets.nhle.com/logos/nhl/svg/MIN_light.svg,82,davidspacek,23,2003-02-18,,,USA,,72,174,2022,MIN,5,24,153
781,8482802,Carter Mazur,DET,L,https://assets.nhle.com/mugs/nhl/20252026/DET/8482802.png,https://assets.nhle.com/logos/nhl/svg/DET_light.svg?season=20252026,34,cartermazur,24,2002-03-28,,,USA,,72,170,2021,DET,3,6,70
782,8482785,Justin Robidas,CAR,C,https://assets.nhle.com/mugs/nhl/20252026/CAR/8482785.png,https://assets.nhle.com/logos/nhl/svg/CAR_light.svg,46,justinrobidas,23,2003-03-13,Plano,TX,USA,USA,68,173,2021,CAR,5,19,147
783,8481032,Paul Cotter,NJD,L,https://assets.nhle.com/mugs/nhl/20252026/NJD/8481032.png,https://assets.nhle.com/logos/nhl/svg/NJD_light.svg,47,paulcotter,26,1999-11-16,Canton,MI,USA,USA,74,212,2018,VGK,4,22,115
784,8474149,Evgenii Dadonov,NJD,L,https://assets.nhle.com/mugs/nhl/20252026/NJD/8474149.png,https://assets.nhle.com/logos/nhl/svg/NJD_light.svg,33,evgenydadonov,37,1989-03-12,Chelyabinsk,,RUS,RUS,71,189,2007,FLA,3,10,71
785,8481133,Cole Reinhardt,FLA,L,https://assets.nhle.com/mugs/nhl/20252026/FLA/8481133.png,https://assets.nhle.com/logos/nhl/svg/FLA_light.svg,29,colereinhardt,26,2000-02-01,Calgary,AB,CAN,CAN,72,200,2020,OTT,6,26,181
786,8483609,Adam Klapka,CGY,R,https://assets.nhle.com/mugs/nhl/20252026/CGY/8483609.png,https://assets.nhle.com/logos/nhl/svg/CGY_light.svg,43,adamklapka,26,2000-09-14,Praha,,CZE,CZE,80,235,-,-,-,-,-
787,8477034,Jaycob Megna,VGK,D,https://assets.nhle.com/mugs/nhl/20252026/VGK/8477034.png,https://assets.nhle.com/logos/nhl/svg/VGK_light.svg,88,jaycobmegna,33,1992-12-10,Plantation,FL,USA,USA,78,220,2012,ANA,7,29,210
788,8481560,Arthur Kaliyev,OTT,R,https://assets.nhle.com/mugs/nhl/20252026/OTT/8481560.png,https://assets.nhle.com/logos/nhl/svg/OTT_light.svg,34,arthurkaliyev,25,2001-06-26,New York City,,USA,USA,74,210,2019,L.A,2,2,33
789,8482153,Brendan Brisson,NYR,C,https://assets.nhle.com/mugs/nhl/20252026/NYR/8482153.png,https://assets.nhle.com/logos/nhl/svg/NYR_light.svg,91,brendanbrisson,24,2001-10-22,,,USA,,72,191,2020,VGK,1,29,29
790,8483567,Georgii Merkulov,BOS,C,https://assets.nhle.com/mugs/nhl/20252026/BOS/8483567.png,https://assets.nhle.com/logos/nhl/svg/BOS_light.svg?season=20252026,49,georgiimerkulov,25,2000-10-10,Ryazan,,RUS,RUS,71,179,-,-,-,-,-
791,8483497,Jani Nyman,SEA,R,https://assets.nhle.com/mugs/nhl/20252026/SEA/8483497.png,https://assets.nhle.com/logos/nhl/svg/SEA_light.svg,38,janinyman,22,2004-07-30,,,FIN,,74,212,2022,SEA,2,17,49
792,8484509,Josh Samanski,EDM,C,https://assets.nhle.com/mugs/nhl/20252026/EDM/8484509.png,https://assets.nhle.com/logos/nhl/svg/EDM_light.svg,81,joshsamanski,24,2002-03-22,,,GER,,75,201,-,-,-,-,-
793,8482172,Landon Slaggert,CHI,L,https://assets.nhle.com/mugs/nhl/20252026/CHI/8482172.png,https://assets.nhle.com/logos/nhl/svg/CHI_light.svg?season=20252026,84,landonslaggert,24,2002-06-25,,,USA,,72,180,2020,CHI,3,17,79
794,8482132,Brett Berard,NYR,L,https://assets.nhle.com/mugs/nhl/20252026/NYR/8482132.png,https://assets.nhle.com/logos/nhl/svg/NYR_light.svg,37,brettberard,24,2002-09-09,,,USA,,69,174,2020,NYR,5,10,134
795,8476822,Luke Glendening,PHI,C,https://assets.nhle.com/mugs/nhl/20252026/PHI/8476822.png,https://assets.nhle.com/logos/nhl/svg/PHI_light.svg,41,lukeglendening,37,1989-04-28,Grand Rapids,MI,USA,USA,71,190,-,-,-,-,-
796,8482167,Bogdan Trineyev,WSH,R,https://assets.nhle.com/mugs/nhl/20252026/WSH/8482167.png,https://assets.nhle.com/logos/nhl/svg/WSH_secondary_light.svg,87,bogdantrineyev,24,2002-03-04,Voronezh,,RUS,,75,198,2020,WSH,4,24,117
797,8481237,Kyle MacLean,NYI,C,https://assets.nhle.com/mugs/nhl/20252026/NYI/8481237.png,https://assets.nhle.com/logos/nhl/svg/NYI_light.svg,32,kylemaclean,27,1999-04-29,,,USA,,73,190,-,-,-,-,-
798,8479022,Rodrigo Abols,PHI,C,https://assets.nhle.com/mugs/nhl/20252026/PHI/8479022.png,https://assets.nhle.com/logos/nhl/svg/PHI_light.svg,18,rodrigoabols,30,1996-01-05,Riga,,LVA,LVA,76,187,2016,VAN,7,3,184
799,8475842,Sam Carrick,BUF,C,https://assets.nhle.com/mugs/nhl/20252026/BUF/8475842.png,https://assets.nhle.com/logos/nhl/svg/BUF_light.svg,10,samcarrick,34,1992-02-04,Markham,ON,CAN,CAN,72,200,2010,TOR,5,24,144
800,8481043,Cole Koepke,WPG,L,https://assets.nhle.com/mugs/nhl/20252026/WPG/8481043.png,https://assets.nhle.com/logos/nhl/svg/WPG_light.svg,45,colekoepke,28,1998-05-17,Two Harbors,MN,USA,USA,73,196,2018,T.B,6,28,183
801,8481556,John Beecher,CGY,C,https://assets.nhle.com/mugs/nhl/20252026/CGY/8481556.png,https://assets.nhle.com/logos/nhl/svg/CGY_light.svg,17,johnbeecher,25,2001-04-05,Elmira,NY,USA,USA,75,215,2019,BOS,1,30,30
802,8483465,Joakim Kemell,NSH,R,https://assets.nhle.com/mugs/nhl/20252026/NSH/8483465.png,https://assets.nhle.com/logos/nhl/svg/NSH_light.svg,25,joakimkemell,22,2004-04-27,,,FIN,,71,182,2022,NSH,1,17,17
803,8477903,Garnet Hathaway,PHI,R,https://assets.nhle.com/mugs/nhl/20252026/PHI/8477903.png,https://assets.nhle.com/logos/nhl/svg/PHI_light.svg,21,garnethathaway,34,1991-11-23,Kennebunkport,ME,USA,USA,75,208,-,-,-,-,-
804,8483771,Sandis Vilmanis,FLA,L,https://assets.nhle.com/mugs/nhl/20252026/FLA/8483771.png,https://assets.nhle.com/logos/nhl/svg/FLA_light.svg,95,sandisvilmanis,22,2004-01-23,,,,,73,192,2022,FLA,5,28,157
805,8483463,Aleksanteri Kaskimaki,STL,C,https://assets.nhle.com/mugs/nhl/20252026/STL/8483463.png,https://assets.nhle.com/logos/nhl/svg/STL_light.svg?season=20252026,41,aleksanterikaskimaki,22,2004-02-06,,,FIN,,71,181,2022,STL,3,8,73
806,8481641,Joel Kiviranta,COL,L,https://assets.nhle.com/mugs/nhl/20252026/COL/8481641.png,https://assets.nhle.com/logos/nhl/svg/COL_light.svg,22,joelkiviranta,30,1996-03-23,Vantaa,,FIN,FIN,71,185,-,-,-,-,-
807,8477463,Steven Santini,TBL,D,https://assets.nhle.com/mugs/nhl/20252026/TBL/8477463.png,https://assets.nhle.com/logos/nhl/svg/TBL_light.svg,16,stevensantini,31,1995-03-07,Bronxville,NY,USA,USA,74,209,2013,N.J,2,12,42
808,8483455,Isaac Howard,EDM,L,https://assets.nhle.com/mugs/nhl/20252026/EDM/8483455.png,https://assets.nhle.com/logos/nhl/svg/EDM_light.svg,53,isaachoward,22,2004-03-30,,,USA,,70,180,2022,T.B,1,31,31
809,8481732,Andre Lee,LAK,L,https://assets.nhle.com/mugs/nhl/20252026/LAK/8481732.png,https://assets.nhle.com/logos/nhl/svg/LAK_light.svg,47,andrelee,26,2000-07-26,Karlstad,,Swe,,77,206,2019,L.A,7,2,188
810,8484901,Jacob Quillan,TOR,C,https://assets.nhle.com/mugs/nhl/20252026/TOR/8484901.png,https://assets.nhle.com/logos/nhl/svg/TOR_light.svg,26,jakequillan,24,2002-02-02,,,CAN,,72,201,-,-,-,-,-
811,8482781,Carson Lambos,MIN,D,https://assets.nhle.com/mugs/nhl/20252026/MIN/8482781.png,https://assets.nhle.com/logos/nhl/svg/MIN_light.svg,28,carsonlambos,23,2003-01-14,,,CAN,,73,197,2021,MIN,1,26,26
812,8482451,Mikael Pyyhtia,CBJ,L,https://assets.nhle.com/mugs/nhl/20252026/CBJ/8482451.png,https://assets.nhle.com/logos/nhl/svg/CBJ_light.svg,82,mikaelpyyhtia,24,2001-12-17,Turku,,FIN,FIN,72,166,2020,CBJ,4,21,114
813,8476907,Mackenzie MacEachern,VAN,L,https://assets.nhle.com/mugs/nhl/20252026/VAN/8476907.png,https://assets.nhle.com/logos/nhl/svg/VAN_light.svg,20,mackenziemaceachern,32,1994-03-09,Bloomfield Hills,MI,USA,USA,74,193,2012,STL,3,6,67
814,8482103,Ozzy Wiesblatt,NSH,C,https://assets.nhle.com/mugs/nhl/20252026/NSH/8482103.png,https://assets.nhle.com/logos/nhl/svg/NSH_light.svg,89,ozzywiesblatt,24,2002-03-09,Calgary,AB,CAN,CAN,70,183,2020,S.J,1,31,31
815,8482118,Sam Colangelo,ANA,R,https://assets.nhle.com/mugs/nhl/20252026/ANA/8482118.png,https://assets.nhle.com/logos/nhl/svg/ANA_light.svg,12,samcolangelo,24,2001-12-26,Stoneham,MA,USA,USA,74,205,-,-,-,-,-
816,8481028,Martin Pospisil,CGY,C,https://assets.nhle.com/mugs/nhl/20252026/CGY/8481028.png,https://assets.nhle.com/logos/nhl/svg/CGY_light.svg,76,martinpospisil,26,1999-11-19,Zvolen,,SVK,SVK,74,173,2018,CGY,4,12,105
817,8482859,Zack Ostapchuk,SJS,C,https://assets.nhle.com/mugs/nhl/20252026/SJS/8482859.png,https://assets.nhle.com/logos/nhl/svg/SJS_light.svg,63,zackostapchuk,23,2003-05-29,St. Albert,AB,CAN,CAN,75,205,2021,OTT,2,7,39
818,8483553,Marc Gatcomb,NYI,C,https://assets.nhle.com/mugs/nhl/20252026/NYI/8483553.png,https://assets.nhle.com/logos/nhl/svg/NYI_light.svg,17,marcgatcomb,27,1999-07-22,,,USA,,74,195,-,-,-,-,-
819,8477401,John Hayden,SEA,C,https://assets.nhle.com/mugs/nhl/20252026/SEA/8477401.png,https://assets.nhle.com/logos/nhl/svg/SEA_light.svg,15,johnhayden,31,1995-02-14,Chicago,IL,USA,USA,75,223,2013,CHI,3,13,74
820,8481161,Jake Christiansen,CBJ,D,https://assets.nhle.com/mugs/nhl/20252026/CBJ/8481161.png,https://assets.nhle.com/logos/nhl/svg/CBJ_light.svg,2,jakechristiansen,27,1999-09-12,West Vancouver,BC,CAN,CAN,72,193,-,-,-,-,-
821,8481655,Cole Schwindt,FLA,R,https://assets.nhle.com/mugs/nhl/20252026/FLA/8481655.png,https://assets.nhle.com/logos/nhl/svg/FLA_light.svg,79,coleschwindt,25,2001-04-25,Kitchener,ON,CAN,CAN,74,182,2019,FLA,3,19,81
822,8477454,Adam Erne,DAL,L,https://assets.nhle.com/mugs/nhl/20252026/DAL/8477454.png,https://assets.nhle.com/logos/nhl/svg/DAL_light.svg,73,adamerne,31,1995-04-20,New Haven,CT,USA,USA,73,212,2013,T.B,2,3,33
823,8482747,Brennan Othmann,CGY,L,https://assets.nhle.com/mugs/nhl/20252026/CGY/8482747.png,https://assets.nhle.com/logos/nhl/svg/CGY_light.svg,78,brennanothmann,23,2003-01-05,Scarborough,ON,CAN,CAN,72,188,2021,NYR,1,16,16
824,8481491,Noah Philp,CAR,C,https://assets.nhle.com/mugs/nhl/20252026/CAR/8481491.png,https://assets.nhle.com/logos/nhl/svg/CAR_light.svg,15,noahphilp,28,1998-08-31,,,CAN,,75,198,-,-,-,-,-
825,8483447,Conor Geekie,TBL,C,https://assets.nhle.com/mugs/nhl/20252026/TBL/8483447.png,https://assets.nhle.com/logos/nhl/svg/TBL_light.svg,94,conorgeekie,22,2004-05-05,,,CAN,,76,207,2022,ARI,1,11,11
826,8480245,Olle Lycksell,OTT,R,https://assets.nhle.com/mugs/nhl/20252026/OTT/8480245.png,https://assets.nhle.com/logos/nhl/svg/OTT_light.svg,15,ollelycksell,27,1999-08-24,Oskarshamn,,SWE,SWE,70,163,2017,PHI,6,13,168
827,8477996,Juho Lammikko,NJD,C,https://assets.nhle.com/mugs/nhl/20252026/NJD/8477996.png,https://assets.nhle.com/logos/nhl/svg/NJD_light.svg,83,juholammikko,30,1996-01-29,Noormarkku,,FIN,FIN,74,191,2014,FLA,3,5,65
828,8482525,Ryan Tverberg,TOR,C,https://assets.nhle.com/mugs/nhl/20252026/TOR/8482525.png,https://assets.nhle.com/logos/nhl/svg/TOR_light.svg,77,ryantverberg,24,2002-01-30,,,CAN,,71,187,2020,TOR,7,27,213
829,8477993,Justin Kirkland,CGY,C,https://assets.nhle.com/mugs/nhl/20252026/CGY/8477993.png,https://assets.nhle.com/logos/nhl/svg/CGY_light.svg,23,justinkirkland,30,1996-08-02,Winnipeg,MB,CAN,CAN,75,183,2014,NSH,3,2,62
830,8482749,Joshua Roy,MTL,R,https://assets.nhle.com/mugs/nhl/20252026/MTL/8482749.png,https://assets.nhle.com/logos/nhl/svg/MTL_light.svg,N/A,joshroy,23,2003-08-06,Saint-Georges-De-Beauce,QC,CAN,CAN,72,193,2021,MTL,5,22,150
831,8484135,Parker Ford,WPG,C,https://assets.nhle.com/mugs/nhl/20252026/WPG/8484135.png,https://assets.nhle.com/logos/nhl/svg/WPG_light.svg,25,parkerford,26,2000-07-20,,,USA,,69,181,-,-,-,-,-
832,8477527,Ross Johnston,ANA,L,https://assets.nhle.com/mugs/nhl/20252026/ANA/8477527.png,https://assets.nhle.com/logos/nhl/svg/ANA_light.svg,49,rossjohnston,32,1994-02-18,Charlottetown,PE,CAN,CAN,77,230,-,-,-,-,-
833,8479291,Kevin Rooney,UTA,C,https://assets.nhle.com/mugs/nhl/20252026/UTA/8479291.png,https://assets.nhle.com/logos/nhl/svg/UTA_light.svg?season=20252026,25,kevinrooney,33,1993-05-21,Canton,MA,USA,USA,74,190,-,-,-,-,-
834,8479944,Zachary Aston-Reese,CBJ,L,https://assets.nhle.com/mugs/nhl/20252026/CBJ/8479944.png,https://assets.nhle.com/logos/nhl/svg/CBJ_light.svg,21,zacharyastonreese,,,,,,,,,,,,,
835,8482090,Jack Finley,STL,C,https://assets.nhle.com/mugs/nhl/20252026/STL/8482090.png,https://assets.nhle.com/logos/nhl/svg/STL_light.svg?season=20252026,37,jackfinley,24,2002-09-02,,,USA,,78,220,2020,T.B,2,26,57
836,8479316,Luke Kunin,FLA,C,https://assets.nhle.com/mugs/nhl/20252026/FLA/8479316.png,https://assets.nhle.com/logos/nhl/svg/FLA_light.svg,71,lukekunin,28,1997-12-04,Chesterfield,MO,USA,USA,72,197,2016,MIN,1,15,15
837,8483546,Marshall Rifai,TOR,D,https://assets.nhle.com/mugs/nhl/20252026/TOR/8483546.png,https://assets.nhle.com/logos/nhl/svg/TOR_light.svg,83,marshallrifai,28,1998-03-16,,,CAN,,72,185,-,-,-,-,-
838,8483513,Reid Schaefer,NSH,L,https://assets.nhle.com/mugs/nhl/20252026/NSH/8483513.png,https://assets.nhle.com/logos/nhl/svg/NSH_light.svg,49,reidschaefer,23,2003-09-21,,,CAN,,77,226,2022,EDM,1,32,32
839,8483491,Ivan Miroshnichenko,WSH,L,https://assets.nhle.com/mugs/nhl/20252026/WSH/8483491.png,https://assets.nhle.com/logos/nhl/svg/WSH_secondary_light.svg,63,ivanmiroshnichenko,22,2004-02-04,,,RUS,,73,185,2022,WSH,1,20,20
840,8484403,Florian Xhekaj,MTL,L,https://assets.nhle.com/mugs/nhl/20252026/MTL/8484403.png,https://assets.nhle.com/logos/nhl/svg/MTL_light.svg,63,florianxhekaj,22,2004-06-27,,,CAN,,75,188,2023,MTL,4,5,101
841,8478424,Jansen Harkins,ANA,C,https://assets.nhle.com/mugs/nhl/20252026/ANA/8478424.png,https://assets.nhle.com/logos/nhl/svg/ANA_light.svg,10,jansenharkins,29,1997-05-23,Cleveland,OH,USA,USA,73,182,2015,WPG,2,17,47
842,8482070,Mitchell Chaffee,TBL,R,https://assets.nhle.com/mugs/nhl/20252026/TBL/8482070.png,https://assets.nhle.com/logos/nhl/svg/TBL_light.svg,26,mitchchaffee,28,1998-01-26,Rockford,MI,USA,USA,73,201,-,-,-,-,-
843,8479393,Noah Gregor,FLA,L,https://assets.nhle.com/mugs/nhl/20252026/FLA/8479393.png,https://assets.nhle.com/logos/nhl/svg/FLA_light.svg,73,noahgregor,28,1998-07-28,Beaumont,AB,CAN,CAN,72,190,2016,S.J,4,20,111
844,8484149,Gavin Brindley,COL,C,https://assets.nhle.com/mugs/nhl/20252026/COL/8484149.png,https://assets.nhle.com/logos/nhl/svg/COL_light.svg,54,gavinbrindley,22,2004-10-05,,,USA,,69,175,2023,CBJ,2,2,34
845,8476425,Joseph LaBate,VAN,C,https://assets.nhle.com/mugs/nhl/20252026/VAN/8476425.png,https://assets.nhle.com/logos/nhl/svg/VAN_light.svg,14,josephlabate,33,1993-04-16,Burnsville,MN,USA,USA,77,210,2011,VAN,4,10,101
846,8482192,Isaak Phillips,WPG,D,https://assets.nhle.com/mugs/nhl/20252026/WPG/8482192.png,https://assets.nhle.com/logos/nhl/svg/WPG_light.svg,3,isaakphillips,25,2001-09-28,Barrie,ON,CAN,CAN,75,205,2020,CHI,5,17,141
847,8482652,Walker Duehr,WPG,R,https://assets.nhle.com/mugs/nhl/20252026/WPG/8482652.png,https://assets.nhle.com/logos/nhl/svg/WPG_light.svg,71,walkerduehr,28,1997-11-23,Sioux Falls,SD,USA,USA,74,210,-,-,-,-,-
848,8482623,Josh Dunne,BUF,C,https://assets.nhle.com/mugs/nhl/20252026/BUF/8482623.png,https://assets.nhle.com/logos/nhl/svg/BUF_light.svg,40,joshdunne,27,1998-12-08,O'Fallon,MO,USA,USA,76,211,-,-,-,-,-
849,8483406,Taylor Ward,LAK,R,https://assets.nhle.com/mugs/nhl/20252026/LAK/8483406.png,https://assets.nhle.com/logos/nhl/svg/LAK_light.svg,17,taylorward,28,1998-03-31,,,CAN,,74,207,-,-,-,-,-
850,8481726,Adam Edstrom,NYR,C,https://assets.nhle.com/mugs/nhl/20252026/NYR/8481726.png,https://assets.nhle.com/logos/nhl/svg/NYR_light.svg,84,adamedstrom,25,2000-10-12,,,SWE,SWE,79,220,2019,NYR,6,6,161
851,8482663,Dylan Duke,TBL,L,https://assets.nhle.com/mugs/nhl/20252026/TBL/8482663.png,https://assets.nhle.com/logos/nhl/svg/TBL_light.svg,53,dylanduke,23,2003-03-04,,,USA,,70,177,2021,T.B,4,30,126
852,8482874,Jacob Melanson,SEA,R,https://assets.nhle.com/mugs/nhl/20252026/SEA/8482874.png,https://assets.nhle.com/logos/nhl/svg/SEA_light.svg,63,jakemelanson,23,2003-04-22,Halifax,NS,CAN,CAN,71,190,2021,SEA,5,3,131
853,8479293,Brandon Tanev,UTA,L,https://assets.nhle.com/mugs/nhl/20252026/UTA/8479293.png,https://assets.nhle.com/logos/nhl/svg/UTA_light.svg?season=20252026,13,brandontanev,34,1991-12-31,Toronto,ON,CAN,CAN,72,189,-,-,-,-,-
854,8481592,Jakob Pelletier,TBL,L,https://assets.nhle.com/mugs/nhl/20252026/TBL/8481592.png,https://assets.nhle.com/logos/nhl/svg/TBL_light.svg,22,jakobpelletier,25,2001-03-07,Québec,QC,CAN,CAN,69,170,2019,CGY,1,26,26
855,8484821,Sam Morton,CGY,C,https://assets.nhle.com/mugs/nhl/20252026/CGY/8484821.png,https://assets.nhle.com/logos/nhl/svg/CGY_light.svg,45,sammorton,27,1999-07-28,,,USA,,72,185,-,-,-,-,-
856,8475795,Dylan McIlrath,WSH,D,https://assets.nhle.com/mugs/nhl/20252026/WSH/8475795.png,https://assets.nhle.com/logos/nhl/svg/WSH_secondary_light.svg,52,dylanmcilrath,34,1992-04-20,Winnipeg,MB,CAN,CAN,77,232,2010,NYR,1,10,10
857,8484793,Sacha Boisvert,CHI,C,https://assets.nhle.com/mugs/nhl/20252026/CHI/8484793.png,https://assets.nhle.com/logos/nhl/svg/CHI_light.svg?season=20252026,90,sachaboisvert,20,2006-03-17,Trois-Rivières,,CAN,,74,176,2024,CHI,1,18,18
858,8484168,Oscar Fisker Molgaard,SEA,C,https://assets.nhle.com/mugs/nhl/20252026/SEA/8484168.png,https://assets.nhle.com/logos/nhl/svg/SEA_light.svg,78,oscarfiskermolgaard,21,2005-02-18,,,DEN,,72,168,2023,SEA,2,20,52
859,8483395,Arshdeep Bains,VAN,L,https://assets.nhle.com/mugs/nhl/20252026/VAN/8483395.png,https://assets.nhle.com/logos/nhl/svg/VAN_light.svg,13,arshdeepbains,25,2001-01-09,Surrey,BC,CAN,CAN,72,184,-,-,-,-,-
860,8482787,Nikita Chibrikov,WPG,R,https://assets.nhle.com/mugs/nhl/20252026/WPG/8482787.png,https://assets.nhle.com/logos/nhl/svg/WPG_light.svg,90,nikitachibrikov,23,2003-02-16,,,RUS,,70,170,2021,WPG,2,18,50
861,8483424,Owen Beck,MTL,C,https://assets.nhle.com/mugs/nhl/20252026/MTL/8483424.png,https://assets.nhle.com/logos/nhl/svg/MTL_light.svg,62,owenbeck,22,2004-02-03,Peterborough,ON,CAN,CAN,71,190,2022,MTL,2,1,33
862,8476952,Dominic Toninato,CHI,C,https://assets.nhle.com/mugs/nhl/20252026/CHI/8476952.png,https://assets.nhle.com/logos/nhl/svg/CHI_light.svg?season=20252026,25,dominictoninato,32,1994-03-09,Duluth,MN,USA,USA,74,191,2012,TOR,5,5,126
863,8482877,Jaroslav Chmelar,NYR,R,https://assets.nhle.com/mugs/nhl/20252026/NYR/8482877.png,https://assets.nhle.com/logos/nhl/svg/NYR_light.svg,49,jaroslavchmelar,23,2003-07-20,,,CZE,,76,198,2021,NYR,5,16,144
864,8477070,Liam O'Brien,UTA,C,https://assets.nhle.com/mugs/nhl/20252026/UTA/8477070.png,https://assets.nhle.com/logos/nhl/svg/UTA_light.svg?season=20252026,38,liamobrien,32,1994-07-29,Halifax,NS,CAN,CAN,73,213,-,-,-,-,-
865,8479644,Matt Luff,STL,R,https://assets.nhle.com/mugs/nhl/20252026/STL/8479644.png,https://assets.nhle.com/logos/nhl/svg/STL_light.svg?season=20252026,25,mattluff,29,1997-05-05,Oakville,ON,CAN,CAN,74,196,-,-,-,-,-
866,8484958,Maxim Tsyplakov,NJD,R,https://assets.nhle.com/mugs/nhl/20252026/NJD/8484958.png,https://assets.nhle.com/logos/nhl/svg/NJD_light.svg,72,maximtsyplakov,28,1998-09-19,,,RUS,,75,210,-,-,-,-,-
867,8483432,Luca Del Bel Belluz,CBJ,C,https://assets.nhle.com/mugs/nhl/20252026/CBJ/8483432.png,https://assets.nhle.com/logos/nhl/svg/CBJ_light.svg,93,lucadelbelbelluz,22,2003-11-10,,,CAN,,73,184,2022,CBJ,2,12,44
868,8479066,Ryan Lomberg,CGY,L,https://assets.nhle.com/mugs/nhl/20252026/CGY/8479066.png,https://assets.nhle.com/logos/nhl/svg/CGY_light.svg,94,ryanlomberg,32,1994-09-12,Richmond Hill,ON,CAN,CAN,69,187,-,-,-,-,-
869,8481564,Ryan Johnson,BUF,D,https://assets.nhle.com/mugs/nhl/20252026/BUF/8481564.png,https://assets.nhle.com/logos/nhl/svg/BUF_light.svg,33,ryanjohnsonD,25,2001-07-24,,,USA,,72,170,2019,BUF,1,31,31
870,8484779,Jett Luchanko,PHI,C,https://assets.nhle.com/mugs/nhl/20252026/PHI/8484779.png,https://assets.nhle.com/logos/nhl/svg/PHI_light.svg,77,jettluchanko,20,2006-08-21,,,CAN,,71,180,2024,PHI,1,13,13
871,8478211,Dryden Hunt,CGY,L,https://assets.nhle.com/mugs/nhl/20252026/CGY/8478211.png,https://assets.nhle.com/logos/nhl/svg/CGY_light.svg,15,drydenhunt,30,1995-11-24,Cranbrook,BC,CAN,CAN,72,193,-,-,-,-,-
872,8477508,Curtis Lazar,EDM,C,https://assets.nhle.com/mugs/nhl/20252026/EDM/8477508.png,https://assets.nhle.com/logos/nhl/svg/EDM_light.svg,20,curtislazar,31,1995-02-02,Salmon Arm,BC,CAN,CAN,72,203,2013,OTT,1,17,17
873,8477947,Sonny Milano,WSH,L,https://assets.nhle.com/mugs/nhl/20252026/WSH/8477947.png,https://assets.nhle.com/logos/nhl/svg/WSH_secondary_light.svg,15,sonnymilano,30,1996-05-12,Massapequa,NY,USA,USA,72,194,2014,CBJ,1,16,16
874,8480825,Patrick Giles,SJS,R,https://assets.nhle.com/mugs/nhl/20252026/SJS/8480825.png,https://assets.nhle.com/logos/nhl/svg/SJS_light.svg,54,patgiles,26,2000-01-03,Chevy Chase,MD,USA,USA,76,203,-,-,-,-,-
875,8478967,Lane Pederson,PHI,C,https://assets.nhle.com/mugs/nhl/20252026/PHI/8478967.png,https://assets.nhle.com/logos/nhl/svg/PHI_light.svg,29,lanepederson,29,1997-08-04,Saskatoon,SK,CAN,CAN,72,192,-,-,-,-,-
876,8481704,Juuso Parssinen,NYR,C,https://assets.nhle.com/mugs/nhl/20252026/NYR/8481704.png,https://assets.nhle.com/logos/nhl/svg/NYR_light.svg,71,juusoparssinen,25,2001-02-01,Hameenlinna,,FIN,FIN,75,212,2019,NSH,7,24,210
877,8482148,Hendrix Lapierre,WSH,C,https://assets.nhle.com/mugs/nhl/20252026/WSH/8482148.png,https://assets.nhle.com/logos/nhl/svg/WSH_secondary_light.svg,22,hendrixlapierre,24,2002-02-09,Gatineau,QC,CAN,CAN,72,180,2020,WSH,1,22,22
878,8480259,Ben Jones,MIN,C,https://assets.nhle.com/mugs/nhl/20252026/MIN/8480259.png,https://assets.nhle.com/logos/nhl/svg/MIN_light.svg,18,benjones,27,1999-02-26,Waterloo,ON,CAN,CAN,72,187,2017,VGK,7,3,189
879,8482408,Jeff Malott,LAK,L,https://assets.nhle.com/mugs/nhl/20252026/LAK/8482408.png,https://assets.nhle.com/logos/nhl/svg/LAK_light.svg,39,jeffmalott,30,1996-08-07,Burlington,ON,CAN,CAN,75,201,-,-,-,-,-
880,8477971,Andreas Englund,NSH,D,https://assets.nhle.com/mugs/nhl/20252026/NSH/8477971.png,https://assets.nhle.com/logos/nhl/svg/NSH_light.svg,24,andreasenglund,30,1996-01-21,Stockholm,,SWE,SWE,75,189,2014,OTT,2,10,40
881,8481848,Jacob Gaucher,PHI,C,https://assets.nhle.com/mugs/nhl/20252026/PHI/8481848.png,https://assets.nhle.com/logos/nhl/svg/PHI_light.svg,78,jakegaucher,25,2001-03-09,,,CAN,,75,185,-,-,-,-,-
882,8479421,Jacob Moverare,LAK,D,https://assets.nhle.com/mugs/nhl/20252026/LAK/8479421.png,https://assets.nhle.com/logos/nhl/svg/LAK_light.svg,43,jakemoverare,28,1998-08-31,Ostersund,,SWE,SWE,75,210,2016,L.A,4,21,112
883,8483728,Jared Davidson,MTL,C,https://assets.nhle.com/mugs/nhl/20252026/MTL/8483728.png,https://assets.nhle.com/logos/nhl/svg/MTL_light.svg,49,jareddavidson,24,2002-07-07,,,CAN,,71,188,2022,MTL,5,1,130
884,8475253,Garrett Wilson,PHI,L,https://assets.nhle.com/mugs/nhl/20252026/PHI/8475253.png,https://assets.nhle.com/logos/nhl/svg/PHI_light.svg,10,garrettwilson,35,1991-03-16,Barrie,ON,CAN,CAN,74,218,2009,FLA,4,16,107
885,8482496,Nils Aman,VAN,C,https://assets.nhle.com/mugs/nhl/20252026/VAN/8482496.png,https://assets.nhle.com/logos/nhl/svg/VAN_light.svg,88,nilsaman,26,2000-02-07,Avesta,,SWE,SWE,74,179,2020,COL,6,12,167
886,8483675,Kenny Connors,LAK,C,https://assets.nhle.com/mugs/nhl/20252026/LAK/8483675.png,https://assets.nhle.com/logos/nhl/svg/LAK_light.svg,34,kennyconnors,23,2003-03-10,Glen Mills,,USA,,73,199,2022,L.A,4,6,103
887,8479414,Nathan Bastian,DAL,R,https://assets.nhle.com/mugs/nhl/20252026/DAL/8479414.png,https://assets.nhle.com/logos/nhl/svg/DAL_light.svg,11,nathanbastian,28,1997-12-06,Kitchener,ON,CAN,CAN,76,205,2016,N.J,2,11,41
888,8482460,Matt Rempe,NYR,C,https://assets.nhle.com/mugs/nhl/20252026/NYR/8482460.png,https://assets.nhle.com/logos/nhl/svg/NYR_light.svg,73,mattrempe,24,2002-06-29,Calgary,AB,CAN,CAN,80,240,2020,NYR,6,10,165
889,8481065,Angus Crookshank,NJD,C,https://assets.nhle.com/mugs/nhl/20252026/NJD/8481065.png,https://assets.nhle.com/logos/nhl/svg/NJD_light.svg,28,anguscrookshank,27,1999-10-02,North Vancouver,BC,CAN,CAN,70,181,2018,OTT,5,2,126
890,8478043,Sam Lafferty,CHI,C,https://assets.nhle.com/mugs/nhl/20252026/CHI/8478043.png,https://assets.nhle.com/logos/nhl/svg/CHI_light.svg?season=20252026,18,samlafferty,31,1995-03-06,Hollidaysburg,PA,USA,USA,73,195,2014,PIT,4,23,113
891,8481517,Brett Leason,WSH,R,https://assets.nhle.com/mugs/nhl/20252026/WSH/8481517.png,https://assets.nhle.com/logos/nhl/svg/WSH_secondary_light.svg,17,brettleason,27,1999-04-30,Calgary,AB,CAN,CAN,77,218,2019,WSH,2,25,56
892,8483841,Xavier Parent,NJD,C,https://assets.nhle.com/mugs/nhl/20252026/NJD/8483841.png,https://assets.nhle.com/logos/nhl/svg/NJD_light.svg,67,xavierparent,25,2001-03-23,,,CAN,,68,170,-,-,-,-,-
893,8481534,Raphael Lavoie,VGK,C,https://assets.nhle.com/mugs/nhl/20252026/VGK/8481534.png,https://assets.nhle.com/logos/nhl/svg/VGK_light.svg,36,raphaellavoie,26,2000-09-25,Chambly,QC,CAN,CAN,76,196,2019,EDM,2,7,38
894,8475235,Nicolas Deslauriers,CAR,L,https://assets.nhle.com/mugs/nhl/20252026/CAR/8475235.png,https://assets.nhle.com/logos/nhl/svg/CAR_light.svg,44,nicolasdeslauriers,35,1991-02-22,LaSalle,QC,CAN,CAN,73,220,2009,L.A,3,23,84
895,8483676,Stephen Halliday,OTT,C,https://assets.nhle.com/mugs/nhl/20252026/OTT/8483676.png,https://assets.nhle.com/logos/nhl/svg/OTT_light.svg,34,stephenhalliday,24,2002-07-02,,,CAN,,75,213,2022,OTT,4,7,104
896,8483433,Jack Devine,FLA,R,https://assets.nhle.com/mugs/nhl/20252026/FLA/8483433.png,https://assets.nhle.com/logos/nhl/svg/FLA_light.svg,38,jackdevine,23,2003-10-01,,,USA,,71,173,2022,FLA,7,28,221
897,8478104,Sammy Blais,MTL,L,https://assets.nhle.com/mugs/nhl/20252026/MTL/8478104.png,https://assets.nhle.com/logos/nhl/svg/MTL_light.svg,79,samuelblais,30,1996-06-17,Montmagny,QC,CAN,CAN,74,206,2014,STL,6,26,176
898,8479718,Alex Barré-Boulet,COL,C,https://assets.nhle.com/mugs/nhl/20252026/COL/8479718.png,https://assets.nhle.com/logos/nhl/svg/COL_light.svg,16,alexbarreboulet,29,1997-05-21,Montmagny,QC,CAN,CAN,70,180,-,-,-,-,-
899,8478062,Dysin Mayo,CBJ,D,https://assets.nhle.com/mugs/nhl/20252026/CBJ/8478062.png,https://assets.nhle.com/logos/nhl/svg/CBJ_light.svg,37,dysinmayo,30,1996-08-17,Victoria,BC,CAN,CAN,74,183,2014,ARI,5,13,133
900,8479368,Max Jones,EDM,L,https://assets.nhle.com/mugs/nhl/20252026/EDM/8479368.png,https://assets.nhle.com/logos/nhl/svg/EDM_light.svg,46,maxjones,28,1998-02-17,Rochester,MI,USA,USA,75,216,2016,ANA,1,24,24
901,8481594,Nathan Légaré,NJD,R,https://assets.nhle.com/mugs/nhl/20252026/NJD/8481594.png,https://assets.nhle.com/logos/nhl/svg/NJD_light.svg,37,nathanlegare,25,2001-01-11,Montreal,QC,CAN,CAN,72,205,2019,PIT,3,12,74
902,8476391,T.J. Tynan,COL,C,https://assets.nhle.com/mugs/nhl/20252026/COL/8476391.png,https://assets.nhle.com/logos/nhl/svg/COL_light.svg,9,tjtynan,34,1992-02-25,Orland Park,IL,USA,USA,68,165,2011,CBJ,3,5,66
903,8483397,Marc McLaughlin,NJD,C,https://assets.nhle.com/mugs/nhl/20252026/NJD/8483397.png,https://assets.nhle.com/logos/nhl/svg/NJD_light.svg,21,marcmclaughlin,27,1999-07-26,North Billerica,MA,USA,USA,72,203,-,-,-,-,-
904,8483444,Nathan Gaucher,ANA,C,https://assets.nhle.com/mugs/nhl/20252026/ANA/8483444.png,https://assets.nhle.com/logos/nhl/svg/ANA_light.svg,41,nathangaucher,22,2003-11-06,Chambly,QC,CAN,CAN,75,208,2022,ANA,1,22,22
905,8482162,Roby Jarventie,EDM,L,https://assets.nhle.com/mugs/nhl/20252026/EDM/8482162.png,https://assets.nhle.com/logos/nhl/svg/EDM_light.svg,61,robyjarventie,24,2002-08-08,Tampere,,FIN,FIN,74,184,2020,OTT,2,2,33
906,8485511,Quinn Hutson,EDM,R,https://assets.nhle.com/mugs/nhl/20252026/EDM/8485511.png,https://assets.nhle.com/logos/nhl/svg/EDM_light.svg,23,quinnhutson,24,2002-01-01,,,USA,,71,170,-,-,-,-,-
907,8482726,Samuel Helenius,LAK,C,https://assets.nhle.com/mugs/nhl/20252026/LAK/8482726.png,https://assets.nhle.com/logos/nhl/svg/LAK_light.svg,79,samuelhelenius,23,2002-11-26,,,USA,,78,201,2021,L.A,2,27,59
908,8477149,Scott Sabourin,TBL,R,https://assets.nhle.com/mugs/nhl/20252026/TBL/8477149.png,https://assets.nhle.com/logos/nhl/svg/TBL_light.svg,49,scottsabourin,34,1992-07-30,Orleans,ON,CAN,CAN,75,208,-,-,-,-,-
909,8479981,Jonah Gadjovich,FLA,L,https://assets.nhle.com/mugs/nhl/20252026/FLA/8479981.png,https://assets.nhle.com/logos/nhl/svg/FLA_light.svg,12,jonahgadjovich,27,1998-10-12,Whitby,ON,CAN,CAN,74,209,2017,VAN,2,24,55
910,8471817,Ryan Reaves,SJS,R,https://assets.nhle.com/mugs/nhl/20252026/SJS/8471817.png,https://assets.nhle.com/logos/nhl/svg/SJS_light.svg,75,ryanreaves,39,1987-01-20,Winnipeg,MB,CAN,CAN,74,225,2005,STL,5,31,156
911,8475752,Tyler Pitlick,MIN,C,https://assets.nhle.com/mugs/nhl/20252026/MIN/8475752.png,https://assets.nhle.com/logos/nhl/svg/MIN_light.svg,19,tylerpitlick,34,1991-11-01,Minneapolis,MN,USA,USA,74,200,2010,EDM,2,1,31
912,8477320,Anton Blidh,NYR,L,https://assets.nhle.com/mugs/nhl/20252026/NYR/8477320.png,https://assets.nhle.com/logos/nhl/svg/NYR_light.svg,25,antonblidh,31,1995-03-14,Molnlycke,,SWE,SWE,73,197,2013,BOS,6,29,180
913,8478147,Bokondji Imama,PIT,L,https://assets.nhle.com/mugs/nhl/20252026/PIT/8478147.png,https://assets.nhle.com/logos/nhl/svg/PIT_light.svg,14,bokondjiimama,30,1996-08-03,Montreal,QC,CAN,CAN,73,221,2015,T.B,6,29,180
914,8483531,Brian Halonen,NJD,L,https://assets.nhle.com/mugs/nhl/20252026/NJD/8483531.png,https://assets.nhle.com/logos/nhl/svg/NJD_light.svg,48,brianhalonen,27,1999-01-11,,,USA,,72,207,-,-,-,-,-
915,8483526,Danil Zhilkin,WPG,C,https://assets.nhle.com/mugs/nhl/20252026/WPG/8483526.png,https://assets.nhle.com/logos/nhl/svg/WPG_light.svg,53,danilzhilkin,22,2003-12-19,,,RUS,,73,192,2022,WPG,3,12,77
916,8484255,Jason Polin,COL,R,https://assets.nhle.com/mugs/nhl/20252026/COL/8484255.png,https://assets.nhle.com/logos/nhl/svg/COL_light.svg,41,jasonpolin,27,1999-06-17,,,USA,,72,198,-,-,-,-,-
917,8483930,Ivan Ivan,COL,C,https://assets.nhle.com/mugs/nhl/20252026/COL/8483930.png,https://assets.nhle.com/logos/nhl/svg/COL_light.svg,49,ivanivan,24,2002-08-20,,,CZE,,72,190,-,-,-,-,-
918,8482941,Shane Lachance,NJD,L,https://assets.nhle.com/mugs/nhl/20252026/NJD/8482941.png,https://assets.nhle.com/logos/nhl/svg/NJD_light.svg,20,shanelachance,23,2003-08-30,,,USA,,76,195,2021,EDM,6,26,186
919,8478888,Cameron Hughes,DAL,C,https://assets.nhle.com/mugs/nhl/20252026/DAL/8478888.png,https://assets.nhle.com/logos/nhl/svg/DAL_light.svg,34,camhughes,29,1996-10-09,Edmonton,AB,CAN,CAN,72,183,2015,BOS,6,14,165
920,8482766,William Stromgren,CGY,L,https://assets.nhle.com/mugs/nhl/20252026/CGY/8482766.png,https://assets.nhle.com/logos/nhl/svg/CGY_light.svg,65,willstromgren,23,2003-06-07,,,SWE,,75,175,2021,CGY,2,13,45
921,8484529,Connor Clattenburg,EDM,C,https://assets.nhle.com/mugs/nhl/20252026/EDM/8484529.png,https://assets.nhle.com/logos/nhl/svg/EDM_light.svg,64,connorclattenburg,21,2005-05-02,,,CAN,,76,195,2024,EDM,5,31,160
922,8482947,Zakhar Bardakov,COL,C,https://assets.nhle.com/mugs/nhl/20252026/COL/8482947.png,https://assets.nhle.com/logos/nhl/svg/COL_light.svg,93,zakharbardakov,25,2001-02-24,,,RUS,,74,198,2021,N.J,7,11,203
923,8475413,Justin Dowling,NYR,C,https://assets.nhle.com/mugs/nhl/20252026/NYR/8475413.png,https://assets.nhle.com/logos/nhl/svg/NYR_light.svg,37,justindowling,36,1990-10-01,Calgary,AB,CAN,CAN,70,180,-,-,-,-,-
924,8478409,Anthony Richard,PHI,C,https://assets.nhle.com/mugs/nhl/20252026/PHI/8478409.png,https://assets.nhle.com/logos/nhl/svg/PHI_light.svg,90,anthonyrichard,29,1996-12-20,Trois-Rivieres,QC,CAN,CAN,71,183,2015,NSH,4,9,100
925,8480021,Jack Studnicka,FLA,C,https://assets.nhle.com/mugs/nhl/20252026/FLA/8480021.png,https://assets.nhle.com/logos/nhl/svg/FLA_light.svg,53,jackstudnicka,27,1999-02-18,Windsor,ON,CAN,CAN,73,187,2017,BOS,2,22,53
926,8483435,Jorian Donovan,OTT,D,https://assets.nhle.com/mugs/nhl/20252026/OTT/8483435.png,https://assets.nhle.com/logos/nhl/svg/OTT_light.svg,56,joriandonovan,22,2004-04-05,,,CAN,,73,182,2022,OTT,5,7,136
927,8478173,Hayden Hodgson,OTT,R,https://assets.nhle.com/mugs/nhl/20252026/OTT/8478173.png,https://assets.nhle.com/logos/nhl/svg/OTT_light.svg,42,haydenhodgson,30,1996-03-02,Windsor,ON,CAN,CAN,74,208,-,-,-,-,-
928,8480326,Sheldon Dries,DET,C,https://assets.nhle.com/mugs/nhl/20252026/DET/8480326.png,https://assets.nhle.com/logos/nhl/svg/DET_light.svg?season=20252026,15,sheldondries,32,1994-04-23,Macomb Township,WI,USA,USA,69,180,-,-,-,-,-
929,8479942,Dominik Shine,DET,R,https://assets.nhle.com/mugs/nhl/20252026/DET/8479942.png,https://assets.nhle.com/logos/nhl/svg/DET_light.svg?season=20252026,65,dominikshine,33,1993-04-18,Pinckney,MI,USA,USA,71,188,-,-,-,-,-
930,8480876,Curtis Douglas,VAN,C,https://assets.nhle.com/mugs/nhl/20252026/VAN/8480876.png,https://assets.nhle.com/logos/nhl/svg/VAN_light.svg,42,curtisdouglas,26,2000-03-06,Oakville,ON,CAN,CAN,81,242,2018,DAL,4,13,106
931,8479543,Michael Pezzetta,TOR,L,https://assets.nhle.com/mugs/nhl/20252026/TOR/8479543.png,https://assets.nhle.com/logos/nhl/svg/TOR_light.svg,61,michaelpezzetta,28,1998-03-13,Toronto,ON,CAN,CAN,73,210,2016,MTL,6,9,160
932,8479772,Zack MacEwen,NJD,R,https://assets.nhle.com/mugs/nhl/20252026/NJD/8479772.png,https://assets.nhle.com/logos/nhl/svg/NJD_light.svg,19,zackmacewen,30,1996-07-08,Charlottetown,PE,CAN,CAN,75,205,-,-,-,-,-
933,8483039,Tristen Nielsen,COL,C,https://assets.nhle.com/mugs/nhl/20252026/COL/8483039.png,https://assets.nhle.com/logos/nhl/svg/COL_light.svg,57,tristennielsen,26,2000-02-23,,,CAN,,70,192,-,-,-,-,-
934,8482953,Taylor Makar,COL,L,https://assets.nhle.com/mugs/nhl/20252026/COL/8482953.png,https://assets.nhle.com/logos/nhl/svg/COL_light.svg,16,taylormakar,25,2001-03-13,,,CAN,,75,190,2021,COL,7,28,220
935,8475461,Andrew Agozzino,UTA,L,https://assets.nhle.com/mugs/nhl/20252026/UTA/8475461.png,https://assets.nhle.com/logos/nhl/svg/UTA_light.svg?season=20252026,36,andrewagozzino,35,1991-01-03,Kleinburg,ON,CAN,CAN,70,187,-,-,-,-,-
936,8482673,Xavier Bourgault,OTT,R,https://assets.nhle.com/mugs/nhl/20252026/OTT/8482673.png,https://assets.nhle.com/logos/nhl/svg/OTT_light.svg,53,xavierbourgault,23,2002-10-22,L'Islet,QC,CAN,CAN,72,172,2021,EDM,1,22,22
937,8482479,Trevor Kuntar,BUF,C,https://assets.nhle.com/mugs/nhl/20252026/BUF/8482479.png,https://assets.nhle.com/logos/nhl/svg/BUF_light.svg,52,trevorkuntar,25,2001-06-20,,,USA,,72,205,2020,BOS,3,27,89
938,8477073,Kurtis MacDermid,OTT,L,https://assets.nhle.com/mugs/nhl/20252026/OTT/8477073.png,https://assets.nhle.com/logos/nhl/svg/OTT_light.svg,23,kurtismacdermid,32,1994-03-25,Sauble Beach,ON,CAN,CAN,77,233,-,-,-,-,-
939,8477419,Mason Geertsen,BUF,L,https://assets.nhle.com/mugs/nhl/20252026/BUF/8477419.png,https://assets.nhle.com/logos/nhl/svg/BUF_light.svg,55,masongeertsen,31,1995-04-19,Drayton Valley,AB,CAN,CAN,76,227,2013,COL,4,2,93
940,,,,,,,,fredericgaudreau,33,1993-05-01,Bromont,QC,CAN,CAN,72,184,-,-,-,-,-
941,,,,,,,,zachastonreese,32,1994-08-10,Staten Island,NY,USA,USA,73,205,-,-,-,-,-
942,,,,,,,,pojoseph,27,1999-07-01,Laval,QC,CAN,CAN,74,185,2017,ARI,1,23,23
943,,,,,,,,joeveleno,26,2000-01-13,Montreal,QC,CAN,CAN,73,203,2018,DET,1,30,30
944,,,,,,,,sampoulin,25,2001-02-25,Blainville,QC,CAN,CAN,73,208,2019,PIT,1,21,21
945,,,,,,,,yegorchinakhov,25,2001-02-01,Omsk,,RUS,RUS,73,204,2020,CBJ,1,21,21
946,,,,,,,,zackbolduc,23,2003-02-24,Trois-Rivières,QC,CAN,CAN,72,187,2021,STL,1,17,17
947,,,,,,,,maxshabanov,25,2000-10-07,,,RUS,,69,167,-,-,-,-,-
