,PlayerID,Player,Team,Position,Headshot,Team Logo,Jersey Number,playerStripped,Age,Date of Birth,Birth City,Birth State/Province,Birth Country,Nationality,Height (in),Weight (lbs),Draft Year,Draft Team,Draft Round,Round Pick,Overall Draft Position
0,8478460,Zach Werenski,CBJ,D,https://assets.nhle.com/mugs/nhl/20262027/CBJ/8478460.png,https://assets.nhle.com/logos/nhl/svg/CBJ_light.svg,8,zachwerenski,29,1997-07-19,Grosse Pointe,MI,USA,USA,74,213,2015,CBJ,1,8,8
1,8481605,Jackson LaCombe,ANA,D,https://assets.nhle.com/mugs/nhl/20262027/ANA/8481605.png,https://assets.nhle.com/logos/nhl/svg/ANA_light.svg,2,jacksonlacombe,25,2001-01-09,Eden Prairie,MN,USA,USA,73,171,2019,ANA,2,8,39
2,8477495,Seth Jones,FLA,D,https://assets.nhle.com/mugs/nhl/20262027/FLA/8477495.png,https://assets.nhle.com/logos/nhl/svg/FLA_light.svg,3,sethjones,32,1994-10-03,Arlington,TX,USA,USA,76,213,2013,NSH,1,4,4
3,8483485,Denton Mateychuk,CBJ,D,https://assets.nhle.com/mugs/nhl/20262027/CBJ/8483485.png,https://assets.nhle.com/logos/nhl/svg/CBJ_light.svg,5,dentonmateychuk,22,2004-07-12,,,CAN,,71,188,2022,CBJ,1,12,12
4,8483457,Lane Hutson,MTL,D,https://assets.nhle.com/mugs/nhl/20262027/MTL/8483457.png,https://assets.nhle.com/logos/nhl/svg/MTL_light.svg,48,lanehutson,22,2004-02-14,,,USA,,69,158,2022,MTL,2,30,62
5,8480839,Rasmus Dahlin,BUF,D,https://assets.nhle.com/mugs/nhl/20262027/BUF/8480839.png,https://assets.nhle.com/logos/nhl/svg/BUF_light.svg,26,rasmusdahlin,26,2000-04-13,Trollhattan,,SWE,SWE,75,202,2018,BUF,1,1,1
6,8483482,Tristan Luneau,ANA,D,https://assets.nhle.com/mugs/nhl/20262027/ANA/8483482.png,https://assets.nhle.com/logos/nhl/svg/ANA_light.svg,67,tristanluneau,22,2004-01-12,,,CAN,,73,195,2022,ANA,2,21,53
7,8482671,Owen Power,BUF,D,https://assets.nhle.com/mugs/nhl/20262027/BUF/8482671.png,https://assets.nhle.com/logos/nhl/svg/BUF_light.svg,25,owenpower,23,2002-11-22,Mississauga,ON,CAN,CAN,78,218,2021,BUF,1,1,1
8,8480800,Quinn Hughes,MIN,D,https://assets.nhle.com/mugs/nhl/20262027/MIN/8480800.png,https://assets.nhle.com/logos/nhl/svg/MIN_light.svg,43,quinnhughes,26,1999-10-14,Orlando,FL,USA,USA,70,180,2018,VAN,1,7,7
9,8479425,Filip Hronek,VAN,D,https://assets.nhle.com/mugs/nhl/20262027/VAN/8479425.png,https://assets.nhle.com/logos/nhl/svg/VAN_light.svg,17,filiphronek,28,1997-11-02,Hradec Králové,,CZE,CZE,72,190,2016,DET,2,23,53
10,8478469,Thomas Chabot,OTT,D,https://assets.nhle.com/mugs/nhl/20262027/OTT/8478469.png,https://assets.nhle.com/logos/nhl/svg/OTT_light.svg,72,thomaschabot,29,1997-01-30,Sainte-Marie,QC,CAN,CAN,74,195,2015,OTT,1,18,18
11,8480803,Evan Bouchard,EDM,D,https://assets.nhle.com/mugs/nhl/20262027/EDM/8480803.png,https://assets.nhle.com/logos/nhl/svg/EDM_light.svg,2,evanbouchard,26,1999-10-20,Oakville,ON,CAN,CAN,75,194,2018,EDM,1,10,10
12,8474600,Roman Josi,NSH,D,https://assets.nhle.com/mugs/nhl/20262027/NSH/8474600.png,https://assets.nhle.com/logos/nhl/svg/NSH_light.svg,59,romanjosi,36,1990-06-01,Bern,,CHE,CHE,73,201,2008,NSH,2,8,38
13,8481542,Moritz Seider,DET,D,https://assets.nhle.com/mugs/nhl/20262027/DET/8481542.png,https://assets.nhle.com/logos/nhl/svg/DET_light.svg,53,moritzseider,25,2001-04-06,Zell,,DEU,DEU,76,204,2019,DET,1,6,6
14,8476875,Mike Matheson,MTL,D,https://assets.nhle.com/mugs/nhl/20262027/MTL/8476875.png,https://assets.nhle.com/logos/nhl/svg/MTL_light.svg,8,michaelmatheson,32,1994-02-27,Pointe-Claire,QC,CAN,CAN,74,193,2012,FLA,1,23,23
15,8477948,Travis Sanheim,PHI,D,https://assets.nhle.com/mugs/nhl/20262027/PHI/8477948.png,https://assets.nhle.com/logos/nhl/svg/PHI_light.svg,6,travissanheim,30,1996-03-29,Elkhorn,MB,CAN,CAN,75,181,2014,PHI,1,17,17
16,8485366,Matthew Schaefer,NYI,D,https://assets.nhle.com/mugs/nhl/20262027/NYI/8485366.png,https://assets.nhle.com/logos/nhl/svg/NYI_light.svg,48,mattschaefer,19,2007-09-05,,,CAN,,74,183,2025,NYI,1,1,1
17,8482684,Luke Hughes,NJD,D,https://assets.nhle.com/mugs/nhl/20262027/NJD/8482684.png,https://assets.nhle.com/logos/nhl/svg/NJD_light.svg,43,lukehughes,23,2003-09-09,Manchester,NH,USA,USA,74,184,2021,N.J,1,4,4
18,8480036,Miro Heiskanen,DAL,D,https://assets.nhle.com/mugs/nhl/20262027/DAL/8480036.png,https://assets.nhle.com/logos/nhl/svg/DAL_light.svg,4,miroheiskanen,27,1999-07-18,Espoo,,FIN,FIN,73,195,2017,DAL,1,3,3
19,8481524,Bowen Byram,CHI,D,https://assets.nhle.com/mugs/nhl/20262027/CHI/8481524.png,https://assets.nhle.com/logos/nhl/svg/CHI_light.svg,24,bowenbyram,25,2001-06-13,Cranbrook,BC,CAN,CAN,73,190,2019,COL,1,4,4
20,8478402,Connor McDavid,EDM,C,https://assets.nhle.com/mugs/nhl/20262027/EDM/8478402.png,https://assets.nhle.com/logos/nhl/svg/EDM_light.svg,97,connormcdavid,29,1997-01-13,Richmond Hill,ON,CAN,CAN,73,193,2015,EDM,1,1,1
21,8477504,Josh Morrissey,WPG,D,https://assets.nhle.com/mugs/nhl/20262027/WPG/8477504.png,https://assets.nhle.com/logos/nhl/svg/WPG_light.svg,44,joshmorrissey,31,1995-03-28,Calgary,AB,CAN,CAN,72,185,2013,WPG,1,13,13
22,8477986,Brandon Montour,SEA,D,https://assets.nhle.com/mugs/nhl/20262027/SEA/8477986.png,https://assets.nhle.com/logos/nhl/svg/SEA_light.svg,62,brandonmontour,32,1994-04-11,Brantford,ON,CAN,CAN,72,194,2014,ANA,2,25,55
23,8481606,Jordan Spence,OTT,D,https://assets.nhle.com/mugs/nhl/20262027/OTT/8481606.png,https://assets.nhle.com/logos/nhl/svg/OTT_light.svg,10,jordanspence,25,2001-02-24,Manly,,AUS,AUS,70,180,2019,L.A,4,2,95
24,8478178,Darren Raddysh,TOR,D,https://assets.nhle.com/mugs/nhl/20262027/TOR/8478178.png,https://assets.nhle.com/logos/nhl/svg/TOR_light.svg,43,darrenraddysh,30,1996-02-28,Toronto,ON,CAN,CAN,73,200,-,-,-,-,-
25,8480817,K'Andre Miller,CAR,D,https://assets.nhle.com/mugs/nhl/20262027/CAR/8480817.png,https://assets.nhle.com/logos/nhl/svg/CAR_light.svg,19,kandremiller,26,2000-01-21,St. Paul,MN,USA,USA,77,215,2018,NYR,1,22,22
26,8480865,Noah Dobson,MTL,D,https://assets.nhle.com/mugs/nhl/20262027/MTL/8480865.png,https://assets.nhle.com/logos/nhl/svg/MTL_light.svg,53,noahdobson,26,2000-01-07,Summerside,PE,CAN,CAN,76,194,2018,NYI,1,12,12
27,8475764,Cam Fowler,STL,D,https://assets.nhle.com/mugs/nhl/20262027/STL/8475764.png,https://assets.nhle.com/logos/nhl/svg/STL_light.svg,17,camfowler,34,1991-12-05,Windsor,ON,CAN,USA,74,215,2010,ANA,1,12,12
28,8479345,Jakob Chychrun,WSH,D,https://assets.nhle.com/mugs/nhl/20262027/WSH/8479345.png,https://assets.nhle.com/logos/nhl/svg/WSH_secondary_light.svg,6,jakobchychrun,28,1998-03-31,Boca Raton,FL,USA,USA,74,220,2016,ARI,1,16,16
29,8476453,Nikita Kucherov,TBL,R,https://assets.nhle.com/mugs/nhl/20262027/TBL/8476453.png,https://assets.nhle.com/logos/nhl/svg/TBL_light.svg,86,nikitakucherov,33,1993-06-17,Maykop,,RUS,RUS,71,181,2011,T.B,2,28,58
30,8480145,Neal Pionk,WPG,D,https://assets.nhle.com/mugs/nhl/20262027/WPG/8480145.png,https://assets.nhle.com/logos/nhl/svg/WPG_light.svg,4,nealpionk,31,1995-07-29,Hermantown,MN,USA,USA,72,185,-,-,-,-,-
31,8481581,Thomas Harley,DAL,D,https://assets.nhle.com/mugs/nhl/20262027/DAL/8481581.png,https://assets.nhle.com/logos/nhl/svg/DAL_light.svg,55,thomasharley,25,2001-08-19,Syracuse,NY,USA,USA,75,205,2019,DAL,1,18,18
32,8481559,Jack Hughes,NJD,C,https://assets.nhle.com/mugs/nhl/20262027/NJD/8481559.png,https://assets.nhle.com/logos/nhl/svg/NJD_light.svg,86,jackhughes,25,2001-05-14,Orlando,FL,USA,USA,71,175,2019,N.J,1,1,1
33,8477447,Shea Theodore,VGK,D,https://assets.nhle.com/mugs/nhl/20262027/VGK/8477447.png,https://assets.nhle.com/logos/nhl/svg/VGK_light.svg,27,sheatheodore,31,1995-08-03,Langley,BC,CAN,CAN,74,197,2013,ANA,1,26,26
34,8481546,Cam York,PHI,D,https://assets.nhle.com/mugs/nhl/20262027/PHI/8481546.png,https://assets.nhle.com/logos/nhl/svg/PHI_light.svg,8,camyork,25,2001-01-05,Anaheim,CA,USA,USA,71,175,2019,PHI,1,14,14
35,8478854,Ryan Shea,EDM,D,https://assets.nhle.com/mugs/nhl/20262027/EDM/8478854.png,https://assets.nhle.com/logos/nhl/svg/EDM_light.svg,6,ryanshea,29,1997-02-11,Milton,MA,USA,USA,74,200,2015,CHI,4,30,121
36,8479318,Auston Matthews,TOR,C,https://assets.nhle.com/mugs/nhl/20262027/TOR/8479318.png,https://assets.nhle.com/logos/nhl/svg/TOR_light.svg,34,austonmatts,29,1997-09-17,San Ramon,CA,USA,USA,75,208,2016,TOR,1,1,1
37,8484801,Macklin Celebrini,SJS,C,https://assets.nhle.com/mugs/nhl/20262027/SJS/8484801.png,https://assets.nhle.com/logos/nhl/svg/SJS_light.svg,71,macklincelebrini,20,2006-06-13,,,CAN,,72,190,2024,S.J,1,1,1
38,8477933,Sam Reinhart,FLA,C,https://assets.nhle.com/mugs/nhl/20262027/FLA/8477933.png,https://assets.nhle.com/logos/nhl/svg/FLA_light.svg,13,samreinhart,30,1995-11-06,West Vancouver,BC,CAN,CAN,74,193,2014,BUF,1,2,2
39,8476462,Dougie Hamilton,NJD,D,https://assets.nhle.com/mugs/nhl/20262027/NJD/8476462.png,https://assets.nhle.com/logos/nhl/svg/NJD_light.svg,7,dougiehamilton,33,1993-06-17,Toronto,ON,CAN,CAN,78,230,2011,BOS,1,9,9
40,8476331,Dylan DeMelo,WPG,D,https://assets.nhle.com/mugs/nhl/20262027/WPG/8476331.png,https://assets.nhle.com/logos/nhl/svg/WPG_light.svg,2,dylandemelo,33,1993-05-01,London,ON,CAN,CAN,72,195,2011,S.J,6,28,179
41,8479542,Brandon Hagel,TBL,L,https://assets.nhle.com/mugs/nhl/20262027/TBL/8479542.png,https://assets.nhle.com/logos/nhl/svg/TBL_light.svg,38,brandonhagel,28,1998-08-27,Saskatoon,SK,CAN,CAN,74,179,2016,BUF,6,8,159
42,8481598,Philip Broberg,STL,D,https://assets.nhle.com/mugs/nhl/20262027/STL/8481598.png,https://assets.nhle.com/logos/nhl/svg/STL_light.svg,6,philipbroberg,25,2001-06-25,Orebro,,SWE,SWE,75,199,2019,EDM,1,8,8
43,8477934,Leon Draisaitl,EDM,C,https://assets.nhle.com/mugs/nhl/20262027/EDM/8477934.png,https://assets.nhle.com/logos/nhl/svg/EDM_light.svg,29,leondraisaitl,30,1995-10-27,Cologne,,DEU,DEU,74,208,2014,EDM,1,3,3
44,8478483,Mitch Marner,VGK,R,https://assets.nhle.com/mugs/nhl/20262027/VGK/8478483.png,https://assets.nhle.com/logos/nhl/svg/VGK_light.svg,93,mitchmarner,29,1997-05-05,Markham,ON,CAN,CAN,72,181,2015,TOR,1,4,4
45,8475158,Ryan O'Reilly,NSH,C,https://assets.nhle.com/mugs/nhl/20262027/NSH/8475158.png,https://assets.nhle.com/logos/nhl/svg/NSH_light.svg,90,ryanoreilly,35,1991-02-07,Clinton,ON,CAN,CAN,73,207,2009,COL,2,3,33
46,8476958,Jaccob Slavin,CAR,D,https://assets.nhle.com/mugs/nhl/20262027/CAR/8476958.png,https://assets.nhle.com/logos/nhl/svg/CAR_light.svg,74,jaccobslavin,32,1994-05-01,Denver,CO,USA,USA,75,207,2012,CAR,4,29,120
47,8479314,Matthew Tkachuk,FLA,L,https://assets.nhle.com/mugs/nhl/20262027/FLA/8479314.png,https://assets.nhle.com/logos/nhl/svg/FLA_light.svg,19,matttkachuk,28,1997-12-11,Scottsdale,AZ,USA,USA,74,201,2016,CGY,1,6,6
48,8480807,Mattias Samuelsson,BUF,D,https://assets.nhle.com/mugs/nhl/20262027/BUF/8480807.png,https://assets.nhle.com/logos/nhl/svg/BUF_light.svg,23,mattiassamuelsson,26,2000-03-14,Philadelphia,PA,USA,USA,76,231,2018,BUF,2,1,32
49,8484798,Zeev Buium,VAN,D,https://assets.nhle.com/mugs/nhl/20262027/VAN/8484798.png,https://assets.nhle.com/logos/nhl/svg/VAN_light.svg,8,zeevbuium,20,2005-12-07,,,USA,,72,183,2024,MIN,1,12,12
50,8477220,Nate Schmidt,UTA,D,https://assets.nhle.com/mugs/nhl/20262027/UTA/8477220.png,https://assets.nhle.com/logos/nhl/svg/UTA_light.svg,88,nathanschmidt,35,1991-07-16,St. Cloud,MN,USA,USA,72,195,-,-,-,-,-
51,8478864,Kirill Kaprizov,MIN,L,https://assets.nhle.com/mugs/nhl/20262027/MIN/8478864.png,https://assets.nhle.com/logos/nhl/svg/MIN_light.svg,97,kirillkaprizov,29,1997-04-26,Novokuznetsk,,RUS,RUS,70,202,2015,MIN,5,14,135
52,8478882,Vladislav Gavrikov,NYR,D,https://assets.nhle.com/mugs/nhl/20262027/NYR/8478882.png,https://assets.nhle.com/logos/nhl/svg/NYR_light.svg,44,vladislavgavrikov,30,1995-11-21,Yaroslavl,,RUS,RUS,75,221,2015,CBJ,6,8,159
53,8478055,Gustav Forsling,FLA,D,https://assets.nhle.com/mugs/nhl/20262027/FLA/8478055.png,https://assets.nhle.com/logos/nhl/svg/FLA_light.svg,42,gustavforsling,30,1996-06-12,Linkoping,,SWE,SWE,72,186,2014,VAN,5,6,126
54,8478859,Niko Mikkola,FLA,D,https://assets.nhle.com/mugs/nhl/20262027/FLA/8478859.png,https://assets.nhle.com/logos/nhl/svg/FLA_light.svg,77,nikomikkola,30,1996-04-27,Finland,,FIN,FIN,76,209,2015,STL,5,6,127
55,8477429,Andrew Copp,DET,C,https://assets.nhle.com/mugs/nhl/20262027/DET/8477429.png,https://assets.nhle.com/logos/nhl/svg/DET_light.svg,18,andrewcopp,32,1994-07-08,Ann Arbor,MI,USA,USA,73,199,2013,WPG,4,13,104
56,8474563,Drew Doughty,LAK,D,https://assets.nhle.com/mugs/nhl/20262027/LAK/8474563.png,https://assets.nhle.com/logos/nhl/svg/LAK_light.svg,8,drewdoughty,36,1989-12-08,London,ON,CAN,CAN,73,210,2008,L.A,1,2,2
57,8475218,Mattias Ekholm,EDM,D,https://assets.nhle.com/mugs/nhl/20262027/EDM/8475218.png,https://assets.nhle.com/logos/nhl/svg/EDM_light.svg,14,mattiasekholm,36,1990-05-24,Borlange,,SWE,SWE,76,215,2009,NSH,4,11,102
58,8476457,Adam Larsson,SEA,D,https://assets.nhle.com/mugs/nhl/20262027/SEA/8476457.png,https://assets.nhle.com/logos/nhl/svg/SEA_light.svg,6,adamlarsson,33,1992-11-12,Skellefteå,,SWE,SWE,75,209,2011,N.J,1,4,4
59,8476874,Olli Maatta,MIN,D,https://assets.nhle.com/mugs/nhl/20262027/MIN/8476874.png,https://assets.nhle.com/logos/nhl/svg/MIN_light.svg,3,ollimaatta,32,1994-08-22,Jyväskylä,,FIN,FIN,74,207,2012,PIT,1,22,22
60,8482095,Tyler Kleven,OTT,D,https://assets.nhle.com/mugs/nhl/20262027/OTT/8482095.png,https://assets.nhle.com/logos/nhl/svg/OTT_light.svg,43,tylerkleven,24,2002-01-10,Fargo,ND,USA,USA,76,200,2020,OTT,2,13,44
61,8478550,Artemi Panarin,LAK,L,https://assets.nhle.com/mugs/nhl/20262027/LAK/8478550.png,https://assets.nhle.com/logos/nhl/svg/LAK_light.svg,10,artemipanarin,34,1991-10-30,Korkino,,RUS,RUS,72,173,-,-,-,-,-
62,8482078,Lucas Raymond,DET,L,https://assets.nhle.com/mugs/nhl/20262027/DET/8482078.png,https://assets.nhle.com/logos/nhl/svg/DET_light.svg,23,lucasraymond,24,2002-03-28,Gothenburg,,SWE,SWE,71,176,2020,DET,1,4,4
63,8477404,Jake Guentzel,TBL,C,https://assets.nhle.com/mugs/nhl/20262027/TBL/8477404.png,https://assets.nhle.com/logos/nhl/svg/TBL_light.svg,59,jakeguentzel,32,1994-10-06,Omaha,NE,USA,USA,71,180,2013,PIT,3,16,77
64,8478420,Mikko Rantanen,DAL,R,https://assets.nhle.com/mugs/nhl/20262027/DAL/8478420.png,https://assets.nhle.com/logos/nhl/svg/DAL_light.svg,96,mikkorantanen,29,1996-10-29,Nousiainen,,FIN,FIN,76,215,2015,COL,1,10,10
65,8480049,Dylan Samberg,WPG,D,https://assets.nhle.com/mugs/nhl/20262027/WPG/8480049.png,https://assets.nhle.com/logos/nhl/svg/WPG_light.svg,54,dylansamberg,27,1999-01-24,Saginaw,MN,USA,USA,76,219,2017,WPG,2,12,43
66,8474578,Erik Karlsson,PIT,D,https://assets.nhle.com/mugs/nhl/20262027/PIT/8474578.png,https://assets.nhle.com/logos/nhl/svg/PIT_light.svg,65,erikkarlsson,36,1990-05-31,Landsbro,,SWE,SWE,72,190,2008,OTT,1,15,15
67,8480860,Kevin Bahl,CGY,D,https://assets.nhle.com/mugs/nhl/20262027/CGY/8480860.png,https://assets.nhle.com/logos/nhl/svg/CGY_light.svg,7,kevinbahl,26,2000-06-27,New Westminster,BC,CAN,CAN,78,230,-,-,-,-,-
68,8479323,Adam Fox,NYR,D,https://assets.nhle.com/mugs/nhl/20262027/NYR/8479323.png,https://assets.nhle.com/logos/nhl/svg/NYR_light.svg,23,adamfox,28,1998-02-17,Jericho,NY,USA,USA,71,182,2016,CGY,3,5,66
69,8482116,Tim Stützle,OTT,C,https://assets.nhle.com/mugs/nhl/20262027/OTT/8482116.png,https://assets.nhle.com/logos/nhl/svg/OTT_light.svg,18,timstutzle,24,2002-01-15,Viersen,,DEU,DEU,72,193,2020,OTT,1,3,3
70,8480018,Nick Suzuki,MTL,C,https://assets.nhle.com/mugs/nhl/20262027/MTL/8480018.png,https://assets.nhle.com/logos/nhl/svg/MTL_light.svg,14,nicksuzuki,27,1999-08-10,London,ON,CAN,CAN,71,208,2017,VGK,1,13,13
71,8480727,Zach Whitecloud,CGY,D,https://assets.nhle.com/mugs/nhl/20262027/CGY/8480727.png,https://assets.nhle.com/logos/nhl/svg/CGY_light.svg,28,zachwhitecloud,29,1996-11-28,Brandon,MB,CAN,CAN,74,207,-,-,-,-,-
72,8478407,Vince Dunn,SEA,D,https://assets.nhle.com/mugs/nhl/20262027/SEA/8478407.png,https://assets.nhle.com/logos/nhl/svg/SEA_light.svg,29,vincedunn,29,1996-10-29,Mississauga,ON,CAN,CAN,72,200,2015,STL,2,26,56
73,8478398,Kyle Connor,WPG,L,https://assets.nhle.com/mugs/nhl/20262027/WPG/8478398.png,https://assets.nhle.com/logos/nhl/svg/WPG_light.svg,81,kyleconnor,29,1996-12-09,Shelby Twp.,MI,USA,USA,74,179,2015,WPG,1,17,17
74,8481557,Matt Boldy,MIN,L,https://assets.nhle.com/mugs/nhl/20262027/MIN/8481557.png,https://assets.nhle.com/logos/nhl/svg/MIN_light.svg,12,mattboldy,25,2001-04-05,Milford,MA,USA,USA,74,201,2019,MIN,1,12,12
75,8479410,Mikhail Sergachev,UTA,D,https://assets.nhle.com/mugs/nhl/20262027/UTA/8479410.png,https://assets.nhle.com/logos/nhl/svg/UTA_light.svg,98,mikhailsergachev,28,1998-06-25,Nizhnekamsk,,RUS,RUS,73,217,2016,MTL,1,9,9
76,8477932,Aaron Ekblad,FLA,D,https://assets.nhle.com/mugs/nhl/20262027/FLA/8477932.png,https://assets.nhle.com/logos/nhl/svg/FLA_light.svg,5,aaronekblad,30,1996-02-07,Windsor,ON,CAN,CAN,76,215,2014,FLA,1,1,1
77,8476473,Connor Murphy,EDM,D,https://assets.nhle.com/mugs/nhl/20262027/EDM/8476473.png,https://assets.nhle.com/logos/nhl/svg/EDM_light.svg,5,connormurphy,33,1993-03-26,Dublin,OH,USA,USA,76,212,2011,PHX,1,20,20
78,8483495,Simon Nemec,CGY,D,https://assets.nhle.com/mugs/nhl/20262027/CGY/8483495.png,https://assets.nhle.com/logos/nhl/svg/CGY_light.svg,71,simonnemec,22,2004-02-15,Liptovsky Mikulas,,SVK,SVK,73,190,2022,N.J,1,2,2
79,8482124,Quinton Byfield,LAK,R,https://assets.nhle.com/mugs/nhl/20262027/LAK/8482124.png,https://assets.nhle.com/logos/nhl/svg/LAK_light.svg,55,quintonbyfield,24,2002-08-19,Newmarket,ON,CAN,CAN,77,220,2020,L.A,1,2,2
80,8477346,MacKenzie Weegar,UTA,D,https://assets.nhle.com/mugs/nhl/20262027/UTA/8477346.png,https://assets.nhle.com/logos/nhl/svg/UTA_light.svg,52,mackenzieweegar,32,1994-01-07,Ottawa,ON,CAN,CAN,72,206,2013,FLA,7,25,206
81,8482511,Mason Lohrei,BOS,D,https://assets.nhle.com/mugs/nhl/20262027/BOS/8482511.png,https://assets.nhle.com/logos/nhl/svg/BOS_light.svg,6,masonlohrei,25,2001-01-17,,,USA,,77,211,2020,BOS,2,27,58
82,8480434,Sean Durzi,NYR,D,https://assets.nhle.com/mugs/nhl/20262027/NYR/8480434.png,https://assets.nhle.com/logos/nhl/svg/NYR_light.svg,5,seandurzi,27,1998-10-21,Mississauga,ON,CAN,CAN,72,195,2018,TOR,2,21,52
83,8484240,Tom Willander,VAN,D,https://assets.nhle.com/mugs/nhl/20262027/VAN/8484240.png,https://assets.nhle.com/logos/nhl/svg/VAN_light.svg,5,tomwillander,21,2005-02-09,,,SWE,,73,180,2023,VAN,1,11,11
84,8476885,Jacob Trouba,SJS,D,https://assets.nhle.com/mugs/nhl/20262027/SJS/8476885.png,https://assets.nhle.com/logos/nhl/svg/SJS_light.svg,65,jaketrouba,32,1994-02-26,Rochester,MI,USA,USA,75,203,2012,WPG,1,9,9
85,8482858,Ryker Evans,SEA,D,https://assets.nhle.com/mugs/nhl/20262027/SEA/8482858.png,https://assets.nhle.com/logos/nhl/svg/SEA_light.svg,41,rykerevans,24,2001-12-13,Calgary,AB,CAN,CAN,71,189,2021,SEA,2,3,35
86,8476887,Filip Forsberg,NSH,L,https://assets.nhle.com/mugs/nhl/20262027/NSH/8476887.png,https://assets.nhle.com/logos/nhl/svg/NSH_light.svg,9,filipforsberg,32,1994-08-13,Ostervala,,SWE,SWE,73,205,2012,WSH,1,11,11
87,8474590,John Carlson,TBL,D,https://assets.nhle.com/mugs/nhl/20262027/TBL/8474590.png,https://assets.nhle.com/logos/nhl/svg/TBL_light.svg,74,johncarlson,36,1990-01-10,Natick,MA,USA,USA,75,215,2008,WSH,1,27,27
88,8477960,Adrian Kempe,LAK,R,https://assets.nhle.com/mugs/nhl/20262027/LAK/8477960.png,https://assets.nhle.com/logos/nhl/svg/LAK_light.svg,9,adriankempe,30,1996-09-13,Kramfors,,SWE,SWE,74,200,2014,L.A,1,29,29
89,8480336,Sean Walker,CAR,D,https://assets.nhle.com/mugs/nhl/20262027/CAR/8480336.png,https://assets.nhle.com/logos/nhl/svg/CAR_light.svg,26,seanwalker,31,1994-11-13,Keswick,ON,CAN,CAN,71,195,-,-,-,-,-
90,8477946,Dylan Larkin,DET,C,https://assets.nhle.com/mugs/nhl/20262027/DET/8477946.png,https://assets.nhle.com/logos/nhl/svg/DET_light.svg,71,dylanlarkin,30,1996-07-30,Waterford,MI,USA,USA,73,198,2014,DET,1,15,15
91,8476459,Mika Zibanejad,NYR,C,https://assets.nhle.com/mugs/nhl/20262027/NYR/8476459.png,https://assets.nhle.com/logos/nhl/svg/NYR_light.svg,93,mikazibanejad,33,1993-04-18,Huddinge,,SWE,SWE,74,202,2011,OTT,1,6,6
92,8481568,Alex Vlasic,CHI,D,https://assets.nhle.com/mugs/nhl/20262027/CHI/8481568.png,https://assets.nhle.com/logos/nhl/svg/CHI_light.svg,72,alexvlasic,25,2001-06-05,Wilmette,IL,USA,USA,78,199,2019,CHI,2,12,43
93,8476460,Mark Scheifele,WPG,C,https://assets.nhle.com/mugs/nhl/20262027/WPG/8476460.png,https://assets.nhle.com/logos/nhl/svg/WPG_light.svg,55,markscheifele,33,1993-03-15,Kitchener,ON,CAN,CAN,75,198,2011,WPG,1,7,7
94,8476869,Brady Skjei,NSH,D,https://assets.nhle.com/mugs/nhl/20262027/NSH/8476869.png,https://assets.nhle.com/logos/nhl/svg/NSH_light.svg,76,bradyskjei,32,1994-03-26,Lakeville,MN,USA,USA,75,210,2012,NYR,1,28,28
95,8480891,Michael Kesselring,SJS,D,https://assets.nhle.com/mugs/nhl/20262027/SJS/8480891.png,https://assets.nhle.com/logos/nhl/svg/SJS_light.svg,7,michaelkesselring,26,2000-01-13,New Hampton,NH,USA,USA,76,190,2018,EDM,6,9,164
96,8477935,Sam Bennett,FLA,C,https://assets.nhle.com/mugs/nhl/20262027/FLA/8477935.png,https://assets.nhle.com/logos/nhl/svg/FLA_light.svg,9,sambennett,30,1996-06-20,Holland Landing,ON,CAN,CAN,73,195,2014,CGY,1,4,4
97,8475798,Mikael Granlund,ANA,C,https://assets.nhle.com/mugs/nhl/20262027/ANA/8475798.png,https://assets.nhle.com/logos/nhl/svg/ANA_light.svg,64,mikaelgranlund,34,1992-02-26,Oulu,,FIN,FIN,70,185,2010,MIN,1,9,9
98,8479337,Alex DeBrincat,DET,R,https://assets.nhle.com/mugs/nhl/20262027/DET/8479337.png,https://assets.nhle.com/logos/nhl/svg/DET_light.svg,93,alexdebrincat,28,1997-12-18,Farmington Hills,MI,USA,USA,68,178,2016,CHI,2,9,39
99,8475786,Zach Hyman,EDM,L,https://assets.nhle.com/mugs/nhl/20262027/EDM/8475786.png,https://assets.nhle.com/logos/nhl/svg/EDM_light.svg,18,zachhyman,34,1992-06-09,Toronto,ON,CAN,CAN,73,211,2010,FLA,5,3,123
100,8484152,Luca Cagnoni,SJS,D,https://assets.nhle.com/mugs/nhl/20262027/SJS/8484152.png,https://assets.nhle.com/logos/nhl/svg/SJS_light.svg,42,lucacagnoni,21,2004-12-21,,,CAN,,69,180,2023,S.J,4,27,123
101,8482097,Jack Quinn,BUF,R,https://assets.nhle.com/mugs/nhl/20262027/BUF/8482097.png,https://assets.nhle.com/logos/nhl/svg/BUF_light.svg,22,jackquinn,25,2001-09-19,Ottawa,ON,CAN,CAN,73,185,2020,BUF,1,8,8
102,8471724,Kris Letang,PIT,D,https://assets.nhle.com/mugs/nhl/20262027/PIT/8471724.png,https://assets.nhle.com/logos/nhl/svg/PIT_light.svg,58,krisletang,39,1987-04-24,Montreal,QC,CAN,CAN,72,201,2005,PIT,3,1,62
103,8478507,John Marino,UTA,D,https://assets.nhle.com/mugs/nhl/20262027/UTA/8478507.png,https://assets.nhle.com/logos/nhl/svg/UTA_light.svg,6,johnmarino,29,1997-05-21,Brockton,MA,USA,USA,73,181,2015,EDM,6,3,154
104,8483490,Pavel Mintyukov,ANA,D,https://assets.nhle.com/mugs/nhl/20262027/ANA/8483490.png,https://assets.nhle.com/logos/nhl/svg/ANA_light.svg,98,pavelmintyukov,22,2003-11-25,Moscow,,RUS,RUS,73,192,2022,ANA,1,10,10
105,8476463,Jonas Brodin,MIN,D,https://assets.nhle.com/mugs/nhl/20262027/MIN/8476463.png,https://assets.nhle.com/logos/nhl/svg/MIN_light.svg,25,jonasbrodin,33,1993-07-12,Karlstad,,SWE,SWE,74,196,2011,MIN,1,10,10
106,8482740,Wyatt Johnston,DAL,C,https://assets.nhle.com/mugs/nhl/20262027/DAL/8482740.png,https://assets.nhle.com/logos/nhl/svg/DAL_light.svg,53,wyattjohnston,23,2003-05-14,Toronto,ON,CAN,CAN,73,185,2021,DAL,1,23,23
107,8480002,Nico Hischier,NJD,C,https://assets.nhle.com/mugs/nhl/20262027/NJD/8480002.png,https://assets.nhle.com/logos/nhl/svg/NJD_light.svg,13,nicohischier,27,1999-01-04,Brig,,CHE,CHE,73,175,2017,N.J,1,1,1
108,8476892,Colton Parayko,STL,D,https://assets.nhle.com/mugs/nhl/20262027/STL/8476892.png,https://assets.nhle.com/logos/nhl/svg/STL_light.svg,55,coltonparayko,33,1993-05-12,St. Albert,AB,CAN,CAN,78,228,2012,STL,3,25,86
109,8478010,Brayden Point,TBL,C,https://assets.nhle.com/mugs/nhl/20262027/TBL/8478010.png,https://assets.nhle.com/logos/nhl/svg/TBL_light.svg,21,braydenpoint,30,1996-03-13,Calgary,AB,CAN,CAN,71,180,2014,T.B,3,19,79
110,8484783,Artyom Levshunov,CHI,D,https://assets.nhle.com/mugs/nhl/20262027/CHI/8484783.png,https://assets.nhle.com/logos/nhl/svg/CHI_light.svg,55,artyomlevshunov,20,2005-10-28,,,BLR,,74,208,2024,CHI,1,2,2
111,8477969,Marcus Pettersson,NYR,D,https://assets.nhle.com/mugs/nhl/20262027/NYR/8477969.png,https://assets.nhle.com/logos/nhl/svg/NYR_light.svg,26,marcuspettersson,30,1996-05-08,Skellefteå,,SWE,SWE,75,177,2014,ANA,2,8,38
112,8477498,Darnell Nurse,SJS,D,https://assets.nhle.com/mugs/nhl/20262027/SJS/8477498.png,https://assets.nhle.com/logos/nhl/svg/SJS_light.svg,25,darnellnurse,31,1995-02-04,Hamilton,ON,CAN,CAN,76,221,2013,EDM,1,7,7
113,8477956,David Pastrnak,BOS,R,https://assets.nhle.com/mugs/nhl/20262027/BOS/8477956.png,https://assets.nhle.com/logos/nhl/svg/BOS_light.svg,88,davidpastrnak,30,1996-05-25,Havirov,,CZE,CZE,73,195,2014,BOS,1,25,25
114,8478970,Jalen Chatfield,CAR,D,https://assets.nhle.com/mugs/nhl/20262027/CAR/8478970.png,https://assets.nhle.com/logos/nhl/svg/CAR_light.svg,5,jalenchatfield,30,1996-05-15,Ypsilanti,MI,USA,USA,73,188,-,-,-,-,-
115,8474716,Jared Spurgeon,MIN,D,https://assets.nhle.com/mugs/nhl/20262027/MIN/8474716.png,https://assets.nhle.com/logos/nhl/svg/MIN_light.svg,46,jaredspurgeon,36,1989-11-29,Edmonton,AB,CAN,CAN,69,166,2008,NYI,6,5,156
116,8482176,Wyatt Kaiser,CHI,D,https://assets.nhle.com/mugs/nhl/20262027/CHI/8482176.png,https://assets.nhle.com/logos/nhl/svg/CHI_light.svg,44,wyattkaiser,24,2002-07-31,Andover,MN,USA,USA,72,173,2020,CHI,3,19,81
117,8476917,Adam Pelech,NYI,D,https://assets.nhle.com/mugs/nhl/20262027/NYI/8476917.png,https://assets.nhle.com/logos/nhl/svg/NYI_light.svg,3,adampelech,32,1994-08-16,Toronto,ON,CAN,CAN,75,210,2012,NYI,3,4,65
118,8474141,Patrick Kane,CHI,R,https://assets.nhle.com/mugs/nhl/20262027/CHI/8474141.png,https://assets.nhle.com/logos/nhl/svg/CHI_light.svg,88,patkane,37,1988-11-19,Buffalo,NY,USA,USA,70,177,2007,CHI,1,1,1
119,8476854,Hampus Lindholm,BOS,D,https://assets.nhle.com/mugs/nhl/20262027/BOS/8476854.png,https://assets.nhle.com/logos/nhl/svg/BOS_light.svg,27,hampuslindholm,32,1994-01-20,Helsingborg,,SWE,SWE,76,215,2012,ANA,1,6,6
120,8482142,Jamie Drysdale,PHI,D,https://assets.nhle.com/mugs/nhl/20262027/PHI/8482142.png,https://assets.nhle.com/logos/nhl/svg/PHI_light.svg,9,jamiedrysdale,24,2002-04-08,Toronto,ON,CAN,CAN,71,183,2020,ANA,1,6,6
121,8481540,Cole Caufield,MTL,R,https://assets.nhle.com/mugs/nhl/20262027/MTL/8481540.png,https://assets.nhle.com/logos/nhl/svg/MTL_light.svg,13,colecaufield,25,2001-01-02,Mosinee,WI,USA,USA,67,174,2019,MTL,1,15,15
122,8476467,Jamie Oleksiak,VAN,D,https://assets.nhle.com/mugs/nhl/20262027/VAN/8476467.png,https://assets.nhle.com/logos/nhl/svg/VAN_light.svg,4,jamieoleksiak,33,1992-12-21,Toronto,ON,CAN,CAN,79,257,2011,DAL,1,14,14
123,8477939,William Nylander,TOR,R,https://assets.nhle.com/mugs/nhl/20262027/TOR/8477939.png,https://assets.nhle.com/logos/nhl/svg/TOR_light.svg,88,willnylander,30,1996-05-01,Calgary,AB,CAN,SWE,72,204,2014,TOR,1,8,8
124,8476853,Morgan Rielly,TOR,D,https://assets.nhle.com/mugs/nhl/20262027/TOR/8476853.png,https://assets.nhle.com/logos/nhl/svg/TOR_light.svg,44,morganrielly,32,1994-03-09,Vancouver,BC,CAN,CAN,73,222,2012,TOR,1,5,5
125,8478427,Sebastian Aho,CAR,C,https://assets.nhle.com/mugs/nhl/20262027/CAR/8478427.png,https://assets.nhle.com/logos/nhl/svg/CAR_light.svg,20,sebastianahoC,29,1997-07-26,Rauma,,FIN,FIN,72,176,2015,CAR,2,5,35
126,8478403,Jack Eichel,VGK,C,https://assets.nhle.com/mugs/nhl/20262027/VGK/8478403.png,https://assets.nhle.com/logos/nhl/svg/VGK_light.svg,9,jackeichel,29,1996-10-28,North Chelmsford,MA,USA,USA,74,207,2015,BUF,1,2,2
127,8480023,Robert Thomas,STL,C,https://assets.nhle.com/mugs/nhl/20262027/STL/8480023.png,https://assets.nhle.com/logos/nhl/svg/STL_light.svg,18,robertthomas,27,1999-07-02,Aurora,ON,CAN,CAN,72,218,2017,STL,1,20,20
128,8480012,Elias Pettersson,VAN,C,https://assets.nhle.com/mugs/nhl/20262027/VAN/8480012.png,https://assets.nhle.com/logos/nhl/svg/VAN_light.svg,40,eliaspetterssonC,27,1998-11-12,Sundsvall,,SWE,SWE,74,176,2017,VAN,1,5,5
129,8479420,Tage Thompson,BUF,C,https://assets.nhle.com/mugs/nhl/20262027/BUF/8479420.png,https://assets.nhle.com/logos/nhl/svg/BUF_light.svg,72,tagethompson,28,1997-10-30,Phoenix,AZ,USA,USA,78,220,2016,STL,1,26,26
130,8484762,Beckett Sennecke,ANA,R,https://assets.nhle.com/mugs/nhl/20262027/ANA/8484762.png,https://assets.nhle.com/logos/nhl/svg/ANA_light.svg,45,beckettsennecke,20,2006-01-28,,,CAN,,74,177,2024,ANA,1,3,3
131,8480893,Kirill Marchenko,TOR,R,https://assets.nhle.com/mugs/nhl/20262027/TOR/8480893.png,https://assets.nhle.com/logos/nhl/svg/TOR_light.svg,86,kirillmarchenko,26,2000-07-21,Barnaul,,RUS,RUS,75,197,2018,CBJ,2,18,49
132,8482730,Brandt Clarke,LAK,D,https://assets.nhle.com/mugs/nhl/20262027/LAK/8482730.png,https://assets.nhle.com/logos/nhl/svg/LAK_light.svg,92,brandtclarke,23,2003-02-09,Nepean,ON,CAN,CAN,74,185,2021,L.A,1,8,8
133,8477365,Connor Clifton,BOS,D,https://assets.nhle.com/mugs/nhl/20262027/BOS/8477365.png,https://assets.nhle.com/logos/nhl/svg/BOS_light.svg,75,connorclifton,31,1995-04-28,Long Branch,NJ,USA,USA,71,190,2013,PHX,5,12,133
134,8479398,Samuel Girard,PIT,D,https://assets.nhle.com/mugs/nhl/20262027/PIT/8479398.png,https://assets.nhle.com/logos/nhl/svg/PIT_light.svg,49,samuelgirard,28,1998-05-12,Roberval,QC,CAN,CAN,70,170,2016,NSH,2,17,47
135,8475753,Justin Faulk,DET,D,https://assets.nhle.com/mugs/nhl/20262027/DET/8475753.png,https://assets.nhle.com/logos/nhl/svg/DET_light.svg,72,justinfaulk,34,1992-03-20,South St.Paul,MN,USA,USA,72,214,2010,CAR,2,7,37
136,8477488,Brett Pesce,NJD,D,https://assets.nhle.com/mugs/nhl/20262027/NJD/8477488.png,https://assets.nhle.com/logos/nhl/svg/NJD_light.svg,22,brettpesce,31,1994-11-15,Tarrytown,NY,USA,USA,75,206,2013,CAR,3,5,66
137,8477500,Bo Horvat,NYI,C,https://assets.nhle.com/mugs/nhl/20262027/NYI/8477500.png,https://assets.nhle.com/logos/nhl/svg/NYI_light.svg,14,bohorvat,31,1995-04-05,London,ON,CAN,CAN,72,215,2013,VAN,1,9,9
138,8478416,Erik Cernak,TBL,D,https://assets.nhle.com/mugs/nhl/20262027/TBL/8478416.png,https://assets.nhle.com/logos/nhl/svg/TBL_light.svg,81,erikcernak,29,1997-05-28,Kosice,,SVK,SVK,76,224,2015,L.A,2,13,43
139,8484145,Zach Benson,BUF,L,https://assets.nhle.com/mugs/nhl/20262027/BUF/8484145.png,https://assets.nhle.com/logos/nhl/svg/BUF_light.svg,6,zachbenson,21,2005-05-12,,,CAN,,69,163,2023,BUF,1,13,13
140,8477507,Nikita Zadorov,BOS,D,https://assets.nhle.com/mugs/nhl/20262027/BOS/8477507.png,https://assets.nhle.com/logos/nhl/svg/BOS_light.svg,91,nikitazadorov,31,1995-04-16,Moscow,,RUS,RUS,78,248,2013,BUF,1,16,16
141,8478493,Joel Eriksson Ek,MIN,C,https://assets.nhle.com/mugs/nhl/20262027/MIN/8478493.png,https://assets.nhle.com/logos/nhl/svg/MIN_light.svg,14,joelerikssonek,29,1997-01-29,Karlstad,,SWE,SWE,75,207,2015,MIN,1,20,20
142,8474564,Steven Stamkos,NSH,C,https://assets.nhle.com/mugs/nhl/20262027/NSH/8474564.png,https://assets.nhle.com/logos/nhl/svg/NSH_light.svg,91,stevenstamkos,36,1990-02-07,Markham,ON,CAN,CAN,72,182,2008,T.B,1,1,1
143,8477845,Trevor van Riemsdyk,PIT,D,https://assets.nhle.com/mugs/nhl/20262027/PIT/8477845.png,https://assets.nhle.com/logos/nhl/svg/PIT_light.svg,57,trevorvanriemsdyk,35,1991-07-24,Middletown,NJ,USA,USA,75,191,-,-,-,-,-
144,8478038,Devon Toews,COL,D,https://assets.nhle.com/mugs/nhl/20262027/COL/8478038.png,https://assets.nhle.com/logos/nhl/svg/COL_light.svg,7,devontoews,32,1994-02-21,Abbotsford,BC,CAN,CAN,73,191,2014,NYI,4,18,108
145,8477476,Artturi Lehkonen,COL,L,https://assets.nhle.com/mugs/nhl/20262027/COL/8477476.png,https://assets.nhle.com/logos/nhl/svg/COL_light.svg,62,artturilehkonen,31,1995-07-04,Piikkio,,FIN,FIN,71,179,2013,MTL,2,25,55
146,8477505,Alexander Wennberg,SJS,C,https://assets.nhle.com/mugs/nhl/20262027/SJS/8477505.png,https://assets.nhle.com/logos/nhl/svg/SJS_light.svg,21,alexwennberg,32,1994-09-22,Stockholm,,SWE,SWE,74,190,2013,CBJ,1,14,14
147,8483445,Cutter Gauthier,ANA,L,https://assets.nhle.com/mugs/nhl/20262027/ANA/8483445.png,https://assets.nhle.com/logos/nhl/svg/ANA_light.svg,61,cuttergauthier,22,2004-01-19,,,SWE,,74,189,2022,PHI,1,5,5
148,8478396,Noah Hanifin,VGK,D,https://assets.nhle.com/mugs/nhl/20262027/VGK/8478396.png,https://assets.nhle.com/logos/nhl/svg/VGK_light.svg,15,noahhanifin,29,1997-01-25,Boston,MA,USA,USA,75,207,2015,CAR,1,5,5
149,8480039,Martin Necas,COL,C,https://assets.nhle.com/mugs/nhl/20262027/COL/8480039.png,https://assets.nhle.com/logos/nhl/svg/COL_light.svg,88,martinnecas,27,1999-01-15,Nove Mesto na Morave,,CZE,CZE,74,189,2017,CAR,1,12,12
150,8475913,Mark Stone,VGK,R,https://assets.nhle.com/mugs/nhl/20262027/VGK/8475913.png,https://assets.nhle.com/logos/nhl/svg/VGK_light.svg,61,markstone,34,1992-05-13,Winnipeg,MB,CAN,CAN,75,217,2010,OTT,6,28,178
151,8476483,Rickard Rakell,PIT,R,https://assets.nhle.com/mugs/nhl/20262027/PIT/8476483.png,https://assets.nhle.com/logos/nhl/svg/PIT_light.svg,67,rickardrakell,33,1993-05-05,Sundbyberg,,SWE,SWE,73,195,2011,ANA,1,30,30
152,8480246,Nick Perbix,NSH,D,https://assets.nhle.com/mugs/nhl/20262027/NSH/8480246.png,https://assets.nhle.com/logos/nhl/svg/NSH_light.svg,48,nickperbix,28,1998-06-15,Minneapolis,MN,USA,USA,74,191,2017,T.B,6,14,169
153,8480069,Cale Makar,COL,D,https://assets.nhle.com/mugs/nhl/20262027/COL/8480069.png,https://assets.nhle.com/logos/nhl/svg/COL_light.svg,8,calemakar,27,1998-10-30,Calgary,AB,CAN,CAN,71,187,2017,COL,1,4,4
154,8482109,Alexis Lafrenière,NYR,L,https://assets.nhle.com/mugs/nhl/20262027/NYR/8482109.png,https://assets.nhle.com/logos/nhl/svg/NYR_light.svg,13,alexislafreniere,24,2001-10-11,St-Eustache,QC,CAN,CAN,73,195,2020,NYR,1,1,1
155,8482113,Anton Lundell,FLA,C,https://assets.nhle.com/mugs/nhl/20262027/FLA/8482113.png,https://assets.nhle.com/logos/nhl/svg/FLA_light.svg,15,antonlundell,25,2001-10-03,Espoo,,FIN,FIN,73,185,2020,FLA,1,12,12
156,8484227,Will Smith,SJS,C,https://assets.nhle.com/mugs/nhl/20262027/SJS/8484227.png,https://assets.nhle.com/logos/nhl/svg/SJS_light.svg,2,willsmith,21,2005-03-17,,,USA,,72,181,2023,S.J,1,4,4
157,8484873,Cole Hutson,WSH,D,https://assets.nhle.com/mugs/nhl/20262027/WSH/8484873.png,https://assets.nhle.com/logos/nhl/svg/WSH_secondary_light.svg,44,colehutson,20,2006-06-28,St. Louis,,USA,,71,175,2024,WSH,2,11,43
158,8484153,Leo Carlsson,ANA,C,https://assets.nhle.com/mugs/nhl/20262027/ANA/8484153.png,https://assets.nhle.com/logos/nhl/svg/ANA_light.svg,91,leocarlsson,21,2004-12-26,,,SWE,,75,194,2023,ANA,1,2,2
159,8471675,Sidney Crosby,PIT,C,https://assets.nhle.com/mugs/nhl/20262027/PIT/8471675.png,https://assets.nhle.com/logos/nhl/svg/PIT_light.svg,87,sidneycrosby,39,1987-08-07,Cole Harbour,NS,CAN,CAN,71,200,2005,PIT,1,1,1
160,8484166,Adam Fantilli,CBJ,C,https://assets.nhle.com/mugs/nhl/20262027/CBJ/8484166.png,https://assets.nhle.com/logos/nhl/svg/CBJ_light.svg,19,adamfantilli,21,2004-10-12,,,CAN,,74,194,2023,CBJ,1,3,3
161,8476902,Esa Lindell,DAL,D,https://assets.nhle.com/mugs/nhl/20262027/DAL/8476902.png,https://assets.nhle.com/logos/nhl/svg/DAL_light.svg,23,esalindell,32,1994-05-23,Vantaa,,FIN,FIN,75,220,2012,DAL,3,13,74
162,8481617,Vasily Podkolzin,EDM,R,https://assets.nhle.com/mugs/nhl/20262027/EDM/8481617.png,https://assets.nhle.com/logos/nhl/svg/EDM_light.svg,92,vasilypodkolzin,25,2001-06-24,Moscow,,RUS,RUS,73,190,2019,VAN,1,10,10
163,8478399,Jonas Siegenthaler,NJD,D,https://assets.nhle.com/mugs/nhl/20262027/NJD/8478399.png,https://assets.nhle.com/logos/nhl/svg/NJD_light.svg,71,jonassiegenthaler,29,1997-05-06,Zurich,,CHE,CHE,74,218,2015,WSH,2,27,57
164,8482809,Jackson Blake,CAR,R,https://assets.nhle.com/mugs/nhl/20262027/CAR/8482809.png,https://assets.nhle.com/logos/nhl/svg/CAR_light.svg,53,jacksonblake,23,2003-08-03,,,USA,,70,152,2021,CAR,4,13,109
165,8482165,Yan Kuznetsov,CGY,D,https://assets.nhle.com/mugs/nhl/20262027/CGY/8482165.png,https://assets.nhle.com/logos/nhl/svg/CGY_light.svg,37,yankuznetsov,24,2002-03-09,Murmansk,,RUS,RUS,76,209,2020,CGY,2,19,50
166,8475690,Chris Tanev,TOR,D,https://assets.nhle.com/mugs/nhl/20262027/TOR/8475690.png,https://assets.nhle.com/logos/nhl/svg/TOR_light.svg,8,christanev,36,1989-12-20,Toronto,ON,CAN,CAN,74,193,-,-,-,-,-
167,8480796,Martin Fehérváry,WSH,D,https://assets.nhle.com/mugs/nhl/20262027/WSH/8480796.png,https://assets.nhle.com/logos/nhl/svg/WSH_secondary_light.svg,42,martinfehervary,27,1999-10-06,Bratislava,,SVK,SVK,74,199,2018,WSH,2,15,46
168,8481528,Dylan Cozens,OTT,C,https://assets.nhle.com/mugs/nhl/20262027/OTT/8481528.png,https://assets.nhle.com/logos/nhl/svg/OTT_light.svg,24,dylancozens,25,2001-02-09,Whitehorse,YT,CAN,CAN,75,195,2019,BUF,1,7,7
169,8476906,Shayne Gostisbehere,CAR,D,https://assets.nhle.com/mugs/nhl/20262027/CAR/8476906.png,https://assets.nhle.com/logos/nhl/svg/CAR_light.svg,4,shaynegostisbehere,33,1993-04-20,Pembroke Pines,FL,USA,USA,71,180,2012,PHI,3,17,78
170,8482702,Logan Stankoven,CAR,C,https://assets.nhle.com/mugs/nhl/20262027/CAR/8482702.png,https://assets.nhle.com/logos/nhl/svg/CAR_light.svg,22,loganstankoven,23,2003-02-26,Kamloops,BC,CAN,CAN,67,170,2021,DAL,2,15,47
171,8480027,Jason Robertson,DAL,L,https://assets.nhle.com/mugs/nhl/20262027/DAL/8480027.png,https://assets.nhle.com/logos/nhl/svg/DAL_light.svg,21,jasonrobertson,27,1999-07-22,Arcadia,CA,USA,USA,75,200,2017,DAL,2,8,39
172,8483493,Frank Nazar,CHI,C,https://assets.nhle.com/mugs/nhl/20262027/CHI/8483493.png,https://assets.nhle.com/logos/nhl/svg/CHI_light.svg,91,franknazar,22,2004-01-14,,,USA,,69,175,2022,CHI,1,13,13
173,8479987,Morgan Geekie,BOS,C,https://assets.nhle.com/mugs/nhl/20262027/BOS/8479987.png,https://assets.nhle.com/logos/nhl/svg/BOS_light.svg,39,morgangeekie,28,1998-07-20,Strathclair,MB,CAN,CAN,75,200,2017,CAR,3,5,67
174,8483017,Frederic Brunet,BOS,D,https://assets.nhle.com/mugs/nhl/20262027/BOS/8483017.png,https://assets.nhle.com/logos/nhl/svg/BOS_light.svg,42,fredericbrunet,23,2003-08-21,,,CAN,,75,196,2022,BOS,5,3,132
175,8479407,Jesper Bratt,NJD,L,https://assets.nhle.com/mugs/nhl/20262027/NJD/8479407.png,https://assets.nhle.com/logos/nhl/svg/NJD_light.svg,63,jesperbratt,28,1998-07-30,Stockholm,,SWE,SWE,70,175,2016,N.J,6,11,162
176,8481533,Trevor Zegras,PHI,C,https://assets.nhle.com/mugs/nhl/20262027/PHI/8481533.png,https://assets.nhle.com/logos/nhl/svg/PHI_light.svg,46,trevorzegras,25,2001-03-20,Bedford,NY,USA,USA,72,185,2019,ANA,1,9,9
177,8476448,William Karlsson,VGK,C,https://assets.nhle.com/mugs/nhl/20262027/VGK/8476448.png,https://assets.nhle.com/logos/nhl/svg/VGK_light.svg,71,willkarlsson,33,1993-01-08,Marsta,,SWE,SWE,72,190,2011,ANA,2,23,53
178,8475692,Mats Zuccarello,LAK,R,https://assets.nhle.com/mugs/nhl/20262027/LAK/8475692.png,https://assets.nhle.com/logos/nhl/svg/LAK_light.svg,36,matszuccarello,39,1987-09-01,Oslo,,NOR,NOR,68,181,-,-,-,-,-
179,8478401,Pavel Zacha,BOS,C,https://assets.nhle.com/mugs/nhl/20262027/BOS/8478401.png,https://assets.nhle.com/logos/nhl/svg/BOS_light.svg,18,pavelzacha,29,1997-04-06,Brno,,CZE,CZE,76,199,2015,N.J,1,6,6
180,8483515,Juraj Slafkovský,MTL,L,https://assets.nhle.com/mugs/nhl/20262027/MTL/8483515.png,https://assets.nhle.com/logos/nhl/svg/MTL_light.svg,20,jurajslafkovsky,22,2004-03-30,Kosice,,SVK,SVK,75,238,2022,MTL,1,1,1
181,8484768,Zayne Parekh,CGY,D,https://assets.nhle.com/mugs/nhl/20262027/CGY/8484768.png,https://assets.nhle.com/logos/nhl/svg/CGY_light.svg,19,zayneparekh,20,2006-02-15,,,CAN,,72,179,2024,CGY,1,9,9
182,8475188,Brayden McNabb,VGK,D,https://assets.nhle.com/mugs/nhl/20262027/VGK/8475188.png,https://assets.nhle.com/logos/nhl/svg/VGK_light.svg,3,braydenmcnabb,35,1991-01-21,Davidson,SK,CAN,CAN,76,215,2009,BUF,3,5,66
183,8484321,Nikolas Matinpalo,OTT,D,https://assets.nhle.com/mugs/nhl/20262027/OTT/8484321.png,https://assets.nhle.com/logos/nhl/svg/OTT_light.svg,33,nikolasmatinpalo,28,1998-10-05,Espoo,,Fin,,75,207,-,-,-,-,-
184,8479980,Nicolas Hague,NSH,D,https://assets.nhle.com/mugs/nhl/20262027/NSH/8479980.png,https://assets.nhle.com/logos/nhl/svg/NSH_light.svg,41,nicolashague,27,1998-12-05,Kitchener,ON,CAN,CAN,78,230,2017,VGK,2,3,34
185,8476879,Cody Ceci,LAK,D,https://assets.nhle.com/mugs/nhl/20262027/LAK/8476879.png,https://assets.nhle.com/logos/nhl/svg/LAK_light.svg,5,codyceci,32,1993-12-21,Ottawa,ON,CAN,CAN,74,210,2012,OTT,1,15,15
186,8477409,Carter Verhaeghe,FLA,C,https://assets.nhle.com/mugs/nhl/20262027/FLA/8477409.png,https://assets.nhle.com/logos/nhl/svg/FLA_light.svg,23,carterverhaeghe,31,1995-08-14,Toronto,ON,CAN,CAN,74,180,2013,TOR,3,21,82
187,8475200,Dmitry Orlov,SJS,D,https://assets.nhle.com/mugs/nhl/20262027/SJS/8475200.png,https://assets.nhle.com/logos/nhl/svg/SJS_light.svg,9,dmitryorlov,35,1991-07-23,Novokuznetsk,,RUS,RUS,71,214,2009,WSH,2,25,55
188,8483398,Declan Carlile,PIT,D,https://assets.nhle.com/mugs/nhl/20262027/PIT/8483398.png,https://assets.nhle.com/logos/nhl/svg/PIT_light.svg,72,declancarlile,26,2000-05-18,,,USA,,75,192,-,-,-,-,-
189,8482146,Luke Evangelista,NJD,R,https://assets.nhle.com/mugs/nhl/20262027/NJD/8482146.png,https://assets.nhle.com/logos/nhl/svg/NJD_light.svg,77,lukeevangelista,24,2002-02-21,Toronto,ON,CAN,CAN,72,183,2020,NSH,2,11,42
190,8478136,Jake Middleton,CGY,D,https://assets.nhle.com/mugs/nhl/20262027/CGY/8478136.png,https://assets.nhle.com/logos/nhl/svg/CGY_light.svg,55,jakemiddleton,30,1996-01-02,Wainwright,AB,CAN,CAN,75,219,2014,L.A,7,30,210
191,8482145,Mavrik Bourque,NSH,C,https://assets.nhle.com/mugs/nhl/20262027/NSH/8482145.png,https://assets.nhle.com/logos/nhl/svg/NSH_light.svg,22,mavrikbourque,24,2002-01-08,Plessisville,QC,CAN,CAN,70,185,2020,DAL,1,30,30
192,8478911,Matt Roy,WSH,D,https://assets.nhle.com/mugs/nhl/20262027/WSH/8478911.png,https://assets.nhle.com/logos/nhl/svg/WSH_secondary_light.svg,3,mattroy,31,1995-03-01,Detroit,MI,USA,USA,73,205,2015,L.A,7,13,194
193,8478397,Rasmus Andersson,VGK,D,https://assets.nhle.com/mugs/nhl/20262027/VGK/8478397.png,https://assets.nhle.com/logos/nhl/svg/VGK_light.svg,4,rasmusandersson,29,1996-10-27,Malmö,,SWE,SWE,73,202,2015,CGY,2,23,53
194,8482159,Tyson Foerster,PHI,R,https://assets.nhle.com/mugs/nhl/20262027/PHI/8482159.png,https://assets.nhle.com/logos/nhl/svg/PHI_light.svg,71,tysonfoerster,24,2002-01-18,Alliston,ON,CAN,CAN,74,194,2020,PHI,1,23,23
195,8479983,Mario Ferraro,WPG,D,https://assets.nhle.com/mugs/nhl/20262027/WPG/8479983.png,https://assets.nhle.com/logos/nhl/svg/WPG_light.svg,38,marioferraro,28,1998-09-17,Toronto,ON,CAN,CAN,72,209,2017,S.J,2,18,49
196,8482700,Nolan Allan,SJS,D,https://assets.nhle.com/mugs/nhl/20262027/SJS/8482700.png,https://assets.nhle.com/logos/nhl/svg/SJS_light.svg,5,nolanallan,23,2003-04-28,Saskatoon,SK,CAN,CAN,74,195,2021,CHI,1,32,32
197,8477369,Carson Soucy,CBJ,D,https://assets.nhle.com/mugs/nhl/20262027/CBJ/8477369.png,https://assets.nhle.com/logos/nhl/svg/CBJ_light.svg,7,carsonsoucy,32,1994-07-27,Viking,AB,CAN,CAN,77,208,2013,MIN,5,16,137
198,8478042,Viktor Arvidsson,DET,L,https://assets.nhle.com/mugs/nhl/20262027/DET/8478042.png,https://assets.nhle.com/logos/nhl/svg/DET_light.svg,33,viktorarvidsson,33,1993-04-08,Skellefteå,,SWE,SWE,70,185,2014,NSH,4,22,112
199,8479576,Vincent Desharnais,WSH,D,https://assets.nhle.com/mugs/nhl/20262027/WSH/8479576.png,https://assets.nhle.com/logos/nhl/svg/WSH_secondary_light.svg,73,vincentdesharnais,30,1996-05-29,Laval,QC,CAN,CAN,78,215,2016,EDM,7,2,183
200,8481596,Shane Pinto,OTT,C,https://assets.nhle.com/mugs/nhl/20262027/OTT/8481596.png,https://assets.nhle.com/logos/nhl/svg/OTT_light.svg,12,shanepinto,25,2000-11-12,Franklin Square,NY,USA,USA,75,201,2019,OTT,2,1,32
201,8482175,JJ Peterka,BOS,R,https://assets.nhle.com/mugs/nhl/20262027/BOS/8482175.png,https://assets.nhle.com/logos/nhl/svg/BOS_light.svg,10,jjpeterka,24,2002-01-14,Munich,,DEU,DEU,72,189,2020,BUF,2,3,34
202,8478414,Timo Meier,NJD,R,https://assets.nhle.com/mugs/nhl/20262027/NJD/8478414.png,https://assets.nhle.com/logos/nhl/svg/NJD_light.svg,28,timomeier,29,1996-10-08,Herisau,,CHE,CHE,73,220,2015,S.J,1,9,9
203,8484390,Roman Kantserov,CHI,R,https://assets.nhle.com/mugs/nhl/20262027/CHI/8484390.png,https://assets.nhle.com/logos/nhl/svg/CHI_light.svg,80,romankantserov,-,-,-,-,-,-,-,-,-,-,-,-,-
204,8477499,Rasmus Ristolainen,PHI,D,https://assets.nhle.com/mugs/nhl/20262027/PHI/8477499.png,https://assets.nhle.com/logos/nhl/svg/PHI_light.svg,55,rasmusristolainen,31,1994-10-27,Turku,,FIN,FIN,76,221,2013,BUF,1,8,8
205,8476967,Brett Kulak,COL,D,https://assets.nhle.com/mugs/nhl/20262027/COL/8476967.png,https://assets.nhle.com/logos/nhl/svg/COL_light.svg,27,brettkulak,32,1994-01-06,Edmonton,AB,CAN,CAN,73,197,2012,CGY,4,14,105
206,8478840,Will Borgen,BOS,D,https://assets.nhle.com/mugs/nhl/20262027/BOS/8478840.png,https://assets.nhle.com/logos/nhl/svg/BOS_light.svg,17,willborgen,29,1996-12-19,Moorhead,MN,USA,USA,75,204,2015,BUF,4,1,92
207,8483500,Noah Ostlund,BUF,C,https://assets.nhle.com/mugs/nhl/20262027/BUF/8483500.png,https://assets.nhle.com/logos/nhl/svg/BUF_light.svg,86,noahostlund,22,2004-03-11,,,SWE,,71,163,2022,BUF,1,16,16
208,8477951,Nick Schmaltz,UTA,C,https://assets.nhle.com/mugs/nhl/20262027/UTA/8477951.png,https://assets.nhle.com/logos/nhl/svg/UTA_light.svg,8,nickschmaltz,30,1996-02-23,Madison,WI,USA,USA,72,181,2014,CHI,1,20,20
209,8475172,Nazem Kadri,COL,C,https://assets.nhle.com/mugs/nhl/20262027/COL/8475172.png,https://assets.nhle.com/logos/nhl/svg/COL_light.svg,91,nazemkadri,36,1990-10-06,London,ON,CAN,CAN,72,185,2009,TOR,1,7,7
210,8477953,Kasperi Kapanen,EDM,R,https://assets.nhle.com/mugs/nhl/20262027/EDM/8477953.png,https://assets.nhle.com/logos/nhl/svg/EDM_light.svg,42,kasperikapanen,30,1996-07-23,Kuopio,,FIN,FIN,73,194,2014,PIT,1,22,22
211,8484790,Adam Jiricek,STL,D,https://assets.nhle.com/mugs/nhl/20262027/STL/8484790.png,https://assets.nhle.com/logos/nhl/svg/STL_light.svg,36,adamjiricek,20,2006-06-28,,,CZE,,75,178,2024,STL,1,16,16
212,8482667,William Eklund,OTT,L,https://assets.nhle.com/mugs/nhl/20262027/OTT/8482667.png,https://assets.nhle.com/logos/nhl/svg/OTT_light.svg,27,willeklund,23,2002-10-12,Stockholm,,SWE,SWE,71,181,2021,S.J,1,7,7
213,8482149,Cole Perfetti,WPG,C,https://assets.nhle.com/mugs/nhl/20262027/WPG/8482149.png,https://assets.nhle.com/logos/nhl/svg/WPG_light.svg,91,coleperfetti,24,2002-01-01,Whitby,ON,CAN,CAN,71,184,2020,WPG,1,10,10
214,8476372,Nick Seeler,PHI,D,https://assets.nhle.com/mugs/nhl/20262027/PHI/8476372.png,https://assets.nhle.com/logos/nhl/svg/PHI_light.svg,24,nickseeler,33,1993-06-03,Eden Prairie,MN,USA,USA,74,201,2011,MIN,5,10,131
215,8478519,Anthony Cirelli,TBL,C,https://assets.nhle.com/mugs/nhl/20262027/TBL/8478519.png,https://assets.nhle.com/logos/nhl/svg/TBL_light.svg,71,anthonycirelli,29,1997-07-15,Etobicoke,ON,CAN,CAN,72,189,2015,T.B,3,11,72
216,8475279,Ben Chiarot,DET,D,https://assets.nhle.com/mugs/nhl/20262027/DET/8475279.png,https://assets.nhle.com/logos/nhl/svg/DET_light.svg,8,benchiarot,35,1991-05-09,Hamilton,ON,CAN,CAN,75,232,2009,ATL,4,29,120
217,8477492,Nathan MacKinnon,COL,C,https://assets.nhle.com/mugs/nhl/20262027/COL/8477492.png,https://assets.nhle.com/logos/nhl/svg/COL_light.svg,29,nathanmackinnon,31,1995-09-01,Halifax,NS,CAN,CAN,72,200,2013,COL,1,1,1
218,8480043,Timothy Liljegren,WSH,D,https://assets.nhle.com/mugs/nhl/20262027/WSH/8480043.png,https://assets.nhle.com/logos/nhl/svg/WSH_secondary_light.svg,27,timliljegren,27,1999-04-30,Kristianstad,,SWE,SWE,73,192,2017,TOR,1,17,17
219,8479998,Mikey Anderson,LAK,D,https://assets.nhle.com/mugs/nhl/20262027/LAK/8479998.png,https://assets.nhle.com/logos/nhl/svg/LAK_light.svg,44,michaelyanderson,27,1999-05-25,Fridley,MN,USA,USA,72,195,2017,L.A,4,10,103
220,8479378,Logan Stanley,NYI,D,https://assets.nhle.com/mugs/nhl/20262027/NYI/8479378.png,https://assets.nhle.com/logos/nhl/svg/NYI_light.svg,8,loganstanley,28,1998-05-26,Waterloo,ON,CAN,CAN,79,242,2016,WPG,1,18,18
221,8483506,Sam Rinzel,CHI,D,https://assets.nhle.com/mugs/nhl/20262027/CHI/8483506.png,https://assets.nhle.com/logos/nhl/svg/CHI_light.svg,6,samrinzel,22,2004-06-25,,,USA,,76,177,2022,CHI,1,25,25
222,8480830,Andrei Svechnikov,CAR,R,https://assets.nhle.com/mugs/nhl/20262027/CAR/8480830.png,https://assets.nhle.com/logos/nhl/svg/CAR_light.svg,37,andreisvechnikov,26,2000-03-26,Barnual,,RUS,RUS,74,195,2018,CAR,1,2,2
223,8479343,Clayton Keller,UTA,R,https://assets.nhle.com/mugs/nhl/20262027/UTA/8479343.png,https://assets.nhle.com/logos/nhl/svg/UTA_light.svg,9,claytonkeller,28,1998-07-29,Chesterfield,MO,USA,USA,70,178,2016,ARI,1,7,7
224,8471215,Evgeni Malkin,PIT,C,https://assets.nhle.com/mugs/nhl/20262027/PIT/8471215.png,https://assets.nhle.com/logos/nhl/svg/PIT_light.svg,71,evgenimalkin,40,1986-07-31,Magnitogorsk,,RUS,RUS,75,195,2004,PIT,1,2,2
225,8478450,Parker Wotherspoon,VGK,D,https://assets.nhle.com/mugs/nhl/20262027/VGK/8478450.png,https://assets.nhle.com/logos/nhl/svg/VGK_light.svg,29,parkerwotherspoon,29,1997-08-24,Surrey,BC,CAN,CAN,73,190,2015,NYI,4,21,112
226,8477950,Tony DeAngelo,NYI,D,https://assets.nhle.com/mugs/nhl/20262027/NYI/8477950.png,https://assets.nhle.com/logos/nhl/svg/NYI_light.svg,77,anthonydeangelo,30,1995-10-24,Sewell,NJ,USA,USA,71,180,2014,T.B,1,19,19
227,8475754,Brock Nelson,COL,C,https://assets.nhle.com/mugs/nhl/20262027/COL/8475754.png,https://assets.nhle.com/logos/nhl/svg/COL_light.svg,11,brocknelson,34,1991-10-15,Warroad,MN,USA,USA,76,210,2010,NYI,1,30,30
228,8479442,Troy Stecher,TOR,D,https://assets.nhle.com/mugs/nhl/20262027/TOR/8479442.png,https://assets.nhle.com/logos/nhl/svg/TOR_light.svg,28,troystecher,32,1994-04-07,Richmond,BC,CAN,CAN,70,184,-,-,-,-,-
229,8485391,Anton Frondell,CHI,C,https://assets.nhle.com/mugs/nhl/20262027/CHI/8485391.png,https://assets.nhle.com/logos/nhl/svg/CHI_light.svg,16,antonfrondell,19,2007-05-07,Trangsund,,SWE,,73,198,2025,CHI,1,3,3
230,8483516,Jimmy Snuggerud,STL,R,https://assets.nhle.com/mugs/nhl/20262027/STL/8483516.png,https://assets.nhle.com/logos/nhl/svg/STL_light.svg,21,jimmysnuggerud,22,2004-06-01,,,USA,,73,186,2022,STL,1,23,23
231,8475166,John Tavares,TOR,C,https://assets.nhle.com/mugs/nhl/20262027/TOR/8475166.png,https://assets.nhle.com/logos/nhl/svg/TOR_light.svg,91,johntavares,36,1990-09-20,Mississauga,ON,CAN,CAN,73,216,2009,NYI,1,1,1
232,8483431,Logan Cooley,UTA,C,https://assets.nhle.com/mugs/nhl/20262027/UTA/8483431.png,https://assets.nhle.com/logos/nhl/svg/UTA_light.svg,92,logancooley,22,2004-05-04,Pittsburgh,PA,USA,USA,70,174,-,-,-,-,-
233,8482679,Matt Coronato,CGY,R,https://assets.nhle.com/mugs/nhl/20262027/CGY/8482679.png,https://assets.nhle.com/logos/nhl/svg/CGY_light.svg,27,mattcoronato,23,2002-11-14,Greenlawn,NY,USA,USA,70,183,2021,CGY,1,13,13
234,8476931,Jake McCabe,TOR,D,https://assets.nhle.com/mugs/nhl/20262027/TOR/8476931.png,https://assets.nhle.com/logos/nhl/svg/TOR_light.svg,22,jakemccabe,32,1993-10-12,Eau Claire,WI,USA,USA,73,204,2012,BUF,2,14,44
235,8481601,Simon Holmstrom,NYI,R,https://assets.nhle.com/mugs/nhl/20262027/NYI/8481601.png,https://assets.nhle.com/logos/nhl/svg/NYI_light.svg,92,simonholmstrom,25,2001-05-24,Tranas,,SWE,SWE,74,205,2019,NYI,1,23,23
236,8480801,Brady Tkachuk,FLA,L,https://assets.nhle.com/mugs/nhl/20262027/FLA/8480801.png,https://assets.nhle.com/logos/nhl/svg/FLA_light.svg,8,bradytkachuk,27,1999-09-16,Scottsdale,AZ,USA,USA,76,221,2018,OTT,1,4,4
237,8482073,Braden Schneider,NYR,D,https://assets.nhle.com/mugs/nhl/20262027/NYR/8482073.png,https://assets.nhle.com/logos/nhl/svg/NYR_light.svg,4,bradenschneider,25,2001-09-20,Prince Albert,SK,CAN,CAN,75,208,2020,NYR,1,19,19
238,8484262,Travis Mitchell,ANA,D,https://assets.nhle.com/mugs/nhl/20262027/ANA/8484262.png,https://assets.nhle.com/logos/nhl/svg/ANA_light.svg,34,travismitch,26,1999-11-25,,,USA,,76,201,-,-,-,-,-
239,8478444,Brock Boeser,VAN,R,https://assets.nhle.com/mugs/nhl/20262027/VAN/8478444.png,https://assets.nhle.com/logos/nhl/svg/VAN_light.svg,6,brockboeser,29,1997-02-25,Burnsville,MN,USA,USA,73,208,2015,VAN,1,23,23
240,8477506,Ryan Pulock,NYI,D,https://assets.nhle.com/mugs/nhl/20262027/NYI/8477506.png,https://assets.nhle.com/logos/nhl/svg/NYI_light.svg,6,ryanpulock,32,1994-10-06,Dauphin,MB,CAN,CAN,74,216,2013,NYI,1,15,15
241,8477479,Tyler Bertuzzi,CHI,L,https://assets.nhle.com/mugs/nhl/20262027/CHI/8477479.png,https://assets.nhle.com/logos/nhl/svg/CHI_light.svg,59,tylerbertuzzi,31,1995-02-24,Sudbury,ON,CAN,CAN,73,186,2013,DET,2,28,58
242,8477949,Alex Tuch,WSH,R,https://assets.nhle.com/mugs/nhl/20262027/WSH/8477949.png,https://assets.nhle.com/logos/nhl/svg/WSH_secondary_light.svg,89,alextuch,30,1996-05-10,Syracuse,NY,USA,USA,76,219,2014,MIN,1,18,18
243,8476979,Erik Gustafsson,LAK,D,https://assets.nhle.com/mugs/nhl/20262027/LAK/8476979.png,https://assets.nhle.com/logos/nhl/svg/LAK_light.svg,64,erikgustafsson,34,1992-03-14,Nynashamn,,SWE,SWE,72,197,2012,EDM,4,2,93
244,8480878,Nils Lundkvist,DAL,D,https://assets.nhle.com/mugs/nhl/20262027/DAL/8480878.png,https://assets.nhle.com/logos/nhl/svg/DAL_light.svg,5,nilslundkvist,26,2000-07-27,Pitea,,SWE,SWE,71,190,2018,NYR,1,28,28
245,8475745,Charlie Coyle,CBJ,C,https://assets.nhle.com/mugs/nhl/20262027/CBJ/8475745.png,https://assets.nhle.com/logos/nhl/svg/CBJ_light.svg,3,charliecoyle,34,1992-03-02,E. Weymouth,MA,USA,USA,75,223,2010,S.J,1,28,28
246,8482079,Marco Rossi,VAN,C,https://assets.nhle.com/mugs/nhl/20262027/VAN/8482079.png,https://assets.nhle.com/logos/nhl/svg/VAN_light.svg,23,marcorossi,25,2001-09-23,Feldkirch,,AUT,AUT,69,182,2020,MIN,1,9,9
247,8476468,J.T. Miller,NYR,C,https://assets.nhle.com/mugs/nhl/20262027/NYR/8476468.png,https://assets.nhle.com/logos/nhl/svg/NYR_light.svg,10,jtmiller,33,1993-03-14,East Palestine,OH,USA,USA,73,218,2011,NYR,1,15,15
248,8476880,Tom Wilson,WSH,R,https://assets.nhle.com/mugs/nhl/20262027/WSH/8476880.png,https://assets.nhle.com/logos/nhl/svg/WSH_secondary_light.svg,43,tomwilson,32,1994-03-29,Toronto,ON,CAN,CAN,76,220,2012,WSH,1,16,16
249,8475790,Erik Gudbranson,CBJ,D,https://assets.nhle.com/mugs/nhl/20262027/CBJ/8475790.png,https://assets.nhle.com/logos/nhl/svg/CBJ_light.svg,44,erikgudbranson,34,1992-01-07,Ottawa,ON,CAN,CAN,77,222,2010,FLA,1,3,3
250,8482655,J.J. Moser,TBL,D,https://assets.nhle.com/mugs/nhl/20262027/TBL/8482655.png,https://assets.nhle.com/logos/nhl/svg/TBL_light.svg,90,janismoser,26,2000-06-06,Biel,,CHE,CHE,73,173,2021,ARI,2,28,60
251,8474150,Mikael Backlund,CGY,C,https://assets.nhle.com/mugs/nhl/20262027/CGY/8474150.png,https://assets.nhle.com/logos/nhl/svg/CGY_light.svg,11,mikaelbacklund,37,1989-03-17,Vasteras,,SWE,SWE,72,206,2007,CGY,1,24,24
252,8483499,Liam Ohgren,VAN,L,https://assets.nhle.com/mugs/nhl/20262027/VAN/8483499.png,https://assets.nhle.com/logos/nhl/svg/VAN_light.svg,92,liamohgren,22,2004-01-28,,,SWE,,72,187,2022,MIN,1,19,19
253,8475171,Oliver Ekman-Larsson,TOR,D,https://assets.nhle.com/mugs/nhl/20262027/TOR/8475171.png,https://assets.nhle.com/logos/nhl/svg/TOR_light.svg,95,oliverekmanlarsson,35,1991-07-17,Karlskrona,,SWE,SWE,74,200,2009,PHX,1,6,6
254,8479992,Michael Rasmussen,DET,C,https://assets.nhle.com/mugs/nhl/20262027/DET/8479992.png,https://assets.nhle.com/logos/nhl/svg/DET_light.svg,27,michaelrasmussen,27,1999-04-17,Vancouver,BC,CAN,CAN,78,211,2017,DET,1,9,9
255,8478443,Brandon Carlo,STL,D,https://assets.nhle.com/mugs/nhl/20262027/STL/8478443.png,https://assets.nhle.com/logos/nhl/svg/STL_light.svg,25,brandoncarlo,29,1996-11-26,Colorado Springs,CO,USA,USA,78,218,2015,BOS,2,7,37
256,8482077,Dylan Holloway,STL,L,https://assets.nhle.com/mugs/nhl/20262027/STL/8482077.png,https://assets.nhle.com/logos/nhl/svg/STL_light.svg,81,dylanholloway,25,2001-09-23,Calgary,AB,CAN,CAN,73,203,2020,EDM,1,14,14
257,8477940,Nikolaj Ehlers,CAR,L,https://assets.nhle.com/mugs/nhl/20262027/CAR/8477940.png,https://assets.nhle.com/logos/nhl/svg/CAR_light.svg,27,nikolajehlers,30,1996-02-14,Aalborg,,DNK,DNK,72,169,2014,WPG,1,9,9
258,8476905,Chandler Stephenson,SEA,C,https://assets.nhle.com/mugs/nhl/20262027/SEA/8476905.png,https://assets.nhle.com/logos/nhl/svg/SEA_light.svg,9,chandlerstephenson,32,1994-04-22,Saskatoon,SK,CAN,CAN,72,209,2012,WSH,3,16,77
259,8474013,Ian Cole,CHI,D,https://assets.nhle.com/mugs/nhl/20262027/CHI/8474013.png,https://assets.nhle.com/logos/nhl/svg/CHI_light.svg,28,iancole,37,1989-02-21,Ann Arbor,MI,USA,USA,73,225,2007,STL,1,18,18
260,8482720,Matthew Knies,CBJ,L,https://assets.nhle.com/mugs/nhl/20262027/CBJ/8482720.png,https://assets.nhle.com/logos/nhl/svg/CBJ_light.svg,89,mattknies,23,2002-10-17,Phoenix,AZ,USA,USA,74,210,2021,TOR,2,25,57
261,8476389,Vincent Trocheck,UTA,C,https://assets.nhle.com/mugs/nhl/20262027/UTA/8476389.png,https://assets.nhle.com/logos/nhl/svg/UTA_light.svg,16,vincenttrocheck,33,1993-07-11,Pittsburgh,PA,USA,USA,71,184,2011,FLA,3,3,64
262,8477402,Pavel Buchnevich,STL,L,https://assets.nhle.com/mugs/nhl/20262027/STL/8477402.png,https://assets.nhle.com/logos/nhl/svg/STL_light.svg,89,pavelbuchnevich,31,1995-04-17,Cherepovets,,RUS,RUS,73,196,2013,NYR,3,14,75
263,8483425,Lian Bichsel,DAL,D,https://assets.nhle.com/mugs/nhl/20262027/DAL/8483425.png,https://assets.nhle.com/logos/nhl/svg/DAL_light.svg,6,lianbichsel,22,2004-05-18,,,SUI,,78,233,2022,DAL,1,18,18
264,8478020,Michael Amadio,OTT,R,https://assets.nhle.com/mugs/nhl/20262027/OTT/8478020.png,https://assets.nhle.com/logos/nhl/svg/OTT_light.svg,22,michaelamadio,30,1996-05-13,Sault Ste. Marie,ON,CAN,CAN,73,204,2014,L.A,3,30,90
265,8484241,Matthew Wood,NSH,R,https://assets.nhle.com/mugs/nhl/20262027/NSH/8484241.png,https://assets.nhle.com/logos/nhl/svg/NSH_light.svg,71,mattwood,21,2005-02-06,,,CAN,,77,205,2023,NSH,1,15,15
266,8480208,Drake Batherson,OTT,R,https://assets.nhle.com/mugs/nhl/20262027/OTT/8480208.png,https://assets.nhle.com/logos/nhl/svg/OTT_light.svg,19,drakebatherson,28,1998-04-27,Fort Wayne,IN,USA,USA,75,200,2017,OTT,4,28,121
267,8486171,T.J. Hughes,COL,R,https://assets.nhle.com/mugs/nhl/20262027/COL/8486171.png,https://assets.nhle.com/logos/nhl/svg/COL_light.svg,13,tjhughes,24,2001-11-09,Hamilton,,CAN,,72,185,-,-,-,-,-
268,8478439,Travis Konecny,PHI,R,https://assets.nhle.com/mugs/nhl/20262027/PHI/8478439.png,https://assets.nhle.com/logos/nhl/svg/PHI_light.svg,11,traviskonecny,29,1997-03-11,London,ON,CAN,CAN,70,175,2015,PHI,1,24,24
269,8484759,Carter Yakemchuk,OTT,D,https://assets.nhle.com/mugs/nhl/20262027/OTT/8484759.png,https://assets.nhle.com/logos/nhl/svg/OTT_light.svg,26,carteryakemchuk,21,2005-09-29,,,CAN,,75,201,2024,OTT,1,7,7
270,8481219,Jonathan Aspirot,BOS,D,https://assets.nhle.com/mugs/nhl/20262027/BOS/8481219.png,https://assets.nhle.com/logos/nhl/svg/BOS_light.svg,45,jonathanaspirot,27,1999-05-16,Mascouche,QC,CAN,CAN,72,200,-,-,-,-,-
271,8483679,Anton Johansson,DET,D,https://assets.nhle.com/mugs/nhl/20262027/DET/8483679.png,https://assets.nhle.com/logos/nhl/svg/DET_light.svg,42,antonjohansson,22,2004-06-10,Stockholm,,SWE,,76,203,2022,DET,4,8,105
272,8475151,Kyle Palmieri,NYI,C,https://assets.nhle.com/mugs/nhl/20262027/NYI/8475151.png,https://assets.nhle.com/logos/nhl/svg/NYI_light.svg,21,kylepalmieri,35,1991-02-01,Smithtown,NY,USA,USA,71,198,2009,ANA,1,26,26
273,8481014,Alexander Romanov,NYI,D,https://assets.nhle.com/mugs/nhl/20262027/NYI/8481014.png,https://assets.nhle.com/logos/nhl/svg/NYI_light.svg,28,alexromanov,26,2000-01-06,Moscow,,RUS,RUS,73,215,2018,MTL,2,7,38
274,8476881,Tomas Hertl,VGK,C,https://assets.nhle.com/mugs/nhl/20262027/VGK/8476881.png,https://assets.nhle.com/logos/nhl/svg/VGK_light.svg,48,tomashertl,32,1993-11-12,Praha,,CZE,CZE,75,215,2012,S.J,1,17,17
275,8484471,Emmitt Finnie,DET,C,https://assets.nhle.com/mugs/nhl/20262027/DET/8484471.png,https://assets.nhle.com/logos/nhl/svg/DET_light.svg,58,emmittfinnie,21,2005-06-27,,,CAN,,72,170,2023,DET,7,9,201
276,8480064,Josh Norris,BUF,C,https://assets.nhle.com/mugs/nhl/20262027/BUF/8480064.png,https://assets.nhle.com/logos/nhl/svg/BUF_light.svg,9,joshnorris,27,1999-05-05,Oxford,MI,USA,USA,74,195,2017,S.J,1,19,19
277,8480289,Morgan Barron,WPG,C,https://assets.nhle.com/mugs/nhl/20262027/WPG/8480289.png,https://assets.nhle.com/logos/nhl/svg/WPG_light.svg,36,morganbarron,27,1998-12-02,Halifax,NS,CAN,CAN,76,220,2017,NYR,6,19,174
278,8481527,Kaedan Korczak,PIT,D,https://assets.nhle.com/mugs/nhl/20262027/PIT/8481527.png,https://assets.nhle.com/logos/nhl/svg/PIT_light.svg,6,kaedankorczak,25,2001-01-29,Yorkton,SK,CAN,CAN,75,202,2019,VGK,2,10,41
279,8481068,Yegor Sharangovich,CGY,C,https://assets.nhle.com/mugs/nhl/20262027/CGY/8481068.png,https://assets.nhle.com/logos/nhl/svg/CGY_light.svg,17,yegorsharangovich,28,1998-06-06,Minsk,,BLR,BLR,74,196,2018,N.J,5,17,141
280,8478468,Jeremy Lauzon,VGK,D,https://assets.nhle.com/mugs/nhl/20262027/VGK/8478468.png,https://assets.nhle.com/logos/nhl/svg/VGK_light.svg,5,jeremylauzon,29,1997-04-28,Val D'or,QC,CAN,CAN,73,204,2015,BOS,2,22,52
281,8479353,Brett Howden,VGK,C,https://assets.nhle.com/mugs/nhl/20262027/VGK/8479353.png,https://assets.nhle.com/logos/nhl/svg/VGK_light.svg,21,bretthowden,28,1998-03-29,Calgary,AB,CAN,CAN,74,203,2016,T.B,1,27,27
282,8482259,Bobby McMann,SEA,C,https://assets.nhle.com/mugs/nhl/20262027/SEA/8482259.png,https://assets.nhle.com/logos/nhl/svg/SEA_light.svg,74,bobbymcmann,30,1996-06-15,"Wainwright, AB",AB,CAN,CAN,74,208,-,-,-,-,-
283,8481656,Aliaksei Protas,WSH,L,https://assets.nhle.com/mugs/nhl/20262027/WSH/8481656.png,https://assets.nhle.com/logos/nhl/svg/WSH_secondary_light.svg,21,aliakseiprotas,25,2001-01-06,VITEBSK,,BLR,BLR,78,225,2019,WSH,3,29,91
284,8484806,Sam Dickinson,SJS,D,https://assets.nhle.com/mugs/nhl/20262027/SJS/8484806.png,https://assets.nhle.com/logos/nhl/svg/SJS_light.svg,6,samdickinson,20,2006-06-07,,,CAN,,75,199,2024,S.J,1,11,11
285,8485414,Ben Kindel,PIT,C,https://assets.nhle.com/mugs/nhl/20262027/PIT/8485414.png,https://assets.nhle.com/logos/nhl/svg/PIT_light.svg,81,benkindel,19,2007-04-19,,,CAN,,71,182,2025,PIT,1,11,11
286,8478542,Evan Rodrigues,NJD,C,https://assets.nhle.com/mugs/nhl/20262027/NJD/8478542.png,https://assets.nhle.com/logos/nhl/svg/NJD_light.svg,17,evanrodrigues,33,1993-07-28,Toronto,ON,CAN,CAN,71,184,-,-,-,-,-
287,8482659,Josh Doan,BUF,R,https://assets.nhle.com/mugs/nhl/20262027/BUF/8482659.png,https://assets.nhle.com/logos/nhl/svg/BUF_light.svg,91,joshdoan,24,2002-02-01,,,USA,,73,183,2021,ARI,2,5,37
288,8478458,Jack Roslovic,TOR,C,https://assets.nhle.com/mugs/nhl/20262027/TOR/8478458.png,https://assets.nhle.com/logos/nhl/svg/TOR_light.svg,96,jackroslovic,29,1997-01-29,Columbus,OH,USA,USA,73,200,2015,WPG,1,25,25
289,8473533,Jordan Staal,CAR,C,https://assets.nhle.com/mugs/nhl/20262027/CAR/8473533.png,https://assets.nhle.com/logos/nhl/svg/CAR_light.svg,11,jordanstaal,38,1988-09-10,Thunder Bay,ON,CAN,CAN,76,220,2006,PIT,1,2,2
290,8474586,Jordan Eberle,SEA,R,https://assets.nhle.com/mugs/nhl/20262027/SEA/8474586.png,https://assets.nhle.com/logos/nhl/svg/SEA_light.svg,7,jordaneberle,36,1990-05-15,Regina,SK,CAN,CAN,71,190,2008,EDM,1,22,22
291,8482055,Drew O'Connor,VAN,L,https://assets.nhle.com/mugs/nhl/20262027/VAN/8482055.png,https://assets.nhle.com/logos/nhl/svg/VAN_light.svg,18,drewoconnor,28,1998-06-09,Chatham,NJ,USA,USA,75,200,-,-,-,-,-
292,8482665,Matty Beniers,SEA,C,https://assets.nhle.com/mugs/nhl/20262027/SEA/8482665.png,https://assets.nhle.com/logos/nhl/svg/SEA_light.svg,10,mattybeniers,23,2002-11-05,Hingham,MA,USA,USA,74,178,2021,SEA,1,2,2
293,8482475,Egor Chinakhov,PIT,R,https://assets.nhle.com/mugs/nhl/20262027/PIT/8482475.png,https://assets.nhle.com/logos/nhl/svg/PIT_light.svg,59,egorchinakhov,25,2001-02-01,Omsk,,RUS,RUS,73,204,2020,CBJ,1,21,21
294,8477810,Joel Hanley,CGY,D,https://assets.nhle.com/mugs/nhl/20262027/CGY/8477810.png,https://assets.nhle.com/logos/nhl/svg/CGY_light.svg,44,joelhanley,35,1991-06-08,Keswick,ON,CAN,CAN,71,190,-,-,-,-,-
295,8481604,Pavel Dorofeyev,NYR,R,https://assets.nhle.com/mugs/nhl/20262027/NYR/8481604.png,https://assets.nhle.com/logos/nhl/svg/NYR_light.svg,16,paveldorofeyev,25,2000-10-26,Nizhny Tagil,,RUS,RUS,73,194,2019,VGK,3,17,79
296,8477501,Valeri Nichushkin,CBJ,R,https://assets.nhle.com/mugs/nhl/20262027/CBJ/8477501.png,https://assets.nhle.com/logos/nhl/svg/CBJ_light.svg,43,valerinichushkin,31,1995-03-04,Chelyabinsk,,RUS,RUS,76,210,2013,DAL,1,10,10
297,8476455,Gabriel Landeskog,COL,L,https://assets.nhle.com/mugs/nhl/20262027/COL/8476455.png,https://assets.nhle.com/logos/nhl/svg/COL_light.svg,92,gabriellandeskog,33,1992-11-23,Stockholm,,SWE,SWE,73,215,2011,COL,1,2,2
298,8485512,Tim Washe,ANA,C,https://assets.nhle.com/mugs/nhl/20262027/ANA/8485512.png,https://assets.nhle.com/logos/nhl/svg/ANA_light.svg,42,timwashe,25,2001-08-25,,,USA,,75,215,-,-,-,-,-
299,8478851,Alexandre Carrier,MTL,D,https://assets.nhle.com/mugs/nhl/20262027/MTL/8478851.png,https://assets.nhle.com/logos/nhl/svg/MTL_light.svg,45,alexandrecarrier,29,1996-10-08,Quebec City,QC,CAN,CAN,71,174,2015,NSH,4,24,115
300,8480797,Joel Farabee,CGY,L,https://assets.nhle.com/mugs/nhl/20262027/CGY/8480797.png,https://assets.nhle.com/logos/nhl/svg/CGY_light.svg,86,joelfarabee,26,2000-02-25,Syracuse,NY,USA,USA,72,183,2018,PHI,1,14,14
301,8477497,Sean Monahan,CBJ,C,https://assets.nhle.com/mugs/nhl/20262027/CBJ/8477497.png,https://assets.nhle.com/logos/nhl/svg/CBJ_light.svg,23,seanmonahan,31,1994-10-12,Brampton,ON,CAN,CAN,74,196,2013,CGY,1,6,6
302,8477021,Alexander Kerfoot,NSH,C,https://assets.nhle.com/mugs/nhl/20262027/NSH/8477021.png,https://assets.nhle.com/logos/nhl/svg/NSH_light.svg,14,alexkerfoot,32,1994-08-11,Vancouver,BC,CAN,CAN,71,186,2012,N.J,5,29,150
303,8481618,Alex Newhook,MTL,C,https://assets.nhle.com/mugs/nhl/20262027/MTL/8481618.png,https://assets.nhle.com/logos/nhl/svg/MTL_light.svg,15,alexnewhook,25,2001-01-28,St. John's,NL,CAN,CAN,70,190,2019,COL,1,16,16
304,8478449,Roope Hintz,DAL,C,https://assets.nhle.com/mugs/nhl/20262027/DAL/8478449.png,https://assets.nhle.com/logos/nhl/svg/DAL_light.svg,24,roopehintz,29,1996-11-17,Tampere,,FIN,FIN,75,215,2015,DAL,2,19,49
305,8482699,Dylan Guenther,UTA,R,https://assets.nhle.com/mugs/nhl/20262027/UTA/8482699.png,https://assets.nhle.com/logos/nhl/svg/UTA_light.svg,11,dylanguenther,23,2003-04-10,Edmonton,AB,CAN,CAN,74,175,2021,ARI,1,9,9
306,8476461,Sean Couturier,PHI,C,https://assets.nhle.com/mugs/nhl/20262027/PHI/8476461.png,https://assets.nhle.com/logos/nhl/svg/PHI_light.svg,14,seancouturier,33,1992-12-07,Phoenix,AZ,USA,CAN,75,211,2011,PHI,1,8,8
307,8480014,Gabriel Vilardi,WPG,C,https://assets.nhle.com/mugs/nhl/20262027/WPG/8480014.png,https://assets.nhle.com/logos/nhl/svg/WPG_light.svg,13,gabrielvilardi,27,1999-08-16,Kingston,ON,CAN,CAN,75,215,2017,L.A,1,11,11
308,8477989,Christian Dvorak,PHI,C,https://assets.nhle.com/mugs/nhl/20262027/PHI/8477989.png,https://assets.nhle.com/logos/nhl/svg/PHI_light.svg,22,christiandvorak,30,1996-02-02,Palos,IL,USA,USA,73,193,2014,ARI,2,28,58
309,8482155,Alex Laferriere,LAK,R,https://assets.nhle.com/mugs/nhl/20262027/LAK/8482155.png,https://assets.nhle.com/logos/nhl/svg/LAK_light.svg,14,alexlaferriere,24,2001-10-28,Chatham,NJ,USA,USA,72,173,2020,L.A,3,21,83
310,8484386,Dmitri Simashev,UTA,D,https://assets.nhle.com/mugs/nhl/20262027/UTA/8484386.png,https://assets.nhle.com/logos/nhl/svg/UTA_light.svg,26,dmitrisimashev,21,2005-02-04,,,RUS,,76,198,2023,ARI,1,6,6
311,8477496,Elias Lindholm,BOS,C,https://assets.nhle.com/mugs/nhl/20262027/BOS/8477496.png,https://assets.nhle.com/logos/nhl/svg/BOS_light.svg,28,eliaslindholm,31,1994-12-02,Boden,,SWE,SWE,73,202,2013,CAR,1,5,5
312,8482660,Kent Johnson,CBJ,C,https://assets.nhle.com/mugs/nhl/20262027/CBJ/8482660.png,https://assets.nhle.com/logos/nhl/svg/CBJ_light.svg,91,kentjohnson,23,2002-10-18,Port Moody,BC,CAN,CAN,72,175,2021,CBJ,1,5,5
313,8483678,Elias Pettersson,VAN,D,https://assets.nhle.com/mugs/nhl/20262027/VAN/8483678.png,https://assets.nhle.com/logos/nhl/svg/VAN_light.svg,25,eliaspetterssonD,22,2004-02-16,,,SWE,,74,185,2022,VAN,3,15,80
314,8477955,Jared McCann,SEA,L,https://assets.nhle.com/mugs/nhl/20262027/SEA/8477955.png,https://assets.nhle.com/logos/nhl/svg/SEA_light.svg,19,jaredmccann,30,1996-05-31,Stratford,ON,CAN,CAN,73,191,2014,VAN,1,24,24
315,8484829,Justin Hryckowian,DAL,C,https://assets.nhle.com/mugs/nhl/20262027/DAL/8484829.png,https://assets.nhle.com/logos/nhl/svg/DAL_light.svg,49,justinhryckowian,25,2001-02-23,,,CAN,,70,194,-,-,-,-,-
316,8473512,Claude Giroux,OTT,R,https://assets.nhle.com/mugs/nhl/20262027/OTT/8473512.png,https://assets.nhle.com/logos/nhl/svg/OTT_light.svg,28,claudegiroux,38,1988-01-12,Hearst,ON,CAN,CAN,71,190,2006,PHI,1,22,22
317,8481806,Louis Crevier,BUF,D,https://assets.nhle.com/mugs/nhl/20262027/BUF/8481806.png,https://assets.nhle.com/logos/nhl/svg/BUF_light.svg,46,louiscrevier,25,2001-05-04,Quebec City,QC,CAN,CAN,72,196,2020,CHI,7,2,188
318,8473986,Alex Killorn,ANA,L,https://assets.nhle.com/mugs/nhl/20262027/ANA/8473986.png,https://assets.nhle.com/logos/nhl/svg/ANA_light.svg,17,alexkillorn,37,1989-09-14,Halifax,NS,CAN,CAN,73,194,2007,T.B,3,16,77
319,8485702,Maxim Shabanov,MIN,R,https://assets.nhle.com/mugs/nhl/20262027/MIN/8485702.png,https://assets.nhle.com/logos/nhl/svg/MIN_light.svg,49,maximshabanov,25,2000-10-07,,,RUS,,69,167,-,-,-,-,-
320,8482866,Ville Ottavainen,SEA,D,https://assets.nhle.com/mugs/nhl/20262027/SEA/8482866.png,https://assets.nhle.com/logos/nhl/svg/SEA_light.svg,46,villeottavainen,24,2002-08-12,,,FIN,,77,210,2021,SEA,4,3,99
321,8479369,Andrew Peeke,UTA,D,https://assets.nhle.com/mugs/nhl/20262027/UTA/8479369.png,https://assets.nhle.com/logos/nhl/svg/UTA_light.svg,20,andrewpeeke,28,1998-03-17,Parkland,FL,USA,USA,75,210,2016,CBJ,2,4,34
322,8484800,Berkly Catton,SEA,C,https://assets.nhle.com/mugs/nhl/20262027/SEA/8484800.png,https://assets.nhle.com/logos/nhl/svg/SEA_light.svg,27,berklycatton,20,2006-01-14,,,CAN,,71,170,2024,SEA,1,8,8
323,8475167,Victor Hedman,TBL,D,https://assets.nhle.com/mugs/nhl/20262027/TBL/8475167.png,https://assets.nhle.com/logos/nhl/svg/TBL_light.svg,77,victorhedman,35,1990-12-18,Ornskoldsvik,,SWE,SWE,79,244,2009,T.B,1,2,2
324,8476392,Adam Lowry,WPG,C,https://assets.nhle.com/mugs/nhl/20262027/WPG/8476392.png,https://assets.nhle.com/logos/nhl/svg/WPG_light.svg,17,adamlowry,33,1993-03-29,St. Louis,MO,USA,USA,78,208,2011,WPG,3,6,67
325,8475208,Brian Dumoulin,LAK,D,https://assets.nhle.com/mugs/nhl/20262027/LAK/8475208.png,https://assets.nhle.com/logos/nhl/svg/LAK_light.svg,2,briandumoulin,35,1991-09-06,Biddeford,ME,USA,USA,76,207,2009,CAR,2,21,51
326,8481607,Albert Johansson,DET,D,https://assets.nhle.com/mugs/nhl/20262027/DET/8481607.png,https://assets.nhle.com/logos/nhl/svg/DET_light.svg,20,albertjohansson,25,2001-01-04,Karlstad,,SWE,SWE,72,168,2019,DET,2,29,60
327,8475179,Dmitry Kulikov,FLA,D,https://assets.nhle.com/mugs/nhl/20262027/FLA/8475179.png,https://assets.nhle.com/logos/nhl/svg/FLA_light.svg,7,dmitrykulikov,35,1990-10-29,Lipetsk,,RUS,RUS,73,201,2009,FLA,1,14,14
328,8479324,Ryan Lindgren,SEA,D,https://assets.nhle.com/mugs/nhl/20262027/SEA/8479324.png,https://assets.nhle.com/logos/nhl/svg/SEA_light.svg,55,ryanlindgren,28,1998-02-11,Burnsville,MN,USA,USA,72,190,2016,BOS,2,19,49
329,8474151,Ryan McDonagh,TBL,D,https://assets.nhle.com/mugs/nhl/20262027/TBL/8474151.png,https://assets.nhle.com/logos/nhl/svg/TBL_light.svg,27,ryanmcdonagh,37,1989-06-13,St. Paul,MN,USA,USA,73,215,2007,MTL,1,12,12
330,8476539,Jonathan Marchessault,NSH,R,https://assets.nhle.com/mugs/nhl/20262027/NSH/8476539.png,https://assets.nhle.com/logos/nhl/svg/NSH_light.svg,81,jonathanmarchessault,35,1990-12-27,Cap-Rouge,QC,CAN,CAN,69,183,-,-,-,-,-
331,8482745,Mason McTavish,STL,C,https://assets.nhle.com/mugs/nhl/20262027/STL/8482745.png,https://assets.nhle.com/logos/nhl/svg/STL_light.svg,83,masonmctavish,23,2003-01-30,Zurich,,CHE,CHE,72,213,2021,ANA,1,3,3
332,8476432,Boone Jenner,WSH,C,https://assets.nhle.com/mugs/nhl/20262027/WSH/8476432.png,https://assets.nhle.com/logos/nhl/svg/WSH_secondary_light.svg,22,boonejenner,33,1993-06-15,Dorchester,ON,CAN,CAN,74,203,2011,CBJ,2,7,37
333,8484984,Ivan Demidov,MTL,R,https://assets.nhle.com/mugs/nhl/20262027/MTL/8484984.png,https://assets.nhle.com/logos/nhl/svg/MTL_light.svg,93,ivandemidov,20,2005-12-10,,,RUS,,73,192,2024,MTL,1,5,5
334,8478440,Dylan Strome,WSH,C,https://assets.nhle.com/mugs/nhl/20262027/WSH/8478440.png,https://assets.nhle.com/logos/nhl/svg/WSH_secondary_light.svg,17,dylanstrome,29,1997-03-07,Mississauga,ON,CAN,CAN,75,200,2015,ARI,1,3,3
335,8478498,Jake DeBrusk,VAN,L,https://assets.nhle.com/mugs/nhl/20262027/VAN/8478498.png,https://assets.nhle.com/logos/nhl/svg/VAN_light.svg,74,jakedebrusk,29,1996-10-17,Edmonton,AB,CAN,CAN,72,197,2015,BOS,1,14,14
336,8483489,Fraser Minten,BOS,C,https://assets.nhle.com/mugs/nhl/20262027/BOS/8483489.png,https://assets.nhle.com/logos/nhl/svg/BOS_light.svg,93,fraserminten,22,2004-07-05,,,CAN,,74,192,2022,TOR,2,6,38
337,8484180,Samuel Honzek,CGY,L,https://assets.nhle.com/mugs/nhl/20262027/CGY/8484180.png,https://assets.nhle.com/logos/nhl/svg/CGY_light.svg,29,samuelhonzek,21,2004-11-12,,,SVK,,76,186,2023,CGY,1,16,16
338,8476312,Josh Manson,COL,D,https://assets.nhle.com/mugs/nhl/20262027/COL/8476312.png,https://assets.nhle.com/logos/nhl/svg/COL_light.svg,42,joshmanson,34,1991-10-07,Hinsdale,IL,USA,CAN,75,218,2011,ANA,6,9,160
339,8482476,Emil Heineman,NYI,L,https://assets.nhle.com/mugs/nhl/20262027/NYI/8482476.png,https://assets.nhle.com/logos/nhl/svg/NYI_light.svg,51,emilheineman,24,2001-11-16,Leksand,,SWE,SWE,72,194,2020,FLA,2,12,43
340,8480185,Eetu Luostarinen,FLA,C,https://assets.nhle.com/mugs/nhl/20262027/FLA/8480185.png,https://assets.nhle.com/logos/nhl/svg/FLA_light.svg,27,eetuluostarinen,28,1998-09-02,Siilinjarvi,,FIN,FIN,75,190,2017,CAR,2,11,42
341,8479675,Trevor Moore,LAK,L,https://assets.nhle.com/mugs/nhl/20262027/LAK/8479675.png,https://assets.nhle.com/logos/nhl/svg/LAK_light.svg,12,trevormoore,31,1995-03-31,Thousand Oaks,CA,USA,USA,70,195,-,-,-,-,-
342,8480015,Owen Tippett,PHI,R,https://assets.nhle.com/mugs/nhl/20262027/PHI/8480015.png,https://assets.nhle.com/logos/nhl/svg/PHI_light.svg,74,owentippett,27,1999-02-16,Peterborough,ON,CAN,CAN,73,207,2017,FLA,1,10,10
343,8484387,Matvei Michkov,PHI,R,https://assets.nhle.com/mugs/nhl/20262027/PHI/8484387.png,https://assets.nhle.com/logos/nhl/svg/PHI_light.svg,39,matveimichkov,21,2004-12-09,,,RUS,,70,172,2023,PHI,1,7,7
344,8480028,Morgan Frost,CGY,C,https://assets.nhle.com/mugs/nhl/20262027/CGY/8480028.png,https://assets.nhle.com/logos/nhl/svg/CGY_light.svg,16,morganfrost,27,1999-05-14,Aurora,ON,CAN,CAN,71,170,2017,PHI,1,27,27
345,8482715,Ryan Ufko,NSH,D,https://assets.nhle.com/mugs/nhl/20262027/NSH/8482715.png,https://assets.nhle.com/logos/nhl/svg/NSH_light.svg,12,ryanufko,23,2003-05-07,,,USA,,72,174,2021,NSH,4,19,115
346,8477426,Nick Paul,TOR,L,https://assets.nhle.com/mugs/nhl/20262027/TOR/8477426.png,https://assets.nhle.com/logos/nhl/svg/TOR_light.svg,20,nickpaul,31,1995-03-20,Mississauga,ON,CAN,CAN,75,223,2013,DAL,4,10,101
347,8483460,David Jiricek,PHI,D,https://assets.nhle.com/mugs/nhl/20262027/PHI/8483460.png,https://assets.nhle.com/logos/nhl/svg/PHI_light.svg,5,davidjiricek,22,2003-11-28,Klatovy,,CZE,CZE,76,199,2022,CBJ,1,6,6
348,8481711,Matias Maccelli,NYI,L,https://assets.nhle.com/mugs/nhl/20262027/NYI/8481711.png,https://assets.nhle.com/logos/nhl/svg/NYI_light.svg,63,matiasmaccelli,25,2000-10-14,Turku,,FIN,FIN,71,176,2019,ARI,4,5,98
349,8481532,Alex Turcotte,LAK,C,https://assets.nhle.com/mugs/nhl/20262027/LAK/8481532.png,https://assets.nhle.com/logos/nhl/svg/LAK_light.svg,15,alexturcotte,25,2001-02-26,Elk Grove,IL,USA,USA,71,185,2019,L.A,1,5,5
350,8481580,Connor McMichael,STL,L,https://assets.nhle.com/mugs/nhl/20262027/STL/8481580.png,https://assets.nhle.com/logos/nhl/svg/STL_light.svg,77,connormcmichael,25,2001-01-15,Ajax,ON,CAN,CAN,72,180,2019,WSH,1,25,25
351,8484911,Collin Graf,SJS,R,https://assets.nhle.com/mugs/nhl/20262027/SJS/8484911.png,https://assets.nhle.com/logos/nhl/svg/SJS_light.svg,51,collingraf,24,2002-09-21,,,USA,,73,194,-,-,-,-,-
352,8481719,Max Crozier,TBL,D,https://assets.nhle.com/mugs/nhl/20262027/TBL/8481719.png,https://assets.nhle.com/logos/nhl/svg/TBL_light.svg,24,maxcrozier,26,2000-04-19,,,CAN,,73,197,2019,T.B,4,27,120
353,8478569,Noel Acciari,PHI,C,https://assets.nhle.com/mugs/nhl/20262027/PHI/8478569.png,https://assets.nhle.com/logos/nhl/svg/PHI_light.svg,52,noelacciari,34,1991-12-01,Johnston,RI,USA,USA,70,209,-,-,-,-,-
354,8482713,Mackie Samoskevich,SEA,R,https://assets.nhle.com/mugs/nhl/20262027/SEA/8482713.png,https://assets.nhle.com/logos/nhl/svg/SEA_light.svg,11,mackiesamoskevich,23,2002-11-15,Newtown,CT,USA,USA,71,191,2021,FLA,1,24,24
355,8483450,Ryan Greene,CHI,C,https://assets.nhle.com/mugs/nhl/20262027/CHI/8483450.png,https://assets.nhle.com/logos/nhl/svg/CHI_light.svg,20,ryangreene,22,2003-10-21,,,CAN,,73,174,2022,CHI,2,25,57
356,8479400,Pierre-Luc Dubois,WSH,C,https://assets.nhle.com/mugs/nhl/20262027/WSH/8479400.png,https://assets.nhle.com/logos/nhl/svg/WSH_secondary_light.svg,80,pierrelucdubois,28,1998-06-24,Ste-Agathe-Des-Monts,QC,CAN,CAN,76,214,2016,CBJ,1,3,3
357,8478438,Tommy Novak,PIT,C,https://assets.nhle.com/mugs/nhl/20262027/PIT/8478438.png,https://assets.nhle.com/logos/nhl/svg/PIT_light.svg,18,thomasnovak,29,1997-04-28,St. Paul,MN,USA,USA,73,179,2015,NSH,3,24,85
358,8481721,Arseny Gritsyuk,NJD,R,https://assets.nhle.com/mugs/nhl/20262027/NJD/8481721.png,https://assets.nhle.com/logos/nhl/svg/NJD_light.svg,81,arsenygritsyuk,25,2001-03-15,,,RUS,,72,195,2019,N.J,5,5,129
359,8482768,Fedor Svechkov,COL,C,https://assets.nhle.com/mugs/nhl/20262027/COL/8482768.png,https://assets.nhle.com/logos/nhl/svg/COL_light.svg,9,fedorsvechkov,23,2003-04-05,,,RUS,,72,187,2021,NSH,1,19,19
360,8482482,Adam Wilsby,NSH,D,https://assets.nhle.com/mugs/nhl/20262027/NSH/8482482.png,https://assets.nhle.com/logos/nhl/svg/NSH_light.svg,2,adamwilsby,26,2000-08-07,Stockholm,,SWE,SWE,73,188,2020,NSH,4,8,101
361,8481032,Paul Cotter,VAN,L,https://assets.nhle.com/mugs/nhl/20262027/VAN/8481032.png,https://assets.nhle.com/logos/nhl/svg/VAN_light.svg,47,paulcotter,26,1999-11-16,Canton,MI,USA,USA,74,212,2018,VGK,4,22,115
362,8477446,Michael McCarron,MIN,C,https://assets.nhle.com/mugs/nhl/20262027/MIN/8477446.png,https://assets.nhle.com/logos/nhl/svg/MIN_light.svg,47,michaelmccarron,31,1995-03-07,Grosse Pointe,MI,USA,USA,78,232,2013,MTL,1,25,25
363,8482803,Olen Zellweger,BUF,D,https://assets.nhle.com/mugs/nhl/20262027/BUF/8482803.png,https://assets.nhle.com/logos/nhl/svg/BUF_light.svg,8,olenzellweger,23,2003-09-10,Calgary,AB,CAN,CAN,69,175,2021,ANA,2,2,34
364,8482157,Will Cuylle,NYR,L,https://assets.nhle.com/mugs/nhl/20262027/NYR/8482157.png,https://assets.nhle.com/logos/nhl/svg/NYR_light.svg,50,willcuylle,24,2002-02-05,Toronto,ON,CAN,CAN,75,211,2020,NYR,2,29,60
365,8480029,Alex Formenton,EDM,L,https://assets.nhle.com/mugs/nhl/20262027/EDM/8480029.png,https://assets.nhle.com/logos/nhl/svg/EDM_light.svg,26,alexformenton,27,1999-09-13,Barrie,ON,CAN,CAN,75,195,2017,OTT,2,16,47
366,8475170,Brayden Schenn,NYI,C,https://assets.nhle.com/mugs/nhl/20262027/NYI/8475170.png,https://assets.nhle.com/logos/nhl/svg/NYI_light.svg,10,braydenschenn,35,1991-08-22,Saskatoon,SK,CAN,CAN,73,199,2009,L.A,1,5,5
367,8483524,Shane Wright,SEA,C,https://assets.nhle.com/mugs/nhl/20262027/SEA/8483524.png,https://assets.nhle.com/logos/nhl/svg/SEA_light.svg,51,shanewright,22,2004-01-05,Burlington,ON,CAN,CAN,72,192,2022,SEA,1,4,4
368,8478975,Mason Marchment,SJS,L,https://assets.nhle.com/mugs/nhl/20262027/SJS/8478975.png,https://assets.nhle.com/logos/nhl/svg/SJS_light.svg,27,masonmarchment,31,1995-06-18,Uxbridge,ON,CAN,,76,210,-,-,-,-,-
369,8475287,Erik Haula,LAK,L,https://assets.nhle.com/mugs/nhl/20262027/LAK/8475287.png,https://assets.nhle.com/logos/nhl/svg/LAK_light.svg,56,erikhaula,35,1991-03-23,Pori,,FIN,FIN,71,191,2009,MIN,7,1,182
370,8478472,Mathieu Joseph,EDM,R,https://assets.nhle.com/mugs/nhl/20262027/EDM/8478472.png,https://assets.nhle.com/logos/nhl/svg/EDM_light.svg,21,mathieujoseph,29,1997-02-09,Laval,QC,CAN,CAN,73,187,2015,T.B,4,29,120
371,8484258,Sam Malinski,COL,D,https://assets.nhle.com/mugs/nhl/20262027/COL/8484258.png,https://assets.nhle.com/logos/nhl/svg/COL_light.svg,70,sammalinski,28,1998-07-27,,,USA,,71,190,-,-,-,-,-
372,8482807,Ethan Del Mastro,CHI,D,https://assets.nhle.com/mugs/nhl/20262027/CHI/8482807.png,https://assets.nhle.com/logos/nhl/svg/CHI_light.svg,38,ethandelmastro,23,2003-01-15,Burlington,ON,CAN,CAN,76,210,2021,CHI,4,9,105
373,8476399,Blake Coleman,MIN,L,https://assets.nhle.com/mugs/nhl/20262027/MIN/8476399.png,https://assets.nhle.com/logos/nhl/svg/MIN_light.svg,20,blakecoleman,34,1991-11-28,Plano,TX,USA,USA,71,199,2011,N.J,3,14,75
374,8477511,Anthony Mantha,NJD,R,https://assets.nhle.com/mugs/nhl/20262027/NJD/8477511.png,https://assets.nhle.com/logos/nhl/svg/NJD_light.svg,39,anthonymantha,32,1994-09-16,Longueuil,QC,CAN,CAN,77,234,2013,DET,1,20,20
375,8474574,Tyler Myers,DAL,D,https://assets.nhle.com/mugs/nhl/20262027/DAL/8474574.png,https://assets.nhle.com/logos/nhl/svg/DAL_light.svg,57,tylermyers,36,1990-02-01,Houston,TX,USA,CAN,80,229,2008,BUF,1,12,12
376,8479671,Mathieu Olivier,CBJ,R,https://assets.nhle.com/mugs/nhl/20262027/CBJ/8479671.png,https://assets.nhle.com/logos/nhl/svg/CBJ_light.svg,24,mathieuolivier,29,1997-02-11,Biloxi,MS,USA,USA,73,217,-,-,-,-,-
377,8478474,Lawson Crouse,UTA,L,https://assets.nhle.com/mugs/nhl/20262027/UTA/8478474.png,https://assets.nhle.com/logos/nhl/svg/UTA_light.svg,67,lawsoncrouse,29,1997-06-23,Mt. Brydges,ON,CAN,CAN,76,215,2015,FLA,1,11,11
378,8484210,Gabe Perreault,NYR,R,https://assets.nhle.com/mugs/nhl/20262027/NYR/8484210.png,https://assets.nhle.com/logos/nhl/svg/NYR_light.svg,94,gabeperreault,21,2005-05-07,,,CAN,,71,178,2023,NYR,1,23,23
379,8477493,Aleksander Barkov,FLA,C,https://assets.nhle.com/mugs/nhl/20262027/FLA/8477493.png,https://assets.nhle.com/logos/nhl/svg/FLA_light.svg,16,aleksanderbarkov,31,1995-09-02,Tampere,,FIN,FIN,75,215,2013,FLA,1,2,2
380,8474567,Zach Bogosian,MIN,D,https://assets.nhle.com/mugs/nhl/20262027/MIN/8474567.png,https://assets.nhle.com/logos/nhl/svg/MIN_light.svg,24,zachbogosian,36,1990-07-15,Massena,NY,USA,USA,74,222,2008,ATL,1,3,3
381,8485957,Alberts Smits,NYR,D,https://assets.nhle.com/mugs/nhl/20262027/NYR/8485957.png,https://assets.nhle.com/logos/nhl/svg/NYR_light.svg,12,albertssmits,18,2007-12-02,Valmiera,,LVA,,75,208,2026,NYR,1,5,5
382,8484188,Theo Lindstein,STL,D,https://assets.nhle.com/mugs/nhl/20262027/STL/8484188.png,https://assets.nhle.com/logos/nhl/svg/STL_light.svg,4,theolindstein,21,2005-01-05,,,SWE,,73,180,2023,STL,1,29,29
383,8482062,Cole Smith,CHI,R,https://assets.nhle.com/mugs/nhl/20262027/CHI/8482062.png,https://assets.nhle.com/logos/nhl/svg/CHI_light.svg,22,colesmith,30,1995-10-28,Brainerd,MN,USA,USA,75,195,-,-,-,-,-
384,8481013,Jonatan Berggren,STL,R,https://assets.nhle.com/mugs/nhl/20262027/STL/8481013.png,https://assets.nhle.com/logos/nhl/svg/STL_light.svg,29,jonatanberggren,26,2000-07-16,Uppsala,,SWE,SWE,71,197,2018,DET,2,2,33
385,8481024,Linus Karlsson,VAN,C,https://assets.nhle.com/mugs/nhl/20262027/VAN/8481024.png,https://assets.nhle.com/logos/nhl/svg/VAN_light.svg,94,linuskarlsson,26,1999-11-16,Eksjö,,SWE,SWE,73,178,2018,S.J,3,25,87
386,8481789,Tye Kartye,NYR,L,https://assets.nhle.com/mugs/nhl/20262027/NYR/8481789.png,https://assets.nhle.com/logos/nhl/svg/NYR_light.svg,24,tyekartye,25,2001-04-30,Kingston,ON,CAN,CAN,71,202,-,-,-,-,-
387,8484221,Calum Ritchie,NYI,C,https://assets.nhle.com/mugs/nhl/20262027/NYI/8484221.png,https://assets.nhle.com/logos/nhl/svg/NYI_light.svg,64,calumritchie,21,2005-01-21,,,CAN,,74,185,2023,COL,1,27,27
388,8483690,Noah Laba,NYR,C,https://assets.nhle.com/mugs/nhl/20262027/NYR/8483690.png,https://assets.nhle.com/logos/nhl/svg/NYR_light.svg,42,noahlaba,23,2003-08-04,,,USA,,75,214,2022,NYR,4,14,111
389,8484136,Max Sasson,VAN,C,https://assets.nhle.com/mugs/nhl/20262027/VAN/8484136.png,https://assets.nhle.com/logos/nhl/svg/VAN_light.svg,63,maxsasson,26,2000-09-05,,,USA,,73,181,-,-,-,-,-
390,8482201,Gage Goncalves,TBL,C,https://assets.nhle.com/mugs/nhl/20262027/TBL/8482201.png,https://assets.nhle.com/logos/nhl/svg/TBL_light.svg,93,gagegoncalves,25,2001-01-16,,,CAN,,72,181,2020,T.B,2,31,62
391,8476921,Jordan Martinook,CAR,L,https://assets.nhle.com/mugs/nhl/20262027/CAR/8476921.png,https://assets.nhle.com/logos/nhl/svg/CAR_light.svg,48,jordanmartinook,34,1992-07-25,Brandon,MB,CAN,CAN,72,196,2012,PHX,2,28,58
392,8479999,Casey Mittelstadt,BOS,C,https://assets.nhle.com/mugs/nhl/20262027/BOS/8479999.png,https://assets.nhle.com/logos/nhl/svg/BOS_light.svg,11,caseymittelstadt,27,1998-11-22,Edina,MN,USA,USA,73,195,2017,BUF,1,8,8
393,8481522,Peyton Krebs,BUF,C,https://assets.nhle.com/mugs/nhl/20262027/BUF/8481522.png,https://assets.nhle.com/logos/nhl/svg/BUF_light.svg,19,peytonkrebs,25,2001-01-26,Calgary,AB,CAN,CAN,72,187,2019,VGK,1,17,17
394,8482126,Emil Andrae,CBJ,D,https://assets.nhle.com/mugs/nhl/20262027/CBJ/8482126.png,https://assets.nhle.com/logos/nhl/svg/CBJ_light.svg,36,emilandrae,24,2002-02-23,,,SWE,,69,189,2020,PHI,2,23,54
395,8477456,J.T. Compher,DET,L,https://assets.nhle.com/mugs/nhl/20262027/DET/8477456.png,https://assets.nhle.com/logos/nhl/svg/DET_light.svg,37,jtcompher,31,1995-04-08,Northbrook,IL,USA,USA,72,190,2013,BUF,2,5,35
396,8475794,Tyler Seguin,DAL,C,https://assets.nhle.com/mugs/nhl/20262027/DAL/8475794.png,https://assets.nhle.com/logos/nhl/svg/DAL_light.svg,91,tylerseguin,34,1992-01-31,Brampton,ON,CAN,CAN,73,205,2010,BOS,1,2,2
397,8480459,Pius Suter,STL,C,https://assets.nhle.com/mugs/nhl/20262027/STL/8480459.png,https://assets.nhle.com/logos/nhl/svg/STL_light.svg,22,piussuter,30,1996-05-24,Zurich,,CHE,CHE,71,179,-,-,-,-,-
398,8481582,Nick Robertson,PIT,L,https://assets.nhle.com/mugs/nhl/20262027/PIT/8481582.png,https://assets.nhle.com/logos/nhl/svg/PIT_light.svg,14,nickrobertson,25,2001-09-11,Pasadena,CA,USA,USA,69,183,2019,TOR,2,22,53
399,8481122,Simon Benoit,PHI,D,https://assets.nhle.com/mugs/nhl/20262027/PHI/8481122.png,https://assets.nhle.com/logos/nhl/svg/PHI_light.svg,44,simonbenoit,28,1998-09-19,Laval,QC,CAN,CAN,75,203,-,-,-,-,-
400,8480426,Charle-Edouard D'Astous,TBL,D,https://assets.nhle.com/mugs/nhl/20262027/TBL/8480426.png,https://assets.nhle.com/logos/nhl/svg/TBL_light.svg,51,charleedouarddastous,28,1998-04-21,,,CAN,,74,188,-,-,-,-,-
401,8475184,Chris Kreider,MTL,L,https://assets.nhle.com/mugs/nhl/20262027/MTL/8475184.png,https://assets.nhle.com/logos/nhl/svg/MTL_light.svg,22,chriskreider,35,1991-04-30,Boxford,MA,USA,USA,75,230,2009,NYR,1,19,19
402,8480188,Fabian Zetterlund,OTT,L,https://assets.nhle.com/mugs/nhl/20262027/OTT/8480188.png,https://assets.nhle.com/logos/nhl/svg/OTT_light.svg,20,fabianzetterlund,27,1999-08-25,Karlstad,,SWE,SWE,71,220,2017,N.J,3,1,63
403,8486067,Gavin McKenna,TOR,L,https://assets.nhle.com/mugs/nhl/20262027/TOR/8486067.png,https://assets.nhle.com/logos/nhl/svg/TOR_light.svg,92,gavinmckenna,18,2007-12-20,Whitehorse,,CAN,,71,164,2026,TOR,1,1,1
404,8478133,Jake Evans,MTL,C,https://assets.nhle.com/mugs/nhl/20262027/MTL/8478133.png,https://assets.nhle.com/logos/nhl/svg/MTL_light.svg,71,jakeevans,30,1996-06-02,Toronto,ON,CAN,CAN,72,186,2014,MTL,7,27,207
405,8484994,Igor Chernyshov,SJS,L,https://assets.nhle.com/mugs/nhl/20262027/SJS/8484994.png,https://assets.nhle.com/logos/nhl/svg/SJS_light.svg,92,igorchernyshov,20,2005-11-30,,,RUS,,75,204,2024,S.J,2,1,33
406,8480980,Connor Dewar,PIT,C,https://assets.nhle.com/mugs/nhl/20262027/PIT/8480980.png,https://assets.nhle.com/logos/nhl/svg/PIT_light.svg,19,connordewar,27,1999-06-26,Gilbert Plains,MB,CAN,CAN,70,183,2018,MIN,3,30,92
407,8484223,Axel Sandin-Pellikka,DET,D,https://assets.nhle.com/mugs/nhl/20262027/DET/8484223.png,https://assets.nhle.com/logos/nhl/svg/DET_light.svg,44,axelsandinpellikka,21,2005-03-11,,,SWE,,72,186,2023,DET,1,17,17
408,8476419,Jean-Gabriel Pageau,NYI,C,https://assets.nhle.com/mugs/nhl/20262027/NYI/8476419.png,https://assets.nhle.com/logos/nhl/svg/NYI_light.svg,44,jeangabrielpageau,33,1992-11-11,Ottawa,ON,CAN,CAN,71,185,2011,OTT,4,5,96
409,8480995,Pontus Holmberg,TBL,R,https://assets.nhle.com/mugs/nhl/20262027/TBL/8480995.png,https://assets.nhle.com/logos/nhl/svg/TBL_light.svg,29,pontusholmberg,27,1999-03-09,Vasteras,,SWE,SWE,72,202,2018,TOR,6,1,156
410,8480068,Ryan Poehling,ANA,C,https://assets.nhle.com/mugs/nhl/20262027/ANA/8480068.png,https://assets.nhle.com/logos/nhl/svg/ANA_light.svg,25,ryanpoehling,27,1999-01-03,Lakeville,MN,USA,USA,74,196,2017,MTL,1,25,25
411,8479372,Josh Mahura,SEA,D,https://assets.nhle.com/mugs/nhl/20262027/SEA/8479372.png,https://assets.nhle.com/logos/nhl/svg/SEA_light.svg,28,joshmahura,28,1998-05-05,St. Albert,AB,CAN,CAN,72,185,2016,ANA,3,24,85
412,8482751,Ryan Winterton,SEA,C,https://assets.nhle.com/mugs/nhl/20262027/SEA/8482751.png,https://assets.nhle.com/logos/nhl/svg/SEA_light.svg,26,ryanwinterton,23,2003-09-04,Markham,ON,CAN,CAN,74,175,2021,SEA,3,3,67
413,8484860,Matvei Gridin,CGY,R,https://assets.nhle.com/mugs/nhl/20262027/CGY/8484860.png,https://assets.nhle.com/logos/nhl/svg/CGY_light.svg,92,matveigridin,20,2006-03-01,,,RUS,,73,182,2024,CGY,1,28,28
414,8476891,Matt Grzelcyk,BUF,D,https://assets.nhle.com/mugs/nhl/20262027/BUF/8476891.png,https://assets.nhle.com/logos/nhl/svg/BUF_light.svg,24,mattgrzelcyk,32,1994-01-05,Charlestown,MA,USA,USA,70,176,2012,BOS,3,24,85
415,8478013,Jake Walman,EDM,D,https://assets.nhle.com/mugs/nhl/20262027/EDM/8478013.png,https://assets.nhle.com/logos/nhl/svg/EDM_light.svg,96,jakewalman,30,1996-02-20,Toronto,ON,CAN,CAN,74,215,2014,STL,3,22,82
416,8476441,Joel Edmundson,LAK,D,https://assets.nhle.com/mugs/nhl/20262027/LAK/8476441.png,https://assets.nhle.com/logos/nhl/svg/LAK_light.svg,6,joeledmundson,33,1993-06-28,Brandon,MB,CAN,CAN,77,221,2011,STL,2,16,46
417,8481554,Kaapo Kakko,SEA,R,https://assets.nhle.com/mugs/nhl/20262027/SEA/8481554.png,https://assets.nhle.com/logos/nhl/svg/SEA_light.svg,84,kaapokakko,25,2001-02-13,Turku,,FIN,FIN,74,206,2019,NYR,1,2,2
418,8484158,Easton Cowan,TOR,R,https://assets.nhle.com/mugs/nhl/20262027/TOR/8484158.png,https://assets.nhle.com/logos/nhl/svg/TOR_light.svg,53,eastoncowan,21,2005-05-20,,,CAN,,71,185,2023,TOR,1,28,28
419,8482705,Cole Sillinger,CBJ,C,https://assets.nhle.com/mugs/nhl/20262027/CBJ/8482705.png,https://assets.nhle.com/logos/nhl/svg/CBJ_light.svg,4,colesillinger,23,2003-05-16,Columbus,OH,USA,USA,73,201,2021,CBJ,1,12,12
420,8480848,Ty Dellandrea,SJS,C,https://assets.nhle.com/mugs/nhl/20262027/SJS/8480848.png,https://assets.nhle.com/logos/nhl/svg/SJS_light.svg,10,tydellandrea,26,2000-07-21,Toronto,ON,CAN,CAN,73,195,2018,DAL,1,13,13
421,8480802,Ryan McLeod,BUF,C,https://assets.nhle.com/mugs/nhl/20262027/BUF/8480802.png,https://assets.nhle.com/logos/nhl/svg/BUF_light.svg,71,ryanmcleod,27,1999-09-21,Mississauga,ON,CAN,CAN,74,207,2018,EDM,2,9,40
422,8486103,Ivar Stenberg,SJS,L,https://assets.nhle.com/mugs/nhl/20262027/SJS/8486103.png,https://assets.nhle.com/logos/nhl/svg/SJS_light.svg,41,ivarstenberg,19,2007-09-30,Gothenburg,,SWE,,71,185,2026,S.J,1,2,2
423,8476872,Scott Laughton,LAK,C,https://assets.nhle.com/mugs/nhl/20262027/LAK/8476872.png,https://assets.nhle.com/logos/nhl/svg/LAK_light.svg,21,scottlaughton,32,1994-05-30,Oakville,ON,CAN,CAN,73,190,2012,PHI,1,20,20
424,8470613,Brent Burns,COL,D,https://assets.nhle.com/mugs/nhl/20262027/COL/8470613.png,https://assets.nhle.com/logos/nhl/svg/COL_light.svg,84,brentburns,41,1985-03-09,Barrie,ON,CAN,CAN,77,230,2003,MIN,1,20,20
425,8484797,Konsta Helenius,BUF,C,https://assets.nhle.com/mugs/nhl/20262027/BUF/8484797.png,https://assets.nhle.com/logos/nhl/svg/BUF_light.svg,94,konstahelenius,20,2006-05-11,,,FIN,,71,180,2024,BUF,1,14,14
426,8478421,A.J. Greer,ANA,L,https://assets.nhle.com/mugs/nhl/20262027/ANA/8478421.png,https://assets.nhle.com/logos/nhl/svg/ANA_light.svg,18,ajgreer,29,1996-12-14,Joliette,QC,CAN,CAN,75,208,2015,COL,2,9,39
427,8480448,Parker Kelly,COL,C,https://assets.nhle.com/mugs/nhl/20262027/COL/8480448.png,https://assets.nhle.com/logos/nhl/svg/COL_light.svg,17,parkerkelly,27,1999-05-14,Camrose,AB,CAN,CAN,72,190,-,-,-,-,-
428,8477964,Ivan Barbashev,VGK,L,https://assets.nhle.com/mugs/nhl/20262027/VGK/8477964.png,https://assets.nhle.com/logos/nhl/svg/VGK_light.svg,49,ivanbarbashev,30,1995-12-14,Moscow,,RUS,RUS,73,195,2014,STL,2,3,33
429,8486025,Viggo Björck,WPG,C,https://assets.nhle.com/mugs/nhl/20262027/WPG/8486025.png,https://assets.nhle.com/logos/nhl/svg/WPG_light.svg,61,viggobjorck,-,-,-,-,-,-,-,-,-,-,-,-,-
430,8484938,Arttu Hyry,DAL,R,https://assets.nhle.com/mugs/nhl/20262027/DAL/8484938.png,https://assets.nhle.com/logos/nhl/svg/DAL_light.svg,25,arttuhyry,25,2001-04-06,,,FIN,,74,209,-,-,-,-,-
431,8481030,Jack St. Ivany,WPG,D,https://assets.nhle.com/mugs/nhl/20262027/WPG/8481030.png,https://assets.nhle.com/logos/nhl/svg/WPG_light.svg,6,jackstivany,27,1999-07-22,Manhattan Beach,CA,USA,USA,75,198,2018,PHI,4,19,112
432,8475791,Taylor Hall,CAR,L,https://assets.nhle.com/mugs/nhl/20262027/CAR/8475791.png,https://assets.nhle.com/logos/nhl/svg/CAR_light.svg,71,taylorhall,34,1991-11-14,Calgary,AB,CAN,CAN,73,210,2010,EDM,1,1,1
433,8478413,Jordan Greenway,CHI,L,https://assets.nhle.com/mugs/nhl/20262027/CHI/8478413.png,https://assets.nhle.com/logos/nhl/svg/CHI_light.svg,12,jordangreenway,29,1997-02-16,Canton,NY,USA,USA,78,231,2015,MIN,2,20,50
434,8477919,Frederick Gaudreau,SEA,C,https://assets.nhle.com/mugs/nhl/20262027/SEA/8477919.png,https://assets.nhle.com/logos/nhl/svg/SEA_light.svg,89,frederickgaudreau,,,,,,,,,,,,,
435,8480990,Declan Chisholm,NJD,D,https://assets.nhle.com/mugs/nhl/20262027/NJD/8480990.png,https://assets.nhle.com/logos/nhl/svg/NJD_light.svg,47,declanchisholm,26,2000-01-12,Bowmanville,ON,CAN,CAN,73,185,2018,WPG,5,26,150
436,8482110,Dawson Mercer,NJD,C,https://assets.nhle.com/mugs/nhl/20262027/NJD/8482110.png,https://assets.nhle.com/logos/nhl/svg/NJD_light.svg,91,dawsonmercer,24,2001-10-27,Carbonear,NL,CAN,CAN,72,180,2020,N.J,1,18,18
437,8479351,Sam Steel,DAL,C,https://assets.nhle.com/mugs/nhl/20262027/DAL/8479351.png,https://assets.nhle.com/logos/nhl/svg/DAL_light.svg,18,samsteel,28,1998-02-03,Ardrossan,AB,CAN,CAN,71,184,2016,ANA,1,30,30
438,8482089,Jake Neighbours,STL,L,https://assets.nhle.com/mugs/nhl/20262027/STL/8482089.png,https://assets.nhle.com/logos/nhl/svg/STL_light.svg,63,jakeneighbours,24,2002-03-29,Calgary,AB,CAN,CAN,72,201,2020,STL,1,26,26
439,8478831,Kevin Stenlund,UTA,C,https://assets.nhle.com/mugs/nhl/20262027/UTA/8478831.png,https://assets.nhle.com/logos/nhl/svg/UTA_light.svg,82,kevinstenlund,30,1996-09-20,Huddinge,,SWE,SWE,77,215,2015,CBJ,2,28,58
440,8476458,Ryan Strome,CGY,C,https://assets.nhle.com/mugs/nhl/20262027/CGY/8476458.png,https://assets.nhle.com/logos/nhl/svg/CGY_light.svg,22,ryanstrome,33,1993-07-11,Mississauga,ON,CAN,CAN,73,191,2011,NYI,1,5,5
441,8484794,Michael Brandsegg-Nygård,DET,R,https://assets.nhle.com/mugs/nhl/20262027/DET/8484794.png,https://assets.nhle.com/logos/nhl/svg/DET_light.svg,28,michaelbrandseggnygard,21,2005-10-05,,,NOR,,73,198,2024,DET,1,15,15
442,8478109,Victor Olofsson,VGK,L,https://assets.nhle.com/mugs/nhl/20262027/VGK/8478109.png,https://assets.nhle.com/logos/nhl/svg/VGK_light.svg,95,victorolofsson,31,1995-07-18,Ornskoldsvik,,SWE,SWE,71,181,2014,BUF,7,1,181
443,8481624,Ilya Mikheyev,TBL,R,https://assets.nhle.com/mugs/nhl/20262027/TBL/8481624.png,https://assets.nhle.com/logos/nhl/svg/TBL_light.svg,95,ilyamikheyev,31,1994-10-10,Omsk,,RUS,RUS,74,192,-,-,-,-,-
444,8485395,James Hagens,BOS,C,https://assets.nhle.com/mugs/nhl/20262027/BOS/8485395.png,https://assets.nhle.com/logos/nhl/svg/BOS_light.svg,44,jameshagens,19,2006-11-03,Hauppauge,,USA,,71,177,2025,BOS,1,7,7
445,8480835,Jack Drury,NSH,C,https://assets.nhle.com/mugs/nhl/20262027/NSH/8480835.png,https://assets.nhle.com/logos/nhl/svg/NSH_light.svg,18,jackdrury,26,2000-02-03,New York,NY,USA,USA,71,174,2018,CAR,2,11,42
446,8479985,Cale Fleury,SEA,D,https://assets.nhle.com/mugs/nhl/20262027/SEA/8479985.png,https://assets.nhle.com/logos/nhl/svg/SEA_light.svg,8,calefleury,27,1998-11-19,Carlyle,SK,CAN,CAN,73,204,2017,MTL,3,25,87
447,8484304,Uvis Balinskis,FLA,D,https://assets.nhle.com/mugs/nhl/20262027/FLA/8484304.png,https://assets.nhle.com/logos/nhl/svg/FLA_light.svg,26,uvisbalinskis,30,1996-08-01,Ventspils,,Lat,,72,196,-,-,-,-,-
448,8485402,Michael Misa,SJS,C,https://assets.nhle.com/mugs/nhl/20262027/SJS/8485402.png,https://assets.nhle.com/logos/nhl/svg/SJS_light.svg,77,michaelmisa,19,2007-02-16,,,CAN,,73,185,2025,S.J,1,2,2
449,8482758,Ville Koivunen,PIT,R,https://assets.nhle.com/mugs/nhl/20262027/PIT/8482758.png,https://assets.nhle.com/logos/nhl/svg/PIT_light.svg,41,villekoivunen,23,2003-06-13,,,FIN,,71,161,2021,CAR,2,19,51
450,8482074,Connor Zary,CGY,C,https://assets.nhle.com/mugs/nhl/20262027/CGY/8482074.png,https://assets.nhle.com/logos/nhl/svg/CGY_light.svg,47,connorzary,25,2001-09-25,Saskatoon,SK,CAN,CAN,72,178,2020,CGY,1,24,24
451,8480748,Kiefer Sherwood,SJS,L,https://assets.nhle.com/mugs/nhl/20262027/SJS/8480748.png,https://assets.nhle.com/logos/nhl/svg/SJS_light.svg,44,kiefersherwood,31,1995-03-31,Columbus,OH,USA,USA,72,194,-,-,-,-,-
452,8476479,Phillip Danault,MTL,C,https://assets.nhle.com/mugs/nhl/20262027/MTL/8476479.png,https://assets.nhle.com/logos/nhl/svg/MTL_light.svg,24,phillipdanault,33,1993-02-24,Victoriaville,QC,CAN,CAN,73,200,2011,CHI,1,26,26
453,8478508,Yakov Trenin,MIN,C,https://assets.nhle.com/mugs/nhl/20262027/MIN/8478508.png,https://assets.nhle.com/logos/nhl/svg/MIN_light.svg,13,yakovtrenin,29,1997-01-13,Chelyabinsk,,RUS,RUS,74,201,2015,NSH,2,25,55
454,8476925,Colton Sissons,TOR,C,https://assets.nhle.com/mugs/nhl/20262027/TOR/8476925.png,https://assets.nhle.com/logos/nhl/svg/TOR_light.svg,15,coltonsissons,32,1993-11-05,North Vancouver,BC,CAN,CAN,73,200,2012,NSH,2,20,50
455,8480009,Eeli Tolvanen,NYR,R,https://assets.nhle.com/mugs/nhl/20262027/NYR/8480009.png,https://assets.nhle.com/logos/nhl/svg/NYR_light.svg,17,eelitolvanen,27,1999-04-22,Vihti,,FIN,FIN,70,191,2017,NSH,1,30,30
456,8475768,Jaden Schwartz,COL,L,https://assets.nhle.com/mugs/nhl/20262027/COL/8475768.png,https://assets.nhle.com/logos/nhl/svg/COL_light.svg,71,jadenschwartz,34,1992-06-25,Wilcox,SK,CAN,CAN,70,185,2010,STL,1,14,14
457,8479385,Jordan Kyrou,WSH,R,https://assets.nhle.com/mugs/nhl/20262027/WSH/8479385.png,https://assets.nhle.com/logos/nhl/svg/WSH_secondary_light.svg,25,jordankyrou,28,1998-05-05,Toronto,ON,CAN,CAN,73,196,2016,STL,2,5,35
458,8479525,Ross Colton,NSH,C,https://assets.nhle.com/mugs/nhl/20262027/NSH/8479525.png,https://assets.nhle.com/logos/nhl/svg/NSH_light.svg,79,rosscolton,30,1996-09-11,Robbinsville,NJ,USA,USA,72,194,2016,T.B,4,27,118
459,8481481,Blake Lizotte,PIT,C,https://assets.nhle.com/mugs/nhl/20262027/PIT/8481481.png,https://assets.nhle.com/logos/nhl/svg/PIT_light.svg,46,blakelizotte,28,1997-12-13,Lindstrom,MN,USA,USA,69,170,-,-,-,-,-
460,8482177,Marat Khusnutdinov,BOS,C,https://assets.nhle.com/mugs/nhl/20262027/BOS/8482177.png,https://assets.nhle.com/logos/nhl/svg/BOS_light.svg,92,maratkhusnutdinov,24,2002-07-17,,,RUS,,71,176,2020,MIN,2,6,37
461,8480849,Barrett Hayton,UTA,C,https://assets.nhle.com/mugs/nhl/20262027/UTA/8480849.png,https://assets.nhle.com/logos/nhl/svg/UTA_light.svg,27,barretthayton,26,2000-06-09,Peterborough,ON,CAN,CAN,73,207,2018,ARI,1,5,5
462,8482703,Colton Dach,EDM,C,https://assets.nhle.com/mugs/nhl/20262027/EDM/8482703.png,https://assets.nhle.com/logos/nhl/svg/EDM_light.svg,34,coltondach,23,2003-01-04,St. Albert,AB,CAN,CAN,76,196,2021,CHI,2,30,62
463,8475462,Radko Gudas,FLA,D,https://assets.nhle.com/mugs/nhl/20262027/FLA/8475462.png,https://assets.nhle.com/logos/nhl/svg/FLA_light.svg,6,radkogudas,36,1990-06-05,Prague,,CZE,CZE,72,208,2010,T.B,3,6,66
464,8475455,Brenden Dillon,NJD,D,https://assets.nhle.com/mugs/nhl/20262027/NJD/8475455.png,https://assets.nhle.com/logos/nhl/svg/NJD_light.svg,5,brendendillon,35,1990-11-13,New Westminster,BC,CAN,CAN,76,224,-,-,-,-,-
465,8476469,Joel Armia,LAK,R,https://assets.nhle.com/mugs/nhl/20262027/LAK/8476469.png,https://assets.nhle.com/logos/nhl/svg/LAK_light.svg,40,joelarmia,33,1993-05-31,Pori,,FIN,FIN,75,216,2011,BUF,1,16,16
466,8485388,Victor Eklund,NYI,R,https://assets.nhle.com/mugs/nhl/20262027/NYI/8485388.png,https://assets.nhle.com/logos/nhl/svg/NYI_light.svg,38,victoreklund,20,2006-10-03,Stockholm,,SWE,,71,175,2025,NYI,1,16,16
467,8483525,Danila Yurov,MIN,R,https://assets.nhle.com/mugs/nhl/20262027/MIN/8483525.png,https://assets.nhle.com/logos/nhl/svg/MIN_light.svg,22,danilayurov,22,2003-12-22,,,RUS,,73,178,2022,MIN,1,24,24
468,8473419,Brad Marchand,FLA,L,https://assets.nhle.com/mugs/nhl/20262027/FLA/8473419.png,https://assets.nhle.com/logos/nhl/svg/FLA_light.svg,63,bradmarchand,38,1988-05-11,Halifax,NS,CAN,CAN,69,176,2006,BOS,3,8,71
469,8482092,Ridly Greig,OTT,C,https://assets.nhle.com/mugs/nhl/20262027/OTT/8482092.png,https://assets.nhle.com/logos/nhl/svg/OTT_light.svg,71,ridlygreig,24,2002-08-08,Lethbridge,AB,CAN,CAN,72,183,2020,OTT,1,28,28
470,8471214,Alex Ovechkin,WSH,L,https://assets.nhle.com/mugs/nhl/20262027/WSH/8471214.png,https://assets.nhle.com/logos/nhl/svg/WSH_secondary_light.svg,8,alexovechkin,41,1985-09-17,Moscow,,RUS,RUS,75,238,2004,WSH,1,1,1
471,8484186,Ryan Leonard,WSH,R,https://assets.nhle.com/mugs/nhl/20262027/WSH/8484186.png,https://assets.nhle.com/logos/nhl/svg/WSH_secondary_light.svg,9,ryanleonard,21,2005-01-21,,,USA,,72,192,2023,WSH,1,8,8
472,8480855,Jack McBain,UTA,C,https://assets.nhle.com/mugs/nhl/20262027/UTA/8480855.png,https://assets.nhle.com/logos/nhl/svg/UTA_light.svg,22,jackmcbain,26,2000-01-06,Toronto,ON,CAN,CAN,75,201,2018,MIN,3,1,63
473,8484142,Denver Barkey,PHI,C,https://assets.nhle.com/mugs/nhl/20262027/PHI/8484142.png,https://assets.nhle.com/logos/nhl/svg/PHI_light.svg,86,denverbarkey,21,2005-04-27,,,CAN,,69,155,2023,PHI,3,31,95
474,8476624,Barclay Goodrow,SJS,C,https://assets.nhle.com/mugs/nhl/20262027/SJS/8476624.png,https://assets.nhle.com/logos/nhl/svg/SJS_light.svg,23,barclaygoodrow,33,1993-02-26,Toronto,ON,CAN,CAN,74,204,-,-,-,-,-
475,8485406,Porter Martone,PHI,R,https://assets.nhle.com/mugs/nhl/20262027/PHI/8485406.png,https://assets.nhle.com/logos/nhl/svg/PHI_light.svg,94,portermartone,19,2006-10-26,Peterborough,,CAN,,75,208,2025,PHI,1,6,6
476,8481028,Martin Pospisil,CGY,C,https://assets.nhle.com/mugs/nhl/20262027/CGY/8481028.png,https://assets.nhle.com/logos/nhl/svg/CGY_light.svg,76,martinpospisil,26,1999-11-19,Zvolen,,SVK,SVK,74,173,2018,CGY,4,12,105
477,8481726,Adam Edstrom,NSH,C,https://assets.nhle.com/mugs/nhl/20262027/NSH/8481726.png,https://assets.nhle.com/logos/nhl/svg/NSH_light.svg,84,adamedstrom,25,2000-10-12,,,SWE,SWE,79,220,2019,NYR,6,6,161
478,8477407,Anthony Duclair,NYI,L,https://assets.nhle.com/mugs/nhl/20262027/NYI/8477407.png,https://assets.nhle.com/logos/nhl/svg/NYI_light.svg,11,anthonyduclair,31,1995-08-26,Pointe-Claire,QC,CAN,CAN,71,197,2013,NYR,3,19,80
479,8482094,Daemon Hunt,MIN,D,https://assets.nhle.com/mugs/nhl/20262027/MIN/8482094.png,https://assets.nhle.com/logos/nhl/svg/MIN_light.svg,48,daemonhunt,24,2002-05-15,,,CAN,,73,201,2020,MIN,3,3,65
480,8478463,Anthony Beauvillier,WSH,R,https://assets.nhle.com/mugs/nhl/20262027/WSH/8478463.png,https://assets.nhle.com/logos/nhl/svg/WSH_secondary_light.svg,72,anthonybeauvillier,29,1997-06-08,Sorel-Tracy,QC,CAN,CAN,71,180,2015,NYI,1,28,28
481,8483521,Noah Warren,ANA,D,https://assets.nhle.com/mugs/nhl/20262027/ANA/8483521.png,https://assets.nhle.com/logos/nhl/svg/ANA_light.svg,47,noahwarren,22,2004-07-15,Montréal,QC,CAN,CAN,76,214,2022,ANA,2,10,42
482,8482088,Justin Sourdif,WSH,C,https://assets.nhle.com/mugs/nhl/20262027/WSH/8482088.png,https://assets.nhle.com/logos/nhl/svg/WSH_secondary_light.svg,34,justinsourdif,24,2002-03-24,,,CAN,,71,180,2020,FLA,3,25,87
483,8477451,Ryan Hartman,MIN,R,https://assets.nhle.com/mugs/nhl/20262027/MIN/8477451.png,https://assets.nhle.com/logos/nhl/svg/MIN_light.svg,38,ryanhartman,32,1994-09-20,Hilton Head Isl.,SC,USA,USA,72,197,2013,CHI,1,30,30
484,8474189,Lars Eller,FLA,C,https://assets.nhle.com/mugs/nhl/20262027/FLA/8474189.png,https://assets.nhle.com/logos/nhl/svg/FLA_light.svg,20,larseller,37,1989-05-08,Rodovre,,DNK,DNK,74,205,2007,STL,1,13,13
485,8475726,Tyler Toffoli,SJS,C,https://assets.nhle.com/mugs/nhl/20262027/SJS/8475726.png,https://assets.nhle.com/logos/nhl/svg/SJS_light.svg,73,tylertoffoli,34,1992-04-24,Scarborough,ON,CAN,CAN,72,203,2010,L.A,2,17,47
486,8481725,Elmer Soderblom,PIT,L,https://assets.nhle.com/mugs/nhl/20262027/PIT/8481725.png,https://assets.nhle.com/logos/nhl/svg/PIT_light.svg,25,elmersoderblom,25,2001-07-05,Gothenburg,,SWE,SWE,80,246,2019,DET,6,4,159
487,8482784,Zach Dean,STL,C,https://assets.nhle.com/mugs/nhl/20262027/STL/8482784.png,https://assets.nhle.com/logos/nhl/svg/STL_light.svg,52,zachdean,23,2003-01-04,Grande Prairie,AB,CAN,CAN,72,176,-,-,-,-,-
488,8476873,Mark Jankowski,CAR,L,https://assets.nhle.com/mugs/nhl/20262027/CAR/8476873.png,https://assets.nhle.com/logos/nhl/svg/CAR_light.svg,77,markjankowski,32,1994-09-13,Hamilton,ON,CAN,CAN,76,212,2012,CGY,1,21,21
489,8475220,Marcus Foligno,MIN,L,https://assets.nhle.com/mugs/nhl/20262027/MIN/8475220.png,https://assets.nhle.com/logos/nhl/svg/MIN_light.svg,17,marcusfoligno,35,1991-08-10,Buffalo,NY,USA,CAN,75,226,2009,BUF,4,13,104
490,8478462,Nicolas Roy,COL,C,https://assets.nhle.com/mugs/nhl/20262027/COL/8478462.png,https://assets.nhle.com/logos/nhl/svg/COL_light.svg,10,nicolasroy,29,1997-02-05,Amos,QC,CAN,CAN,76,202,2015,CAR,4,5,96
491,8473994,Jamie Benn,DAL,L,https://assets.nhle.com/mugs/nhl/20262027/DAL/8473994.png,https://assets.nhle.com/logos/nhl/svg/DAL_light.svg,14,jamiebenn,37,1989-07-18,Victoria,BC,CAN,CAN,74,205,2007,DAL,5,8,129
492,8476981,Josh Anderson,MTL,R,https://assets.nhle.com/mugs/nhl/20262027/MTL/8476981.png,https://assets.nhle.com/logos/nhl/svg/MTL_light.svg,17,joshanderson,32,1994-05-07,Burlington,ON,CAN,CAN,75,218,2012,CBJ,4,4,95
493,8480220,Noah Cates,PHI,L,https://assets.nhle.com/mugs/nhl/20262027/PHI/8480220.png,https://assets.nhle.com/logos/nhl/svg/PHI_light.svg,27,noahcates,27,1999-02-05,Stillwater,MN,USA,USA,73,165,2017,PHI,5,13,137
494,8483771,Sandis Vilmanis,FLA,L,https://assets.nhle.com/mugs/nhl/20262027/FLA/8483771.png,https://assets.nhle.com/logos/nhl/svg/FLA_light.svg,95,sandisvilmanis,22,2004-01-23,,,,,73,192,2022,FLA,5,28,157
495,8478856,Conor Garland,CBJ,R,https://assets.nhle.com/mugs/nhl/20262027/CBJ/8478856.png,https://assets.nhle.com/logos/nhl/svg/CBJ_light.svg,83,conorgarland,30,1996-03-11,Scituate,MA,USA,USA,70,165,2015,ARI,5,2,123
496,8475314,Anders Lee,UTA,L,https://assets.nhle.com/mugs/nhl/20262027/UTA/8475314.png,https://assets.nhle.com/logos/nhl/svg/UTA_light.svg,72,anderslee,36,1990-07-03,Edina,MN,USA,USA,75,235,2009,NYI,6,1,152
497,8474568,Luke Schenn,VAN,D,https://assets.nhle.com/mugs/nhl/20262027/VAN/8474568.png,https://assets.nhle.com/logos/nhl/svg/VAN_light.svg,2,lukeschenn,36,1989-11-02,Saskatoon,SK,CAN,CAN,74,225,2008,TOR,1,5,5
498,8475231,Casey Cizikas,NYI,C,https://assets.nhle.com/mugs/nhl/20262027/NYI/8475231.png,https://assets.nhle.com/logos/nhl/svg/NYI_light.svg,53,caseycizikas,35,1991-02-27,Toronto,ON,CAN,CAN,71,190,2009,NYI,4,1,92
499,8479619,Michael Carcone,UTA,L,https://assets.nhle.com/mugs/nhl/20262027/UTA/8479619.png,https://assets.nhle.com/logos/nhl/svg/UTA_light.svg,53,michaelcarcone,30,1996-05-19,Ajax,ON,CAN,CAN,69,170,-,-,-,-,-
500,8476882,Teuvo Teravainen,CHI,C,https://assets.nhle.com/mugs/nhl/20262027/CHI/8476882.png,https://assets.nhle.com/logos/nhl/svg/CHI_light.svg,86,teuvoteravainen,32,1994-09-11,Helsinki,,FIN,FIN,71,191,2012,CHI,1,18,18
501,8482737,Zachary Bolduc,MTL,R,https://assets.nhle.com/mugs/nhl/20262027/MTL/8482737.png,https://assets.nhle.com/logos/nhl/svg/MTL_light.svg,76,zacharybolduc,23,2003-02-24,Trois-Rivières,QC,CAN,CAN,72,187,2021,STL,1,17,17
502,8476374,Sean Kuraly,BOS,C,https://assets.nhle.com/mugs/nhl/20262027/BOS/8476374.png,https://assets.nhle.com/logos/nhl/svg/BOS_light.svg,52,seankuraly,33,1993-01-20,Dublin,OH,USA,USA,74,213,2011,S.J,5,12,133
503,8476878,Zemgus Girgensons,TBL,C,https://assets.nhle.com/mugs/nhl/20262027/TBL/8476878.png,https://assets.nhle.com/logos/nhl/svg/TBL_light.svg,28,zemgusgirgensons,32,1994-01-05,Riga,,LVA,LVA,74,200,2012,BUF,1,14,14
504,8481553,Bobby Brink,MIN,R,https://assets.nhle.com/mugs/nhl/20262027/MIN/8481553.png,https://assets.nhle.com/logos/nhl/svg/MIN_light.svg,10,bobbybrink,25,2001-07-08,Minnetonka,MN,USA,USA,68,166,2019,PHI,2,3,34
505,8483731,Alex Bump,PHI,L,https://assets.nhle.com/mugs/nhl/20262027/PHI/8483731.png,https://assets.nhle.com/logos/nhl/svg/PHI_light.svg,20,alexbump,22,2003-11-20,,,USA,,72,195,2022,PHI,5,4,133
506,8478434,Keegan Kolesar,DET,R,https://assets.nhle.com/mugs/nhl/20262027/DET/8478434.png,https://assets.nhle.com/logos/nhl/svg/DET_light.svg,55,keegankolesar,29,1997-04-08,Brandon,MB,CAN,CAN,74,217,2015,CBJ,3,8,69
507,8481593,Jayden Struble,MTL,D,https://assets.nhle.com/mugs/nhl/20262027/MTL/8481593.png,https://assets.nhle.com/logos/nhl/svg/MTL_light.svg,47,jaydenstruble,25,2001-09-08,,,USA,,72,202,2019,MTL,2,15,46
508,8484958,Maxim Tsyplakov,CGY,R,https://assets.nhle.com/mugs/nhl/20262027/CGY/8484958.png,https://assets.nhle.com/logos/nhl/svg/CGY_light.svg,72,maximtsyplakov,28,1998-09-19,,,RUS,,75,210,-,-,-,-,-
509,8483468,Jiri Kulich,BUF,C,https://assets.nhle.com/mugs/nhl/20262027/BUF/8483468.png,https://assets.nhle.com/logos/nhl/svg/BUF_light.svg,20,jirikulich,22,2004-04-14,Kadan,,CZE,CZE,71,172,2022,BUF,1,28,28
510,8484164,Dalibor Dvorsky,STL,R,https://assets.nhle.com/mugs/nhl/20262027/STL/8484164.png,https://assets.nhle.com/logos/nhl/svg/STL_light.svg,15,dalibordvorsky,21,2005-06-15,,,SVK,,73,201,2023,STL,1,10,10
511,8483808,Andrei Kuzmenko,PIT,L,https://assets.nhle.com/mugs/nhl/20262027/PIT/8483808.png,https://assets.nhle.com/logos/nhl/svg/PIT_light.svg,62,andreikuzmenko,30,1996-02-04,YAKUTSK,,RUS,RUS,71,194,-,-,-,-,-
512,8482731,Tyson Hinds,ANA,D,https://assets.nhle.com/mugs/nhl/20262027/ANA/8482731.png,https://assets.nhle.com/logos/nhl/svg/ANA_light.svg,55,tysonhinds,23,2003-03-12,Gatineau,QC,CAN,CAN,75,178,2021,ANA,3,12,76
513,8476480,Vladislav Namestnikov,WPG,C,https://assets.nhle.com/mugs/nhl/20262027/WPG/8476480.png,https://assets.nhle.com/logos/nhl/svg/WPG_light.svg,7,vladislavnamestnikov,33,1992-11-22,Zhukovskiy,,RUS,RUS,72,179,2011,T.B,1,27,27
514,8482765,Isak Rosen,WPG,R,https://assets.nhle.com/mugs/nhl/20262027/WPG/8482765.png,https://assets.nhle.com/logos/nhl/svg/WPG_light.svg,27,isakrosen,23,2003-03-15,Solna,,SWE,SWE,71,156,2021,BUF,1,14,14
515,8486161,Owen Michaels,EDM,R,https://assets.nhle.com/mugs/nhl/20262027/EDM/8486161.png,https://assets.nhle.com/logos/nhl/svg/EDM_light.svg,43,owenmichaels,24,2002-05-01,Detroit,,USA,,72,179,-,-,-,-,-
516,8484428,Charles Alexis Legault,CAR,D,https://assets.nhle.com/mugs/nhl/20262027/CAR/8484428.png,https://assets.nhle.com/logos/nhl/svg/CAR_light.svg,62,charlesalexislegault,23,2003-09-05,,,CAN,,75,208,2023,CAR,5,11,139
517,8483395,Arshdeep Bains,VAN,L,https://assets.nhle.com/mugs/nhl/20262027/VAN/8483395.png,https://assets.nhle.com/logos/nhl/svg/VAN_light.svg,13,arshdeepbains,25,2001-01-09,Surrey,BC,CAN,CAN,72,184,-,-,-,-,-
518,8478046,Danton Heinen,CBJ,L,https://assets.nhle.com/mugs/nhl/20262027/CBJ/8478046.png,https://assets.nhle.com/logos/nhl/svg/CBJ_light.svg,58,dantonheinen,31,1995-07-05,Langley,BC,CAN,CAN,73,188,2014,BOS,4,26,116
519,8482148,Hendrix Lapierre,PIT,C,https://assets.nhle.com/mugs/nhl/20262027/PIT/8482148.png,https://assets.nhle.com/logos/nhl/svg/PIT_light.svg,22,hendrixlapierre,24,2002-02-09,Gatineau,QC,CAN,CAN,72,180,2020,WSH,1,22,22
520,8481716,Dmitri Voronkov,CBJ,L,https://assets.nhle.com/mugs/nhl/20262027/CBJ/8481716.png,https://assets.nhle.com/logos/nhl/svg/CBJ_light.svg,10,dmitrivoronkov,26,2000-09-10,,,RUS,,77,240,2019,CBJ,4,21,114
521,8484197,Oliver Moore,CHI,C,https://assets.nhle.com/mugs/nhl/20262027/CHI/8484197.png,https://assets.nhle.com/logos/nhl/svg/CHI_light.svg,11,olivermoore,21,2005-01-22,,,USA,,71,188,2023,CHI,1,19,19
522,8475799,Nino Niederreiter,WPG,R,https://assets.nhle.com/mugs/nhl/20262027/WPG/8475799.png,https://assets.nhle.com/logos/nhl/svg/WPG_light.svg,62,ninoniederreiter,34,1992-09-08,Chur,,CHE,CHE,74,218,2010,NYI,1,5,5
523,8482964,Arber Xhekaj,MTL,D,https://assets.nhle.com/mugs/nhl/20262027/MTL/8482964.png,https://assets.nhle.com/logos/nhl/svg/MTL_light.svg,72,arberxhekaj,25,2001-01-30,Hamilton,ON,CAN,CAN,76,238,-,-,-,-,-
524,8479346,Dillon Dube,STL,C,https://assets.nhle.com/mugs/nhl/20262027/STL/8479346.png,https://assets.nhle.com/logos/nhl/svg/STL_light.svg,65,dillondube,28,1998-07-20,Golden,AB,CAN,CAN,71,185,2016,CGY,2,26,56
525,8483471,Brad Lambert,WPG,C,https://assets.nhle.com/mugs/nhl/20262027/WPG/8483471.png,https://assets.nhle.com/logos/nhl/svg/WPG_light.svg,93,bradlambert,22,2003-12-19,,,FIN,,73,173,2022,WPG,1,30,30
526,8480813,Joseph Veleno,NYR,C,https://assets.nhle.com/mugs/nhl/20262027/NYR/8480813.png,https://assets.nhle.com/logos/nhl/svg/NYR_light.svg,90,josephveleno,26,2000-01-13,Montreal,QC,CAN,CAN,73,203,2018,DET,1,30,30
527,8483476,Jonathan Lekkerimäki,VAN,R,https://assets.nhle.com/mugs/nhl/20262027/VAN/8483476.png,https://assets.nhle.com/logos/nhl/svg/VAN_light.svg,88,jonathanlekkerimaki,22,2004-07-24,,,SWE,,71,172,2022,VAN,1,15,15
528,8483513,Reid Schaefer,NSH,L,https://assets.nhle.com/mugs/nhl/20262027/NSH/8483513.png,https://assets.nhle.com/logos/nhl/svg/NSH_light.svg,49,reidschaefer,23,2003-09-21,,,CAN,,77,226,2022,EDM,1,32,32
529,8481538,Judd Caulfield,ANA,R,https://assets.nhle.com/mugs/nhl/20262027/ANA/8481538.png,https://assets.nhle.com/logos/nhl/svg/ANA_light.svg,28,juddcaulfield,25,2001-03-19,,,USA,,75,207,2019,PIT,5,21,145
530,8482166,Shakir Mukhamadullin,EDM,D,https://assets.nhle.com/mugs/nhl/20262027/EDM/8482166.png,https://assets.nhle.com/logos/nhl/svg/EDM_light.svg,85,shakirmukhamadullin,24,2002-01-10,,,RUS,,76,178,2020,N.J,1,20,20
531,8476292,Ondrej Palat,NYI,L,https://assets.nhle.com/mugs/nhl/20262027/NYI/8476292.png,https://assets.nhle.com/logos/nhl/svg/NYI_light.svg,81,ondrejpalat,35,1991-03-28,Frydek-Mistek,,CZE,CZE,72,194,2011,T.B,7,27,208
532,8483505,Matthew Poitras,BOS,C,https://assets.nhle.com/mugs/nhl/20262027/BOS/8483505.png,https://assets.nhle.com/logos/nhl/svg/BOS_light.svg,51,mattpoitras,22,2004-03-10,Ajax,ON,CAN,CAN,71,176,2022,BOS,2,22,54
533,8480113,Alex Iafallo,WPG,L,https://assets.nhle.com/mugs/nhl/20262027/WPG/8480113.png,https://assets.nhle.com/logos/nhl/svg/WPG_light.svg,9,alexiafallo,32,1993-12-21,Eden,NY,USA,USA,72,200,-,-,-,-,-
534,8477416,Oliver Bjorkstrand,NYR,R,https://assets.nhle.com/mugs/nhl/20262027/NYR/8477416.png,https://assets.nhle.com/logos/nhl/svg/NYR_light.svg,28,oliverbjorkstrand,31,1995-04-10,Herning,,DNK,DNK,72,175,2013,CBJ,3,28,89
535,8484803,Trevor Connelly,VGK,L,https://assets.nhle.com/mugs/nhl/20262027/VGK/8484803.png,https://assets.nhle.com/logos/nhl/svg/VGK_light.svg,24,trevorconnelly,20,2006-02-28,,,USA,,72,156,2024,VGK,1,19,19
536,8480834,Ty Emberson,EDM,D,https://assets.nhle.com/mugs/nhl/20262027/EDM/8480834.png,https://assets.nhle.com/logos/nhl/svg/EDM_light.svg,49,tyemberson,26,2000-05-23,Eau Claire,WI,USA,USA,73,195,2018,ARI,3,11,73
537,8476889,Radek Faksa,DAL,C,https://assets.nhle.com/mugs/nhl/20262027/DAL/8476889.png,https://assets.nhle.com/logos/nhl/svg/DAL_light.svg,12,radekfaksa,32,1994-01-09,Vitkov,,CZE,CZE,75,225,2012,DAL,1,13,13
538,8477998,Warren Foegele,OTT,L,https://assets.nhle.com/mugs/nhl/20262027/OTT/8477998.png,https://assets.nhle.com/logos/nhl/svg/OTT_light.svg,37,warrenfoegele,30,1996-04-01,Markham,ON,CAN,CAN,74,198,2014,CAR,3,7,67
539,8483466,Kevin Korchinski,CHI,D,https://assets.nhle.com/mugs/nhl/20262027/CHI/8483466.png,https://assets.nhle.com/logos/nhl/svg/CHI_light.svg,14,kevinkorchinski,22,2004-06-21,Saskatoon,SK,CAN,CAN,73,185,2022,CHI,1,7,7
540,8479520,Brandon Duhaime,TOR,L,https://assets.nhle.com/mugs/nhl/20262027/TOR/8479520.png,https://assets.nhle.com/logos/nhl/svg/TOR_light.svg,24,brandonduhaime,29,1997-05-22,Coral Springs,FL,USA,USA,74,200,2016,MIN,4,15,106
541,8479368,Max Jones,EDM,L,https://assets.nhle.com/mugs/nhl/20262027/EDM/8479368.png,https://assets.nhle.com/logos/nhl/svg/EDM_light.svg,46,maxjones,28,1998-02-17,Rochester,MI,USA,USA,75,216,2016,ANA,1,24,24
542,8483890,Braeden Bowman,VGK,R,https://assets.nhle.com/mugs/nhl/20262027/VGK/8483890.png,https://assets.nhle.com/logos/nhl/svg/VGK_light.svg,42,braedenbowman,23,2003-06-26,,,CAN,,73,205,-,-,-,-,-
543,8484388,Daniil But,UTA,L,https://assets.nhle.com/mugs/nhl/20262027/UTA/8484388.png,https://assets.nhle.com/logos/nhl/svg/UTA_light.svg,50,daniilbut,21,2005-02-15,,,RUS,,77,203,2023,ARI,1,12,12
544,8482806,William Trudeau,NSH,D,https://assets.nhle.com/mugs/nhl/20262027/NSH/8482806.png,https://assets.nhle.com/logos/nhl/svg/NSH_light.svg,85,willtrudeau,23,2002-10-11,Varennes,QC,CAN,CAN,72,197,2021,MTL,4,17,113
545,8483447,Conor Geekie,TBL,C,https://assets.nhle.com/mugs/nhl/20262027/TBL/8483447.png,https://assets.nhle.com/logos/nhl/svg/TBL_light.svg,94,conorgeekie,22,2004-05-05,,,CAN,,76,207,2022,ARI,1,11,11
546,8480840,Oskar Bäck,DAL,C,https://assets.nhle.com/mugs/nhl/20262027/DAL/8480840.png,https://assets.nhle.com/logos/nhl/svg/DAL_light.svg,10,oskarback,26,2000-03-12,Karlstad,,SWE,SWE,75,210,2018,DAL,3,13,75
547,8480762,Eric Robinson,CAR,L,https://assets.nhle.com/mugs/nhl/20262027/CAR/8480762.png,https://assets.nhle.com/logos/nhl/svg/CAR_light.svg,50,ericrobinson,31,1995-06-14,BELLMAWR,NJ,USA,USA,74,205,-,-,-,-,-
548,8479336,Carl Grundstrom,PHI,R,https://assets.nhle.com/mugs/nhl/20262027/PHI/8479336.png,https://assets.nhle.com/logos/nhl/svg/PHI_light.svg,91,carlgrundstrom,28,1997-12-01,Umea,,SWE,SWE,72,195,2016,TOR,2,27,57
549,8481754,Nikita Nesterenko,ANA,C,https://assets.nhle.com/mugs/nhl/20262027/ANA/8481754.png,https://assets.nhle.com/logos/nhl/svg/ANA_light.svg,13,nikitanesterenko,25,2001-09-10,Brooklyn,NY,USA,USA,74,183,2019,MIN,6,17,172
550,8482859,Zack Ostapchuk,SJS,C,https://assets.nhle.com/mugs/nhl/20262027/SJS/8482859.png,https://assets.nhle.com/logos/nhl/svg/SJS_light.svg,63,zackostapchuk,23,2003-05-29,St. Albert,AB,CAN,CAN,75,205,2021,OTT,2,7,39
551,8480074,Alexandre Texier,MTL,L,https://assets.nhle.com/mugs/nhl/20262027/MTL/8480074.png,https://assets.nhle.com/logos/nhl/svg/MTL_light.svg,85,alexandretexier,27,1999-09-13,St. Martin D'heres,,FRA,FRA,73,186,2017,CBJ,2,14,45
552,8478454,Noah Juulsen,COL,D,https://assets.nhle.com/mugs/nhl/20262027/COL/8478454.png,https://assets.nhle.com/logos/nhl/svg/COL_light.svg,47,noahjuulsen,29,1997-04-02,Surrey,BC,CAN,CAN,74,201,2015,MTL,1,26,26
553,8483570,Ben Meyers,SEA,C,https://assets.nhle.com/mugs/nhl/20262027/SEA/8483570.png,https://assets.nhle.com/logos/nhl/svg/SEA_light.svg,59,benmeyers,27,1998-11-15,DELANO,MN,USA,USA,71,194,-,-,-,-,-
554,8481535,Nils Hoglander,NSH,L,https://assets.nhle.com/mugs/nhl/20262027/NSH/8481535.png,https://assets.nhle.com/logos/nhl/svg/NSH_light.svg,21,nilshoglander,25,2000-12-20,BOCKTRäSK,,SWE,SWE,69,185,2019,VAN,2,9,40
555,8480355,Mark Kastelic,BOS,C,https://assets.nhle.com/mugs/nhl/20262027/BOS/8480355.png,https://assets.nhle.com/logos/nhl/svg/BOS_light.svg,47,markkastelic,27,1999-03-11,Phoenix,AZ,USA,,75,233,2019,OTT,5,1,125
556,8478424,Jansen Harkins,TBL,C,https://assets.nhle.com/mugs/nhl/20262027/TBL/8478424.png,https://assets.nhle.com/logos/nhl/svg/TBL_light.svg,10,jansenharkins,29,1997-05-23,Cleveland,OH,USA,USA,73,182,2015,WPG,2,17,47
557,8477987,Ryan Donato,CHI,C,https://assets.nhle.com/mugs/nhl/20262027/CHI/8477987.png,https://assets.nhle.com/logos/nhl/svg/CHI_light.svg,8,ryandonato,30,1996-04-09,Boston,MA,USA,USA,72,190,2014,BOS,2,26,56
558,8480075,Cameron Crotty,OTT,D,https://assets.nhle.com/mugs/nhl/20262027/OTT/8480075.png,https://assets.nhle.com/logos/nhl/svg/OTT_light.svg,5,camcrotty,27,1999-05-05,Ottawa,ON,CAN,CAN,75,188,2017,ARI,3,20,82
559,8483464,Marco Kasper,DET,C,https://assets.nhle.com/mugs/nhl/20262027/DET/8483464.png,https://assets.nhle.com/logos/nhl/svg/DET_light.svg,92,marcokasper,22,2004-04-08,Innsbruck,,AUT,AUT,73,183,2022,DET,1,8,8
560,8479996,Cody Glass,NJD,C,https://assets.nhle.com/mugs/nhl/20262027/NJD/8479996.png,https://assets.nhle.com/logos/nhl/svg/NJD_light.svg,12,codyglass,27,1999-04-01,Winnipeg,MB,CAN,CAN,75,206,2017,VGK,1,6,6
561,8477478,William Carrier,CAR,L,https://assets.nhle.com/mugs/nhl/20262027/CAR/8477478.png,https://assets.nhle.com/logos/nhl/svg/CAR_light.svg,28,willcarrier,31,1994-12-20,LaSalle,QC,CAN,CAN,74,218,2013,STL,2,27,57
562,8481523,Kirby Dach,MTL,C,https://assets.nhle.com/mugs/nhl/20262027/MTL/8481523.png,https://assets.nhle.com/logos/nhl/svg/MTL_light.svg,77,kirbydach,25,2001-01-21,Fort Saskatchewan,AB,CAN,CAN,76,212,2019,CHI,1,3,3
563,8475343,Nic Dowd,VGK,C,https://assets.nhle.com/mugs/nhl/20262027/VGK/8475343.png,https://assets.nhle.com/logos/nhl/svg/VGK_light.svg,26,nicdowd,36,1990-05-27,Huntsville,AL,USA,USA,73,193,2009,L.A,7,17,198
564,8484999,Ilya Protas,WSH,L,https://assets.nhle.com/mugs/nhl/20262027/WSH/8484999.png,https://assets.nhle.com/logos/nhl/svg/WSH_secondary_light.svg,62,ilyaprotas,20,2006-07-18,Vitebsk,,BLR,,78,225,2024,WSH,3,10,75
565,8484305,Zach Metsa,BUF,D,https://assets.nhle.com/mugs/nhl/20262027/BUF/8484305.png,https://assets.nhle.com/logos/nhl/svg/BUF_light.svg,73,zachmetsa,27,1998-10-19,,,USA,,69,198,-,-,-,-,-
566,8476927,Teddy Blueger,TOR,C,https://assets.nhle.com/mugs/nhl/20262027/TOR/8476927.png,https://assets.nhle.com/logos/nhl/svg/TOR_light.svg,73,teddyblueger,32,1994-08-15,Riga,,LVA,LVA,72,185,2012,PIT,2,22,52
567,8479661,Tanner Jeannot,BOS,L,https://assets.nhle.com/mugs/nhl/20262027/BOS/8479661.png,https://assets.nhle.com/logos/nhl/svg/BOS_light.svg,84,tannerjeannot,29,1997-05-29,Estevan,SK,CAN,CAN,74,208,-,-,-,-,-
568,8478366,Frank Vatrano,ANA,R,https://assets.nhle.com/mugs/nhl/20262027/ANA/8478366.png,https://assets.nhle.com/logos/nhl/svg/ANA_light.svg,77,frankvatrano,32,1994-03-14,East Longmeadow,MA,USA,USA,71,197,-,-,-,-,-
569,8482929,Emil Lilleberg,TBL,D,https://assets.nhle.com/mugs/nhl/20262027/TBL/8482929.png,https://assets.nhle.com/logos/nhl/svg/TBL_light.svg,78,emillilleberg,25,2001-02-02,,,NOR,,74,192,2021,ARI,4,11,107
570,8482747,Brennan Othmann,CGY,L,https://assets.nhle.com/mugs/nhl/20262027/CGY/8482747.png,https://assets.nhle.com/logos/nhl/svg/CGY_light.svg,78,brennanothmann,23,2003-01-05,Scarborough,ON,CAN,CAN,72,188,2021,NYR,1,16,16
571,8476422,Mike Reilly,CAR,D,https://assets.nhle.com/mugs/nhl/20262027/CAR/8476422.png,https://assets.nhle.com/logos/nhl/svg/CAR_light.svg,6,michaelreilly,33,1993-07-13,Chicago,IL,USA,USA,73,196,2011,CBJ,4,7,98
572,8481641,Joel Kiviranta,DAL,L,https://assets.nhle.com/mugs/nhl/20262027/DAL/8481641.png,https://assets.nhle.com/logos/nhl/svg/DAL_light.svg,22,joelkiviranta,30,1996-03-23,Vantaa,,FIN,FIN,71,185,-,-,-,-,-
573,8482118,Sam Colangelo,ANA,R,https://assets.nhle.com/mugs/nhl/20262027/ANA/8482118.png,https://assets.nhle.com/logos/nhl/svg/ANA_light.svg,12,samcolangelo,24,2001-12-26,Stoneham,MA,USA,USA,74,205,-,-,-,-,-
574,8483609,Adam Klapka,CGY,R,https://assets.nhle.com/mugs/nhl/20262027/CGY/8483609.png,https://assets.nhle.com/logos/nhl/svg/CGY_light.svg,43,adamklapka,26,2000-09-14,Praha,,CZE,CZE,80,235,-,-,-,-,-
575,8480842,Filip Hallander,PIT,C,https://assets.nhle.com/mugs/nhl/20262027/PIT/8480842.png,https://assets.nhle.com/logos/nhl/svg/PIT_light.svg,11,filiphallander,26,2000-06-29,Sundsvall,,SWE,SWE,73,190,2018,PIT,2,27,58
576,8483455,Isaac Howard,EDM,L,https://assets.nhle.com/mugs/nhl/20262027/EDM/8483455.png,https://assets.nhle.com/logos/nhl/svg/EDM_light.svg,53,isaachoward,22,2004-03-30,,,USA,,70,180,2022,T.B,1,31,31
577,8483676,Stephen Halliday,OTT,C,https://assets.nhle.com/mugs/nhl/20262027/OTT/8483676.png,https://assets.nhle.com/logos/nhl/svg/OTT_light.svg,34,stephenhalliday,24,2002-07-02,,,CAN,,75,213,2022,OTT,4,7,104
578,8470621,Corey Perry,LAK,R,https://assets.nhle.com/mugs/nhl/20262027/LAK/8470621.png,https://assets.nhle.com/logos/nhl/svg/LAK_light.svg,90,coreyperry,41,1985-05-16,Peterborough,ON,CAN,CAN,75,208,2003,ANA,1,28,28
579,8484786,Cole Beaudoin,NYR,C,https://assets.nhle.com/mugs/nhl/20262027/NYR/8484786.png,https://assets.nhle.com/logos/nhl/svg/NYR_light.svg,53,colebeaudoin,20,2006-04-24,,,CAN,,74,209,2024,UTA,1,24,24
580,8473422,Nick Foligno,MIN,L,https://assets.nhle.com/mugs/nhl/20262027/MIN/8473422.png,https://assets.nhle.com/logos/nhl/svg/MIN_light.svg,71,nickfoligno,38,1987-10-31,Buffalo,NY,USA,USA,72,210,2006,OTT,1,28,28
581,8475848,Brendan Gallagher,VAN,R,https://assets.nhle.com/mugs/nhl/20262027/VAN/8475848.png,https://assets.nhle.com/logos/nhl/svg/VAN_light.svg,7,brendangallagher,34,1992-05-06,Edmonton,AB,CAN,CAN,69,186,2010,MTL,5,27,147
582,8478891,Mason Appleton,DET,C,https://assets.nhle.com/mugs/nhl/20262027/DET/8478891.png,https://assets.nhle.com/logos/nhl/svg/DET_light.svg,22,masonappleton,30,1996-01-15,Green Bay,WI,USA,USA,75,197,2015,WPG,6,17,168
583,8484185,Nick Lardis,CHI,L,https://assets.nhle.com/mugs/nhl/20262027/CHI/8484185.png,https://assets.nhle.com/logos/nhl/svg/CHI_light.svg,76,nicklardis,21,2005-07-08,,,CAN,,71,165,2023,CHI,3,3,67
584,8482460,Matt Rempe,NYR,C,https://assets.nhle.com/mugs/nhl/20262027/NYR/8482460.png,https://assets.nhle.com/logos/nhl/svg/NYR_light.svg,73,mattrempe,24,2002-06-29,Calgary,AB,CAN,CAN,80,240,2020,NYR,6,10,165
585,8480003,Jesper Boqvist,NJD,C,https://assets.nhle.com/mugs/nhl/20262027/NJD/8480003.png,https://assets.nhle.com/logos/nhl/svg/NJD_light.svg,70,jesperboqvist,27,1998-10-30,Falun,,SWE,SWE,72,180,2017,N.J,2,5,36
586,8482691,Aatu Räty,VAN,C,https://assets.nhle.com/mugs/nhl/20262027/VAN/8482691.png,https://assets.nhle.com/logos/nhl/svg/VAN_light.svg,54,aaturaty,23,2002-11-14,Oulu,,FIN,FIN,74,190,2021,NYI,2,20,52
587,8482874,Jacob Melanson,SEA,R,https://assets.nhle.com/mugs/nhl/20262027/SEA/8482874.png,https://assets.nhle.com/logos/nhl/svg/SEA_light.svg,63,jakemelanson,23,2003-04-22,Halifax,NS,CAN,CAN,71,190,2021,SEA,5,3,131
588,8479365,Trent Frederic,EDM,C,https://assets.nhle.com/mugs/nhl/20262027/EDM/8479365.png,https://assets.nhle.com/logos/nhl/svg/EDM_light.svg,10,trentfrederic,28,1998-02-11,St. Louis,MO,USA,USA,75,214,2016,BOS,1,29,29
589,8482408,Jeff Malott,ANA,L,https://assets.nhle.com/mugs/nhl/20262027/ANA/8482408.png,https://assets.nhle.com/logos/nhl/svg/ANA_light.svg,39,jeffmalott,30,1996-08-07,Burlington,ON,CAN,CAN,75,201,-,-,-,-,-
590,8479066,Ryan Lomberg,CBJ,L,https://assets.nhle.com/mugs/nhl/20262027/CBJ/8479066.png,https://assets.nhle.com/logos/nhl/svg/CBJ_light.svg,94,ryanlomberg,32,1994-09-12,Richmond Hill,ON,CAN,CAN,69,187,-,-,-,-,-
591,8482171,William Wallinder,DET,D,https://assets.nhle.com/mugs/nhl/20262027/DET/8482171.png,https://assets.nhle.com/logos/nhl/svg/DET_light.svg,54,willwallinder,24,2002-07-28,,,SWE,,76,191,2020,DET,2,1,32
592,8480829,Jesperi Kotkaniemi,CAR,C,https://assets.nhle.com/mugs/nhl/20262027/CAR/8480829.png,https://assets.nhle.com/logos/nhl/svg/CAR_light.svg,82,jesperikotkaniemi,26,2000-07-06,Pori,,FIN,FIN,74,201,2018,MTL,1,3,3
593,8483553,Marc Gatcomb,VGK,C,https://assets.nhle.com/mugs/nhl/20262027/VGK/8483553.png,https://assets.nhle.com/logos/nhl/svg/VGK_light.svg,17,marcgatcomb,27,1999-07-22,,,USA,,74,195,-,-,-,-,-
594,8483695,Amadeus Lombardi,NJD,C,https://assets.nhle.com/mugs/nhl/20262027/NJD/8483695.png,https://assets.nhle.com/logos/nhl/svg/NJD_light.svg,93,amadeuslombardi,23,2003-06-05,,,CAN,,70,165,2022,DET,4,16,113
595,8484403,Florian Xhekaj,MTL,L,https://assets.nhle.com/mugs/nhl/20262027/MTL/8484403.png,https://assets.nhle.com/logos/nhl/svg/MTL_light.svg,63,florianxhekaj,22,2004-06-27,,,CAN,,75,188,2023,MTL,4,5,101
596,8484160,Nate Danielson,DET,C,https://assets.nhle.com/mugs/nhl/20262027/DET/8484160.png,https://assets.nhle.com/logos/nhl/svg/DET_light.svg,29,nathandannyson,22,2004-09-27,,,CAN,,74,185,2023,DET,1,9,9
597,8477527,Ross Johnston,STL,L,https://assets.nhle.com/mugs/nhl/20262027/STL/8477527.png,https://assets.nhle.com/logos/nhl/svg/STL_light.svg,49,rossjohnston,32,1994-02-18,Charlottetown,PE,CAN,CAN,77,230,-,-,-,-,-
598,8481043,Cole Koepke,WPG,L,https://assets.nhle.com/mugs/nhl/20262027/WPG/8481043.png,https://assets.nhle.com/logos/nhl/svg/WPG_light.svg,45,colekoepke,28,1998-05-17,Two Harbors,MN,USA,USA,73,196,2018,T.B,6,28,183
599,8481161,Jake Christiansen,CBJ,D,https://assets.nhle.com/mugs/nhl/20262027/CBJ/8481161.png,https://assets.nhle.com/logos/nhl/svg/CBJ_light.svg,2,jakechristiansen,27,1999-09-12,West Vancouver,BC,CAN,CAN,72,193,-,-,-,-,-
600,8479705,Jeffrey Viel,TBL,L,https://assets.nhle.com/mugs/nhl/20262027/TBL/8479705.png,https://assets.nhle.com/logos/nhl/svg/TBL_light.svg,25,jeffreyviel,29,1997-01-28,Rimouski,QC,CAN,CAN,74,205,-,-,-,-,-
601,8477903,Garnet Hathaway,FLA,R,https://assets.nhle.com/mugs/nhl/20262027/FLA/8477903.png,https://assets.nhle.com/logos/nhl/svg/FLA_light.svg,21,garnethathaway,34,1991-11-23,Kennebunkport,ME,USA,USA,75,208,-,-,-,-,-
602,8479359,Beck Malenstyn,BUF,L,https://assets.nhle.com/mugs/nhl/20262027/BUF/8479359.png,https://assets.nhle.com/logos/nhl/svg/BUF_light.svg,29,beckmalenstyn,28,1998-02-04,Delta,BC,CAN,CAN,75,200,2016,WSH,5,24,145
603,8479941,Justin Danforth,BUF,R,https://assets.nhle.com/mugs/nhl/20262027/BUF/8479941.png,https://assets.nhle.com/logos/nhl/svg/BUF_light.svg,15,justindanforth,33,1993-03-15,Oshawa,ON,CAN,CAN,69,190,-,-,-,-,-
604,8480870,Bo Groulx,TOR,C,https://assets.nhle.com/mugs/nhl/20262027/TOR/8480870.png,https://assets.nhle.com/logos/nhl/svg/TOR_light.svg,29,bogroulx,26,2000-02-06,Gatineau,QC,CAN,CAN,74,200,2018,ANA,2,23,54
605,8476393,Nick Cousins,OTT,C,https://assets.nhle.com/mugs/nhl/20262027/OTT/8476393.png,https://assets.nhle.com/logos/nhl/svg/OTT_light.svg,21,nickcousins,33,1993-07-20,Belleville,ON,CAN,CAN,71,192,2011,PHI,3,7,68
606,8481732,Andre Lee,LAK,L,https://assets.nhle.com/mugs/nhl/20262027/LAK/8481732.png,https://assets.nhle.com/logos/nhl/svg/LAK_light.svg,47,andrelee,26,2000-07-26,Karlstad,,Swe,,77,206,2019,L.A,7,2,188
607,8475842,Sam Carrick,BUF,C,https://assets.nhle.com/mugs/nhl/20262027/BUF/8475842.png,https://assets.nhle.com/logos/nhl/svg/BUF_light.svg,10,samcarrick,34,1992-02-04,Markham,ON,CAN,CAN,72,200,2010,TOR,5,24,144
608,8482877,Jaroslav Chmelar,NYR,R,https://assets.nhle.com/mugs/nhl/20262027/NYR/8482877.png,https://assets.nhle.com/logos/nhl/svg/NYR_light.svg,49,jaroslavchmelar,23,2003-07-20,,,CZE,,76,198,2021,NYR,5,16,144
609,8484509,Josh Samanski,EDM,C,https://assets.nhle.com/mugs/nhl/20262027/EDM/8484509.png,https://assets.nhle.com/logos/nhl/svg/EDM_light.svg,81,joshsamanski,24,2002-03-22,,,GER,,75,201,-,-,-,-,-
610,8476278,Colin Blackwell,DAL,C,https://assets.nhle.com/mugs/nhl/20262027/DAL/8476278.png,https://assets.nhle.com/logos/nhl/svg/DAL_light.svg,15,colinblackwell,33,1993-03-28,Lawrence,MA,USA,USA,69,190,2011,S.J,7,13,193
611,8482802,Carter Mazur,DET,L,https://assets.nhle.com/mugs/nhl/20262027/DET/8482802.png,https://assets.nhle.com/logos/nhl/svg/DET_light.svg,34,cartermazur,24,2002-03-28,,,USA,,72,170,2021,DET,3,6,70
612,8476474,Stefan Noesen,NJD,R,https://assets.nhle.com/mugs/nhl/20262027/NJD/8476474.png,https://assets.nhle.com/logos/nhl/svg/NJD_light.svg,11,stefannoesen,33,1993-02-12,Plano,TX,USA,USA,73,205,2011,OTT,1,21,21
613,8482459,Tyrel Bauer,WPG,D,https://assets.nhle.com/mugs/nhl/20262027/WPG/8482459.png,https://assets.nhle.com/logos/nhl/svg/WPG_light.svg,77,tyrelbauer,24,2002-03-23,,,CAN,,75,207,2020,WPG,6,9,164
614,8477971,Andreas Englund,DET,D,https://assets.nhle.com/mugs/nhl/20262027/DET/8477971.png,https://assets.nhle.com/logos/nhl/svg/DET_light.svg,24,andreasenglund,30,1996-01-21,Stockholm,,SWE,SWE,75,189,2014,OTT,2,10,40
615,8475235,Nicolas Deslauriers,CAR,L,https://assets.nhle.com/mugs/nhl/20262027/CAR/8475235.png,https://assets.nhle.com/logos/nhl/svg/CAR_light.svg,44,nicolasdeslauriers,35,1991-02-22,LaSalle,QC,CAN,CAN,73,220,2009,L.A,3,23,84
616,8482726,Samuel Helenius,LAK,C,https://assets.nhle.com/mugs/nhl/20262027/LAK/8482726.png,https://assets.nhle.com/logos/nhl/svg/LAK_light.svg,79,samuelhelenius,23,2002-11-26,,,USA,,78,201,2021,L.A,2,27,59
617,8482072,Jack Ahcan,NSH,D,https://assets.nhle.com/mugs/nhl/20262027/NSH/8482072.png,https://assets.nhle.com/logos/nhl/svg/NSH_light.svg,47,jackahcan,29,1997-05-18,Savage,MN,USA,USA,68,180,-,-,-,-,-
618,8480876,Curtis Douglas,SEA,C,https://assets.nhle.com/mugs/nhl/20262027/SEA/8480876.png,https://assets.nhle.com/logos/nhl/svg/SEA_light.svg,42,curtisdouglas,26,2000-03-06,Oakville,ON,CAN,CAN,81,242,2018,DAL,4,13,106
619,8478147,Bokondji Imama,FLA,L,https://assets.nhle.com/mugs/nhl/20262027/FLA/8478147.png,https://assets.nhle.com/logos/nhl/svg/FLA_light.svg,14,bokondjiimama,30,1996-08-03,Montreal,QC,CAN,CAN,73,221,2015,T.B,6,29,180
620,8479772,Zack MacEwen,TOR,R,https://assets.nhle.com/mugs/nhl/20262027/TOR/8479772.png,https://assets.nhle.com/logos/nhl/svg/TOR_light.svg,19,zackmacewen,30,1996-07-08,Charlottetown,PE,CAN,CAN,75,205,-,-,-,-,-
621,8478233,Andrew Mangiapane,CHI,L,https://assets.nhle.com/mugs/nhl/20262027/CHI/8478233.png,https://assets.nhle.com/logos/nhl/svg/CHI_light.svg,26,andrewmangiapane,30,1996-04-04,Toronto,ON,CAN,CAN,70,184,2015,CGY,6,15,166
622,8478173,Hayden Hodgson,OTT,R,https://assets.nhle.com/mugs/nhl/20262027/OTT/8478173.png,https://assets.nhle.com/logos/nhl/svg/OTT_light.svg,42,haydenhodgson,30,1996-03-02,Windsor,ON,CAN,CAN,74,208,-,-,-,-,-
623,8480281,Alexey Toropchenko,STL,R,https://assets.nhle.com/mugs/nhl/20262027/STL/8480281.png,https://assets.nhle.com/logos/nhl/svg/STL_light.svg,13,alexeitoropchenko,27,1999-06-25,Moscow,,RUS,RUS,78,222,2017,STL,4,20,113
624,8482105,Jake Sanderson,OTT,D,https://assets.nhle.com/mugs/nhl/20262027/OTT/8482105.png,https://assets.nhle.com/logos/nhl/svg/OTT_light.svg,85,jakesanderson,24,2002-07-08,Whitefish,MT,USA,USA,75,195,2020,OTT,1,5,5
625,,,,,,,,fredericgaudreau,33,1993-05-01,Bromont,QC,CAN,CAN,72,184,-,-,-,-,-
