,GameID,DatetimeEST,Date,TimeEST,Home Team,Home Abbreviation,Visiting Team,Visiting Abbreviation,Home Score,Visiting Score,Home Win,Visitor Win,Overtime
1,2026020001,2026-09-29T17:00:00,2026-09-29,17:00:00,Carolina Hurricanes,CAR,Florida Panthers,FLA,0.0,1.0,False,True,True
2,2026020002,2026-09-29T19:00:00,2026-09-29,19:00:00,Toronto Maple Leafs,TOR,Montréal Canadiens,MTL,2.0,3.0,False,True,False
3,2026020003,2026-09-29T20:00:00,2026-09-29,20:00:00,Boston Bruins,BOS,New York Rangers,NYR,3.0,0.0,True,False,False
4,2026020004,2026-09-29T22:00:00,2026-09-29,22:00:00,Edmonton Oilers,EDM,Vancouver Canucks,VAN,5.0,6.0,False,True,True
5,2026020005,2026-09-29T22:30:00,2026-09-29,22:30:00,Vegas Golden Knights,VGK,Chicago Blackhawks,CHI,5.0,2.0,True,False,False
6,2026020006,2026-09-30T19:30:00,2026-09-30,19:30:00,Philadelphia Flyers,PHI,Pittsburgh Penguins,PIT,0.0,7.0,False,True,False
7,2026020007,2026-09-30T22:00:00,2026-09-30,22:00:00,Colorado Avalanche,COL,Los Angeles Kings,LAK,8.0,4.0,True,False,False
8,2026020008,2026-09-30T19:30:00,2026-09-30,19:30:00,Toronto Maple Leafs,TOR,New York Islanders,NYI,2.0,1.0,True,False,False
9,2026020009,2026-10-01T19:00:00,2026-10-01,19:00:00,New Jersey Devils,NJD,Philadelphia Flyers,PHI,3.0,2.0,True,False,True
10,2026020010,2026-10-01T19:00:00,2026-10-01,19:00:00,New York Rangers,NYR,Tampa Bay Lightning,TBL,5.0,1.0,True,False,False
11,2026020011,2026-10-01T19:00:00,2026-10-01,19:00:00,Columbus Blue Jackets,CBJ,Buffalo Sabres,BUF,6.0,3.0,True,False,False
12,2026020012,2026-10-01T20:00:00,2026-10-01,20:00:00,Nashville Predators,NSH,Minnesota Wild,MIN,1.0,3.0,False,True,False
13,2026020013,2026-10-01T21:30:00,2026-10-01,21:30:00,Utah Mammoth,UTA,Chicago Blackhawks,CHI,6.0,0.0,True,False,False
14,2026020014,2026-10-01T21:00:00,2026-10-01,21:00:00,Calgary Flames,CGY,Seattle Kraken,SEA,1.0,6.0,False,True,False
15,2026020015,2026-10-01T22:00:00,2026-10-01,22:00:00,Vancouver Canucks,VAN,Edmonton Oilers,EDM,7.0,9.0,False,True,False
16,2026020016,2026-10-01T22:00:00,2026-10-01,22:00:00,San Jose Sharks,SJS,Florida Panthers,FLA,4.0,3.0,True,False,True
17,2026020017,2026-10-02T18:30:00,2026-10-02,18:30:00,Detroit Red Wings,DET,New York Rangers,NYR,0.0,2.0,False,True,False
18,2026020018,2026-10-02T19:00:00,2026-10-02,19:00:00,Carolina Hurricanes,CAR,Washington Capitals,WSH,2.0,5.0,False,True,False
19,2026020019,2026-10-02T20:00:00,2026-10-02,20:00:00,Winnipeg Jets,WPG,Boston Bruins,BOS,3.0,4.0,False,True,True
20,2026020020,2026-10-02T21:00:00,2026-10-02,21:00:00,Dallas Stars,DAL,St. Louis Blues,STL,0.0,4.0,False,True,False
21,2026020021,2026-10-02T22:00:00,2026-10-02,22:00:00,Vegas Golden Knights,VGK,Anaheim Ducks,ANA,3.0,4.0,False,True,False
22,2026020022,2026-10-03T19:00:00,2026-10-03,19:00:00,Buffalo Sabres,BUF,Chicago Blackhawks,CHI,4.0,3.0,True,False,False
23,2026020023,2026-10-03T19:00:00,2026-10-03,19:00:00,Toronto Maple Leafs,TOR,Ottawa Senators,OTT,2.0,3.0,False,True,False
24,2026020024,2026-10-03T19:00:00,2026-10-03,19:00:00,Tampa Bay Lightning,TBL,Washington Capitals,WSH,3.0,1.0,True,False,False
25,2026020025,2026-10-03T19:00:00,2026-10-03,19:00:00,Philadelphia Flyers,PHI,Carolina Hurricanes,CAR,2.0,3.0,False,True,True
26,2026020026,2026-10-03T19:00:00,2026-10-03,19:00:00,Pittsburgh Penguins,PIT,Montréal Canadiens,MTL,6.0,5.0,True,False,True
27,2026020027,2026-10-03T19:00:00,2026-10-03,19:00:00,Columbus Blue Jackets,CBJ,Utah Mammoth,UTA,1.0,4.0,False,True,False
28,2026020028,2026-10-03T19:00:00,2026-10-03,19:00:00,Edmonton Oilers,EDM,Seattle Kraken,SEA,3.0,1.0,True,False,False
29,2026020029,2026-10-03T19:30:00,2026-10-03,19:30:00,New York Islanders,NYI,New Jersey Devils,NJD,6.0,0.0,True,False,False
30,2026020030,2026-10-03T20:00:00,2026-10-03,20:00:00,Nashville Predators,NSH,Dallas Stars,DAL,2.0,1.0,True,False,False
31,2026020031,2026-10-03T20:00:00,2026-10-03,20:00:00,Minnesota Wild,MIN,Boston Bruins,BOS,4.0,1.0,True,False,False
32,2026020032,2026-10-03T21:00:00,2026-10-03,21:00:00,Colorado Avalanche,COL,St. Louis Blues,STL,6.0,1.0,True,False,False
33,2026020033,2026-10-03T22:00:00,2026-10-03,22:00:00,Vancouver Canucks,VAN,Calgary Flames,CGY,4.0,1.0,True,False,False
34,2026020034,2026-10-03T22:00:00,2026-10-03,22:00:00,San Jose Sharks,SJS,Los Angeles Kings,LAK,5.0,4.0,True,False,True
35,2026020035,2026-10-04T13:00:00,2026-10-04,13:00:00,Detroit Red Wings,DET,Winnipeg Jets,WPG,2.0,3.0,False,True,False
36,2026020036,2026-10-04T18:00:00,2026-10-04,18:00:00,New York Rangers,NYR,Utah Mammoth,UTA,4.0,2.0,True,False,False
37,2026020037,2026-10-04T20:00:00,2026-10-04,20:00:00,Anaheim Ducks,ANA,Florida Panthers,FLA,3.0,2.0,True,False,True
38,2026020038,2026-10-04T20:00:00,2026-10-04,20:00:00,Seattle Kraken,SEA,Calgary Flames,CGY,6.0,1.0,True,False,False
39,2026020039,2026-10-04T21:00:00,2026-10-04,21:00:00,Vancouver Canucks,VAN,Vegas Golden Knights,VGK,2.0,3.0,False,True,False
40,2026020040,2026-10-05T19:00:00,2026-10-05,19:00:00,Tampa Bay Lightning,TBL,Philadelphia Flyers,PHI,4.0,1.0,True,False,False
41,2026020041,2026-10-05T19:30:00,2026-10-05,19:30:00,Boston Bruins,BOS,Ottawa Senators,OTT,1.0,4.0,False,True,False
42,2026020042,2026-10-05T19:30:00,2026-10-05,19:30:00,Pittsburgh Penguins,PIT,Winnipeg Jets,WPG,2.0,3.0,False,True,False
43,2026020043,2026-10-05T20:00:00,2026-10-05,20:00:00,Dallas Stars,DAL,San Jose Sharks,SJS,5.0,0.0,True,False,False
44,2026020044,2026-10-06T19:00:00,2026-10-06,19:00:00,Toronto Maple Leafs,TOR,Nashville Predators,NSH,5.0,4.0,True,False,True
45,2026020045,2026-10-06T19:00:00,2026-10-06,19:00:00,Montréal Canadiens,MTL,Carolina Hurricanes,CAR,4.0,6.0,False,True,False
46,2026020046,2026-10-06T19:00:00,2026-10-06,19:00:00,Detroit Red Wings,DET,Ottawa Senators,OTT,5.0,3.0,True,False,False
47,2026020047,2026-10-06T19:00:00,2026-10-06,19:00:00,New Jersey Devils,NJD,Utah Mammoth,UTA,3.0,5.0,False,True,False
48,2026020048,2026-10-06T19:30:00,2026-10-06,19:30:00,New York Rangers,NYR,New York Islanders,NYI,5.0,2.0,True,False,False
49,2026020049,2026-10-06T19:00:00,2026-10-06,19:00:00,Buffalo Sabres,BUF,Minnesota Wild,MIN,3.0,2.0,True,False,True
50,2026020050,2026-10-06T20:00:00,2026-10-06,20:00:00,Chicago Blackhawks,CHI,St. Louis Blues,STL,4.0,2.0,True,False,False
51,2026020051,2026-10-06T21:40:00,2026-10-06,21:40:00,Seattle Kraken,SEA,Vegas Golden Knights,VGK,2.7818529135607557,3.406782401400227,0.38511386184704677,0.6148861381529533,0.15929038667348716
52,2026020052,2026-10-06T22:00:00,2026-10-06,22:00:00,Los Angeles Kings,LAK,Florida Panthers,FLA,3.393993631990493,3.138223241082358,0.5459985382462557,0.45400146175374434,0.1586569046357037
53,2026020053,2026-10-07T19:30:00,2026-10-07,19:30:00,Washington Capitals,WSH,Pittsburgh Penguins,PIT,3.435235322402929,3.0682648257080327,0.5660228395248859,0.43397716047511414,0.158242886161864
54,2026020054,2026-10-07T19:30:00,2026-10-07,19:30:00,Winnipeg Jets,WPG,Colorado Avalanche,COL,2.7516796440429565,3.4672007651491565,0.369421574136398,0.630578425863602,0.1574819431193562
55,2026020055,2026-10-07T22:00:00,2026-10-07,22:00:00,Anaheim Ducks,ANA,Edmonton Oilers,EDM,3.5223311194396314,3.4807214375308364,0.5071699758426785,0.49283002415732147,0.15367934089125515
56,2026020056,2026-10-08T19:00:00,2026-10-08,19:00:00,Boston Bruins,BOS,Utah Mammoth,UTA,2.5114160884524,3.4834458673569433,0.3215670973493873,0.6784329026506126,0.1550994533431367
57,2026020057,2026-10-08T19:00:00,2026-10-08,19:00:00,Buffalo Sabres,BUF,Dallas Stars,DAL,2.5945707560099307,3.7032540200924977,0.30418492537076763,0.6958150746292324,0.14847228487399255
58,2026020058,2026-10-08T19:00:00,2026-10-08,19:00:00,Montréal Canadiens,MTL,Nashville Predators,NSH,3.9525062136497082,3.0556119965455606,0.6506514383468592,0.34934856165314077,0.14566150650913237
59,2026020059,2026-10-08T19:00:00,2026-10-08,19:00:00,Ottawa Senators,OTT,Philadelphia Flyers,PHI,4.048683515415486,2.427997396992075,0.7690659294571877,0.23093407054281234,0.13251719180551366
60,2026020060,2026-10-08T19:00:00,2026-10-08,19:00:00,Tampa Bay Lightning,TBL,Minnesota Wild,MIN,3.4474198858078857,2.700388351806744,0.6370445325452829,0.3629554674547171,0.15782681653137223
61,2026020061,2026-10-08T19:00:00,2026-10-08,19:00:00,Carolina Hurricanes,CAR,Vancouver Canucks,VAN,4.084470231220408,2.4476549810873753,0.7700640804049766,0.22993591959502338,0.13162321356268802
62,2026020062,2026-10-08T19:30:00,2026-10-08,19:30:00,New York Islanders,NYI,Chicago Blackhawks,CHI,3.1639295421008846,2.6118045829476726,0.6061590882291763,0.39384091177082364,0.16599610469547935
63,2026020063,2026-10-08T20:00:00,2026-10-08,20:00:00,St. Louis Blues,STL,San Jose Sharks,SJS,3.4147377594270236,2.543076880304959,0.6616944614228504,0.33830553857714957,0.15778486705705838
64,2026020064,2026-10-08T21:00:00,2026-10-08,21:00:00,Calgary Flames,CGY,Colorado Avalanche,COL,2.1029808289335117,3.86000942303817,0.20030310064352524,0.7996968993564747,0.1314178632696983
65,2026020065,2026-10-08T22:00:00,2026-10-08,22:00:00,Vegas Golden Knights,VGK,Toronto Maple Leafs,TOR,2.9424844950804987,2.8350481963486396,0.5208952881700535,0.47910471182994646,0.16985115608610923
66,2026020066,2026-10-09T19:00:00,2026-10-09,19:00:00,Detroit Red Wings,DET,Seattle Kraken,SEA,3.097327856669858,2.7041548265520228,0.5758432763436055,0.42415672365639445,0.16759070913897392
67,2026020067,2026-10-09T19:00:00,2026-10-09,19:00:00,Washington Capitals,WSH,New York Rangers,NYR,3.4250279335129017,3.0450563122151757,0.568560397766947,0.43143960223305305,0.15855360771977545
68,2026020068,2026-10-09T19:00:00,2026-10-09,19:00:00,Columbus Blue Jackets,CBJ,Pittsburgh Penguins,PIT,3.5107587540057468,3.2214677683368547,0.5510057144127004,0.44899428558729954,0.15599793223823163
69,2026020069,2026-10-09T20:00:00,2026-10-09,20:00:00,Winnipeg Jets,WPG,Anaheim Ducks,ANA,3.14826629726688,3.3712718894825606,0.45982286766977015,0.5401771323302298,0.15899296633460278
70,2026020070,2026-10-10T13:00:00,2026-10-10,13:00:00,Boston Bruins,BOS,Philadelphia Flyers,PHI,3.4462791075236123,2.7410992832248957,0.6291540610923667,0.37084593890763334,0.158047337870975
71,2026020071,2026-10-10T15:30:00,2026-10-10,15:30:00,New Jersey Devils,NJD,Vancouver Canucks,VAN,4.121712306685947,2.4139782066771374,0.779592519738973,0.22040748026102697,0.12935263869681876
72,2026020072,2026-10-10T16:00:00,2026-10-10,16:00:00,San Jose Sharks,SJS,Edmonton Oilers,EDM,2.7771688477690266,3.81405751069217,0.32075183362557375,0.6792481663744263,0.14710309572330232
73,2026020073,2026-10-10T18:00:00,2026-10-10,18:00:00,Florida Panthers,FLA,Minnesota Wild,MIN,3.082706409326439,3.4741932659334775,0.42997288824917973,0.5700271117508202,0.15737239569177008
74,2026020074,2026-10-10T19:00:00,2026-10-10,19:00:00,Buffalo Sabres,BUF,Utah Mammoth,UTA,2.5597510928118004,3.6915433791650187,0.29961015804795366,0.7003898419520462,0.1483869282428272
75,2026020075,2026-10-10T19:00:00,2026-10-10,19:00:00,Montréal Canadiens,MTL,Detroit Red Wings,DET,3.323258079110569,2.749108678577627,0.6070111450403134,0.3929888549596866,0.16154587477514762
76,2026020076,2026-10-10T19:00:00,2026-10-10,19:00:00,Ottawa Senators,OTT,Nashville Predators,NSH,4.036471660985963,2.943676552778996,0.6818206473823781,0.31817935261762187,0.14218021011846876
77,2026020077,2026-10-10T19:00:00,2026-10-10,19:00:00,Pittsburgh Penguins,PIT,Dallas Stars,DAL,2.827003743527458,3.37320950925265,0.399363699270178,0.600636300729822,0.16023315514843872
78,2026020078,2026-10-10T19:00:00,2026-10-10,19:00:00,Chicago Blackhawks,CHI,Carolina Hurricanes,CAR,2.342896161089555,3.8429009516266426,0.24162334890296347,0.7583766510970366,0.13854688576390917
79,2026020079,2026-10-10T19:00:00,2026-10-10,19:00:00,St. Louis Blues,STL,Columbus Blue Jackets,CBJ,3.1567216682781907,3.0018675333716924,0.5289401043622924,0.4710598956377076,0.16409507262567072
80,2026020080,2026-10-10T19:00:00,2026-10-10,19:00:00,Colorado Avalanche,COL,Toronto Maple Leafs,TOR,3.246262669797647,2.644889147450944,0.6140122027370369,0.3859877972629631,0.1636211004942492
81,2026020081,2026-10-10T19:30:00,2026-10-10,19:30:00,New York Islanders,NYI,Tampa Bay Lightning,TBL,2.2716467504851066,3.6159408711030028,0.2584984662835332,0.7415015337164669,0.1461266178419733
82,2026020082,2026-10-10T22:00:00,2026-10-10,22:00:00,Calgary Flames,CGY,Anaheim Ducks,ANA,2.4060735710506225,3.753212502670454,0.2639118671497754,0.7360881328502247,0.14344048692917027
83,2026020083,2026-10-10T22:00:00,2026-10-10,22:00:00,Vegas Golden Knights,VGK,Los Angeles Kings,LAK,3.5329618053487053,2.7625226035719375,0.6391619414155156,0.36083805858448437,0.15560602839241047
84,2026020084,2026-10-11T17:00:00,2026-10-11,17:00:00,Washington Capitals,WSH,Seattle Kraken,SEA,3.502728337034626,2.721902619662127,0.6419183754980432,0.3580816245019568,0.1562758103195516
85,2026020085,2026-10-11T18:00:00,2026-10-11,18:00:00,New York Rangers,NYR,Vancouver Canucks,VAN,3.9715550728044366,2.766061226305619,0.703211590889159,0.29678840911084103,0.14187472330252807
86,2026020086,2026-10-11T19:00:00,2026-10-11,19:00:00,Philadelphia Flyers,PHI,Carolina Hurricanes,CAR,2.4569576882268294,3.7115033604890466,0.2784692915552472,0.7215307084447529,0.1459932228967945
87,2026020087,2026-10-12T13:00:00,2026-10-12,13:00:00,Buffalo Sabres,BUF,Florida Panthers,FLA,3.3595459656405167,3.4292382797945957,0.4877464546208726,0.5122535453791274,0.15615927619010617
88,2026020088,2026-10-12T19:00:00,2026-10-12,19:00:00,New Jersey Devils,NJD,Ottawa Senators,OTT,3.297862030971333,3.0516355373373485,0.5450878850376583,0.45491211496234174,0.16106854922106348
89,2026020089,2026-10-12T20:00:00,2026-10-12,20:00:00,Minnesota Wild,MIN,Vegas Golden Knights,VGK,3.132456834685331,3.1329320054774494,0.4999120673694649,0.5000879326305351,0.16291098913085758
90,2026020090,2026-10-13T18:00:00,2026-10-13,18:00:00,Detroit Red Wings,DET,New Jersey Devils,NJD,2.6431170521148224,3.1395787734911864,0.4043922885663938,0.5956077114336062,0.16666051151052916
91,2026020091,2026-10-13T18:15:00,2026-10-13,18:15:00,Columbus Blue Jackets,CBJ,Florida Panthers,FLA,3.682936726075144,3.035157527273441,0.613101444829313,0.38689855517068705,0.15259915939641663
92,2026020092,2026-10-13T18:30:00,2026-10-13,18:30:00,Montréal Canadiens,MTL,Buffalo Sabres,BUF,3.968098783398222,2.8982911506702025,0.680057293360584,0.31994270663941604,0.14371550986800816
93,2026020093,2026-10-13T18:45:00,2026-10-13,18:45:00,Carolina Hurricanes,CAR,Washington Capitals,WSH,3.2960108019906103,2.879614667751667,0.5772587634943696,0.42274123650563045,0.1620522777877091
94,2026020094,2026-10-13T19:00:00,2026-10-13,19:00:00,Philadelphia Flyers,PHI,Seattle Kraken,SEA,2.839563625640705,3.2259079239350816,0.4274547288837974,0.5725452711162027,0.1638550378935209
95,2026020095,2026-10-13T19:15:00,2026-10-13,19:15:00,New York Rangers,NYR,Tampa Bay Lightning,TBL,2.8236846390076544,3.482788631759313,0.3804014112689551,0.6195985887310449,0.15729441450908224
96,2026020096,2026-10-13T19:30:00,2026-10-13,19:30:00,Ottawa Senators,OTT,St. Louis Blues,STL,3.3218523332754697,2.8324294854905703,0.5907804911651132,0.4092195088348868,0.16154256436258002
97,2026020097,2026-10-13T19:45:00,2026-10-13,19:45:00,New York Islanders,NYI,Vancouver Canucks,VAN,3.195105448701768,2.871811900660582,0.5607992459506499,0.43920075404935005,0.16438850484166204
98,2026020098,2026-10-13T20:00:00,2026-10-13,20:00:00,Chicago Blackhawks,CHI,Pittsburgh Penguins,PIT,2.6555654182737087,3.7651437160806847,0.3062192338305585,0.6937807661694415,0.1471880280247861
99,2026020099,2026-10-13T20:15:00,2026-10-13,20:15:00,Winnipeg Jets,WPG,Minnesota Wild,MIN,3.0775218218256204,3.1151272165967456,0.4929903267861422,0.5070096732138578,0.16389519077146877
100,2026020100,2026-10-13T20:30:00,2026-10-13,20:30:00,Dallas Stars,DAL,Colorado Avalanche,COL,2.9765606447673463,2.986359642836582,0.4981300144316678,0.5018699855683322,0.16719981692919397
101,2026020101,2026-10-13T20:45:00,2026-10-13,20:45:00,Nashville Predators,NSH,Vegas Golden Knights,VGK,3.0342387624403724,3.6536311831132315,0.3914200728406335,0.6085799271593665,0.1533221927199644
102,2026020102,2026-10-13T21:00:00,2026-10-13,21:00:00,Utah Mammoth,UTA,Toronto Maple Leafs,TOR,2.961335004476883,2.521532829599394,0.587636371710039,0.412363628289961,0.17200416644176036
103,2026020103,2026-10-13T21:45:00,2026-10-13,21:45:00,Anaheim Ducks,ANA,Calgary Flames,CGY,3.950220207537879,2.286076455175835,0.7804999967071564,0.21950000329284358,0.13280868512645924
104,2026020104,2026-10-13T22:30:00,2026-10-13,22:30:00,Los Angeles Kings,LAK,Edmonton Oilers,EDM,3.0210024999661207,3.645597937522145,0.39031303034583625,0.6096869696541637,0.15349691952102268
105,2026020105,2026-10-13T23:00:00,2026-10-13,23:00:00,San Jose Sharks,SJS,Boston Bruins,BOS,3.0811314724466503,3.1378698491723376,0.48945262055788885,0.5105473794421111,0.16350866285675375
106,2026020106,2026-10-14T19:30:00,2026-10-14,19:30:00,Washington Capitals,WSH,Montréal Canadiens,MTL,3.2721208719758863,3.178241888951033,0.5170522531393229,0.4829477468606771,0.16034474223888337
107,2026020107,2026-10-14T20:30:00,2026-10-14,20:30:00,Colorado Avalanche,COL,Dallas Stars,DAL,3.143114918144156,2.828111862113324,0.5598336131069468,0.4401663868930532,0.1658167251515588
108,2026020108,2026-10-15T19:00:00,2026-10-15,19:00:00,Toronto Maple Leafs,TOR,Buffalo Sabres,BUF,3.6451260090967565,2.5460724905586813,0.6961741093271401,0.3038258906728599,0.14983434609560176
109,2026020109,2026-10-15T19:00:00,2026-10-15,19:00:00,Ottawa Senators,OTT,New York Islanders,NYI,3.8209685370459017,2.428968325449281,0.740987343967464,0.259012656032536,0.1412976834703943
110,2026020110,2026-10-15T19:30:00,2026-10-15,19:30:00,Detroit Red Wings,DET,Philadelphia Flyers,PHI,3.3318037315585927,2.432793632029004,0.6696757541839363,0.3303242458160636,0.15964819837863606
111,2026020111,2026-10-15T19:00:00,2026-10-15,19:00:00,Tampa Bay Lightning,TBL,Seattle Kraken,SEA,3.748759748591365,2.398144204586857,0.736881247902684,0.26311875209731606,0.14345343699293006
112,2026020112,2026-10-15T19:00:00,2026-10-15,19:00:00,Florida Panthers,FLA,Vancouver Canucks,VAN,3.7703836886858535,2.910364832791573,0.6491022132984107,0.35089778670158933,0.14966103688018956
113,2026020113,2026-10-15T19:00:00,2026-10-15,19:00:00,New Jersey Devils,NJD,New York Rangers,NYR,3.583235731116142,2.8629363880038183,0.6285877764430878,0.37141222355691217,0.15465786076195465
114,2026020114,2026-10-15T20:00:00,2026-10-15,20:00:00,Chicago Blackhawks,CHI,Winnipeg Jets,WPG,2.4978829736482018,3.541424434373392,0.31025762527884687,0.6897423747211531,0.1528769060522217
115,2026020115,2026-10-15T20:00:00,2026-10-15,20:00:00,Nashville Predators,NSH,San Jose Sharks,SJS,3.5488556830121585,3.0901607685064767,0.5812495965533148,0.41875040344668524,0.15575024010553737
116,2026020116,2026-10-15T20:00:00,2026-10-15,20:00:00,Minnesota Wild,MIN,St. Louis Blues,STL,3.1368051635450174,2.894349129896088,0.5458422787882838,0.45415772121171616,0.16546549964456622
117,2026020117,2026-10-15T21:00:00,2026-10-15,21:00:00,Edmonton Oilers,EDM,Utah Mammoth,UTA,3.0526076144176457,3.1397937518165957,0.4837517388155596,0.5162482611844404,0.1638237037071425
118,2026020118,2026-10-15T22:00:00,2026-10-15,22:00:00,Vegas Golden Knights,VGK,Calgary Flames,CGY,3.6824515560726057,2.1417566963935903,0.7726996377650526,0.22730036223494743,0.14022496005650056
119,2026020119,2026-10-16T21:00:00,2026-10-16,21:00:00,Colorado Avalanche,COL,Pittsburgh Penguins,PIT,3.879556298175656,2.7796063660496757,0.68816596786618,0.31183403213382,0.1450451902339968
120,2026020120,2026-10-16T22:00:00,2026-10-16,22:00:00,Anaheim Ducks,ANA,Boston Bruins,BOS,3.90785215569518,2.8636303520797437,0.6775369879782328,0.32246301202176714,0.1451591611668659
121,2026020121,2026-10-17T13:00:00,2026-10-17,13:00:00,Washington Capitals,WSH,New Jersey Devils,NJD,2.9890671653003604,3.1601843223960335,0.46799667891657776,0.5320033210834223,0.16416071767609858
122,2026020122,2026-10-17T15:30:00,2026-10-17,15:30:00,Winnipeg Jets,WPG,Carolina Hurricanes,CAR,2.895613814750032,3.1828981843417,0.44599164241850064,0.5540083575814994,0.1644977324134336
123,2026020123,2026-10-17T16:00:00,2026-10-17,16:00:00,Tampa Bay Lightning,TBL,Vancouver Canucks,VAN,4.216455925279417,2.262141076330331,0.8125226737468014,0.18747732625319857,0.12137451634608036
124,2026020124,2026-10-17T18:00:00,2026-10-17,18:00:00,Florida Panthers,FLA,Seattle Kraken,SEA,3.3521665729149803,3.085340092190309,0.5484215273730959,0.4515784726269041,0.15979902376313956
125,2026020125,2026-10-17T19:00:00,2026-10-17,19:00:00,Toronto Maple Leafs,TOR,New York Islanders,NYI,3.4369576925895977,2.2149234596327725,0.7271076471744559,0.2728923528255441,0.15238156324463573
126,2026020126,2026-10-17T19:00:00,2026-10-17,19:00:00,Montréal Canadiens,MTL,Buffalo Sabres,BUF,3.968098783398222,2.8982911506702025,0.680057293360584,0.31994270663941604,0.14371550986800816
127,2026020127,2026-10-17T19:00:00,2026-10-17,19:00:00,Detroit Red Wings,DET,San Jose Sharks,SJS,3.1928759175634385,2.5982000241327894,0.6139399108201995,0.38606008917980056,0.16513716564698472
128,2026020128,2026-10-17T19:00:00,2026-10-17,19:00:00,Philadelphia Flyers,PHI,Ottawa Senators,OTT,2.5554440028704124,3.84676519056247,0.2773929585341854,0.7226070414658146,0.1427627419945018
129,2026020129,2026-10-17T19:00:00,2026-10-17,19:00:00,Columbus Blue Jackets,CBJ,New York Rangers,NYR,3.5003269563156434,3.1971004198792468,0.5536255685055133,0.44637443149448675,0.15632787784910832
130,2026020130,2026-10-17T19:00:00,2026-10-17,19:00:00,Chicago Blackhawks,CHI,Dallas Stars,DAL,2.1514695601166656,3.830847322868351,0.21136902383259465,0.7886309761674054,0.13409497595655337
131,2026020131,2026-10-17T20:00:00,2026-10-17,20:00:00,Nashville Predators,NSH,St. Louis Blues,STL,3.038450749603868,3.3753953859568098,0.43880355995759485,0.5611964400424052,0.15961983304997351
132,2026020132,2026-10-17T21:00:00,2026-10-17,21:00:00,Los Angeles Kings,LAK,Boston Bruins,BOS,3.3516528490743633,2.9992761824610215,0.5643706065410162,0.43562939345898377,0.16031142543494514
133,2026020133,2026-10-17T22:00:00,2026-10-17,22:00:00,Utah Mammoth,UTA,Edmonton Oilers,EDM,3.304602848120722,2.9003661725786145,0.57481115997693,0.42518884002307,0.1617777076213406
134,2026020134,2026-10-17T22:00:00,2026-10-17,22:00:00,Vegas Golden Knights,VGK,Pittsburgh Penguins,PIT,3.516515888064394,2.9794511509955415,0.5961834663482514,0.40381653365174863,0.156619761693065
135,2026020135,2026-10-18T18:00:00,2026-10-18,18:00:00,Minnesota Wild,MIN,Columbus Blue Jackets,CBJ,3.3869018880452124,3.1278028634157344,0.5466736194216295,0.4533263805783705,0.15885897410286326
136,2026020136,2026-10-18T20:00:00,2026-10-18,20:00:00,Calgary Flames,CGY,Carolina Hurricanes,CAR,2.2129830242401893,3.543497425249763,0.2577332669989506,0.7422667330010494,0.14787553880150162
137,2026020137,2026-10-19T19:00:00,2026-10-19,19:00:00,New York Rangers,NYR,Anaheim Ducks,ANA,3.3218309394273033,3.5734385743328687,0.4562886835252444,0.5437113164747556,0.15429000387242944
138,2026020138,2026-10-19T19:00:00,2026-10-19,19:00:00,Philadelphia Flyers,PHI,Colorado Avalanche,COL,2.334828084646446,4.043021971185928,0.21676676149894747,0.7832332385010525,0.13037170751289007
139,2026020139,2026-10-19T19:30:00,2026-10-19,19:30:00,Toronto Maple Leafs,TOR,San Jose Sharks,SJS,3.4899337675898803,2.3645712262192795,0.7068913113318723,0.29310868866812767,0.15287189612965557
140,2026020140,2026-10-19T21:00:00,2026-10-19,21:00:00,Utah Mammoth,UTA,Pittsburgh Penguins,PIT,3.5390438286198393,2.6499669039485614,0.6610994403682932,0.3389005596317068,0.15461251805849488
141,2026020141,2026-10-20T19:00:00,2026-10-20,19:00:00,Montréal Canadiens,MTL,San Jose Sharks,SJS,3.7991558872735216,2.6916813584427577,0.6922231093351281,0.3077768906648719,0.14653116948574338
142,2026020142,2026-10-20T19:00:00,2026-10-20,19:00:00,New Jersey Devils,NJD,Colorado Avalanche,COL,3.0131518751935276,3.207325873639469,0.4639549315510253,0.5360450684489747,0.1630737982712962
143,2026020143,2026-10-20T19:00:00,2026-10-20,19:00:00,New York Islanders,NYI,Anaheim Ducks,ANA,2.672404118706001,3.7100564971062036,0.31719058471635647,0.6828094152836435,0.14924720436083336
144,2026020144,2026-10-20T19:00:00,2026-10-20,19:00:00,Washington Capitals,WSH,Los Angeles Kings,LAK,3.451301109608992,2.8448699123430723,0.610412092732958,0.38958790726704196,0.15819123456861028
145,2026020145,2026-10-20T19:00:00,2026-10-20,19:00:00,Columbus Blue Jackets,CBJ,Toronto Maple Leafs,TOR,2.937667147955417,3.0653351652256524,0.4757522314080078,0.5242477685919922,0.16640661661410017
146,2026020146,2026-10-20T20:00:00,2026-10-20,20:00:00,St. Louis Blues,STL,Winnipeg Jets,WPG,3.0558189120046473,2.8063067442251404,0.5480011097579532,0.4519988902420467,0.1678945446556457
147,2026020147,2026-10-20T20:00:00,2026-10-20,20:00:00,Dallas Stars,DAL,Boston Bruins,BOS,3.677923948661009,2.418623686626009,0.7237315274113832,0.27626847258861675,0.1465738442807353
148,2026020148,2026-10-20T21:00:00,2026-10-20,21:00:00,Edmonton Oilers,EDM,Minnesota Wild,MIN,3.5811053785806273,3.0923884013285905,0.5862025406235212,0.4137974593764788,0.15503416080843513
149,2026020149,2026-10-20T21:40:00,2026-10-20,21:40:00,Seattle Kraken,SEA,Detroit Red Wings,DET,2.8460970522070137,2.942856100614315,0.4812024568917677,0.5187975431082322,0.16970375209831995
150,2026020150,2026-10-20T22:00:00,2026-10-20,22:00:00,Vancouver Canucks,VAN,Carolina Hurricanes,CAR,2.5761334218333354,3.8807671302346547,0.2764311070405005,0.7235688929594996,0.14190645294457227
151,2026020151,2026-10-20T22:30:00,2026-10-20,22:30:00,Vegas Golden Knights,VGK,Tampa Bay Lightning,TBL,2.867332821436573,3.139248766535302,0.44848782850882546,0.5515121714911746,0.16562746705743825
152,2026020152,2026-10-21T19:30:00,2026-10-21,19:30:00,Buffalo Sabres,BUF,Philadelphia Flyers,PHI,3.512606593618723,2.904849765413614,0.609359220150151,0.390640779849849,0.15667126055805505
153,2026020153,2026-10-21T19:30:00,2026-10-21,19:30:00,Ottawa Senators,OTT,Florida Panthers,FLA,3.8722635193703017,2.866303695338033,0.6719663370630518,0.3280336629369483,0.1462718837152753
154,2026020154,2026-10-22T19:00:00,2026-10-22,19:00:00,Boston Bruins,BOS,Nashville Predators,NSH,3.43588425729036,3.323277734508532,0.51984973791755,0.48015026208245004,0.15643271490722238
155,2026020155,2026-10-22T19:00:00,2026-10-22,19:00:00,Toronto Maple Leafs,TOR,New York Rangers,NYR,3.3103962720323454,2.7531768961028664,0.6040212366781437,0.39597876332185633,0.16189799001363228
156,2026020156,2026-10-22T19:00:00,2026-10-22,19:00:00,Ottawa Senators,OTT,San Jose Sharks,SJS,3.8798636221465124,2.5930776915910436,0.7205375403624792,0.2794624596375208,0.1422369134392891
157,2026020157,2026-10-22T19:00:00,2026-10-22,19:00:00,New Jersey Devils,NJD,Anaheim Ducks,ANA,3.4474232920807966,3.1185870939162883,0.5588597209050888,0.44114027909491116,0.15775907302114153
158,2026020158,2026-10-22T19:00:00,2026-10-22,19:00:00,Pittsburgh Penguins,PIT,Florida Panthers,FLA,3.6605087756496553,3.123614829589087,0.5935666157495838,0.4064333842504162,0.1532282507471069
159,2026020159,2026-10-22T19:30:00,2026-10-22,19:30:00,New York Islanders,NYI,Los Angeles Kings,LAK,2.7989918521866697,3.182009178783989,0.4274520040654377,0.5725479959345623,0.1650764151579931
160,2026020160,2026-10-22T20:00:00,2026-10-22,20:00:00,St. Louis Blues,STL,Vegas Golden Knights,VGK,2.9195691791073504,3.006790159797163,0.4832968246450543,0.5167031753549457,0.1676449634272696
161,2026020161,2026-10-22T20:00:00,2026-10-22,20:00:00,Dallas Stars,DAL,Winnipeg Jets,WPG,3.3394623475525878,2.5264147784782445,0.6527697605534504,0.3472302394465496,0.16018412722555464
162,2026020162,2026-10-22T21:00:00,2026-10-22,21:00:00,Calgary Flames,CGY,Minnesota Wild,MIN,2.352006857315248,3.4680484992073493,0.2939816431042257,0.7060183568957743,0.15352064676986724
163,2026020163,2026-10-22T21:00:00,2026-10-22,21:00:00,Edmonton Oilers,EDM,Carolina Hurricanes,CAR,3.369431252364737,3.159664676109519,0.5377643791731014,0.4622356208268986,0.15893600641037486
164,2026020164,2026-10-22T22:00:00,2026-10-22,22:00:00,Seattle Kraken,SEA,Utah Mammoth,UTA,2.4742201764662908,3.4286073536731783,0.32301144164766465,0.6769885583523353,0.15662245002241587
165,2026020165,2026-10-22T22:00:00,2026-10-22,22:00:00,Vancouver Canucks,VAN,Detroit Red Wings,DET,2.6846897016058784,3.3100075424525404,0.3828129595629673,0.6171870404370328,0.16183470110022144
166,2026020166,2026-10-23T20:00:00,2026-10-23,20:00:00,Chicago Blackhawks,CHI,Montréal Canadiens,MTL,2.529471845891663,3.90009929263749,0.2659311155197411,0.734068884480259,0.14033646007934497
167,2026020167,2026-10-23T21:00:00,2026-10-23,21:00:00,Colorado Avalanche,COL,Tampa Bay Lightning,TBL,3.1633524376006834,2.928685658484279,0.5441013450778687,0.45589865492213133,0.16464680958990932
168,2026020168,2026-10-24T13:00:00,2026-10-24,13:00:00,Philadelphia Flyers,PHI,Anaheim Ducks,ANA,2.671335881964986,3.9311615459432816,0.286033954355858,0.713966045644142,0.1417618964742878
169,2026020169,2026-10-24T15:30:00,2026-10-24,15:30:00,New Jersey Devils,NJD,Los Angeles Kings,LAK,3.610722509380417,2.6747228149811244,0.667552264206006,0.332447735793994,0.15252477281826407
170,2026020170,2026-10-24T19:00:00,2026-10-24,19:00:00,Boston Bruins,BOS,San Jose Sharks,SJS,3.3025779590164475,2.9274674719883462,0.5693053529755742,0.4306946470244258,0.1617127904581049
171,2026020171,2026-10-24T19:00:00,2026-10-24,19:00:00,Ottawa Senators,OTT,New York Rangers,NYR,3.680266425118323,3.0192372769853537,0.6155490943099802,0.38445090569001983,0.15262612295403805
172,2026020172,2026-10-24T19:00:00,2026-10-24,19:00:00,Pittsburgh Penguins,PIT,Nashville Predators,NSH,3.8157371944828338,3.2079335308151173,0.6033333247071123,0.3966666752928877,0.14976415082510577
173,2026020173,2026-10-24T19:00:00,2026-10-24,19:00:00,Washington Capitals,WSH,Buffalo Sabres,BUF,3.7713486170240613,2.8159956302507974,0.6661001899286917,0.3338998100713083,0.14883993667598183
174,2026020174,2026-10-24T19:00:00,2026-10-24,19:00:00,Columbus Blue Jackets,CBJ,Vegas Golden Knights,VGK,3.1550571228703648,3.2465208191840023,0.4833063673020048,0.5166936326979952,0.16098815066517394
175,2026020175,2026-10-24T19:00:00,2026-10-24,19:00:00,St. Louis Blues,STL,Carolina Hurricanes,CAR,2.8662136991406064,3.045203718951356,0.46570192849458825,0.5342980715054119,0.16755188444760086
176,2026020176,2026-10-24T19:00:00,2026-10-24,19:00:00,Edmonton Oilers,EDM,Toronto Maple Leafs,TOR,3.195671743349329,2.9456933810563357,0.5467319978596059,0.45326800214039403,0.16386510110571645
177,2026020177,2026-10-24T21:00:00,2026-10-24,21:00:00,Utah Mammoth,UTA,Tampa Bay Lightning,TBL,2.885701884853362,2.792093212134138,0.5184030039066979,0.4815969960933021,0.17145420664004124
178,2026020178,2026-10-24T22:00:00,2026-10-24,22:00:00,Calgary Flames,CGY,Detroit Red Wings,DET,2.306236425743106,3.022341411021141,0.3568380003214272,0.6431619996785728,0.16988041889861447
179,2026020179,2026-10-24T22:00:00,2026-10-24,22:00:00,Seattle Kraken,SEA,Minnesota Wild,MIN,2.9025817598985695,3.376841426948663,0.4130674863439652,0.5869325136560348,0.16006749958430924
180,2026020180,2026-10-25T15:00:00,2026-10-25,15:00:00,Chicago Blackhawks,CHI,Florida Panthers,FLA,2.7858021848684773,3.5473905414948206,0.3628657034126985,0.6371342965873015,0.1553094877242565
181,2026020181,2026-10-25T18:00:00,2026-10-25,18:00:00,Dallas Stars,DAL,New York Islanders,NYI,3.675050362455527,2.1445457982465688,0.771313475748545,0.22868652425145497,0.14061881774532894
182,2026020182,2026-10-25T19:00:00,2026-10-25,19:00:00,Winnipeg Jets,WPG,Montréal Canadiens,MTL,3.126204969143399,3.230272940559062,0.48092280315560354,0.5190771968443965,0.16155634979471833
183,2026020183,2026-10-25T20:00:00,2026-10-25,20:00:00,Nashville Predators,NSH,Colorado Avalanche,COL,2.8307191334134987,4.030827193407053,0.29977965891649555,0.7002203410835044,0.14089097946407278
184,2026020184,2026-10-25T22:00:00,2026-10-25,22:00:00,Vancouver Canucks,VAN,Minnesota Wild,MIN,2.7379710585856567,3.798136983501511,0.3161110221394453,0.6838889778605548,0.14715201697086513
185,2026020185,2026-10-26T19:00:00,2026-10-26,19:00:00,New York Rangers,NYR,Los Angeles Kings,LAK,3.4791810372978578,3.0648358999969325,0.5741609475877492,0.4258390524122509,0.15732721118012588
186,2026020186,2026-10-26T20:30:00,2026-10-26,20:30:00,Calgary Flames,CGY,Toronto Maple Leafs,TOR,2.098860843091208,3.3035331218123836,0.2701867784808671,0.7298132215191329,0.15583568208623477
187,2026020187,2026-10-26T21:30:00,2026-10-26,21:30:00,Edmonton Oilers,EDM,Detroit Red Wings,DET,3.511416492184244,2.694960444305501,0.6483520420401323,0.3516479579598677,0.1558375991317322
188,2026020188,2026-10-27T19:00:00,2026-10-27,19:00:00,Philadelphia Flyers,PHI,Columbus Blue Jackets,CBJ,2.7059851032021194,3.6586850884605706,0.3309014627488634,0.6690985372511367,0.1512893153581833
189,2026020189,2026-10-27T20:00:00,2026-10-27,20:00:00,Carolina Hurricanes,CAR,Boston Bruins,BOS,3.6894964093053546,2.6338202759462086,0.686755958462722,0.31324404153727803,0.14946251883552159
190,2026020190,2026-10-27T20:00:00,2026-10-27,20:00:00,Chicago Blackhawks,CHI,Los Angeles Kings,LAK,2.6679848728139937,3.4910102882184493,0.34982927660880164,0.6501707233911983,0.15628576300535313
191,2026020191,2026-10-27T20:00:00,2026-10-27,20:00:00,St. Louis Blues,STL,Montréal Canadiens,MTL,3.094463586006121,3.0905290091309925,0.5007340120383708,0.49926598796162924,0.16401861202426746
192,2026020192,2026-10-27T20:00:00,2026-10-27,20:00:00,Nashville Predators,NSH,New York Islanders,NYI,3.4949851922382704,2.8945922644696456,0.6083577420635252,0.39164225793647484,0.15711331972163045
193,2026020193,2026-10-27T20:00:00,2026-10-27,20:00:00,Dallas Stars,DAL,New Jersey Devils,NJD,3.0891617523306145,2.7664817173643073,0.5620172747512968,0.4379827252487032,0.16744537787789773
194,2026020194,2026-10-27T20:00:00,2026-10-27,20:00:00,Winnipeg Jets,WPG,Florida Panthers,FLA,3.443006747646314,2.938140497452967,0.5915304140113945,0.4084695859886055,0.15841966981129652
195,2026020195,2026-10-27T21:00:00,2026-10-27,21:00:00,Utah Mammoth,UTA,Minnesota Wild,MIN,3.3185050167876398,2.6471047278607784,0.6259058299434304,0.37409417005656964,0.16148491356385322
196,2026020196,2026-10-27T22:00:00,2026-10-27,22:00:00,Vegas Golden Knights,VGK,Ottawa Senators,OTT,3.226839106151839,3.1518077695902535,0.5137267924980045,0.48627320750199554,0.16132258743437625
197,2026020197,2026-10-27T22:00:00,2026-10-27,22:00:00,Anaheim Ducks,ANA,Vancouver Canucks,VAN,4.326201743330233,2.6612214809314985,0.764115030069357,0.235884969930643,0.12775859425129582
198,2026020198,2026-10-27T22:30:00,2026-10-27,22:30:00,San Jose Sharks,SJS,Buffalo Sabres,BUF,3.2651951316463235,3.198261655028944,0.5121441052058798,0.4878558947941201,0.16022408137646782
199,2026020199,2026-10-28T19:30:00,2026-10-28,19:30:00,Washington Capitals,WSH,Philadelphia Flyers,PHI,3.767894095820909,2.4487604389724815,0.7305974736280352,0.2694025263719648,0.14371473903557033
200,2026020200,2026-10-28T20:30:00,2026-10-28,20:30:00,Edmonton Oilers,EDM,Calgary Flames,CGY,3.999309564304791,2.2253443636426415,0.7955976865679809,0.2044023134320191,0.12912045804649086
201,2026020201,2026-10-28T21:00:00,2026-10-28,21:00:00,Colorado Avalanche,COL,New Jersey Devils,NJD,3.375679759458094,2.862878193180533,0.5942464174888723,0.40575358251112764,0.16015188475497488
202,2026020202,2026-10-28T22:00:00,2026-10-28,22:00:00,Seattle Kraken,SEA,Toronto Maple Leafs,TOR,2.590177482167657,3.2166526804866726,0.38034410014713477,0.6196558998528652,0.16440896312974285
203,2026020203,2026-10-29T19:30:00,2026-10-29,19:30:00,Detroit Red Wings,DET,Chicago Blackhawks,CHI,3.4497588947225473,2.3198538943164975,0.7093464226977768,0.2906535773022232,0.1537225665845916
204,2026020204,2026-10-29T19:00:00,2026-10-29,19:00:00,Tampa Bay Lightning,TBL,Winnipeg Jets,WPG,3.458220877096836,2.5426815614519005,0.6686286882076332,0.3313713117923668,0.15630365120036344
205,2026020205,2026-10-29T19:00:00,2026-10-29,19:00:00,Pittsburgh Penguins,PIT,Utah Mammoth,UTA,2.7890647827257653,3.362542553888073,0.39394902879350907,0.606050971206491,0.1605050649598031
206,2026020206,2026-10-29T19:00:00,2026-10-29,19:00:00,Carolina Hurricanes,CAR,Columbus Blue Jackets,CBJ,3.460585433740274,2.942922814353481,0.5936041555597537,0.4063958444402464,0.15799006748576708
207,2026020207,2026-10-29T20:00:00,2026-10-29,20:00:00,St. Louis Blues,STL,Boston Bruins,BOS,3.3655326485324704,2.686573883806027,0.6261825045517412,0.37381749544825876,0.16021456139549076
208,2026020208,2026-10-29T20:00:00,2026-10-29,20:00:00,Nashville Predators,NSH,Washington Capitals,WSH,3.1246855866339383,3.569181341640946,0.42164086515385096,0.578359134846149,0.15523589791464834
209,2026020209,2026-10-29T20:00:00,2026-10-29,20:00:00,Dallas Stars,DAL,Montréal Canadiens,MTL,3.3816940495864976,2.7822896331812617,0.6105869154506233,0.38941308454937673,0.15998000763981157
210,2026020210,2026-10-29T20:00:00,2026-10-29,20:00:00,Minnesota Wild,MIN,New York Islanders,NYI,3.6081175905041976,2.4820679191918726,0.702453978398396,0.2975460216016041,0.15023950703573352
211,2026020211,2026-10-29T22:00:00,2026-10-29,22:00:00,Anaheim Ducks,ANA,Buffalo Sabres,BUF,4.141303267347165,2.9187441128730733,0.7001855994775495,0.29981440052245045,0.1386618551234887
212,2026020212,2026-10-29T22:00:00,2026-10-29,22:00:00,Los Angeles Kings,LAK,Ottawa Senators,OTT,2.9688105217405787,3.523545150942197,0.40068365361089364,0.5993163463891064,0.15644920860549164
213,2026020213,2026-10-29T22:00:00,2026-10-29,22:00:00,San Jose Sharks,SJS,Vancouver Canucks,VAN,3.410977646148208,2.916077014241735,0.5902292118757385,0.4097707881242615,0.1592207317042619
214,2026020214,2026-10-30T18:00:00,2026-10-30,18:00:00,Vegas Golden Knights,VGK,New Jersey Devils,NJD,3.059791015981362,3.068709955487033,0.4983266023047523,0.5016733976952477,0.164809971316374
215,2026020215,2026-10-30T19:00:00,2026-10-30,19:00:00,Florida Panthers,FLA,Winnipeg Jets,WPG,3.092364729512674,3.27129509068539,0.46724744634282284,0.5327525536571771,0.16121438687167464
216,2026020216,2026-10-30T20:00:00,2026-10-30,20:00:00,Calgary Flames,CGY,Seattle Kraken,SEA,2.5575963843023524,3.0798830857182797,0.39798019048139166,0.6020198095186085,0.16847862231176125
217,2026020217,2026-10-31T13:00:00,2026-10-31,13:00:00,Boston Bruins,BOS,Chicago Blackhawks,CHI,3.5682870189098916,2.6138467986673937,0.6723121311584678,0.32768786884153217,0.15330619534748458
218,2026020218,2026-10-31T13:00:00,2026-10-31,13:00:00,Detroit Red Wings,DET,St. Louis Blues,STL,2.7336688475532838,2.838024630507929,0.4792485914352423,0.5207514085647578,0.17313902608165582
219,2026020219,2026-10-31T14:00:00,2026-10-31,14:00:00,Nashville Predators,NSH,Tampa Bay Lightning,TBL,2.7530178988080163,3.81988040793774,0.31564897553900806,0.6843510244609919,0.14663250740973224
220,2026020220,2026-10-31T14:00:00,2026-10-31,14:00:00,New York Islanders,NYI,Edmonton Oilers,EDM,2.6014088152971957,3.75616134125244,0.29787749429739036,0.7021225057026096,0.14672946853514662
221,2026020221,2026-10-31T16:00:00,2026-10-31,16:00:00,Los Angeles Kings,LAK,Buffalo Sabres,BUF,3.5518771800659126,3.0570005985866002,0.5878080592064922,0.41219194079350785,0.1557361619112921
222,2026020222,2026-10-31T16:00:00,2026-10-31,16:00:00,San Jose Sharks,SJS,Ottawa Senators,OTT,2.729189431653667,3.686364782274465,0.33095654057228924,0.6690434594277108,0.15063823561269057
223,2026020223,2026-10-31T19:00:00,2026-10-31,19:00:00,Montréal Canadiens,MTL,Pittsburgh Penguins,PIT,3.614450555427582,3.157932738507212,0.5798552660846205,0.42014473391537954,0.15420087592045578
224,2026020224,2026-10-31T19:00:00,2026-10-31,19:00:00,Vancouver Canucks,VAN,Toronto Maple Leafs,TOR,2.4432837967751633,3.617963050126202,0.28908238024943694,0.7109176197505631,0.14926841872149804
225,2026020225,2026-10-31T20:00:00,2026-10-31,20:00:00,Dallas Stars,DAL,Columbus Blue Jackets,CBJ,3.4497309744061084,2.702470966493834,0.6370261387823355,0.3629738612176645,0.15776784510138184
226,2026020226,2026-10-31T22:00:00,2026-10-31,22:00:00,Colorado Avalanche,COL,Calgary Flames,CGY,4.062622943231421,1.9980997325081018,0.836006893467663,0.163993106532337,0.11918174760397103
227,2026020227,2026-11-01T13:00:00,2026-11-01,13:00:00,Carolina Hurricanes,CAR,Winnipeg Jets,WPG,3.349969850461775,2.751202059998296,0.6111609161774999,0.3888390838225001,0.1608121436365733
228,2026020228,2026-11-01T15:30:00,2026-11-01,15:30:00,Washington Capitals,WSH,Minnesota Wild,MIN,3.221165434304879,3.0649508544270927,0.5288230387481023,0.4711769612518976,0.16233990598560827
229,2026020229,2026-11-01T16:00:00,2026-11-01,16:00:00,Philadelphia Flyers,PHI,Utah Mammoth,UTA,2.2259328609596793,3.688161958837522,0.2410576341517113,0.7589423658482887,0.14209956791291764
230,2026020230,2026-11-01T18:00:00,2026-11-01,18:00:00,New York Rangers,NYR,Edmonton Oilers,EDM,3.2335829107079075,3.6178456685817757,0.4331493329111879,0.566850667088812,0.15392220970366688
231,2026020231,2026-11-01T20:00:00,2026-11-01,20:00:00,Anaheim Ducks,ANA,Ottawa Senators,OTT,3.4614779989635625,3.3641886332995634,0.5170432772335656,0.4829567227664344,0.15566963465049938
232,2026020232,2026-11-02T19:00:00,2026-11-02,19:00:00,Boston Bruins,BOS,Vegas Golden Knights,VGK,2.8236735878545405,3.46127183809138,0.3839473872816788,0.6160526127183211,0.15788347071399794
233,2026020233,2026-11-02T19:00:00,2026-11-02,19:00:00,Florida Panthers,FLA,Detroit Red Wings,DET,3.022716446998634,3.027696463853213,0.49905816392484764,0.5009418360751523,0.16592487637042236
234,2026020234,2026-11-02T20:00:00,2026-11-02,20:00:00,Chicago Blackhawks,CHI,Colorado Avalanche,COL,2.226436288477597,4.186156247604906,0.18524609650245302,0.814753903497547,0.12150548479170463
235,2026020235,2026-11-02T21:00:00,2026-11-02,21:00:00,San Jose Sharks,SJS,Calgary Flames,CGY,3.1145364050689204,2.5050057094098257,0.6188098250768069,0.38119017492319307,0.1674078540480669
236,2026020236,2026-11-03T19:00:00,2026-11-03,19:00:00,Toronto Maple Leafs,TOR,Utah Mammoth,UTA,2.653889149726162,2.8136455639079014,0.46788534503400164,0.5321146549659983,0.17466185026619657
237,2026020237,2026-11-03T19:00:00,2026-11-03,19:00:00,Montréal Canadiens,MTL,Winnipeg Jets,WPG,3.3998313275840677,2.970293036755217,0.5781512901476129,0.42184870985238715,0.15936665317512883
238,2026020238,2026-11-03T19:00:00,2026-11-03,19:00:00,Tampa Bay Lightning,TBL,Detroit Red Wings,DET,3.3803325405932863,2.3533395058835036,0.6925799753966158,0.30742002460338425,0.15691877906220697
239,2026020239,2026-11-03T19:30:00,2026-11-03,19:30:00,New Jersey Devils,NJD,Edmonton Oilers,EDM,3.355838766788877,3.1573417522438962,0.535796514228451,0.464203485771549,0.15918980129016272
240,2026020240,2026-11-03T19:00:00,2026-11-03,19:00:00,New York Rangers,NYR,St. Louis Blues,STL,3.116444216273525,3.077527938695306,0.5072530291936833,0.4927469708063167,0.1638756015601968
241,2026020241,2026-11-03T19:00:00,2026-11-03,19:00:00,Philadelphia Flyers,PHI,Minnesota Wild,MIN,2.6113084770846906,3.632477215145659,0.3175586507505658,0.6824413492494342,0.15111775027844687
242,2026020242,2026-11-03T19:00:00,2026-11-03,19:00:00,Pittsburgh Penguins,PIT,Vegas Golden Knights,VGK,3.1358437966569843,3.3411381400301394,0.46285044197229386,0.5371495580277061,0.15962160892746935
243,2026020243,2026-11-03T19:00:00,2026-11-03,19:00:00,Washington Capitals,WSH,Dallas Stars,DAL,2.7831376990863093,3.1218075536436873,0.435268601908914,0.5647313980910861,0.16658173290649453
244,2026020244,2026-11-03T19:00:00,2026-11-03,19:00:00,Columbus Blue Jackets,CBJ,Colorado Avalanche,COL,2.943433679404521,3.5816872984914685,0.38647527580127444,0.6135247241987256,0.15495684285902814
245,2026020245,2026-11-03T20:00:00,2026-11-03,20:00:00,Nashville Predators,NSH,Carolina Hurricanes,CAR,2.9787876819651347,3.7003085267658373,0.3739853969611827,0.6260146030388172,0.15197298599240167
246,2026020246,2026-11-03T21:00:00,2026-11-03,21:00:00,Vancouver Canucks,VAN,Anaheim Ducks,ANA,2.800910117194213,4.110442866237615,0.28428278761128756,0.7157172123887124,0.13785642453369257
247,2026020247,2026-11-04T19:30:00,2026-11-04,19:30:00,Buffalo Sabres,BUF,Ottawa Senators,OTT,2.938678292456094,3.8502920232112654,0.3439637420593308,0.6560362579406692,0.14759363188048624
248,2026020248,2026-11-04T19:30:00,2026-11-04,19:30:00,Florida Panthers,FLA,Chicago Blackhawks,CHI,3.7335945649416824,2.6468670202899762,0.6908097484568243,0.3091902515431757,0.1481389911278147
249,2026020249,2026-11-04T22:00:00,2026-11-04,22:00:00,Los Angeles Kings,LAK,San Jose Sharks,SJS,3.40065503307952,2.8390769236766107,0.6030037938790631,0.39699620612093683,0.15951980585647496
250,2026020250,2026-11-04T22:00:00,2026-11-04,22:00:00,Seattle Kraken,SEA,Calgary Flames,CGY,3.2415474459285374,2.4300424335916695,0.6555208271880831,0.34447917281191687,0.16282865664413865
251,2026020251,2026-11-05T19:00:00,2026-11-05,19:00:00,Montréal Canadiens,MTL,Utah Mammoth,UTA,2.8890343653473938,3.202879756658992,0.4411136186880761,0.5588863813119239,0.16411264560084535
252,2026020252,2026-11-05T19:00:00,2026-11-05,19:00:00,Detroit Red Wings,DET,Vegas Golden Knights,VGK,2.7298793577625924,3.071964644973848,0.43391594946147516,0.5660840505385248,0.16808015726484885
253,2026020253,2026-11-05T19:00:00,2026-11-05,19:00:00,Tampa Bay Lightning,TBL,Chicago Blackhawks,CHI,4.175314298430555,2.057331968390654,0.8379151954690113,0.16208480453098872,0.11643137661965791
254,2026020254,2026-11-05T19:00:00,2026-11-05,19:00:00,New Jersey Devils,NJD,St. Louis Blues,STL,3.234271272548292,2.685799324974757,0.6039199329369472,0.39608006706305277,0.16398901159649695
255,2026020255,2026-11-05T19:00:00,2026-11-05,19:00:00,New York Islanders,NYI,Carolina Hurricanes,CAR,2.4579401975740827,3.5027528112711566,0.30861724993166184,0.6913827500683382,0.15374925368886147
256,2026020256,2026-11-05T19:00:00,2026-11-05,19:00:00,New York Rangers,NYR,Philadelphia Flyers,PHI,3.7983314907611305,2.6380991521942216,0.7015585391708458,0.29844146082915424,0.145810225234803
257,2026020257,2026-11-05T19:00:00,2026-11-05,19:00:00,Pittsburgh Penguins,PIT,Boston Bruins,BOS,3.6148431603781637,2.98531456874222,0.6112230986032094,0.38877690139679055,0.15419796024077087
258,2026020258,2026-11-05T19:00:00,2026-11-05,19:00:00,Columbus Blue Jackets,CBJ,Dallas Stars,DAL,2.8443248056252406,3.2776839628544634,0.4192047652759011,0.5807952347240989,0.1626039988711612
259,2026020259,2026-11-05T19:00:00,2026-11-05,19:00:00,Winnipeg Jets,WPG,Vancouver Canucks,VAN,3.7640425450445028,2.6095717787936845,0.7017850740131307,0.2982149259868693,0.14657564044051918
260,2026020260,2026-11-05T20:00:00,2026-11-05,20:00:00,Edmonton Oilers,EDM,Anaheim Ducks,ANA,3.6634259716340583,3.346663350766952,0.5543774379657193,0.44562256203428074,0.15260173130739535
261,2026020261,2026-11-05T21:30:00,2026-11-05,21:30:00,Colorado Avalanche,COL,Nashville Predators,NSH,4.242407010303994,2.6895438443665904,0.75006678029814,0.24993321970186003,0.13131274812347646
262,2026020262,2026-11-06T19:00:00,2026-11-06,19:00:00,Buffalo Sabres,BUF,Columbus Blue Jackets,CBJ,3.1117957089090957,3.662039483486631,0.40406000403271913,0.5959399959672809,0.15319364063471314
263,2026020263,2026-11-06T20:00:00,2026-11-06,20:00:00,Minnesota Wild,MIN,San Jose Sharks,SJS,3.6637318648656514,2.6497648745912548,0.6800773333441879,0.3199226666558122,0.15051923075931425
264,2026020264,2026-11-06T20:00:00,2026-11-06,20:00:00,Calgary Flames,CGY,Anaheim Ducks,ANA,2.4060735710506225,3.753212502670454,0.2639118671497754,0.7360881328502247,0.14344048692917027
265,2026020265,2026-11-07T12:30:00,2026-11-07,12:30:00,Washington Capitals,WSH,Florida Panthers,FLA,3.603709402462584,2.890814917643554,0.6267313438877037,0.37326865611229626,0.15420911592326714
266,2026020266,2026-11-07T13:00:00,2026-11-07,13:00:00,Nashville Predators,NSH,St. Louis Blues,STL,3.038450749603868,3.3753953859568098,0.43880355995759485,0.5611964400424052,0.15961983304997351
267,2026020267,2026-11-07T17:00:00,2026-11-07,17:00:00,Seattle Kraken,SEA,New York Rangers,NYR,3.0862815989154493,3.3549224085036062,0.45126849303541505,0.548731506964585,0.15974031979957923
268,2026020268,2026-11-07T19:00:00,2026-11-07,19:00:00,Toronto Maple Leafs,TOR,Montréal Canadiens,MTL,3.162606830221754,2.8735961643089603,0.5545652285515081,0.44543477144849186,0.16508384933446943
269,2026020269,2026-11-07T19:00:00,2026-11-07,19:00:00,Ottawa Senators,OTT,Utah Mammoth,UTA,2.9504078458035354,3.0855494911351355,0.47442140923588355,0.5255785907641164,0.16590464240008823
270,2026020270,2026-11-07T19:00:00,2026-11-07,19:00:00,New York Islanders,NYI,New Jersey Devils,NJD,2.424121911015253,3.534690804976528,0.29759647402431866,0.7024035259756812,0.1520880446621065
271,2026020271,2026-11-07T20:00:00,2026-11-07,20:00:00,Carolina Hurricanes,CAR,Chicago Blackhawks,CHI,4.044616440950557,2.226049866151825,0.8003463722973322,0.1996536277026678,0.12727366356061492
272,2026020272,2026-11-07T20:00:00,2026-11-07,20:00:00,Dallas Stars,DAL,San Jose Sharks,SJS,3.7316963153722673,2.289438610526089,0.7535123127506026,0.2464876872493974,0.14179044707679053
273,2026020273,2026-11-07T20:00:00,2026-11-07,20:00:00,Minnesota Wild,MIN,Tampa Bay Lightning,TBL,2.8421328736161673,3.275488134225701,0.41916993642296435,0.5808300635770356,0.16266381133172347
274,2026020274,2026-11-07T21:00:00,2026-11-07,21:00:00,Colorado Avalanche,COL,Detroit Red Wings,DET,3.567005998163766,2.4197602091895645,0.7079061530897237,0.2920938469102763,0.15080550865041192
275,2026020275,2026-11-07T21:00:00,2026-11-07,21:00:00,Los Angeles Kings,LAK,Pittsburgh Penguins,PIT,3.235323802928475,3.330860072384521,0.4828417617027713,0.5171582382972286,0.15885597436481977
276,2026020276,2026-11-07T22:00:00,2026-11-07,22:00:00,Edmonton Oilers,EDM,Vancouver Canucks,VAN,4.379963419810629,2.5905232563799494,0.7807151051620121,0.21928489483798785,0.1241651945421932
277,2026020277,2026-11-08T13:00:00,2026-11-08,13:00:00,Boston Bruins,BOS,Florida Panthers,FLA,3.2961086770108374,3.235927276746416,0.5108465046038653,0.48915349539613473,0.1593513122804417
278,2026020278,2026-11-08T15:30:00,2026-11-08,15:30:00,Buffalo Sabres,BUF,Vegas Golden Knights,VGK,2.8780183361445686,3.6680446959525788,0.3607834775582784,0.6392165224417216,0.15235841199481234
279,2026020279,2026-11-08T19:00:00,2026-11-08,19:00:00,Toronto Maple Leafs,TOR,New Jersey Devils,NJD,2.8890265985993686,2.8572694793673286,0.5061996069366204,0.4938003930633797,0.17047850154813524
280,2026020280,2026-11-08T18:00:00,2026-11-08,18:00:00,Winnipeg Jets,WPG,Tampa Bay Lightning,TBL,2.676147987420039,3.285750452126249,0.38529656591568606,0.6147034340843139,0.16252057292375705
281,2026020281,2026-11-08T19:00:00,2026-11-08,19:00:00,Calgary Flames,CGY,Philadelphia Flyers,PHI,2.7512131654674983,2.770817663529638,0.49607856425185354,0.5039214357481465,0.17410901892823827
282,2026020282,2026-11-08T20:00:00,2026-11-08,20:00:00,Anaheim Ducks,ANA,Pittsburgh Penguins,PIT,3.7722185640847834,3.1802179664509125,0.6013678576248993,0.3986321423751007,0.1507189801194542
283,2026020283,2026-11-09T20:00:00,2026-11-09,20:00:00,Edmonton Oilers,EDM,New York Rangers,NYR,3.8077479113204227,3.072315762481214,0.6260040990320286,0.3739959009679714,0.149577140315274
284,2026020284,2026-11-09T21:30:00,2026-11-09,21:30:00,Vancouver Canucks,VAN,Philadelphia Flyers,PHI,3.202687100856612,3.0345437916443494,0.5311713540361431,0.46882864596385687,0.16295775265647447
285,2026020285,2026-11-09T22:00:00,2026-11-09,22:00:00,San Jose Sharks,SJS,New York Islanders,NYI,3.078724164133567,2.782287148553705,0.5569779065266705,0.4430220934733296,0.16757722997422322
286,2026020286,2026-11-10T19:00:00,2026-11-10,19:00:00,Toronto Maple Leafs,TOR,Colorado Avalanche,COL,2.7837204926511765,3.0843631491701,0.44226197407739004,0.55773802592261,0.16743941216402045
287,2026020287,2026-11-10T19:00:00,2026-11-10,19:00:00,Montréal Canadiens,MTL,Minnesota Wild,MIN,3.3892127031936083,3.1545219187126268,0.5421754504749872,0.4578245495250129,0.15862718081297905
288,2026020288,2026-11-10T19:00:00,2026-11-10,19:00:00,Ottawa Senators,OTT,Washington Capitals,WSH,3.4161304434720283,2.9950430439013362,0.5763271826807846,0.42367281731921536,0.15892541526278264
289,2026020289,2026-11-10T19:30:00,2026-11-10,19:30:00,Columbus Blue Jackets,CBJ,Florida Panthers,FLA,3.682936726075144,3.035157527273441,0.613101444829313,0.38689855517068705,0.15259915939641663
290,2026020290,2026-11-10T20:00:00,2026-11-10,20:00:00,St. Louis Blues,STL,Detroit Red Wings,DET,2.986993738549579,2.597333707427077,0.5769276829085148,0.4230723170914852,0.17096535315113925
291,2026020291,2026-11-10T19:00:00,2026-11-10,19:00:00,Winnipeg Jets,WPG,New Jersey Devils,NJD,2.8557736681721893,3.211919753277206,0.43308386954134226,0.5669161304586579,0.16410128337876748
292,2026020292,2026-11-10T22:00:00,2026-11-10,22:00:00,Los Angeles Kings,LAK,Nashville Predators,NSH,3.5379201453015447,3.2229362810317226,0.555356354161056,0.444643645838944,0.15549084317246487
293,2026020293,2026-11-11T19:00:00,2026-11-11,19:00:00,Buffalo Sabres,BUF,Tampa Bay Lightning,TBL,2.611276373692879,3.834949771139766,0.28867744068045115,0.7113225593195489,0.14412716260511094
294,2026020294,2026-11-11T19:30:00,2026-11-11,19:30:00,Calgary Flames,CGY,New York Rangers,NYR,2.5008616758167284,3.4455374572567754,0.325433706804445,0.674566293195555,0.1563140882015245
295,2026020295,2026-11-11T21:00:00,2026-11-11,21:00:00,Edmonton Oilers,EDM,Philadelphia Flyers,PHI,4.188926675036876,2.4706818277927276,0.7782354324517889,0.22176456754821106,0.1282260176609005
296,2026020296,2026-11-11T21:30:00,2026-11-11,21:30:00,Vegas Golden Knights,VGK,Utah Mammoth,UTA,2.810755076356638,3.0218578315854017,0.4592340295545556,0.5407659704454444,0.16857040805685455
297,2026020297,2026-11-11T22:00:00,2026-11-11,22:00:00,Anaheim Ducks,ANA,Nashville Predators,NSH,4.125030093827386,3.077175156843494,0.6715010581017576,0.32849894189824236,0.1410763555915238
298,2026020298,2026-11-11T22:00:00,2026-11-11,22:00:00,San Jose Sharks,SJS,Pittsburgh Penguins,PIT,2.974191672479364,3.4847759116238732,0.4081453677899788,0.5918546322100212,0.15738336510065637
299,2026020299,2026-11-12T19:00:00,2026-11-12,19:00:00,Boston Bruins,BOS,Montréal Canadiens,MTL,2.992823447689181,3.5576679633776602,0.3994720472262617,0.6005279527737384,0.15562421201581814
300,2026020300,2026-11-12T19:00:00,2026-11-12,19:00:00,Toronto Maple Leafs,TOR,Minnesota Wild,MIN,3.113356811191144,2.77116447608839,0.5655370660585411,0.4344629339414588,0.16685028191267195
301,2026020301,2026-11-12T19:00:00,2026-11-12,19:00:00,Ottawa Senators,OTT,Colorado Avalanche,COL,3.0947452281078025,3.382428571486299,0.4480161002614758,0.5519838997385242,0.15915949882643465
302,2026020302,2026-11-12T19:30:00,2026-11-12,19:30:00,Florida Panthers,FLA,Detroit Red Wings,DET,3.022716446998634,3.027696463853213,0.49905816392484764,0.5009418360751523,0.16592487637042236
303,2026020303,2026-11-12T19:00:00,2026-11-12,19:00:00,New Jersey Devils,NJD,Washington Capitals,WSH,3.32606372833702,2.839994650100648,0.5900637316384599,0.40993626836154007,0.16142474245107924
304,2026020304,2026-11-12T19:00:00,2026-11-12,19:00:00,Columbus Blue Jackets,CBJ,Tampa Bay Lightning,TBL,2.862638510371522,3.394245518945861,0.40254226749919997,0.5974577325008,0.1596833164719112
305,2026020305,2026-11-12T20:00:00,2026-11-12,20:00:00,Chicago Blackhawks,CHI,Buffalo Sabres,BUF,2.9153935692003743,3.4555779419407826,0.4020972469168654,0.5979027530831346,0.15812578577934314
306,2026020306,2026-11-12T20:00:00,2026-11-12,20:00:00,Dallas Stars,DAL,Winnipeg Jets,WPG,3.3394623475525878,2.5264147784782445,0.6527697605534504,0.3472302394465496,0.16018412722555464
307,2026020307,2026-11-12T21:00:00,2026-11-12,21:00:00,Utah Mammoth,UTA,St. Louis Blues,STL,3.1848914091558687,2.4672025139360088,0.6386102891737335,0.3613897108262665,0.16500127983984333
308,2026020308,2026-11-12T22:00:00,2026-11-12,22:00:00,Los Angeles Kings,LAK,New York Islanders,NYI,3.3490341806279504,2.659398884764326,0.6286533932656577,0.3713466067343423,0.16060958054598512
309,2026020309,2026-11-12T12:00:00,2026-11-12,12:00:00,Seattle Kraken,SEA,Carolina Hurricanes,CAR,2.731014215008218,3.4503061028714597,0.36827955952262137,0.6317204404773786,0.15788692075590685
310,2026020310,2026-11-13T21:00:00,2026-11-13,21:00:00,Vancouver Canucks,VAN,New York Rangers,NYR,2.911252944954514,3.7734833429918204,0.3505875840095569,0.6494124159904431,0.1495789652605068
311,2026020311,2026-11-13T22:00:00,2026-11-13,22:00:00,Vegas Golden Knights,VGK,Nashville Predators,NSH,3.8454118225801013,2.882913422787793,0.6651428116557404,0.3348571883442596,0.14724328844720333
312,2026020312,2026-11-14T15:30:00,2026-11-14,15:30:00,Chicago Blackhawks,CHI,Winnipeg Jets,WPG,2.4978829736482018,3.541424434373392,0.31025762527884687,0.6897423747211531,0.1528769060522217
313,2026020313,2026-11-14T19:00:00,2026-11-14,19:00:00,Boston Bruins,BOS,Minnesota Wild,MIN,2.9462173977858446,3.4308519757510036,0.4120406556088368,0.5879593443911633,0.1587001488837785
314,2026020314,2026-11-14T19:00:00,2026-11-14,19:00:00,Toronto Maple Leafs,TOR,Edmonton Oilers,EDM,3.100314067157153,3.036295323152406,0.5119997135211507,0.48800028647884935,0.1646462559643229
315,2026020315,2026-11-14T19:00:00,2026-11-14,19:00:00,Montréal Canadiens,MTL,Colorado Avalanche,COL,3.030369285627795,3.511047880153413,0.4141197490718519,0.5858802509281481,0.1567022439886219
316,2026020316,2026-11-14T19:00:00,2026-11-14,19:00:00,Tampa Bay Lightning,TBL,Detroit Red Wings,DET,3.3803325405932863,2.3533395058835036,0.6925799753966158,0.30742002460338425,0.15691877906220697
317,2026020317,2026-11-14T19:00:00,2026-11-14,19:00:00,Pittsburgh Penguins,PIT,Ottawa Senators,OTT,3.2019379369604133,3.5071430681310547,0.44608662513252884,0.5539133748674712,0.15617450937714042
318,2026020318,2026-11-14T19:00:00,2026-11-14,19:00:00,Washington Capitals,WSH,New Jersey Devils,NJD,2.9890671653003604,3.1601843223960335,0.46799667891657776,0.5320033210834223,0.16416071767609858
319,2026020319,2026-11-14T19:00:00,2026-11-14,19:00:00,Columbus Blue Jackets,CBJ,Philadelphia Flyers,PHI,3.850731009547489,2.5710306230518687,0.7204439503234514,0.27955604967654857,0.14289392309427162
320,2026020320,2026-11-14T19:00:00,2026-11-14,19:00:00,St. Louis Blues,STL,Florida Panthers,FLA,3.4080487722736312,2.8110344256883186,0.6095626179831577,0.39043738201684236,0.15930226825924187
321,2026020321,2026-11-14T13:00:00,2026-11-14,13:00:00,Carolina Hurricanes,CAR,Seattle Kraken,SEA,3.6314141232495043,2.5948114682771872,0.6852948772496121,0.31470512275038787,0.15095379728247607
322,2026020322,2026-11-14T20:00:00,2026-11-14,20:00:00,Dallas Stars,DAL,Buffalo Sabres,BUF,3.897639383170232,2.465172797693007,0.744635592094045,0.25536440790595505,0.1391302997370873
323,2026020323,2026-11-14T21:00:00,2026-11-14,21:00:00,Utah Mammoth,UTA,San Jose Sharks,SJS,3.719895732597599,2.2587138823040274,0.7573069938749565,0.24269300612504352,0.14155988887056872
324,2026020324,2026-11-14T22:00:00,2026-11-14,22:00:00,Anaheim Ducks,ANA,New York Islanders,NYI,3.9047989250671353,2.5391244091597143,0.7330375379722337,0.2669624620277663,0.14035028064751529
325,2026020325,2026-11-14T22:00:00,2026-11-14,22:00:00,Los Angeles Kings,LAK,Calgary Flames,CGY,3.38799071345886,2.39436443265596,0.6859136037854394,0.3140863962145606,0.15716306837986382
326,2026020326,2026-11-15T19:30:00,2026-11-15,19:30:00,Philadelphia Flyers,PHI,Edmonton Oilers,EDM,2.60036895741962,3.9800140608661034,0.2676154163485548,0.7323845836514452,0.1387980437998799
327,2026020327,2026-11-15T20:00:00,2026-11-15,20:00:00,Dallas Stars,DAL,Florida Panthers,FLA,3.724386451343916,2.5306709362703645,0.7102286740999977,0.2897713259000023,0.14676688044734496
328,2026020328,2026-11-15T20:00:00,2026-11-15,20:00:00,Anaheim Ducks,ANA,Calgary Flames,CGY,3.950220207537879,2.286076455175835,0.7804999967071564,0.21950000329284358,0.13280868512645924
329,2026020329,2026-11-15T21:00:00,2026-11-15,21:00:00,Vegas Golden Knights,VGK,Vancouver Canucks,VAN,4.032946900329903,2.493218857342683,0.7566693509473722,0.24333064905262777,0.13463952685985345
330,2026020330,2026-11-15T21:00:00,2026-11-15,21:00:00,San Jose Sharks,SJS,Nashville Predators,NSH,3.2523646086145592,3.371865065708898,0.478661724645736,0.5213382753542639,0.1580703957415177
331,2026020331,2026-11-16T19:30:00,2026-11-16,19:30:00,New York Rangers,NYR,Montréal Canadiens,MTL,3.2985533652306556,3.4239842735404897,0.4778143798953777,0.5221856201046222,0.15684399938967838
332,2026020332,2026-11-16T21:30:00,2026-11-16,21:30:00,Utah Mammoth,UTA,Vancouver Canucks,VAN,4.058783265336036,2.2175048763766245,0.8031482082957345,0.1968517917042655,0.12643913493383738
333,2026020333,2026-11-17T19:00:00,2026-11-17,19:00:00,Boston Bruins,BOS,Los Angeles Kings,LAK,3.1567094523730654,3.1844972474579003,0.49489654144401835,0.5051034585559817,0.16187762752020685
334,2026020334,2026-11-17T19:30:00,2026-11-17,19:30:00,Tampa Bay Lightning,TBL,Washington Capitals,WSH,3.4025181943083505,2.6613614558660004,0.6371317394785817,0.3628682605214183,0.1589930254281894
335,2026020335,2026-11-17T19:00:00,2026-11-17,19:00:00,Florida Panthers,FLA,Edmonton Oilers,EDM,3.069792068610893,3.8065863127587733,0.37372802337455324,0.6262719766254468,0.14959604338891347
336,2026020336,2026-11-17T19:00:00,2026-11-17,19:00:00,New York Islanders,NYI,Columbus Blue Jackets,CBJ,2.707067195771383,3.4529052608677935,0.3633273852055477,0.6366726147944523,0.1576958532574415
337,2026020337,2026-11-17T19:00:00,2026-11-17,19:00:00,Philadelphia Flyers,PHI,Buffalo Sabres,BUF,3.057326552928744,3.3374238122156763,0.4489700004635945,0.5510299995364055,0.16026933154720024
338,2026020338,2026-11-17T19:30:00,2026-11-17,19:30:00,Chicago Blackhawks,CHI,Toronto Maple Leafs,TOR,2.22207443892523,3.582661154790631,0.2541037066412105,0.7458962933587895,0.14643047771799939
339,2026020339,2026-11-17T20:00:00,2026-11-17,20:00:00,St. Louis Blues,STL,Anaheim Ducks,ANA,3.116300918238291,3.2254282420823834,0.4799668917747612,0.5200331082252387,0.16174029942365992
340,2026020340,2026-11-17T20:00:00,2026-11-17,20:00:00,Minnesota Wild,MIN,Nashville Predators,NSH,3.811615893292604,3.0080281655293364,0.63798043940964,0.36201956059036,0.14915397149106863
341,2026020341,2026-11-17T19:00:00,2026-11-17,19:00:00,Winnipeg Jets,WPG,Ottawa Senators,OTT,3.011683511274431,3.2988955556318897,0.4472457533743667,0.5527542466256333,0.16132794502091213
342,2026020342,2026-11-17T22:00:00,2026-11-17,22:00:00,Vegas Golden Knights,VGK,Dallas Stars,DAL,2.848989084876453,3.031444036693898,0.46492662938354373,0.5350733706164562,0.167997859053212
343,2026020343,2026-11-17T22:00:00,2026-11-17,22:00:00,San Jose Sharks,SJS,Calgary Flames,CGY,3.1145364050689204,2.5050057094098257,0.6188098250768069,0.38119017492319307,0.1674078540480669
344,2026020344,2026-11-18T19:30:00,2026-11-18,19:30:00,Detroit Red Wings,DET,Boston Bruins,BOS,3.1468677539313883,2.744807435354565,0.5768128651249692,0.4231871348750308,0.1661710053529172
345,2026020345,2026-11-18T19:30:00,2026-11-18,19:30:00,New Jersey Devils,NJD,Montréal Canadiens,MTL,3.4232656353752153,2.988156349442553,0.5788336730920289,0.42116632690797107,0.1587854072217805
346,2026020346,2026-11-18T21:00:00,2026-11-18,21:00:00,Utah Mammoth,UTA,Colorado Avalanche,COL,2.967147995048852,2.9462820937039575,0.5040024022385626,0.49599759776143737,0.16793035331485184
347,2026020347,2026-11-19T19:00:00,2026-11-19,19:00:00,Toronto Maple Leafs,TOR,Los Angeles Kings,LAK,3.3357901157881655,2.572179070600933,0.6433044518333633,0.35669554816663673,0.16060502883394595
348,2026020348,2026-11-19T19:00:00,2026-11-19,19:00:00,Ottawa Senators,OTT,Philadelphia Flyers,PHI,4.048683515415486,2.427997396992075,0.7690659294571877,0.23093407054281234,0.13251719180551366
349,2026020349,2026-11-19T19:30:00,2026-11-19,19:30:00,Tampa Bay Lightning,TBL,Edmonton Oilers,EDM,3.432977655804997,2.9587477012044836,0.5859786506973719,0.4140213493026281,0.15862884741850417
350,2026020350,2026-11-19T19:00:00,2026-11-19,19:00:00,Pittsburgh Penguins,PIT,St. Louis Blues,STL,3.1401968271375598,3.0866996958604997,0.5099370992358734,0.4900629007641266,0.16340417650636038
351,2026020351,2026-11-19T19:00:00,2026-11-19,19:00:00,Washington Capitals,WSH,Buffalo Sabres,BUF,3.7713486170240613,2.8159956302507974,0.6661001899286917,0.3338998100713083,0.14883993667598183
352,2026020352,2026-11-19T19:00:00,2026-11-19,19:00:00,Carolina Hurricanes,CAR,Montréal Canadiens,MTL,3.3923344330871688,3.0298433319531446,0.565741429408498,0.43425857059150197,0.1593088993288315
353,2026020353,2026-11-19T20:00:00,2026-11-19,20:00:00,Chicago Blackhawks,CHI,Columbus Blue Jackets,CBJ,2.580362755385175,3.788212765162288,0.28969021246071225,0.7103097875392878,0.1452788967342335
354,2026020354,2026-11-19T19:00:00,2026-11-19,19:00:00,Winnipeg Jets,WPG,New York Islanders,NYI,3.3973980308376954,2.489844399824284,0.6691164190554948,0.33088358094450526,0.1578872028283144
355,2026020355,2026-11-19T20:00:00,2026-11-19,20:00:00,Calgary Flames,CGY,Minnesota Wild,MIN,2.352006857315248,3.4680484992073493,0.2939816431042257,0.7060183568957743,0.15352064676986724
356,2026020356,2026-11-19T21:00:00,2026-11-19,21:00:00,Colorado Avalanche,COL,Anaheim Ducks,ANA,3.7214219514356475,3.004913421586712,0.6246215563788872,0.37537844362111283,0.15152449192914183
357,2026020357,2026-11-19T21:40:00,2026-11-19,21:40:00,Seattle Kraken,SEA,Vancouver Canucks,VAN,3.550077584258125,2.828812268814432,0.6295799690952868,0.37042003090471315,0.15543925918769738
358,2026020358,2026-11-19T22:00:00,2026-11-19,22:00:00,Vegas Golden Knights,VGK,Dallas Stars,DAL,2.848989084876453,3.031444036693898,0.46492662938354373,0.5350733706164562,0.167997859053212
359,2026020359,2026-11-21T13:00:00,2026-11-21,13:00:00,Carolina Hurricanes,CAR,Edmonton Oilers,EDM,3.3255168055980864,3.2013889957659107,0.5223736338178376,0.47762636618216237,0.15928447792597564
360,2026020360,2026-11-21T15:30:00,2026-11-21,15:30:00,Calgary Flames,CGY,Chicago Blackhawks,CHI,2.848613800072026,2.642185536230282,0.5413600515750042,0.4586399484249958,0.17402619549949752
361,2026020361,2026-11-21T18:00:00,2026-11-21,18:00:00,Florida Panthers,FLA,Buffalo Sabres,BUF,3.6092404412669774,3.191996713873619,0.5728691800212323,0.4271308199787676,0.15422669691612584
362,2026020362,2026-11-21T18:00:00,2026-11-21,18:00:00,Nashville Predators,NSH,Pittsburgh Penguins,PIT,3.376319312814797,3.625436505516719,0.4571499709849248,0.5428500290150752,0.15308244551354616
363,2026020363,2026-11-21T19:00:00,2026-11-21,19:00:00,Boston Bruins,BOS,Washington Capitals,WSH,2.907843730211858,3.3812681805327554,0.41330065071647837,0.5866993492835216,0.15995104175198527
364,2026020364,2026-11-21T19:00:00,2026-11-21,19:00:00,Toronto Maple Leafs,TOR,Columbus Blue Jackets,CBJ,3.2262358989626403,2.79115808464326,0.5819712226038747,0.4180287773961253,0.1640288981409079
365,2026020365,2026-11-21T19:00:00,2026-11-21,19:00:00,Montréal Canadiens,MTL,Philadelphia Flyers,PHI,3.964464040823226,2.520323765471587,0.7438013793818439,0.2561986206181561,0.13777810322493125
366,2026020366,2026-11-21T19:00:00,2026-11-21,19:00:00,Ottawa Senators,OTT,Los Angeles Kings,LAK,3.708497519796867,2.8207482577791168,0.6558186298383157,0.34418137016168426,0.15078293812398108
367,2026020367,2026-11-21T19:00:00,2026-11-21,19:00:00,Detroit Red Wings,DET,New York Islanders,NYI,3.144409085428614,2.4337664784458797,0.638369638140024,0.361630361859976,0.16620767594340113
368,2026020368,2026-11-21T19:00:00,2026-11-21,19:00:00,St. Louis Blues,STL,New Jersey Devils,NJD,2.826778062621847,3.072969793935148,0.4528199247365614,0.5471800752634386,0.16735581324215204
369,2026020369,2026-11-21T19:00:00,2026-11-21,19:00:00,Winnipeg Jets,WPG,Vegas Golden Knights,VGK,2.949516587223224,3.1427476857313517,0.4636624162675524,0.5363375837324476,0.16486280717675364
370,2026020370,2026-11-21T21:00:00,2026-11-21,21:00:00,Utah Mammoth,UTA,Anaheim Ducks,ANA,3.3947890889254504,2.8647657501779182,0.597147834278282,0.402852165721718,0.15966855911861724
371,2026020371,2026-11-21T22:00:00,2026-11-21,22:00:00,Vancouver Canucks,VAN,Minnesota Wild,MIN,2.7379710585856567,3.798136983501511,0.3161110221394453,0.6838889778605548,0.14715201697086513
372,2026020372,2026-11-21T22:00:00,2026-11-21,22:00:00,San Jose Sharks,SJS,Seattle Kraken,SEA,3.0326264355242745,3.0913956980866826,0.48896991306885906,0.5110300869311409,0.16483174769583256
373,2026020373,2026-11-22T12:30:00,2026-11-22,12:30:00,New York Rangers,NYR,Carolina Hurricanes,CAR,3.0552496676726935,3.3737685725034776,0.4422111922989008,0.5577888077010992,0.15956293539970554
374,2026020374,2026-11-22T17:00:00,2026-11-22,17:00:00,Tampa Bay Lightning,TBL,Buffalo Sabres,BUF,4.036247899651419,2.48104526298819,0.7590439481462331,0.24095605185376687,0.13423996281775427
375,2026020375,2026-11-22T19:00:00,2026-11-22,19:00:00,St. Louis Blues,STL,Edmonton Oilers,EDM,3.0335130166425563,3.265510614553549,0.4572945475651631,0.5427054524348369,0.16181894598540186
376,2026020376,2026-11-22T19:00:00,2026-11-22,19:00:00,Dallas Stars,DAL,Pittsburgh Penguins,PIT,3.550270696963711,2.686013750589547,0.6561407150951873,0.34385928490481266,0.15455635381185934
377,2026020377,2026-11-22T20:00:00,2026-11-22,20:00:00,Vancouver Canucks,VAN,Chicago Blackhawks,CHI,3.316071174464067,2.8936684722611794,0.5780932203567215,0.42190677964327844,0.16153455464443287
378,2026020378,2026-11-23T19:00:00,2026-11-23,19:00:00,New Jersey Devils,NJD,Columbus Blue Jackets,CBJ,3.4921389465785344,2.902431753116698,0.6064254340481676,0.3935745659518324,0.15719592177891203
379,2026020379,2026-11-23T19:30:00,2026-11-23,19:30:00,Montréal Canadiens,MTL,Los Angeles Kings,LAK,3.6313544901046733,2.928009263642751,0.6243296312655301,0.37567036873446996,0.1536057886403219
380,2026020380,2026-11-23T19:30:00,2026-11-23,19:30:00,Ottawa Senators,OTT,Calgary Flames,CGY,3.865414690244431,2.186898475374468,0.7868215751405694,0.21317842485943064,0.13362273368243063
381,2026020381,2026-11-23T19:30:00,2026-11-23,19:30:00,New York Islanders,NYI,Toronto Maple Leafs,TOR,2.331185724806619,3.265547717659226,0.32109623062828746,0.6789037693717125,0.1610210931256546
382,2026020382,2026-11-23T19:30:00,2026-11-23,19:30:00,Winnipeg Jets,WPG,Utah Mammoth,UTA,2.6233426704033085,3.162881146036543,0.396317582566202,0.603682417433798,0.1660236576118401
383,2026020383,2026-11-23T21:40:00,2026-11-23,21:40:00,Seattle Kraken,SEA,Anaheim Ducks,ANA,2.9693048039313106,3.6545058311773917,0.37950569612604124,0.6204943038739588,0.15313878962201535
384,2026020384,2026-11-23T22:00:00,2026-11-23,22:00:00,San Jose Sharks,SJS,Minnesota Wild,MIN,2.788852148762412,3.4810120750753226,0.37415840098668063,0.6258415990133194,0.15723214923786596
385,2026020385,2026-11-24T20:00:00,2026-11-24,20:00:00,Edmonton Oilers,EDM,Vegas Golden Knights,VGK,3.43215428719594,3.119807255343941,0.5560043407534739,0.44399565924652606,0.15805107540540564
386,2026020386,2026-11-25T19:00:00,2026-11-25,19:00:00,Boston Bruins,BOS,Winnipeg Jets,WPG,2.955448088999248,3.2304849978249397,0.4488383196624621,0.5511616803375379,0.1630901806668277
387,2026020387,2026-11-25T19:00:00,2026-11-25,19:00:00,Buffalo Sabres,BUF,New York Rangers,NYR,3.1929707673921732,3.6122076187743,0.42681387313968006,0.57318612686032,0.15416353014101453
388,2026020388,2026-11-25T19:00:00,2026-11-25,19:00:00,Tampa Bay Lightning,TBL,Carolina Hurricanes,CAR,3.2436477219412927,2.7591364924650503,0.5912628525170625,0.4087371474829375,0.16366563325204822
389,2026020389,2026-11-25T19:00:00,2026-11-25,19:00:00,Florida Panthers,FLA,Ottawa Senators,OTT,3.016757183401868,3.679143716292669,0.38418158175649963,0.6158184182435004,0.15264781757737392
390,2026020390,2026-11-25T19:00:00,2026-11-25,19:00:00,New York Islanders,NYI,St. Louis Blues,STL,2.5071710484828924,3.195186453180881,0.3675907742478907,0.6324092257521092,0.16483578657176945
391,2026020391,2026-11-25T19:00:00,2026-11-25,19:00:00,Pittsburgh Penguins,PIT,Calgary Flames,CGY,3.6540344747678155,2.38321867972188,0.7267661497367542,0.27323385026324576,0.14683897208164914
392,2026020392,2026-11-25T19:00:00,2026-11-25,19:00:00,Washington Capitals,WSH,Philadelphia Flyers,PHI,3.767894095820909,2.4487604389724815,0.7305974736280352,0.2694025263719648,0.14371473903557033
393,2026020393,2026-11-25T19:00:00,2026-11-25,19:00:00,Columbus Blue Jackets,CBJ,New Jersey Devils,NJD,3.0547816181480574,3.3179769397033807,0.4519299695613124,0.5480700304386876,0.1606623694109845
394,2026020394,2026-11-25T19:30:00,2026-11-25,19:30:00,Detroit Red Wings,DET,Vancouver Canucks,VAN,3.483751232309819,2.5507972782454487,0.6710747505006073,0.3289252494993928,0.15551219985972495
395,2026020395,2026-11-25T20:00:00,2026-11-25,20:00:00,Dallas Stars,DAL,Nashville Predators,NSH,3.8823236823134617,2.598983739934716,0.7198500260582503,0.2801499739417497,0.14225182819383342
396,2026020396,2026-11-25T20:00:00,2026-11-25,20:00:00,Minnesota Wild,MIN,Utah Mammoth,UTA,2.7860523698097777,3.1530025833534663,0.4301634748354019,0.569836525164598,0.16583055521522003
397,2026020397,2026-11-25T21:30:00,2026-11-25,21:30:00,Colorado Avalanche,COL,Montréal Canadiens,MTL,3.695344262001364,2.8792369267980136,0.6432296116348758,0.3567703883651242,0.15159059704659228
398,2026020398,2026-11-25T22:00:00,2026-11-25,22:00:00,Anaheim Ducks,ANA,San Jose Sharks,SJS,3.9649861427222692,2.7106762951914933,0.7117724121765384,0.2882275878234616,0.141244430237205
399,2026020399,2026-11-25T21:40:00,2026-11-25,21:40:00,Seattle Kraken,SEA,Chicago Blackhawks,CHI,3.51543807424205,2.5726980399686554,0.6718663463787959,0.32813365362120406,0.15465784894896184
400,2026020400,2026-11-27T13:00:00,2026-11-27,13:00:00,Boston Bruins,BOS,Toronto Maple Leafs,TOR,2.629116625325365,3.268101106578919,0.37914893410523826,0.6208510658947617,0.16294574093724626
401,2026020401,2026-11-27T13:00:00,2026-11-27,13:00:00,New Jersey Devils,NJD,Calgary Flames,CGY,3.763502538602154,2.0736863809097734,0.7936536929962724,0.20634630700372758,0.13476893718983213
402,2026020402,2026-11-27T13:00:00,2026-11-27,13:00:00,Nashville Predators,NSH,Utah Mammoth,UTA,2.6986957971967978,3.6770375286907004,0.3268240488780673,0.6731759511219326,0.15062400898667602
403,2026020403,2026-11-27T14:00:00,2026-11-27,14:00:00,St. Louis Blues,STL,Dallas Stars,DAL,2.632029378383829,3.0356521443509044,0.42106029448184334,0.5789397055181568,0.16950953014870218
404,2026020404,2026-11-27T15:00:00,2026-11-27,15:00:00,Tampa Bay Lightning,TBL,Ottawa Senators,OTT,3.3736682394564315,2.8596903153084208,0.5945068472494773,0.4054931527505227,0.1602053637400954
405,2026020405,2026-11-27T15:00:00,2026-11-27,15:00:00,Philadelphia Flyers,PHI,Vancouver Canucks,VAN,3.193828273214786,3.042960806625149,0.5279755248031465,0.47202447519685353,0.16302976536170158
406,2026020406,2026-11-27T15:00:00,2026-11-27,15:00:00,Washington Capitals,WSH,Florida Panthers,FLA,3.603709402462584,2.890814917643554,0.6267313438877037,0.37326865611229626,0.15420911592326714
407,2026020407,2026-11-27T15:00:00,2026-11-27,15:00:00,Columbus Blue Jackets,CBJ,Detroit Red Wings,DET,3.2279200432104265,2.804418501921403,0.5796993016795491,0.4203006983204509,0.16394389505286117
408,2026020408,2026-11-27T16:00:00,2026-11-27,16:00:00,Minnesota Wild,MIN,Colorado Avalanche,COL,2.922349291129624,3.456371727157559,0.40326412745972007,0.5967358725402799,0.1581042724811455
409,2026020409,2026-11-27T16:00:00,2026-11-27,16:00:00,Anaheim Ducks,ANA,Los Angeles Kings,LAK,3.789860342611605,2.948671943713762,0.6452203255447536,0.3547796744552464,0.14937854999308176
410,2026020410,2026-11-27T16:00:00,2026-11-27,16:00:00,San Jose Sharks,SJS,Vegas Golden Knights,VGK,2.6728537272266193,3.51187668505483,0.34743519068777523,0.6525648093122247,0.15566476563399617
411,2026020411,2026-11-27T17:30:00,2026-11-27,17:30:00,Chicago Blackhawks,CHI,New York Rangers,NYR,2.6476747247976453,3.736663974695572,0.3088927105605293,0.6911072894394706,0.1480458201338202
412,2026020412,2026-11-27T19:30:00,2026-11-27,19:30:00,New York Islanders,NYI,Winnipeg Jets,WPG,2.6205373809271078,3.227960998618771,0.38437129612325144,0.6156287038767485,0.16412444040328422
413,2026020413,2026-11-27T20:00:00,2026-11-27,20:00:00,Buffalo Sabres,BUF,Pittsburgh Penguins,PIT,3.202486571341787,3.639738790832769,0.4239722620536258,0.5760277379463743,0.1535757465261706
414,2026020414,2026-11-27T20:00:00,2026-11-27,20:00:00,Edmonton Oilers,EDM,Seattle Kraken,SEA,3.8941307248220753,2.7462691868063986,0.6960043600981934,0.3039956399018065,0.14413225426903595
415,2026020415,2026-11-28T16:00:00,2026-11-28,16:00:00,Vegas Golden Knights,VGK,Montréal Canadiens,MTL,3.3495420121383748,3.0862448295975353,0.5477922294042841,0.45220777059571593,0.15984255066988387
416,2026020416,2026-11-28T18:00:00,2026-11-28,18:00:00,Florida Panthers,FLA,Tampa Bay Lightning,TBL,2.68065639522645,3.664483438588445,0.32542351084995563,0.6745764891500443,0.15083935965072645
417,2026020417,2026-11-28T19:00:00,2026-11-28,19:00:00,Detroit Red Wings,DET,Nashville Predators,NSH,3.321754168039336,2.949491453831738,0.5685041264896205,0.43149587351037955,0.16118957129311853
418,2026020418,2026-11-28T19:00:00,2026-11-28,19:00:00,New Jersey Devils,NJD,Winnipeg Jets,WPG,3.380514773772651,2.7133488446360623,0.62355253732248,0.37644746267752005,0.15986242823106883
419,2026020419,2026-11-28T19:00:00,2026-11-28,19:00:00,New York Rangers,NYR,Calgary Flames,CGY,3.626395169418271,2.3761372318468967,0.7242257818143955,0.27577421818560455,0.14778139201430196
420,2026020420,2026-11-28T19:00:00,2026-11-28,19:00:00,Pittsburgh Penguins,PIT,Toronto Maple Leafs,TOR,2.9197776597395433,3.1546719712967133,0.4557770937795336,0.5442229062204663,0.16489404122173457
421,2026020421,2026-11-28T19:00:00,2026-11-28,19:00:00,Carolina Hurricanes,CAR,Ottawa Senators,OTT,3.26806392341464,3.094208101285487,0.531830068351652,0.468169931648348,0.16125356681462685
422,2026020422,2026-11-28T19:00:00,2026-11-28,19:00:00,St. Louis Blues,STL,Washington Capitals,WSH,3.0065978478899265,2.937291368154233,0.5132497679800083,0.48675023201999174,0.16742083628547114
423,2026020423,2026-11-28T19:30:00,2026-11-28,19:30:00,Philadelphia Flyers,PHI,New York Islanders,NYI,2.882726684516097,2.9033495015656423,0.49599092062137107,0.5040090793786289,0.16986737156543513
424,2026020424,2026-11-28T20:00:00,2026-11-28,20:00:00,Dallas Stars,DAL,Utah Mammoth,UTA,2.837735332805138,2.724243921654162,0.5225901660647894,0.47740983393521064,0.17327049473223585
425,2026020425,2026-11-28T21:00:00,2026-11-28,21:00:00,Colorado Avalanche,COL,San Jose Sharks,SJS,4.0778090401846745,2.3692127916699905,0.781708589223292,0.218291410776708,0.129902755823017
426,2026020426,2026-11-28T21:00:00,2026-11-28,21:00:00,Los Angeles Kings,LAK,Anaheim Ducks,ANA,3.103448975822839,3.6008501992172572,0.41254572341462087,0.5874542765853792,0.15458077872251416
427,2026020427,2026-11-28T22:00:00,2026-11-28,22:00:00,Seattle Kraken,SEA,Edmonton Oilers,EDM,2.890422012966895,3.699920347616526,0.35808686172531223,0.6419131382746879,0.15153079347313989
428,2026020428,2026-11-29T14:00:00,2026-11-29,14:00:00,Chicago Blackhawks,CHI,Minnesota Wild,MIN,2.4900813863008255,3.761077059891442,0.27754831681928654,0.7224516831807134,0.14473490594441193
429,2026020429,2026-11-29T17:00:00,2026-11-29,17:00:00,Boston Bruins,BOS,Vancouver Canucks,VAN,3.6034472781212306,2.8740574206531195,0.6297665447567198,0.3702334552432802,0.1541458762796222
430,2026020430,2026-11-30T13:00:00,2026-11-30,13:00:00,Nashville Predators,NSH,Ottawa Senators,OTT,3.0981913747141827,3.8351623729174653,0.3743541632192818,0.6256458367807183,0.1489915815176551
431,2026020431,2026-11-30T19:00:00,2026-11-30,19:00:00,New York Rangers,NYR,Carolina Hurricanes,CAR,3.0552496676726935,3.3737685725034776,0.4422111922989008,0.5577888077010992,0.15956293539970554
432,2026020432,2026-11-30T19:00:00,2026-11-30,19:00:00,Pittsburgh Penguins,PIT,Columbus Blue Jackets,CBJ,3.3905639681637667,3.335668129146384,0.509710395899068,0.49028960410093203,0.15693585850404357
433,2026020433,2026-11-30T19:30:00,2026-11-30,19:30:00,Toronto Maple Leafs,TOR,Philadelphia Flyers,PHI,3.641787106660173,2.2140380910608735,0.7550772895255291,0.2449227104744709,0.1437640271200247
434,2026020434,2026-11-30T19:30:00,2026-11-30,19:30:00,Winnipeg Jets,WPG,Chicago Blackhawks,CHI,3.7273152943449244,2.373307085264356,0.7383823103884845,0.26161768961151555,0.1437848507632656
435,2026020435,2026-11-30T21:30:00,2026-11-30,21:30:00,Utah Mammoth,UTA,Montréal Canadiens,MTL,3.3710002639249046,2.7449507447648958,0.6159126448136992,0.3840873551863007,0.16021492078461047
436,2026020436,2026-12-01T19:00:00,2026-12-01,19:00:00,Detroit Red Wings,DET,Calgary Flames,CGY,3.1809853844938387,2.191218446682012,0.6931068197135573,0.30689318028644275,0.1626285517765675
437,2026020437,2026-12-01T19:30:00,2026-12-01,19:30:00,New Jersey Devils,NJD,San Jose Sharks,SJS,3.777570522570553,2.458838375097657,0.7301311500393469,0.269868849960653,0.1435413543228552
438,2026020438,2026-12-01T19:00:00,2026-12-01,19:00:00,New York Islanders,NYI,Florida Panthers,FLA,2.9225943882607277,3.233399025451881,0.44205567345763924,0.5579443265423607,0.16324752387930203
439,2026020439,2026-12-01T19:00:00,2026-12-01,19:00:00,Washington Capitals,WSH,Vancouver Canucks,VAN,3.9397295750637,2.5675385616644313,0.7327370713501338,0.2672629286498662,0.13962287140643892
440,2026020440,2026-12-01T20:00:00,2026-12-01,20:00:00,Boston Bruins,BOS,Colorado Avalanche,COL,2.634277483564139,3.818608926165485,0.2949457632883229,0.705054236711677,0.145054796277229
441,2026020441,2026-12-01T20:00:00,2026-12-01,20:00:00,Edmonton Oilers,EDM,Buffalo Sabres,BUF,4.192767211859132,2.841204521306201,0.7196121704025253,0.28038782959747466,0.13583346615200673
442,2026020442,2026-12-01T21:40:00,2026-12-01,21:40:00,Seattle Kraken,SEA,Dallas Stars,DAL,2.5078763836906974,3.439483885648068,0.32770693624866276,0.6722930637513373,0.15659968314685505
443,2026020443,2026-12-01T22:00:00,2026-12-01,22:00:00,Anaheim Ducks,ANA,Minnesota Wild,MIN,3.53714925147357,3.1767830768287246,0.5635502811358343,0.4364497188641658,0.1557226123932687
444,2026020444,2026-12-01T22:00:00,2026-12-01,22:00:00,Los Angeles Kings,LAK,Vegas Golden Knights,VGK,2.9075285784233103,3.3567638568576665,0.4174631291129364,0.5825368708870635,0.16053617836058304
445,2026020445,2026-12-02T19:30:00,2026-12-02,19:30:00,Montréal Canadiens,MTL,Tampa Bay Lightning,TBL,2.9471877957991404,3.3273028996792737,0.43008822495006854,0.5699117750499314,0.1610769809131872
446,2026020446,2026-12-02T20:00:00,2026-12-02,20:00:00,St. Louis Blues,STL,Pittsburgh Penguins,PIT,3.248721862807823,2.9835870845804653,0.5491010197020805,0.4508989802979195,0.1625221528523315
447,2026020447,2026-12-02T21:30:00,2026-12-02,21:30:00,Utah Mammoth,UTA,Winnipeg Jets,WPG,3.3289021093861417,2.492509782254255,0.6576232795690461,0.3423767204309539,0.16028319488789314
448,2026020448,2026-12-03T19:00:00,2026-12-03,19:00:00,Toronto Maple Leafs,TOR,Florida Panthers,FLA,3.4830974821172536,2.6137200846627016,0.6591284448706533,0.34087155512934675,0.15611879414222674
449,2026020449,2026-12-03T19:00:00,2026-12-03,19:00:00,Ottawa Senators,OTT,New Jersey Devils,NJD,3.211817171837112,3.1333891166635923,0.514395480616265,0.48560451938373494,0.16176122460300357
450,2026020450,2026-12-03T19:00:00,2026-12-03,19:00:00,Detroit Red Wings,DET,Colorado Avalanche,COL,2.5467744416111953,3.38911017767112,0.3431120831878657,0.6568879168121343,0.15867729878852932
451,2026020451,2026-12-03T19:00:00,2026-12-03,19:00:00,New York Rangers,NYR,San Jose Sharks,SJS,3.6399506456224677,2.8174643301655937,0.6458827452266968,0.3541172547733032,0.15279097902467953
452,2026020452,2026-12-03T19:30:00,2026-12-03,19:30:00,Philadelphia Flyers,PHI,New York Islanders,NYI,2.882726684516097,2.9033495015656423,0.49599092062137107,0.5040090793786289,0.16986737156543513
453,2026020453,2026-12-03T19:00:00,2026-12-03,19:00:00,Carolina Hurricanes,CAR,Columbus Blue Jackets,CBJ,3.460585433740274,2.942922814353481,0.5936041555597537,0.4063958444402464,0.15799006748576708
454,2026020454,2026-12-03T20:00:00,2026-12-03,20:00:00,Nashville Predators,NSH,Chicago Blackhawks,CHI,3.834379028390353,2.7591107021394703,0.6853503006713813,0.31464969932861875,0.14624029574180916
455,2026020455,2026-12-03T20:00:00,2026-12-03,20:00:00,Calgary Flames,CGY,Buffalo Sabres,BUF,2.7537355623217628,3.1863510650291373,0.4178411090842473,0.5821588909157527,0.1651477528399802
456,2026020456,2026-12-03T20:00:00,2026-12-03,20:00:00,Edmonton Oilers,EDM,Washington Capitals,WSH,3.5344624704746797,3.047696192422318,0.5866124895204805,0.4133875104795195,0.15614381504136843
457,2026020457,2026-12-03T22:00:00,2026-12-03,22:00:00,Seattle Kraken,SEA,Dallas Stars,DAL,2.5078763836906974,3.439483885648068,0.32770693624866276,0.6722930637513373,0.15659968314685505
458,2026020458,2026-12-03T22:00:00,2026-12-03,22:00:00,Vegas Golden Knights,VGK,Utah Mammoth,UTA,2.810755076356638,3.0218578315854017,0.4592340295545556,0.5407659704454444,0.16857040805685455
459,2026020459,2026-12-03T22:00:00,2026-12-03,22:00:00,Los Angeles Kings,LAK,Minnesota Wild,MIN,3.0337115873294005,3.3272624772459833,0.4463558689046382,0.5536441310953619,0.1606208635552899
460,2026020460,2026-12-04T19:00:00,2026-12-04,19:00:00,New York Islanders,NYI,San Jose Sharks,SJS,2.9283305726946764,2.9251802223709187,0.500608096147982,0.49939190385201804,0.16883887150816007
461,2026020461,2026-12-04T20:00:00,2026-12-04,20:00:00,St. Louis Blues,STL,Chicago Blackhawks,CHI,3.689470641163512,2.2706361132803186,0.7513499032498556,0.24865009675014435,0.1430884842459669
462,2026020462,2026-12-04T21:00:00,2026-12-04,21:00:00,Vancouver Canucks,VAN,Buffalo Sabres,BUF,3.2056234229016614,3.4896276177431345,0.4497445182706675,0.5502554817293325,0.15647581312064182
463,2026020463,2026-12-04T22:00:00,2026-12-04,22:00:00,Anaheim Ducks,ANA,Seattle Kraken,SEA,3.8463323812894927,2.8212178888378014,0.676139271021713,0.323860728978287,0.14658493138629552
464,2026020464,2026-12-05T13:00:00,2026-12-05,13:00:00,Boston Bruins,BOS,Detroit Red Wings,DET,2.888883533565763,2.989925314990816,0.4805558577222662,0.5194441422777338,0.1683228315065236
465,2026020465,2026-12-05T13:00:00,2026-12-05,13:00:00,Montréal Canadiens,MTL,Florida Panthers,FLA,3.7917138795077556,2.9752969798768922,0.6407645715070579,0.3592354284929421,0.14949858764049284
466,2026020466,2026-12-05T14:00:00,2026-12-05,14:00:00,Nashville Predators,NSH,Columbus Blue Jackets,CBJ,3.280705700234048,3.647649568017042,0.4365945170299096,0.5634054829700905,0.15317613218652942
467,2026020467,2026-12-05T15:00:00,2026-12-05,15:00:00,Pittsburgh Penguins,PIT,New Jersey Devils,NJD,3.0361789388765263,3.41467679353118,0.4315752953973435,0.5684247046026565,0.15880917989651377
468,2026020468,2026-12-05T15:30:00,2026-12-05,15:30:00,Calgary Flames,CGY,Washington Capitals,WSH,2.32137261785207,3.4179271276626007,0.29565542443272225,0.7043445755672777,0.15499865279088662
469,2026020469,2026-12-05T19:00:00,2026-12-05,19:00:00,Ottawa Senators,OTT,Tampa Bay Lightning,TBL,3.009796664269387,3.205414673346077,0.46366845745900837,0.5363315425409916,0.16313918509724676
470,2026020470,2026-12-05T19:00:00,2026-12-05,19:00:00,New York Rangers,NYR,Colorado Avalanche,COL,2.9033803731626797,3.675120063081618,0.3642862526483379,0.6357137473516621,0.15230099684837212
471,2026020471,2026-12-05T19:00:00,2026-12-05,19:00:00,Carolina Hurricanes,CAR,Toronto Maple Leafs,TOR,2.980076510553802,2.7832373475674226,0.5382993430194202,0.4617006569805798,0.16970723915325456
472,2026020472,2026-12-05T19:00:00,2026-12-05,19:00:00,Vegas Golden Knights,VGK,Winnipeg Jets,WPG,3.3077118352706636,2.80241656170859,0.5940831211749186,0.40591687882508143,0.16194382767488213
473,2026020473,2026-12-05T20:00:00,2026-12-05,20:00:00,Minnesota Wild,MIN,Philadelphia Flyers,PHI,3.8231474739252738,2.481075765300769,0.7323126960430472,0.2676873039569529,0.14225508070493093
474,2026020474,2026-12-05T22:00:00,2026-12-05,22:00:00,Los Angeles Kings,LAK,Utah Mammoth,UTA,2.5859979286896224,3.3782683741222193,0.3523960839791197,0.6476039160208803,0.15931881683610385
475,2026020475,2026-12-05T22:00:00,2026-12-05,22:00:00,Vancouver Canucks,VAN,Dallas Stars,DAL,2.365650143579603,3.8685947305621022,0.2422691015487792,0.7577308984512209,0.13805678320891518
476,2026020476,2026-12-06T15:00:00,2026-12-06,15:00:00,Pittsburgh Penguins,PIT,San Jose Sharks,SJS,3.667693266779712,2.825861036604213,0.64864769367818,0.35135230632182,0.1520330491160274
477,2026020477,2026-12-06T17:00:00,2026-12-06,17:00:00,St. Louis Blues,STL,Nashville Predators,NSH,3.5525713112566177,2.8869153472508784,0.6192198300401138,0.38078016995988617,0.1555791214111266
478,2026020478,2026-12-06T19:00:00,2026-12-06,19:00:00,Montréal Canadiens,MTL,Ottawa Senators,OTT,3.3167062998614214,3.34061423955373,0.49574256122322957,0.5042574387767704,0.15780937781566723
479,2026020479,2026-12-06T19:00:00,2026-12-06,19:00:00,Chicago Blackhawks,CHI,Edmonton Oilers,EDM,2.4796497216652194,4.120917681177701,0.23082625261990858,0.7691737473800915,0.13101363602314742
480,2026020480,2026-12-06T20:00:00,2026-12-06,20:00:00,Anaheim Ducks,ANA,Winnipeg Jets,WPG,3.5482313707158943,2.9912541093507548,0.5992615772343455,0.4007384227656545,0.15585290893964157
481,2026020481,2026-12-06T20:00:00,2026-12-06,20:00:00,Seattle Kraken,SEA,Buffalo Sabres,BUF,3.3983500472880865,3.102552423834795,0.5533182682034831,0.44668173179651693,0.15880494011677623
482,2026020482,2026-12-07T13:00:00,2026-12-07,13:00:00,New York Islanders,NYI,Colorado Avalanche,COL,2.335761755758646,3.815625421860467,0.24380903741302212,0.7561909625869778,0.1394697111108276
483,2026020483,2026-12-07T19:00:00,2026-12-07,19:00:00,Tampa Bay Lightning,TBL,Columbus Blue Jackets,CBJ,3.57241089566468,2.719871319388793,0.6533158723647846,0.3466841276352154,0.15412969080646333
484,2026020484,2026-12-07T19:00:00,2026-12-07,19:00:00,New York Rangers,NYR,New Jersey Devils,NJD,3.0132131246875953,3.404530491838828,0.4290541124126619,0.5709458875873381,0.15911764428663336
485,2026020485,2026-12-07T21:00:00,2026-12-07,21:00:00,Vancouver Canucks,VAN,Washington Capitals,WSH,2.702309742041833,3.743245065187381,0.31771006079476466,0.6822899392052353,0.14851089784286056
486,2026020486,2026-12-08T19:00:00,2026-12-08,19:00:00,Montréal Canadiens,MTL,Vegas Golden Knights,VGK,3.2482431204231563,3.182491683422727,0.511968058638081,0.4880319413619189,0.16065212456941286
487,2026020487,2026-12-08T19:00:00,2026-12-08,19:00:00,Ottawa Senators,OTT,Anaheim Ducks,ANA,3.5407763114328574,3.2888451328960935,0.5440393473191435,0.4559606526808565,0.15505520627630714
488,2026020488,2026-12-08T19:00:00,2026-12-08,19:00:00,Florida Panthers,FLA,Boston Bruins,BOS,3.405782462259124,3.131723207002763,0.5492459805507792,0.4507540194492208,0.1584820853161905
489,2026020489,2026-12-08T19:30:00,2026-12-08,19:30:00,Pittsburgh Penguins,PIT,Chicago Blackhawks,CHI,3.9627776953646414,2.523125498296314,0.743122723284906,0.256877276715094,0.13789834900599837
490,2026020490,2026-12-08T19:00:00,2026-12-08,19:00:00,Carolina Hurricanes,CAR,New York Rangers,NYR,3.5508591056800145,2.902876459800234,0.6159900945573406,0.3840099054426594,0.15566730947833018
491,2026020491,2026-12-08T20:00:00,2026-12-08,20:00:00,St. Louis Blues,STL,Colorado Avalanche,COL,2.723740939218829,3.3172071655716238,0.38913429255012183,0.6108657074498782,0.1616910628557752
492,2026020492,2026-12-08T19:00:00,2026-12-08,19:00:00,Winnipeg Jets,WPG,Philadelphia Flyers,PHI,3.5998698417422665,2.4888491374503467,0.7000203076870032,0.2999796923129968,0.15064077622955702
493,2026020493,2026-12-08T20:00:00,2026-12-08,20:00:00,Calgary Flames,CGY,Nashville Predators,NSH,2.742914810075344,3.3593079622995567,0.38566945891648363,0.6143305410835164,0.16053942599792778
494,2026020494,2026-12-08T20:00:00,2026-12-08,20:00:00,Minnesota Wild,MIN,Edmonton Oilers,EDM,3.254709170821637,3.4025063854975834,0.4736994267811789,0.5263005732188211,0.15757849397123014
495,2026020495,2026-12-08T22:00:00,2026-12-08,22:00:00,San Jose Sharks,SJS,Seattle Kraken,SEA,3.0326264355242745,3.0913956980866826,0.48896991306885906,0.5110300869311409,0.16483174769583256
496,2026020496,2026-12-09T19:00:00,2026-12-09,19:00:00,New Jersey Devils,NJD,Detroit Red Wings,DET,3.3043765854924776,2.5112979643739775,0.6499547836009174,0.3500452163990826,0.16125390200679365
497,2026020497,2026-12-09T19:30:00,2026-12-09,19:30:00,Dallas Stars,DAL,Toronto Maple Leafs,TOR,2.9707292137117336,2.5558326191829335,0.5823544324533665,0.4176455675466335,0.171602055812182
498,2026020498,2026-12-09T21:30:00,2026-12-09,21:30:00,Los Angeles Kings,LAK,San Jose Sharks,SJS,3.40065503307952,2.8390769236766107,0.6030037938790631,0.39699620612093683,0.15951980585647496
499,2026020499,2026-12-10T19:00:00,2026-12-10,19:00:00,Buffalo Sabres,BUF,Edmonton Oilers,EDM,2.99034054315501,3.983663060177776,0.3335828772783958,0.6664171227216041,0.14422834194947567
500,2026020500,2026-12-10T19:00:00,2026-12-10,19:00:00,Montréal Canadiens,MTL,Anaheim Ducks,ANA,3.4671221669530086,3.4139058631868204,0.5092757056687774,0.49072429433122255,0.15508410458060168
501,2026020501,2026-12-10T19:00:00,2026-12-10,19:00:00,Ottawa Senators,OTT,Vegas Golden Knights,VGK,3.3172474867468207,3.065908288911233,0.5458676421302653,0.4541323578697347,0.16059683743006917
502,2026020502,2026-12-10T19:00:00,2026-12-10,19:00:00,Tampa Bay Lightning,TBL,Boston Bruins,BOS,3.8087189073880228,2.434196436967894,0.7385003577347165,0.26149964226528355,0.1418737827533946
503,2026020503,2026-12-10T19:00:00,2026-12-10,19:00:00,Florida Panthers,FLA,Pittsburgh Penguins,PIT,3.2875746874520115,3.4779497296598403,0.4664880707691129,0.5335119292308871,0.1561048399970684
504,2026020504,2026-12-10T19:00:00,2026-12-10,19:00:00,New York Islanders,NYI,Calgary Flames,CGY,2.9174252282928443,2.4669805263618754,0.5906983274756727,0.40930167252432725,0.17347957969993302
505,2026020505,2026-12-10T19:00:00,2026-12-10,19:00:00,Columbus Blue Jackets,CBJ,Minnesota Wild,MIN,3.291982552937939,3.2179883256312274,0.5133638302560518,0.4866361697439482,0.15961277508530844
506,2026020506,2026-12-10T19:00:00,2026-12-10,19:00:00,Winnipeg Jets,WPG,Chicago Blackhawks,CHI,3.7273152943449244,2.373307085264356,0.7383823103884845,0.26161768961151555,0.1437848507632656
507,2026020507,2026-12-10T21:00:00,2026-12-10,21:00:00,Utah Mammoth,UTA,St. Louis Blues,STL,3.1848914091558687,2.4672025139360088,0.6386102891737335,0.3613897108262665,0.16500127983984333
508,2026020508,2026-12-10T21:00:00,2026-12-10,21:00:00,Vancouver Canucks,VAN,Nashville Predators,NSH,3.1930269857821547,3.6790465339505043,0.4158508194675541,0.5841491805324459,0.15277080951034522
509,2026020509,2026-12-10T21:30:00,2026-12-10,21:30:00,Seattle Kraken,SEA,Washington Capitals,WSH,2.8647764344516515,3.328038209852225,0.41432208724224223,0.5856779127577577,0.1613278731578369
510,2026020510,2026-12-11T19:00:00,2026-12-11,19:00:00,Detroit Red Wings,DET,New York Rangers,NYR,3.0286203803412577,3.025201439727298,0.5006463751674495,0.49935362483255047,0.16587592350541058
511,2026020511,2026-12-11T19:00:00,2026-12-11,19:00:00,Philadelphia Flyers,PHI,Calgary Flames,CGY,2.916259049571515,2.614003044802448,0.5601746395374101,0.4398253604625899,0.17268176350649025
512,2026020512,2026-12-11T19:00:00,2026-12-11,19:00:00,Carolina Hurricanes,CAR,New York Islanders,NYI,3.6866137814601494,2.3353563588044284,0.739646028803814,0.2603539711961859,0.14461078922173037
513,2026020513,2026-12-11T22:00:00,2026-12-11,22:00:00,San Jose Sharks,SJS,Los Angeles Kings,LAK,2.9881012670298404,3.2310555657297173,0.45492892200814306,0.5450710779918568,0.16283594362900322
514,2026020514,2026-12-12T13:00:00,2026-12-12,13:00:00,Boston Bruins,BOS,New Jersey Devils,NJD,2.733930270010721,3.537454641587202,0.3547952983277252,0.6452047016722748,0.15529947604692582
515,2026020515,2026-12-12T13:00:00,2026-12-12,13:00:00,Columbus Blue Jackets,CBJ,Montréal Canadiens,MTL,3.344058242687935,3.3369361469217815,0.5012654142420653,0.49873458575793467,0.15752243052596776
516,2026020516,2026-12-12T15:30:00,2026-12-12,15:30:00,Tampa Bay Lightning,TBL,Pittsburgh Penguins,PIT,3.6765260289827837,2.7033081406941726,0.6722628074067567,0.3277371925932433,0.1506889227961495
517,2026020517,2026-12-12T15:30:00,2026-12-12,15:30:00,Minnesota Wild,MIN,Winnipeg Jets,WPG,3.2786415560792865,2.924037843985515,0.5657311466006407,0.43426885339935933,0.16225947983648373
518,2026020518,2026-12-12T19:00:00,2026-12-12,19:00:00,Buffalo Sabres,BUF,Anaheim Ducks,ANA,3.0719502205377203,3.934765755766626,0.35478607648088595,0.6452139235191141,0.1462576330110153
519,2026020519,2026-12-12T19:00:00,2026-12-12,19:00:00,Toronto Maple Leafs,TOR,Vegas Golden Knights,VGK,2.983861070107794,2.7957351781999833,0.5365458014558376,0.4634541985441624,0.16950101995178496
520,2026020520,2026-12-12T19:00:00,2026-12-12,19:00:00,Ottawa Senators,OTT,Edmonton Oilers,EDM,3.446711762297749,3.329715586591759,0.5205889127708966,0.47941108722910347,0.15621392281658888
521,2026020521,2026-12-12T19:00:00,2026-12-12,19:00:00,Detroit Red Wings,DET,Florida Panthers,FLA,3.1866215263042568,2.871965755036734,0.5592371642819537,0.44076283571804625,0.16457407346107467
522,2026020522,2026-12-12T19:00:00,2026-12-12,19:00:00,Chicago Blackhawks,CHI,Utah Mammoth,UTA,2.1225964043968744,3.8187331991267155,0.20805388207652176,0.7919461179234782,0.1337874906001399
523,2026020523,2026-12-12T20:00:00,2026-12-12,20:00:00,Dallas Stars,DAL,St. Louis Blues,STL,3.1949948038216722,2.5007632616267017,0.6336510739801879,0.36634892601981206,0.16481647919514839
524,2026020524,2026-12-12T21:00:00,2026-12-12,21:00:00,Colorado Avalanche,COL,Washington Capitals,WSH,3.59041681911836,2.7364757771138812,0.6530529951392563,0.3469470048607437,0.15370092701521795
525,2026020525,2026-12-12T22:00:00,2026-12-12,22:00:00,Los Angeles Kings,LAK,Vancouver Canucks,VAN,3.7104593062896507,2.7872795098063774,0.6621584450852557,0.33784155491474427,0.15043720446352882
526,2026020526,2026-12-12T22:00:00,2026-12-12,22:00:00,Seattle Kraken,SEA,Nashville Predators,NSH,3.3849962945126,3.270960684536093,0.5203011919470379,0.47969880805296206,0.15769050988840794
527,2026020527,2026-12-13T13:00:00,2026-12-13,13:00:00,Carolina Hurricanes,CAR,Boston Bruins,BOS,3.6894964093053546,2.6338202759462086,0.686755958462722,0.31324404153727803,0.14946251883552159
528,2026020528,2026-12-13T18:00:00,2026-12-13,18:00:00,New York Rangers,NYR,Columbus Blue Jackets,CBJ,3.3649175673237206,3.3257565922044403,0.5069510911584999,0.4930489088415001,0.15738716665687083
529,2026020529,2026-12-13T19:00:00,2026-12-13,19:00:00,Toronto Maple Leafs,TOR,Anaheim Ducks,ANA,3.18492504278163,2.999026444119321,0.5346396511239322,0.46536034887606786,0.16361431323315404
530,2026020530,2026-12-13T20:00:00,2026-12-13,20:00:00,St. Louis Blues,STL,Tampa Bay Lightning,TBL,2.6489761802483454,3.143606523634493,0.40483609657223213,0.5951639034277678,0.1665392391118462
531,2026020531,2026-12-14T14:00:00,2026-12-14,14:00:00,Ottawa Senators,OTT,Buffalo Sabres,BUF,4.052395472995284,2.7921188007508597,0.7096036353275349,0.2903963646724651,0.1396192128488741
532,2026020532,2026-12-14T19:00:00,2026-12-14,19:00:00,Philadelphia Flyers,PHI,Florida Panthers,FLA,2.921426143277579,3.4260971285643076,0.4082047860620934,0.5917952139379066,0.15884717692732195
533,2026020533,2026-12-14T19:30:00,2026-12-14,19:30:00,Montréal Canadiens,MTL,Edmonton Oilers,EDM,3.3750143197620637,3.4563304456358797,0.4857612864475553,0.5142387135524447,0.15563212712453378
534,2026020534,2026-12-14T21:00:00,2026-12-14,21:00:00,Colorado Avalanche,COL,Utah Mammoth,UTA,3.100933681579575,2.8191686455961036,0.5538441697930426,0.4461558302069573,0.1668136116852966
535,2026020535,2026-12-14T22:00:00,2026-12-14,22:00:00,San Jose Sharks,SJS,Vancouver Canucks,VAN,3.410977646148208,2.916077014241735,0.5902292118757385,0.4097707881242615,0.1592207317042619
536,2026020536,2026-12-15T19:00:00,2026-12-15,19:00:00,Boston Bruins,BOS,Florida Panthers,FLA,3.2961086770108374,3.235927276746416,0.5108465046038653,0.48915349539613473,0.1593513122804417
537,2026020537,2026-12-15T19:00:00,2026-12-15,19:00:00,Buffalo Sabres,BUF,Calgary Flames,CGY,3.3536039743106185,2.6163996431976604,0.6377024824100741,0.3622975175899259,0.1602802034013905
538,2026020538,2026-12-15T19:30:00,2026-12-15,19:30:00,Detroit Red Wings,DET,Los Angeles Kings,LAK,3.051852738770317,2.8263203278484985,0.5433346003167682,0.4566653996832319,0.1678030568304866
539,2026020539,2026-12-15T19:00:00,2026-12-15,19:00:00,New Jersey Devils,NJD,New York Rangers,NYR,3.583235731116142,2.8629363880038183,0.6285877764430878,0.37141222355691217,0.15465786076195465
540,2026020540,2026-12-15T19:00:00,2026-12-15,19:00:00,Pittsburgh Penguins,PIT,Tampa Bay Lightning,TBL,2.8452059234519176,3.4931681611168064,0.3827240095308892,0.6172759904691107,0.15706781944088008
541,2026020541,2026-12-15T19:00:00,2026-12-15,19:00:00,Columbus Blue Jackets,CBJ,Carolina Hurricanes,CAR,3.0973980722412877,3.2879970822104374,0.46519155979116633,0.5348084402088337,0.16087783058232658
542,2026020542,2026-12-15T20:00:00,2026-12-15,20:00:00,St. Louis Blues,STL,Winnipeg Jets,WPG,3.0558189120046473,2.8063067442251404,0.5480011097579532,0.4519988902420467,0.1678945446556457
543,2026020543,2026-12-15T20:00:00,2026-12-15,20:00:00,Nashville Predators,NSH,Seattle Kraken,SEA,3.4426547883774115,3.2161777689797377,0.5402554439371884,0.4597445560628116,0.1572377098217635
544,2026020544,2026-12-15T20:00:00,2026-12-15,20:00:00,Minnesota Wild,MIN,Toronto Maple Leafs,TOR,2.9166240664675303,2.958085649690903,0.4920151921025589,0.507984807897441,0.16849540273265853
545,2026020545,2026-12-15T21:00:00,2026-12-15,21:00:00,Utah Mammoth,UTA,New York Islanders,NYI,3.6634289087416807,2.1157655608084704,0.7748120197518288,0.22518798024817122,0.14036319393129507
546,2026020546,2026-12-15T21:30:00,2026-12-15,21:30:00,Dallas Stars,DAL,Washington Capitals,WSH,3.2856725468311336,2.644335419309419,0.6208805590157024,0.3791194409842976,0.16245862661253208
547,2026020547,2026-12-16T19:30:00,2026-12-16,19:30:00,Philadelphia Flyers,PHI,New York Rangers,NYR,2.776574087683936,3.6088988692853468,0.3514547768567533,0.6485452231432467,0.15343294558820553
548,2026020548,2026-12-16T21:00:00,2026-12-16,21:00:00,Colorado Avalanche,COL,New York Islanders,NYI,4.015909207140325,2.219271272078515,0.7983324670685464,0.20166753293145354,0.12825931993040066
549,2026020549,2026-12-16T21:00:00,2026-12-16,21:00:00,Anaheim Ducks,ANA,Vancouver Canucks,VAN,4.326201743330233,2.6612214809314985,0.764115030069357,0.235884969930643,0.12775859425129582
550,2026020550,2026-12-16T22:00:00,2026-12-16,22:00:00,Vegas Golden Knights,VGK,San Jose Sharks,SJS,3.6962165712210946,2.5395515945398284,0.704678919801875,0.2953210801981249,0.14791932196091248
551,2026020551,2026-12-17T19:00:00,2026-12-17,19:00:00,Boston Bruins,BOS,St. Louis Blues,STL,2.8275932783723627,3.1976848253962946,0.43019027528668413,0.5698097247133158,0.16457104379989662
552,2026020552,2026-12-17T19:00:00,2026-12-17,19:00:00,Tampa Bay Lightning,TBL,Calgary Flames,CGY,3.850012178907343,1.943253310534211,0.823592408676204,0.17640759132379602,0.1267090360200538
553,2026020553,2026-12-17T19:30:00,2026-12-17,19:30:00,New Jersey Devils,NJD,Toronto Maple Leafs,TOR,3.0072487576302525,2.744943365364694,0.5510359715441446,0.4489640284558553,0.1694763100131601
554,2026020554,2026-12-17T19:00:00,2026-12-17,19:00:00,Pittsburgh Penguins,PIT,Los Angeles Kings,LAK,3.5056983203196217,3.0739698319013358,0.576969779457357,0.42303022054264305,0.15672829377395422
555,2026020555,2026-12-17T19:00:00,2026-12-17,19:00:00,Washington Capitals,WSH,Detroit Red Wings,DET,3.158481037091134,2.6710491194678623,0.5934461036796256,0.4065538963203744,0.16609216918215694
556,2026020556,2026-12-17T19:00:00,2026-12-17,19:00:00,Columbus Blue Jackets,CBJ,Seattle Kraken,SEA,3.5797355983014443,2.857811191630034,0.6289728568921759,0.37102714310782414,0.15473332052612815
557,2026020557,2026-12-17T20:00:00,2026-12-17,20:00:00,Edmonton Oilers,EDM,Dallas Stars,DAL,3.094131483401842,3.149754083698754,0.48968576414228326,0.5103142358577167,0.16316804819998262
558,2026020558,2026-12-17T21:00:00,2026-12-17,21:00:00,Utah Mammoth,UTA,Carolina Hurricanes,CAR,3.1223528303780945,2.704693659758513,0.5802892549731754,0.4197107450268246,0.16695135878880157
559,2026020559,2026-12-18T19:30:00,2026-12-18,19:30:00,Buffalo Sabres,BUF,Montréal Canadiens,MTL,3.0504236737354007,3.770199427683125,0.37591376084166683,0.6240862391583332,0.15044574971366498
560,2026020560,2026-12-18T13:00:00,2026-12-18,13:00:00,Ottawa Senators,OTT,Chicago Blackhawks,CHI,4.192018226321956,2.3152803191550086,0.8022090401919194,0.1977909598080806,0.12391600579023421
561,2026020561,2026-12-18T19:00:00,2026-12-18,19:00:00,New York Rangers,NYR,Nashville Predators,NSH,3.78687476141599,3.198401541880082,0.6004728727797799,0.3995271272202201,0.15040555476676923
562,2026020562,2026-12-18T19:00:00,2026-12-18,19:00:00,Philadelphia Flyers,PHI,Detroit Red Wings,DET,2.560491994304283,3.165638056801894,0.3833294208843499,0.61667057911565,0.16590908320116185
563,2026020563,2026-12-18T19:00:00,2026-12-18,19:00:00,Pittsburgh Penguins,PIT,Seattle Kraken,SEA,3.557936110961182,2.941099873112786,0.6100886247932589,0.38991137520674113,0.15556252006775215
564,2026020564,2026-12-18T20:00:00,2026-12-18,20:00:00,Minnesota Wild,MIN,Anaheim Ducks,ANA,3.343533758380169,3.3607424642072288,0.4969493048353843,0.5030506951646156,0.1572335696420333
565,2026020565,2026-12-18T21:00:00,2026-12-18,21:00:00,Colorado Avalanche,COL,Carolina Hurricanes,CAR,3.4227729790348205,2.837010418385546,0.6071219917124105,0.39287800828758945,0.1589379480735824
566,2026020566,2026-12-18T22:00:00,2026-12-18,22:00:00,Vegas Golden Knights,VGK,New York Islanders,NYI,3.640109189438454,2.3788297604753366,0.725637051995174,0.27436294800482597,0.1472979964345224
567,2026020567,2026-12-19T12:00:00,2026-12-19,12:00:00,New Jersey Devils,NJD,Boston Bruins,BOS,3.723137125463576,2.597582092070004,0.6981223867623727,0.30187761323762724,0.14782380390752137
568,2026020568,2026-12-19T13:00:00,2026-12-19,13:00:00,Florida Panthers,FLA,Calgary Flames,CGY,3.442707187703421,2.5000987583670526,0.6742705507496485,0.3257294492503516,0.15640524142416953
569,2026020569,2026-12-19T15:30:00,2026-12-19,15:30:00,Edmonton Oilers,EDM,Utah Mammoth,UTA,3.0526076144176457,3.1397937518165957,0.4837517388155596,0.5162482611844404,0.1638237037071425
570,2026020570,2026-12-19T19:00:00,2026-12-19,19:00:00,Toronto Maple Leafs,TOR,Tampa Bay Lightning,TBL,2.7073093374353823,2.922948020136128,0.4574544297144899,0.5425455702855101,0.1716936779399074
571,2026020571,2026-12-19T19:00:00,2026-12-19,19:00:00,Washington Capitals,WSH,St. Louis Blues,STL,3.091471029059453,2.8566510321802983,0.5447852612826355,0.45521473871736456,0.16671366752675998
572,2026020572,2026-12-19T19:00:00,2026-12-19,19:00:00,Columbus Blue Jackets,CBJ,Los Angeles Kings,LAK,3.527177746528863,2.986918420775386,0.5965764267631968,0.4034235732368032,0.1563614235423439
573,2026020573,2026-12-19T19:00:00,2026-12-19,19:00:00,Minnesota Wild,MIN,Montréal Canadiens,MTL,3.320104102699646,3.2201838944478145,0.517990238106655,0.482009761893345,0.15917485244893453
574,2026020574,2026-12-19T19:00:00,2026-12-19,19:00:00,Winnipeg Jets,WPG,Dallas Stars,DAL,2.659027354157614,3.172914717795872,0.4016087637239431,0.5983912362760568,0.16571326951905782
575,2026020575,2026-12-19T22:00:00,2026-12-19,22:00:00,Vancouver Canucks,VAN,San Jose Sharks,SJS,3.06914312477602,3.2408633633698845,0.46839698309474087,0.5316030169052591,0.1619584241830115
576,2026020576,2026-12-20T13:00:00,2026-12-20,13:00:00,Boston Bruins,BOS,Philadelphia Flyers,PHI,3.4462791075236123,2.7410992832248957,0.6291540610923667,0.37084593890763334,0.158047337870975
577,2026020577,2026-12-20T08:00:00,2026-12-20,08:00:00,Chicago Blackhawks,CHI,Ottawa Senators,OTT,2.4368103581487786,3.982951428487703,0.2401288865028881,0.7598711134971119,0.1352521375807933
578,2026020578,2026-12-20T17:00:00,2026-12-20,17:00:00,Detroit Red Wings,DET,Tampa Bay Lightning,TBL,2.476867287616638,3.2117466085381134,0.3587462078088658,0.6412537921911342,0.1641509597955746
579,2026020579,2026-12-20T18:00:00,2026-12-20,18:00:00,Buffalo Sabres,BUF,Los Angeles Kings,LAK,3.2174638474107415,3.374735872884987,0.4718401760841624,0.5281598239158376,0.15835531922591156
580,2026020580,2026-12-20T17:00:00,2026-12-20,17:00:00,Winnipeg Jets,WPG,Dallas Stars,DAL,2.659027354157614,3.172914717795872,0.4016087637239431,0.5983912362760568,0.16571326951905782
581,2026020581,2026-12-20T19:00:00,2026-12-20,19:00:00,New Jersey Devils,NJD,Nashville Predators,NSH,3.930049570478478,2.7912873167356276,0.6931956022307444,0.30680439776925567,0.14357657358866552
582,2026020582,2026-12-20T19:00:00,2026-12-20,19:00:00,New York Islanders,NYI,New York Rangers,NYR,2.77768440798272,3.405919227920864,0.3844666056243178,0.6155333943756822,0.15930595199142683
583,2026020583,2026-12-20T19:00:00,2026-12-20,19:00:00,Edmonton Oilers,EDM,Anaheim Ducks,ANA,3.6634259716340583,3.346663350766952,0.5543774379657193,0.44562256203428074,0.15260173130739535
584,2026020584,2026-12-20T20:00:00,2026-12-20,20:00:00,Colorado Avalanche,COL,Seattle Kraken,SEA,3.955779009408755,2.465829476643774,0.751782804088615,0.24821719591138502,0.13694207298250527
585,2026020585,2026-12-21T14:00:00,2026-12-21,14:00:00,Toronto Maple Leafs,TOR,Washington Capitals,WSH,3.072806198937737,2.731114700443851,0.5659943096910086,0.43400569030899144,0.16805249862549476
586,2026020586,2026-12-21T19:00:00,2026-12-21,19:00:00,Florida Panthers,FLA,St. Louis Blues,STL,2.958586806512517,3.238080560015319,0.44806988688592364,0.5519301131140764,0.16291348404455516
587,2026020587,2026-12-21T19:00:00,2026-12-21,19:00:00,Philadelphia Flyers,PHI,Columbus Blue Jackets,CBJ,2.7059851032021194,3.6586850884605706,0.3309014627488634,0.6690985372511367,0.1512893153581833
588,2026020588,2026-12-21T21:00:00,2026-12-21,21:00:00,Vancouver Canucks,VAN,Utah Mammoth,UTA,2.3339026412024757,3.856361239816464,0.23845962329589904,0.7615403767041009,0.13779751241901414
589,2026020589,2026-12-21T22:00:00,2026-12-21,22:00:00,Vegas Golden Knights,VGK,Carolina Hurricanes,CAR,3.1024773548648925,3.0409823706289836,0.5115187962560712,0.4884812037439288,0.16455374433643094
590,2026020590,2026-12-22T19:00:00,2026-12-22,19:00:00,Tampa Bay Lightning,TBL,St. Louis Blues,STL,3.3086157539370262,2.516864882624136,0.6495681684331355,0.3504318315668645,0.1611495827922555
591,2026020591,2026-12-22T19:00:00,2026-12-22,19:00:00,New York Islanders,NYI,Boston Bruins,BOS,2.886134409850965,3.090237991509412,0.4611662138148839,0.5388337861851161,0.1664728398245549
592,2026020592,2026-12-22T19:00:00,2026-12-22,19:00:00,New York Rangers,NYR,New Jersey Devils,NJD,3.0132131246875953,3.404530491838828,0.4290541124126619,0.5709458875873381,0.15911764428663336
593,2026020593,2026-12-22T19:00:00,2026-12-22,19:00:00,Pittsburgh Penguins,PIT,Buffalo Sabres,BUF,3.83079021277829,3.0427702780361963,0.6347506237601274,0.36524937623987264,0.14883804662287933
594,2026020594,2026-12-22T19:00:00,2026-12-22,19:00:00,Columbus Blue Jackets,CBJ,Montréal Canadiens,MTL,3.344058242687935,3.3369361469217815,0.5012654142420653,0.49873458575793467,0.15752243052596776
595,2026020595,2026-12-22T19:00:00,2026-12-22,19:00:00,Detroit Red Wings,DET,Toronto Maple Leafs,TOR,2.541785012084013,2.9005208273807073,0.4280009311076429,0.5719990688923571,0.17359502530373408
596,2026020596,2026-12-22T20:00:00,2026-12-22,20:00:00,Nashville Predators,NSH,Winnipeg Jets,WPG,3.175839867112783,3.4100184200328827,0.4580873339243662,0.5419126660756338,0.15810169353961825
597,2026020597,2026-12-22T20:00:00,2026-12-22,20:00:00,Dallas Stars,DAL,Calgary Flames,CGY,3.7177991707323654,1.9308213645349452,0.8117561074152003,0.18824389258479968,0.13235894881278829
598,2026020598,2026-12-22T20:00:00,2026-12-22,20:00:00,Minnesota Wild,MIN,Los Angeles Kings,LAK,3.5019118858971963,2.8824125392639273,0.6117712458463808,0.38822875415361924,0.15691375803576924
599,2026020599,2026-12-22T21:40:00,2026-12-22,21:40:00,Seattle Kraken,SEA,San Jose Sharks,SJS,3.253664360168501,2.881381506787682,0.5694440630921139,0.43055593690788607,0.163024665160499
600,2026020600,2026-12-22T21:30:00,2026-12-22,21:30:00,Anaheim Ducks,ANA,Vegas Golden Knights,VGK,3.3900264539851754,3.204950221481246,0.5331185665235815,0.46688143347641853,0.15821534900812115
601,2026020601,2026-12-26T18:00:00,2026-12-26,18:00:00,Florida Panthers,FLA,Tampa Bay Lightning,TBL,2.68065639522645,3.664483438588445,0.32542351084995563,0.6745764891500443,0.15083935965072645
602,2026020602,2026-12-26T19:00:00,2026-12-26,19:00:00,Boston Bruins,BOS,New York Islanders,NYI,3.2524458850854407,2.74219541755412,0.5960971039649811,0.40390289603501894,0.1634591759299767
603,2026020603,2026-12-26T19:00:00,2026-12-26,19:00:00,Buffalo Sabres,BUF,New Jersey Devils,NJD,2.786547808031151,3.7487785826153894,0.33198094378591164,0.6680190562140884,0.14924874572442243
604,2026020604,2026-12-26T19:00:00,2026-12-26,19:00:00,Montréal Canadiens,MTL,Toronto Maple Leafs,TOR,3.024432437140179,3.0048794428140595,0.5037058837309383,0.4962941162690617,0.16622538978056162
605,2026020605,2026-12-26T20:00:00,2026-12-26,20:00:00,Washington Capitals,WSH,Columbus Blue Jackets,CBJ,3.337953273873547,3.087064095323508,0.5455982266854151,0.4544017733145849,0.1600546571017459
606,2026020606,2026-12-26T19:00:00,2026-12-26,19:00:00,Carolina Hurricanes,CAR,Pittsburgh Penguins,PIT,3.561441501061589,2.925001320747833,0.6136277178575554,0.38637228214244457,0.1554411192171809
607,2026020607,2026-12-26T19:00:00,2026-12-26,19:00:00,Nashville Predators,NSH,Detroit Red Wings,DET,3.1043115023720307,3.15608969102348,0.4904143539017652,0.5095856460982349,0.16294709250262635
608,2026020608,2026-12-26T19:00:00,2026-12-26,19:00:00,Minnesota Wild,MIN,Winnipeg Jets,WPG,3.2786415560792865,2.924037843985515,0.5657311466006407,0.43426885339935933,0.16225947983648373
609,2026020609,2026-12-26T22:00:00,2026-12-26,22:00:00,Calgary Flames,CGY,Vancouver Canucks,VAN,2.8766827303662397,2.9052173031015034,0.4944505029897146,0.5055494970102854,0.16992684019247445
610,2026020610,2026-12-26T22:00:00,2026-12-26,22:00:00,Los Angeles Kings,LAK,Utah Mammoth,UTA,2.5859979286896224,3.3782683741222193,0.3523960839791197,0.6476039160208803,0.15931881683610385
611,2026020611,2026-12-26T22:00:00,2026-12-26,22:00:00,San Jose Sharks,SJS,Vegas Golden Knights,VGK,2.6728537272266193,3.51187668505483,0.34743519068777523,0.6525648093122247,0.15566476563399617
612,2026020612,2026-12-27T15:00:00,2026-12-27,15:00:00,Chicago Blackhawks,CHI,Philadelphia Flyers,PHI,2.912723095074786,3.0049345485869616,0.4823257495024095,0.5176742504975905,0.16776297478407792
613,2026020613,2026-12-27T18:00:00,2026-12-27,18:00:00,Columbus Blue Jackets,CBJ,Edmonton Oilers,EDM,3.2781914944739694,3.5258689938408003,0.45659627118424173,0.5434037288157583,0.15537932646652886
614,2026020614,2026-12-27T17:00:00,2026-12-27,17:00:00,St. Louis Blues,STL,New York Rangers,NYR,3.239068676246497,2.9610190778916623,0.5516456230250504,0.4483543769749496,0.16287646234891529
615,2026020615,2026-12-27T19:00:00,2026-12-27,19:00:00,Montréal Canadiens,MTL,Dallas Stars,DAL,2.928333187741379,3.2130402155542654,0.44681239159146807,0.553187608408532,0.16363840314098702
616,2026020616,2026-12-27T19:00:00,2026-12-27,19:00:00,New Jersey Devils,NJD,Boston Bruins,BOS,3.723137125463576,2.597582092070004,0.6981223867623727,0.30187761323762724,0.14782380390752137
617,2026020617,2026-12-27T19:00:00,2026-12-27,19:00:00,New York Islanders,NYI,Ottawa Senators,OTT,2.5564658957712276,3.6304069474875216,0.3078615112731769,0.6921384887268232,0.15049545951319082
618,2026020618,2026-12-27T20:00:00,2026-12-27,20:00:00,Anaheim Ducks,ANA,Colorado Avalanche,COL,3.1626425925544916,3.5358250077268942,0.43411338452578785,0.5658866154742122,0.15580653035150727
619,2026020619,2026-12-28T14:00:00,2026-12-28,14:00:00,Minnesota Wild,MIN,Vegas Golden Knights,VGK,3.132456834685331,3.1329320054774494,0.4999120673694649,0.5000879326305351,0.16291098913085758
620,2026020620,2026-12-28T19:00:00,2026-12-28,19:00:00,Buffalo Sabres,BUF,Detroit Red Wings,DET,2.9444833200092537,3.1685404111437676,0.45797442093915613,0.5420255790608439,0.16441157217806554
621,2026020621,2026-12-28T19:00:00,2026-12-28,19:00:00,Florida Panthers,FLA,Nashville Predators,NSH,3.5950579986435556,3.3652600600843128,0.5396923485583963,0.4603076514416037,0.1536484159758526
622,2026020622,2026-12-28T19:00:00,2026-12-28,19:00:00,Washington Capitals,WSH,Edmonton Oilers,EDM,3.207671049048502,3.358189679930107,0.47297867230933954,0.5270213276906606,0.158709487408553
623,2026020623,2026-12-28T19:00:00,2026-12-28,19:00:00,Carolina Hurricanes,CAR,Tampa Bay Lightning,TBL,2.9039647289184187,3.0818786155307927,0.46616924375196495,0.5338307562480351,0.16646189009801063
624,2026020624,2026-12-28T19:30:00,2026-12-28,19:30:00,Winnipeg Jets,WPG,San Jose Sharks,SJS,3.4497643469187818,2.6580667607195005,0.6454395534741105,0.35456044652588947,0.15751145558820587
625,2026020625,2026-12-28T21:30:00,2026-12-28,21:30:00,Vancouver Canucks,VAN,Los Angeles Kings,LAK,2.9335849850919504,3.525409098065508,0.3938604065391835,0.6061395934608164,0.15638024102402778
626,2026020626,2026-12-29T19:00:00,2026-12-29,19:00:00,Montréal Canadiens,MTL,Columbus Blue Jackets,CBJ,3.5120933305681796,3.1772814037467043,0.5592170473078172,0.4407829526921828,0.15620785425408223
627,2026020627,2026-12-29T19:00:00,2026-12-29,19:00:00,Ottawa Senators,OTT,Dallas Stars,DAL,2.9905415165250715,3.095337744568263,0.48026047025950974,0.5197395297404903,0.16527999063106766
628,2026020628,2026-12-29T19:00:00,2026-12-29,19:00:00,Tampa Bay Lightning,TBL,Nashville Predators,NSH,4.02038753922871,2.6157177714206483,0.7349571341449466,0.26504286585505343,0.13765113859059655
629,2026020629,2026-12-29T19:00:00,2026-12-29,19:00:00,New York Rangers,NYR,Detroit Red Wings,DET,3.1839955373112345,2.8775752439442592,0.5576803773321396,0.44231962266786035,0.16459552469958305
630,2026020630,2026-12-29T19:00:00,2026-12-29,19:00:00,Pittsburgh Penguins,PIT,Carolina Hurricanes,CAR,3.0785358718889446,3.383823196440274,0.4447755839304507,0.5552244160695493,0.1592301689385862
631,2026020631,2026-12-29T20:00:00,2026-12-29,20:00:00,Chicago Blackhawks,CHI,Vegas Golden Knights,VGK,2.3865099185789767,3.7944248834705685,0.25515218067802126,0.7448478193219787,0.1414344093581484
632,2026020632,2026-12-29T20:00:00,2026-12-29,20:00:00,Calgary Flames,CGY,San Jose Sharks,SJS,2.636494514037725,2.959206414169221,0.4362421759732831,0.5637578240267169,0.17144701373862506
633,2026020633,2026-12-29T21:00:00,2026-12-29,21:00:00,Colorado Avalanche,COL,St. Louis Blues,STL,3.491328766678424,2.587900929574557,0.6652769825014778,0.3347230174985222,0.15561825169625926
634,2026020634,2026-12-29T21:00:00,2026-12-29,21:00:00,Utah Mammoth,UTA,New Jersey Devils,NJD,3.079393028972139,2.729354974368657,0.5675567528451217,0.4324432471548783,0.16790401743684735
635,2026020635,2026-12-29T21:40:00,2026-12-29,21:40:00,Seattle Kraken,SEA,Philadelphia Flyers,PHI,3.3952371893992415,2.697947238876998,0.6289441133867755,0.37105588661322453,0.15937648650459804
636,2026020636,2026-12-29T22:00:00,2026-12-29,22:00:00,Anaheim Ducks,ANA,Toronto Maple Leafs,TOR,3.156446605160636,3.0260845883543372,0.5243103869913985,0.4756896130086015,0.16384685866236642
637,2026020637,2026-12-30T16:00:00,2026-12-30,16:00:00,New York Islanders,NYI,Washington Capitals,WSH,2.5783275372956926,3.3786263734328146,0.3508642195613881,0.649135780438612,0.15925599837863302
638,2026020638,2026-12-30T19:00:00,2026-12-30,19:00:00,Florida Panthers,FLA,Buffalo Sabres,BUF,3.6092404412669774,3.191996713873619,0.5728691800212323,0.4271308199787676,0.15422669691612584
639,2026020639,2026-12-30T19:30:00,2026-12-30,19:30:00,Boston Bruins,BOS,Edmonton Oilers,EDM,2.933874848660192,3.759098349551988,0.35681573277643264,0.6431842672235675,0.15014043680736247
640,2026020640,2026-12-30T21:30:00,2026-12-30,21:30:00,Vancouver Canucks,VAN,Seattle Kraken,SEA,2.97729781611116,3.373026027577464,0.42778918815030126,0.5722108118496987,0.1599435672828162
641,2026020641,2026-12-30T22:00:00,2026-12-30,22:00:00,Los Angeles Kings,LAK,Toronto Maple Leafs,TOR,2.7071938332466834,3.169425629733228,0.41173267694641374,0.5882673230535862,0.16571970502058725
642,2026020642,2026-12-31T14:00:00,2026-12-31,14:00:00,Ottawa Senators,OTT,Pittsburgh Penguins,PIT,3.691234484751507,3.04224900547128,0.6131438685906977,0.38685613140930225,0.1524095867944026
643,2026020643,2026-12-31T14:00:00,2026-12-31,14:00:00,Detroit Red Wings,DET,Carolina Hurricanes,CAR,2.679990482230188,3.1112108475147178,0.4168311611066934,0.5831688388933066,0.16733088707884194
644,2026020644,2026-12-31T14:00:00,2026-12-31,14:00:00,Tampa Bay Lightning,TBL,Montréal Canadiens,MTL,3.5019544301210326,2.8002039131397067,0.627128102658507,0.37287189734149295,0.15668144717348553
645,2026020645,2026-12-31T14:00:00,2026-12-31,14:00:00,Columbus Blue Jackets,CBJ,Washington Capitals,WSH,3.249105389752105,3.1714809055266673,0.5141424392969357,0.4858575607030643,0.16076544473160184
646,2026020646,2026-12-31T15:00:00,2026-12-31,15:00:00,Vegas Golden Knights,VGK,St. Louis Blues,STL,3.1646178415439663,2.77396270833895,0.5743001970575855,0.4256998029424145,0.16560860767185373
647,2026020647,2026-12-31T18:00:00,2026-12-31,18:00:00,Utah Mammoth,UTA,Colorado Avalanche,COL,2.967147995048852,2.9462820937039575,0.5040024022385626,0.49599759776143737,0.16793035331485184
648,2026020648,2026-12-31T20:00:00,2026-12-31,20:00:00,Calgary Flames,CGY,Winnipeg Jets,WPG,2.3593758481602554,3.2655091876898092,0.32663871974999387,0.6733612802500062,0.161328160840413
649,2026020649,2026-12-31T21:00:00,2026-12-31,21:00:00,Dallas Stars,DAL,New York Rangers,NYR,3.539721494283929,2.6656966039566212,0.6582746437476465,0.34172535625235345,0.15472501027107446
650,2026020650,2027-01-01T14:00:00,2027-01-01,14:00:00,Nashville Predators,NSH,Florida Panthers,FLA,3.541903977860751,3.4157631522887777,0.5218190231667286,0.47818097683327143,0.15405626730630811
651,2026020651,2027-01-01T15:00:00,2027-01-01,15:00:00,Chicago Blackhawks,CHI,Boston Bruins,BOS,2.751048717907015,3.3903273105973724,0.38200709376217346,0.6179929062378265,0.15968370059438863
652,2026020652,2027-01-01T16:00:00,2027-01-01,16:00:00,Anaheim Ducks,ANA,New Jersey Devils,NJD,3.2822830438164003,3.2754913706189663,0.5012211559209904,0.4987788440790097,0.15906373747507582
653,2026020653,2027-01-01T16:00:00,2027-01-01,16:00:00,San Jose Sharks,SJS,Philadelphia Flyers,PHI,3.2622042424551774,2.781174988407216,0.5902474693101635,0.4097525306898365,0.1631458638800608
654,2026020654,2027-01-01T18:00:00,2027-01-01,18:00:00,Pittsburgh Penguins,PIT,Minnesota Wild,MIN,3.271935393024456,3.311774089174214,0.49285530078446477,0.5071446992155353,0.15871847349895526
655,2026020655,2027-01-02T15:30:00,2027-01-02,15:30:00,Detroit Red Wings,DET,Edmonton Oilers,EDM,2.836420052964313,3.336293064219702,0.40748591526856853,0.5925140847314314,0.161172988855165
656,2026020656,2027-01-02T13:00:00,2027-01-02,13:00:00,Florida Panthers,FLA,Montréal Canadiens,MTL,3.1314715713468573,3.6026112954314686,0.41732597892300655,0.5826740210769934,0.15450322009688675
657,2026020657,2027-01-02T19:00:00,2027-01-02,19:00:00,Tampa Bay Lightning,TBL,Buffalo Sabres,BUF,4.036247899651419,2.48104526298819,0.7590439481462331,0.24095605185376687,0.13423996281775427
658,2026020658,2027-01-02T19:00:00,2027-01-02,19:00:00,Washington Capitals,WSH,Ottawa Senators,OTT,3.152254114587667,3.245759177355794,0.48292801841197264,0.5170719815880274,0.16103072756210682
659,2026020659,2027-01-02T19:00:00,2027-01-02,19:00:00,Carolina Hurricanes,CAR,Nashville Predators,NSH,3.8945392796584093,2.830227831202516,0.6814603400115775,0.3185396599884225,0.14518835205810365
660,2026020660,2027-01-02T19:00:00,2027-01-02,19:00:00,Columbus Blue Jackets,CBJ,Boston Bruins,BOS,3.6369913174147466,2.9007737761921755,0.6301960746603906,0.3698039253396094,0.15334076176727535
661,2026020661,2027-01-02T19:00:00,2027-01-02,19:00:00,Minnesota Wild,MIN,St. Louis Blues,STL,3.1368051635450174,2.894349129896088,0.5458422787882838,0.45415772121171616,0.16546549964456622
662,2026020662,2027-01-02T19:00:00,2027-01-02,19:00:00,Winnipeg Jets,WPG,Calgary Flames,CGY,3.4369171401658596,2.2417076685790978,0.7221046803430033,0.27789531965699665,0.1528872594958679
663,2026020663,2027-01-02T19:00:00,2027-01-02,19:00:00,San Jose Sharks,SJS,Toronto Maple Leafs,TOR,2.4886885656828883,3.3158817386978647,0.3437545074421017,0.6562454925578983,0.16069931014276792
664,2026020664,2027-01-02T20:00:00,2027-01-02,20:00:00,Dallas Stars,DAL,Chicago Blackhawks,CHI,4.03193011214256,2.044170205178958,0.8264219781196828,0.17357802188031723,0.12209078292488774
665,2026020665,2027-01-02T21:00:00,2027-01-02,21:00:00,Los Angeles Kings,LAK,New Jersey Devils,NJD,2.815120141953962,3.430646433335646,0.3874256092285673,0.6125743907714327,0.15869843667054487
666,2026020666,2027-01-02T22:00:00,2027-01-02,22:00:00,Utah Mammoth,UTA,Vancouver Canucks,VAN,4.058783265336036,2.2175048763766245,0.8031482082957345,0.1968517917042655,0.12643913493383738
667,2026020667,2027-01-02T22:00:00,2027-01-02,22:00:00,Vegas Golden Knights,VGK,Colorado Avalanche,COL,2.948260482802999,3.312608758307045,0.4328692351433807,0.5671307648566193,0.1613961366831279
668,2026020668,2027-01-02T22:00:00,2027-01-02,22:00:00,Seattle Kraken,SEA,New York Islanders,NYI,3.204274778976229,2.699026117196024,0.5960627126282059,0.4039372873717941,0.1648044508495919
669,2026020669,2027-01-03T15:00:00,2027-01-03,15:00:00,Pittsburgh Penguins,PIT,Edmonton Oilers,EDM,3.2582283178592917,3.6286276996776325,0.43575340964932713,0.5642465903506728,0.15362338971663594
670,2026020670,2027-01-03T18:00:00,2027-01-03,18:00:00,New York Rangers,NYR,Columbus Blue Jackets,CBJ,3.3649175673237206,3.3257565922044403,0.5069510911584999,0.4930489088415001,0.15738716665687083
671,2026020671,2027-01-03T19:00:00,2027-01-03,19:00:00,St. Louis Blues,STL,Calgary Flames,CGY,3.4020209945727657,2.144729782040049,0.7352456786581485,0.26475432134185156,0.15246472382991402
672,2026020672,2027-01-03T20:00:00,2027-01-03,20:00:00,Anaheim Ducks,ANA,Philadelphia Flyers,PHI,4.13750987103234,2.538109448149556,0.7618134326272322,0.23818656737276778,0.13176591453449035
673,2026020673,2027-01-03T20:00:00,2027-01-03,20:00:00,Seattle Kraken,SEA,Vancouver Canucks,VAN,3.550077584258125,2.828812268814432,0.6295799690952868,0.37042003090471315,0.15543925918769738
674,2026020674,2027-01-04T19:30:00,2027-01-04,19:30:00,Buffalo Sabres,BUF,Winnipeg Jets,WPG,3.0123289845715098,3.423470884667716,0.4256321560935568,0.5743678439064432,0.15870747206074107
675,2026020675,2027-01-04T19:30:00,2027-01-04,19:30:00,Montréal Canadiens,MTL,Chicago Blackhawks,CHI,4.104817146969181,2.403320538697453,0.7793746556096743,0.22062534439032566,0.12973271279891338
676,2026020676,2027-01-04T19:30:00,2027-01-04,19:30:00,Washington Capitals,WSH,Toronto Maple Leafs,TOR,2.8744720612331207,2.9195574014150196,0.49124334492290683,0.5087566550770932,0.16972302762909172
677,2026020677,2027-01-04T20:00:00,2027-01-04,20:00:00,Dallas Stars,DAL,Detroit Red Wings,DET,3.2642487691517004,2.3382840370485938,0.6773019350069354,0.32269806499306464,0.1611495564957088
678,2026020678,2027-01-04T21:00:00,2027-01-04,21:00:00,Colorado Avalanche,COL,Vegas Golden Knights,VGK,3.486488987079986,2.801223102466582,0.624415700882249,0.37558429911775104,0.15712143391803468
679,2026020679,2027-01-04T22:00:00,2027-01-04,22:00:00,Los Angeles Kings,LAK,Philadelphia Flyers,PHI,3.548623692712836,2.658335846589136,0.6610308833458847,0.3389691166541153,0.15437680352334163
680,2026020680,2027-01-04T22:00:00,2027-01-04,22:00:00,San Jose Sharks,SJS,New Jersey Devils,NJD,2.587903836904915,3.589173304307544,0.319736856142933,0.680263143857067,0.1523156380030332
681,2026020681,2027-01-05T19:00:00,2027-01-05,19:00:00,Carolina Hurricanes,CAR,St. Louis Blues,STL,3.2050477445953867,2.723268204241422,0.5914479075741336,0.40855209242586643,0.1647442926759299
682,2026020682,2027-01-05T19:00:00,2027-01-05,19:00:00,Columbus Blue Jackets,CBJ,New York Rangers,NYR,3.5003269563156434,3.1971004198792468,0.5536255685055133,0.44637443149448675,0.15632787784910832
683,2026020683,2027-01-05T19:30:00,2027-01-05,19:30:00,Boston Bruins,BOS,Buffalo Sabres,BUF,3.449438762212985,3.152175884907638,0.5530619827519517,0.44693801724804827,0.1575364622130264
684,2026020684,2027-01-05T19:30:00,2027-01-05,19:30:00,Nashville Predators,NSH,Edmonton Oilers,EDM,3.1526578809406702,3.9680093308955615,0.36383599380059,0.63616400619941,0.14589707910129165
685,2026020685,2027-01-05T20:00:00,2027-01-05,20:00:00,Calgary Flames,CGY,Florida Panthers,FLA,2.631329995068237,3.271010470572106,0.3790841997270541,0.6209158002729459,0.16286405280248348
686,2026020686,2027-01-05T21:00:00,2027-01-05,21:00:00,Utah Mammoth,UTA,Ottawa Senators,OTT,3.247511283352035,2.803263370916936,0.5833912398763076,0.41660876012369236,0.16346450346831723
687,2026020687,2027-01-05T21:00:00,2027-01-05,21:00:00,Vancouver Canucks,VAN,New York Islanders,NYI,3.0225545167414847,3.035757271084482,0.49750508719108716,0.5024949128089129,0.16580926468615115
688,2026020688,2027-01-05T21:40:00,2027-01-05,21:40:00,Seattle Kraken,SEA,Tampa Bay Lightning,TBL,2.5240238038236757,3.5617993981886,0.312053138049863,0.687946861950137,0.15248881556870023
689,2026020689,2027-01-05T22:00:00,2027-01-05,22:00:00,Anaheim Ducks,ANA,Minnesota Wild,MIN,3.53714925147357,3.1767830768287246,0.5635502811358343,0.4364497188641658,0.1557226123932687
690,2026020690,2027-01-06T19:30:00,2027-01-06,19:30:00,Montréal Canadiens,MTL,Boston Bruins,BOS,3.7444114530273156,2.8435635969655286,0.6571416220582265,0.34285837794177354,0.14989882476153885
691,2026020691,2027-01-06T21:30:00,2027-01-06,21:30:00,Colorado Avalanche,COL,Ottawa Senators,OTT,3.559973671656458,2.940402274422458,0.6105498539819085,0.38945014601809147,0.15550916832998202
692,2026020692,2027-01-06T22:00:00,2027-01-06,22:00:00,Los Angeles Kings,LAK,Washington Capitals,WSH,2.994198332111025,3.2791757913512902,0.44746042095795446,0.5525395790420455,0.16183892411564704
693,2026020693,2027-01-06T22:00:00,2027-01-06,22:00:00,San Jose Sharks,SJS,Dallas Stars,DAL,2.409612207351126,3.5455869625440766,0.2933294580910074,0.7066705419089926,0.15145461344407452
694,2026020694,2027-01-07T19:00:00,2027-01-07,19:00:00,Detroit Red Wings,DET,Utah Mammoth,UTA,2.4279941449706453,3.0916446461776794,0.36963248551303257,0.6303675144869675,0.1679643900184922
695,2026020695,2027-01-07T19:00:00,2027-01-07,19:00:00,New Jersey Devils,NJD,Columbus Blue Jackets,CBJ,3.4921389465785344,2.902431753116698,0.6064254340481676,0.3935745659518324,0.15719592177891203
696,2026020696,2027-01-07T19:00:00,2027-01-07,19:00:00,New York Rangers,NYR,Chicago Blackhawks,CHI,3.932803040360461,2.5156283341249113,0.7405969052857917,0.2594030947142083,0.1388548504766652
697,2026020697,2027-01-07T19:00:00,2027-01-07,19:00:00,Philadelphia Flyers,PHI,Toronto Maple Leafs,TOR,2.3302538828655224,3.4601617587542943,0.2910725123984075,0.7089274876015925,0.1534819255114895
698,2026020698,2027-01-07T19:00:00,2027-01-07,19:00:00,Carolina Hurricanes,CAR,Pittsburgh Penguins,PIT,3.561441501061589,2.925001320747833,0.6136277178575554,0.38637228214244457,0.1554411192171809
699,2026020699,2027-01-07T19:00:00,2027-01-07,19:00:00,Winnipeg Jets,WPG,Nashville Predators,NSH,3.589011722972251,3.01745251390841,0.6011579927263511,0.39884200727364894,0.15487719402114403
700,2026020700,2027-01-07T20:00:00,2027-01-07,20:00:00,Calgary Flames,CGY,New York Islanders,NYI,2.596473373117922,2.771925681900079,0.46434496184006063,0.5356550381599394,0.17627875826498016
701,2026020701,2027-01-07T20:00:00,2027-01-07,20:00:00,Edmonton Oilers,EDM,Florida Panthers,FLA,4.006395631395215,2.9166935935681053,0.6822506446111979,0.3177493553888021,0.1427689763228923
702,2026020702,2027-01-07T21:00:00,2027-01-07,21:00:00,Vancouver Canucks,VAN,Tampa Bay Lightning,TBL,2.3808818140895367,4.006170356153715,0.228303729045651,0.7716962709543489,0.1330101941700772
703,2026020703,2027-01-07T21:30:00,2027-01-07,21:30:00,Vegas Golden Knights,VGK,Minnesota Wild,MIN,3.297380925826525,2.9762331055828266,0.5591597638080961,0.44084023619190393,0.1615765107824357
704,2026020704,2027-01-08T19:00:00,2027-01-08,19:00:00,Columbus Blue Jackets,CBJ,Buffalo Sabres,BUF,3.854261478181114,2.956602403619772,0.6534679817490185,0.34653201825098146,0.14762482023787843
705,2026020705,2027-01-08T20:00:00,2027-01-08,20:00:00,St. Louis Blues,STL,Ottawa Senators,OTT,2.981104902013958,3.156182960505237,0.4672179297940813,0.5327820702059187,0.1643112706380611
706,2026020706,2027-01-08T21:00:00,2027-01-08,21:00:00,Colorado Avalanche,COL,Seattle Kraken,SEA,3.955779009408755,2.465829476643774,0.751782804088615,0.24821719591138502,0.13694207298250527
707,2026020707,2027-01-08T22:00:00,2027-01-08,22:00:00,Anaheim Ducks,ANA,Dallas Stars,DAL,3.056152696856257,3.235714331669149,0.4668975442622649,0.5331024557377351,0.16216964772320183
708,2026020708,2027-01-08T22:00:00,2027-01-08,22:00:00,San Jose Sharks,SJS,Washington Capitals,WSH,2.7525281200773484,3.4307033496908637,0.3755732312402878,0.6244267687597123,0.15853956711053313
709,2026020709,2027-01-09T12:00:00,2027-01-09,12:00:00,New Jersey Devils,NJD,Chicago Blackhawks,CHI,4.081495130767337,2.1954221103007807,0.8088481891889516,0.1911518108110484,0.12483917997879135
710,2026020710,2027-01-09T15:30:00,2027-01-09,15:30:00,Calgary Flames,CGY,Tampa Bay Lightning,TBL,2.0452554951725643,3.658002107764773,0.21386111782200293,0.786138882177997,0.1386428621294253
711,2026020711,2027-01-09T15:30:00,2027-01-09,15:30:00,Edmonton Oilers,EDM,New York Islanders,NYI,3.9533238318988864,2.47166982526681,0.7505107904853222,0.24948920951467776,0.13716259412367054
712,2026020712,2027-01-09T19:00:00,2027-01-09,19:00:00,Buffalo Sabres,BUF,Carolina Hurricanes,CAR,2.825422202859919,3.7149061809315325,0.34405273282923915,0.6559472671707609,0.15062926207760782
713,2026020713,2027-01-09T19:00:00,2027-01-09,19:00:00,Toronto Maple Leafs,TOR,Philadelphia Flyers,PHI,3.641787106660173,2.2140380910608735,0.7550772895255291,0.2449227104744709,0.1437640271200247
714,2026020714,2027-01-09T19:00:00,2027-01-09,19:00:00,Montréal Canadiens,MTL,Pittsburgh Penguins,PIT,3.614450555427582,3.157932738507212,0.5798552660846205,0.42014473391537954,0.15420087592045578
715,2026020715,2027-01-09T19:00:00,2027-01-09,19:00:00,Detroit Red Wings,DET,Boston Bruins,BOS,3.1468677539313883,2.744807435354565,0.5768128651249692,0.4231871348750308,0.1661710053529172
716,2026020716,2027-01-09T19:00:00,2027-01-09,19:00:00,Winnipeg Jets,WPG,Utah Mammoth,UTA,2.6233426704033085,3.162881146036543,0.396317582566202,0.603682417433798,0.1660236576118401
717,2026020717,2027-01-09T20:00:00,2027-01-09,20:00:00,Minnesota Wild,MIN,Nashville Predators,NSH,3.811615893292604,3.0080281655293364,0.63798043940964,0.36201956059036,0.14915397149106863
718,2026020718,2027-01-09T21:00:00,2027-01-09,21:00:00,Los Angeles Kings,LAK,Dallas Stars,DAL,2.621174621126982,3.388985216326835,0.35739637634567756,0.6426036236543224,0.1591946359206019
719,2026020719,2027-01-09T22:00:00,2027-01-09,22:00:00,Vancouver Canucks,VAN,Florida Panthers,FLA,3.06313110851595,3.5823448964281055,0.40826934765772477,0.5917306523422753,0.15503416304887643
720,2026020720,2027-01-09T22:00:00,2027-01-09,22:00:00,Vegas Golden Knights,VGK,Seattle Kraken,SEA,3.585605844358773,2.643114709363033,0.6695443152900592,0.33045568470994086,0.15303147650500018
721,2026020721,2027-01-09T22:00:00,2027-01-09,22:00:00,San Jose Sharks,SJS,New York Rangers,NYR,2.96535421938365,3.4584168867812766,0.4109411445102269,0.5890588554897731,0.1580189095901605
722,2026020722,2027-01-10T19:30:00,2027-01-10,19:30:00,Philadelphia Flyers,PHI,Chicago Blackhawks,CHI,3.1626648285198815,2.767458056234664,0.575220885834424,0.424779114165576,0.16568474856228266
723,2026020723,2027-01-10T20:00:00,2027-01-10,20:00:00,Colorado Avalanche,COL,Nashville Predators,NSH,4.242407010303994,2.6895438443665904,0.75006678029814,0.24993321970186003,0.13131274812347646
724,2026020724,2027-01-10T15:30:00,2027-01-10,15:30:00,Anaheim Ducks,ANA,Washington Capitals,WSH,3.4910788597782285,3.1308711684608936,0.5640824001659597,0.4359175998340403,0.15683340980183252
725,2026020725,2027-01-11T19:30:00,2027-01-11,19:30:00,Toronto Maple Leafs,TOR,Winnipeg Jets,WPG,3.1231111610849602,2.609324252338033,0.5993956302596688,0.4006043697403312,0.16717127033849705
726,2026020726,2027-01-11T20:30:00,2027-01-11,20:30:00,Edmonton Oilers,EDM,Tampa Bay Lightning,TBL,3.1140536140674846,3.261766175609356,0.4729843757140422,0.5270156242859578,0.16117210156474282
727,2026020727,2027-01-11T22:00:00,2027-01-11,22:00:00,Los Angeles Kings,LAK,New York Rangers,NYR,3.2257104270918084,3.3056652748934288,0.4855901769640542,0.5144098230359457,0.15932864512347072
728,2026020728,2027-01-12T19:00:00,2027-01-12,19:00:00,Boston Bruins,BOS,Carolina Hurricanes,CAR,2.7720706114196885,3.5054916750055183,0.36703446245982263,0.6329655375401774,0.1564599474039199
729,2026020729,2027-01-12T19:00:00,2027-01-12,19:00:00,Buffalo Sabres,BUF,New Jersey Devils,NJD,2.786547808031151,3.7487785826153894,0.33198094378591164,0.6680190562140884,0.14924874572442243
730,2026020730,2027-01-12T19:00:00,2027-01-12,19:00:00,Pittsburgh Penguins,PIT,Colorado Avalanche,COL,2.925509074788044,3.686072785345386,0.36658656586282634,0.6334134341371737,0.15211337861663649
731,2026020731,2027-01-12T19:00:00,2027-01-12,19:00:00,Washington Capitals,WSH,Vegas Golden Knights,VGK,3.08718554367108,3.0921264317270376,0.4990777283411753,0.5009222716588246,0.1640976403800894
732,2026020732,2027-01-12T20:00:00,2027-01-12,20:00:00,Chicago Blackhawks,CHI,Utah Mammoth,UTA,2.1225964043968744,3.8187331991267155,0.20805388207652176,0.7919461179234782,0.1337874906001399
733,2026020733,2027-01-12T20:00:00,2027-01-12,20:00:00,Nashville Predators,NSH,Philadelphia Flyers,PHI,3.703272821339728,2.8934352127402607,0.6418862463344264,0.35811375366557363,0.15145458187545513
734,2026020734,2027-01-12T20:00:00,2027-01-12,20:00:00,Dallas Stars,DAL,Ottawa Senators,OTT,3.2578133263300257,2.841395471614181,0.5778562972506532,0.42214370274934676,0.1630915030715066
735,2026020735,2027-01-12T20:00:00,2027-01-12,20:00:00,Calgary Flames,CGY,Columbus Blue Jackets,CBJ,2.437282142027788,3.4930700396971917,0.3062098314965068,0.6937901685034932,0.15382573672758873
736,2026020736,2027-01-12T21:40:00,2027-01-12,21:40:00,Seattle Kraken,SEA,Florida Panthers,FLA,3.247290892968411,3.184985350561075,0.5113392968143269,0.4886607031856731,0.16063702967646296
737,2026020737,2027-01-12T22:00:00,2027-01-12,22:00:00,Anaheim Ducks,ANA,New York Rangers,NYR,3.76100986999309,3.1561626336236457,0.6038542570868483,0.39614574291315174,0.15094733236632427
738,2026020738,2027-01-13T19:00:00,2027-01-13,19:00:00,Montréal Canadiens,MTL,New Jersey Devils,NJD,3.1450059346365276,3.2525385187729876,0.4803679537936981,0.5196320462063019,0.16100431758602332
739,2026020739,2027-01-13T19:30:00,2027-01-13,19:30:00,New York Islanders,NYI,Pittsburgh Penguins,PIT,2.785962560896049,3.431878131222484,0.3817089141682743,0.6182910858317257,0.1586036153884155
740,2026020740,2027-01-13T21:00:00,2027-01-13,21:00:00,Utah Mammoth,UTA,Detroit Red Wings,DET,3.2539263756496344,2.3069037933443113,0.6818193433832791,0.3181806566167209,0.1611862639017825
741,2026020741,2027-01-13T21:00:00,2027-01-13,21:00:00,Edmonton Oilers,EDM,San Jose Sharks,SJS,4.0142589956545045,2.6386642500546373,0.7303550169378527,0.26964498306214735,0.13830159688922034
742,2026020742,2027-01-13T22:00:00,2027-01-13,22:00:00,Los Angeles Kings,LAK,St. Louis Blues,STL,2.9115646724846647,3.101135463960377,0.4640579494302125,0.5359420505697875,0.16601805264622688
743,2026020743,2027-01-14T19:00:00,2027-01-14,19:00:00,Boston Bruins,BOS,Dallas Stars,DAL,2.5455782624996517,3.4944963629228813,0.3262821923460973,0.6737178076539027,0.15508949972392622
744,2026020744,2027-01-14T19:30:00,2027-01-14,19:30:00,Buffalo Sabres,BUF,Colorado Avalanche,COL,2.684977092536702,4.0467287380878325,0.2732148365239792,0.7267851634760207,0.13801602249253028
745,2026020745,2027-01-14T19:00:00,2027-01-14,19:00:00,Toronto Maple Leafs,TOR,Chicago Blackhawks,CHI,3.7707165475830156,2.1112538359568496,0.7883135471043754,0.2116864528956246,0.13554666486387706
746,2026020746,2027-01-14T19:00:00,2027-01-14,19:00:00,Ottawa Senators,OTT,Winnipeg Jets,WPG,3.4720559726213267,2.861483060370188,0.6107444462017307,0.3892555537982693,0.15766606011644863
747,2026020747,2027-01-14T19:00:00,2027-01-14,19:00:00,Tampa Bay Lightning,TBL,Vegas Golden Knights,VGK,3.304029256332502,2.724331513012215,0.6084958588276783,0.39150414117232174,0.162059234052003
748,2026020748,2027-01-14T19:00:00,2027-01-14,19:00:00,Washington Capitals,WSH,Carolina Hurricanes,CAR,3.030766854363185,3.1316302132630938,0.481147633839485,0.518852366160515,0.1642102120249171
749,2026020749,2027-01-14T20:00:00,2027-01-14,20:00:00,Nashville Predators,NSH,Montréal Canadiens,MTL,3.2160023570637817,3.755384499741333,0.4076298621246074,0.5923701378753926,0.15111132770998362
750,2026020750,2027-01-14T20:00:00,2027-01-14,20:00:00,Calgary Flames,CGY,San Jose Sharks,SJS,2.636494514037725,2.959206414169221,0.4362421759732831,0.5637578240267169,0.17144701373862506
751,2026020751,2027-01-14T21:30:00,2027-01-14,21:30:00,Minnesota Wild,MIN,Florida Panthers,FLA,3.656555133560325,2.9289638626900243,0.6281506904874907,0.3718493095125092,0.15293234328070515
752,2026020752,2027-01-14T21:00:00,2027-01-14,21:00:00,Vancouver Canucks,VAN,Seattle Kraken,SEA,2.97729781611116,3.373026027577464,0.42778918815030126,0.5722108118496987,0.1599435672828162
753,2026020753,2027-01-14T22:00:00,2027-01-14,22:00:00,Anaheim Ducks,ANA,St. Louis Blues,STL,3.394732328844085,2.9608829265002985,0.5790371953756269,0.4209628046243731,0.15950988000438235
754,2026020754,2027-01-15T19:00:00,2027-01-15,19:00:00,New York Islanders,NYI,Dallas Stars,DAL,2.2571139103358857,3.4917660898982694,0.2729358959670037,0.7270641040329964,0.15092287877578348
755,2026020755,2027-01-15T19:00:00,2027-01-15,19:00:00,Carolina Hurricanes,CAR,Philadelphia Flyers,PHI,3.906321734918266,2.3344228497410437,0.7674961058002605,0.2325038941997395,0.13581269124529097
756,2026020756,2027-01-15T20:00:00,2027-01-15,20:00:00,Edmonton Oilers,EDM,Columbus Blue Jackets,CBJ,3.710943342187865,3.1146996007284398,0.6032823760671581,0.396717623932842,0.15206178829100148
757,2026020757,2027-01-15T21:00:00,2027-01-15,21:00:00,Utah Mammoth,UTA,Los Angeles Kings,LAK,3.55559510378074,2.4570275194575264,0.6993940950679353,0.30060590493206474,0.15179804886059542
758,2026020758,2027-01-16T12:00:00,2027-01-16,12:00:00,New York Rangers,NYR,Boston Bruins,BOS,3.5875003001533012,2.976444065297088,0.6084133354180005,0.3915866645819995,0.15487049473195147
759,2026020759,2027-01-16T15:30:00,2027-01-16,15:30:00,Tampa Bay Lightning,TBL,Ottawa Senators,OTT,3.3736682394564315,2.8596903153084208,0.5945068472494773,0.4054931527505227,0.1602053637400954
760,2026020760,2027-01-16T18:00:00,2027-01-16,18:00:00,Florida Panthers,FLA,Vegas Golden Knights,VGK,2.954485529026699,3.504997416517802,0.4011126474516036,0.5988873525483965,0.15690199232468774
761,2026020761,2027-01-16T19:00:00,2027-01-16,19:00:00,Buffalo Sabres,BUF,Nashville Predators,NSH,3.50201168289623,3.521806965026796,0.4965954685362944,0.5034045314637057,0.1534557003899867
762,2026020762,2027-01-16T19:00:00,2027-01-16,19:00:00,Toronto Maple Leafs,TOR,Pittsburgh Penguins,PIT,3.3202620316070632,2.77416079150247,0.601678488954781,0.39832151104521896,0.16163325343606824
763,2026020763,2027-01-16T19:00:00,2027-01-16,19:00:00,New Jersey Devils,NJD,New York Islanders,NYI,3.7202282139052643,2.303224677717565,0.7496572352085139,0.2503427647914861,0.14256804845132537
764,2026020764,2027-01-16T19:00:00,2027-01-16,19:00:00,Philadelphia Flyers,PHI,Montréal Canadiens,MTL,2.652616621313109,3.7667459591270096,0.3054672389446406,0.6945327610553593,0.14709368095859165
765,2026020765,2027-01-16T19:00:00,2027-01-16,19:00:00,Washington Capitals,WSH,Colorado Avalanche,COL,2.880114543075288,3.4113534403978147,0.40293763281195727,0.5970623671880427,0.15924331166623903
766,2026020766,2027-01-16T19:00:00,2027-01-16,19:00:00,Chicago Blackhawks,CHI,Detroit Red Wings,DET,2.4416240021965785,3.277710490712464,0.3408015177658341,0.6591984822341659,0.16164907116286564
767,2026020767,2027-01-16T19:00:00,2027-01-16,19:00:00,St. Louis Blues,STL,Minnesota Wild,MIN,3.0462747346307375,2.980364572028863,0.5124935152458151,0.4875064847541849,0.1662142632451678
768,2026020768,2027-01-16T19:00:00,2027-01-16,19:00:00,Winnipeg Jets,WPG,Anaheim Ducks,ANA,3.14826629726688,3.3712718894825606,0.45982286766977015,0.5401771323302298,0.15899296633460278
769,2026020769,2027-01-16T22:00:00,2027-01-16,22:00:00,Calgary Flames,CGY,Los Angeles Kings,LAK,2.520045630072338,3.2190228485036303,0.36607038471546377,0.6339296152845362,0.16411552260296858
770,2026020770,2027-01-16T22:00:00,2027-01-16,22:00:00,Vancouver Canucks,VAN,Columbus Blue Jackets,CBJ,2.8372400130231865,3.82554007153225,0.3297027593247961,0.6702972406752039,0.14739427640982247
771,2026020771,2027-01-16T22:00:00,2027-01-16,22:00:00,Seattle Kraken,SEA,San Jose Sharks,SJS,3.253664360168501,2.881381506787682,0.5694440630921139,0.43055593690788607,0.163024665160499
772,2026020772,2027-01-17T17:00:00,2027-01-17,17:00:00,Detroit Red Wings,DET,Minnesota Wild,MIN,2.848352618479398,3.044966262302426,0.462263571786804,0.537736428213196,0.16773559010339226
773,2026020773,2027-01-17T18:00:00,2027-01-17,18:00:00,New York Rangers,NYR,Dallas Stars,DAL,2.8056201413115467,3.363186422611705,0.3969987558990844,0.6030012441009156,0.16049470451110628
774,2026020774,2027-01-17T18:00:00,2027-01-17,18:00:00,Carolina Hurricanes,CAR,Vegas Golden Knights,VGK,3.2006048159218228,2.94774878000753,0.547234124797462,0.4527658752025379,0.1637504069498436
775,2026020775,2027-01-17T19:00:00,2027-01-17,19:00:00,Edmonton Oilers,EDM,Winnipeg Jets,WPG,3.592325215235308,2.9117882113678473,0.6210559562773906,0.37894404372260937,0.15459203363487412
776,2026020776,2027-01-18T14:00:00,2027-01-18,14:00:00,Buffalo Sabres,BUF,Montréal Canadiens,MTL,3.0504236737354007,3.770199427683125,0.37591376084166683,0.6240862391583332,0.15044574971366498
777,2026020777,2027-01-18T13:30:00,2027-01-18,13:30:00,Boston Bruins,BOS,Tampa Bay Lightning,TBL,2.561968433065183,3.6187682385625597,0.31057541590256216,0.6894245840974378,0.1509753353190652
778,2026020778,2027-01-18T15:00:00,2027-01-18,15:00:00,New York Islanders,NYI,Nashville Predators,NSH,3.046530631440453,3.32068123572602,0.4499122425615442,0.5500877574384557,0.1606668419243055
779,2026020779,2027-01-18T15:00:00,2027-01-18,15:00:00,Colorado Avalanche,COL,Vancouver Canucks,VAN,4.449302959354739,2.3259877932582325,0.8255077661752978,0.17449223382470225,0.11420270431675653
780,2026020780,2027-01-18T16:00:00,2027-01-18,16:00:00,Pittsburgh Penguins,PIT,Washington Capitals,WSH,3.2293193385575183,3.2639112465312374,0.4937413350164424,0.5062586649835576,0.15987634455016472
781,2026020781,2027-01-18T16:00:00,2027-01-18,16:00:00,San Jose Sharks,SJS,Utah Mammoth,UTA,2.3772747252054867,3.5343749053721334,0.28899565228415963,0.7110043477158403,0.15136329203455945
782,2026020782,2027-01-18T16:00:00,2027-01-18,16:00:00,Seattle Kraken,SEA,Columbus Blue Jackets,CBJ,3.0078189045977606,3.4012049197058967,0.4286225281868828,0.5713774718131172,0.15921031882194261
783,2026020783,2027-01-18T19:30:00,2027-01-18,19:30:00,Toronto Maple Leafs,TOR,St. Louis Blues,STL,2.98800312533447,2.5828309284388173,0.5800659128021656,0.4199340871978344,0.17100776913659463
784,2026020784,2027-01-18T19:30:00,2027-01-18,19:30:00,Florida Panthers,FLA,Ottawa Senators,OTT,3.016757183401868,3.679143716292669,0.38418158175649963,0.6158184182435004,0.15264781757737392
785,2026020785,2027-01-18T20:30:00,2027-01-18,20:30:00,Chicago Blackhawks,CHI,Calgary Flames,CGY,2.7808749677389617,2.706546057687697,0.5149215469948107,0.4850784530051892,0.1746151042867813
786,2026020786,2027-01-19T19:00:00,2027-01-19,19:00:00,Detroit Red Wings,DET,Anaheim Ducks,ANA,2.9138290711358823,3.295341875551984,0.4293777535846437,0.5706222464153563,0.16193483110561388
787,2026020787,2027-01-19T19:00:00,2027-01-19,19:00:00,New Jersey Devils,NJD,Dallas Stars,DAL,2.9116955077659554,2.9350972610322397,0.4954797838348887,0.5045202161651112,0.16893396463476038
788,2026020788,2027-01-19T19:00:00,2027-01-19,19:00:00,New York Rangers,NYR,Philadelphia Flyers,PHI,3.7983314907611305,2.6380991521942216,0.7015585391708458,0.29844146082915424,0.145810225234803
789,2026020789,2027-01-19T19:00:00,2027-01-19,19:00:00,Washington Capitals,WSH,Montréal Canadiens,MTL,3.2721208719758863,3.178241888951033,0.5170522531393229,0.4829477468606771,0.16034474223888337
790,2026020790,2027-01-19T19:00:00,2027-01-19,19:00:00,Winnipeg Jets,WPG,Minnesota Wild,MIN,3.0775218218256204,3.1151272165967456,0.4929903267861422,0.5070096732138578,0.16389519077146877
791,2026020791,2027-01-19T22:00:00,2027-01-19,22:00:00,Los Angeles Kings,LAK,Seattle Kraken,SEA,3.298889100870447,2.9548547051049527,0.5634658365482328,0.4365341634517672,0.16166150996330525
792,2026020792,2027-01-20T14:00:00,2027-01-20,14:00:00,Nashville Predators,NSH,Vancouver Canucks,VAN,3.872161235886069,3.033782466489704,0.6425714800500507,0.3574285199499493,0.14768308179607553
793,2026020793,2027-01-20T19:00:00,2027-01-20,19:00:00,New York Islanders,NYI,Buffalo Sabres,BUF,3.058549142935178,3.1497130691271695,0.48303795759386386,0.5169620424061361,0.1635955468583389
794,2026020794,2027-01-20T19:30:00,2027-01-20,19:30:00,Ottawa Senators,OTT,Toronto Maple Leafs,TOR,3.0886822596061796,2.8948024715635627,0.5368672839679245,0.4631327160320755,0.1664209154259614
795,2026020795,2027-01-20T21:00:00,2027-01-20,21:00:00,Colorado Avalanche,COL,Boston Bruins,BOS,4.019049316842766,2.5028992479836027,0.7534106788026005,0.2465893211973995,0.13537509692509997
796,2026020796,2027-01-20T19:30:00,2027-01-20,19:30:00,Chicago Blackhawks,CHI,Dallas Stars,DAL,2.1514695601166656,3.830847322868351,0.21136902383259465,0.7886309761674054,0.13409497595655337
797,2026020797,2027-01-20T22:00:00,2027-01-20,22:00:00,Vegas Golden Knights,VGK,Edmonton Oilers,EDM,3.283567252031242,3.2609838705236998,0.5040656914424604,0.49593430855753956,0.15922665062663277
798,2026020798,2027-01-21T19:00:00,2027-01-21,19:00:00,Buffalo Sabres,BUF,Seattle Kraken,SEA,3.2654067071495985,3.2288655355449754,0.5066106379563416,0.4933893620436584,0.15986135139937566
799,2026020799,2027-01-21T19:00:00,2027-01-21,19:00:00,Montréal Canadiens,MTL,St. Louis Blues,STL,3.252752178344535,2.940134678541273,0.5580646879060404,0.44193531209395964,0.162728903515376
800,2026020800,2027-01-21T19:00:00,2027-01-21,19:00:00,Florida Panthers,FLA,Carolina Hurricanes,CAR,2.90049194854089,3.549775874088576,0.3837453287185843,0.6162546712814156,0.15569004146872667
801,2026020801,2027-01-21T19:00:00,2027-01-21,19:00:00,New Jersey Devils,NJD,Tampa Bay Lightning,TBL,2.930442991082502,3.039475690405757,0.47921730959172626,0.5207826904082737,0.16694624296800162
802,2026020802,2027-01-21T19:00:00,2027-01-21,19:00:00,Philadelphia Flyers,PHI,Nashville Predators,NSH,3.0453128455785197,3.518581021718566,0.4156050554276454,0.5843949445723546,0.1565068778887568
803,2026020803,2027-01-21T19:00:00,2027-01-21,19:00:00,Pittsburgh Penguins,PIT,Anaheim Ducks,ANA,3.3471489468051714,3.584088261842257,0.4589665933473437,0.5410334066526563,0.15394822829194538
804,2026020804,2027-01-21T19:00:00,2027-01-21,19:00:00,Columbus Blue Jackets,CBJ,Calgary Flames,CGY,3.6764227571285306,2.315728573951001,0.7417487426711026,0.2582512573288974,0.14460721903496834
805,2026020805,2027-01-21T19:00:00,2027-01-21,19:00:00,Winnipeg Jets,WPG,New York Rangers,NYR,3.2722933424941916,3.0949069804984877,0.5324592220812508,0.4675407779187491,0.16117397807576633
806,2026020806,2027-01-21T21:00:00,2027-01-21,21:00:00,Minnesota Wild,MIN,Detroit Red Wings,DET,3.2047978237469534,2.706297901897028,0.5947287136881115,0.40527128631188847,0.16478012776872958
807,2026020807,2027-01-21T22:00:00,2027-01-21,22:00:00,Los Angeles Kings,LAK,Edmonton Oilers,EDM,3.0210024999661207,3.645597937522145,0.39031303034583625,0.6096869696541637,0.15349691952102268
808,2026020808,2027-01-22T19:00:00,2027-01-22,19:00:00,Washington Capitals,WSH,New York Islanders,NYI,3.555971894625914,2.449739670333283,0.7007923972912911,0.29920760270870894,0.15167731034813717
809,2026020809,2027-01-22T20:00:00,2027-01-22,20:00:00,Chicago Blackhawks,CHI,Vancouver Canucks,VAN,3.0455583489899247,3.1506901230453215,0.48041741282672623,0.5195825871732738,0.1637286124697134
810,2026020810,2027-01-22T20:00:00,2027-01-22,20:00:00,Dallas Stars,DAL,Colorado Avalanche,COL,2.9765606447673463,2.986359642836582,0.4981300144316678,0.5018699855683322,0.16719981692919397
811,2026020811,2027-01-22T22:00:00,2027-01-22,22:00:00,Vegas Golden Knights,VGK,Boston Bruins,BOS,3.6429554545291536,2.682849678398436,0.6709468284792315,0.3290531715207685,0.15156241598589376
812,2026020812,2027-01-23T12:30:00,2027-01-23,12:30:00,Detroit Red Wings,DET,Tampa Bay Lightning,TBL,2.476867287616638,3.2117466085381134,0.3587462078088658,0.6412537921911342,0.1641509597955746
813,2026020813,2027-01-23T15:30:00,2027-01-23,15:30:00,Ottawa Senators,OTT,Columbus Blue Jackets,CBJ,3.5867028243039365,3.060888876062655,0.5928566528791825,0.40714334712081746,0.15493491901129444
814,2026020814,2027-01-23T17:00:00,2027-01-23,17:00:00,Nashville Predators,NSH,Los Angeles Kings,LAK,3.3921095637084275,3.3614749115649394,0.5054051081197204,0.4945948918802796,0.15662568623489195
815,2026020815,2027-01-23T19:00:00,2027-01-23,19:00:00,Montréal Canadiens,MTL,Calgary Flames,CGY,3.7850075176279314,2.2700568818516906,0.7635091346408891,0.2364908653591109,0.13915093941500686
816,2026020816,2027-01-23T19:00:00,2027-01-23,19:00:00,Pittsburgh Penguins,PIT,Vancouver Canucks,VAN,4.001825084273536,2.7743047394035014,0.7058852241839775,0.2941147758160225,0.14100415020674317
817,2026020817,2027-01-23T19:00:00,2027-01-23,19:00:00,Carolina Hurricanes,CAR,Anaheim Ducks,ANA,3.4162738112698556,3.162093681403283,0.5455102149490972,0.45448978505090276,0.15808709144108915
818,2026020818,2027-01-23T19:00:00,2027-01-23,19:00:00,St. Louis Blues,STL,Toronto Maple Leafs,TOR,2.718404811588329,2.8389836765615772,0.47598869302502,0.52401130697498,0.17332259250001533
819,2026020819,2027-01-23T19:30:00,2027-01-23,19:30:00,New York Islanders,NYI,Seattle Kraken,SEA,2.8406991347370485,3.0444693031280505,0.4608611428651628,0.5391388571348372,0.16782001788262804
820,2026020820,2027-01-23T19:30:00,2027-01-23,19:30:00,Philadelphia Flyers,PHI,New Jersey Devils,NJD,2.4231529198092,3.745344735359501,0.2679382860736933,0.7320617139263067,0.14408007801375866
821,2026020821,2027-01-23T20:00:00,2027-01-23,20:00:00,Minnesota Wild,MIN,New York Rangers,NYR,3.4752534331197764,3.0852407201511904,0.5697420704243251,0.43025792957567494,0.1573408479760824
822,2026020822,2027-01-23T21:00:00,2027-01-23,21:00:00,Utah Mammoth,UTA,Boston Bruins,BOS,3.6662934079290856,2.386165268609748,0.7279180764765298,0.27208192352347016,0.14641862668695105
823,2026020823,2027-01-23T22:00:00,2027-01-23,22:00:00,San Jose Sharks,SJS,Edmonton Oilers,EDM,2.7771688477690266,3.81405751069217,0.32075183362557375,0.6792481663744263,0.14710309572330232
824,2026020824,2027-01-24T15:00:00,2027-01-24,15:00:00,Winnipeg Jets,WPG,Buffalo Sabres,BUF,3.6031703131410455,2.8620963422434653,0.6319199438640802,0.36808005613591976,0.15409910327638152
825,2026020825,2027-01-24T17:00:00,2027-01-24,17:00:00,Columbus Blue Jackets,CBJ,Anaheim Ducks,ANA,3.3676569404330112,3.4825908634112714,0.47991507912432474,0.5200849208756753,0.1553387359358223
826,2026020826,2027-01-24T17:00:00,2027-01-24,17:00:00,Colorado Avalanche,COL,Dallas Stars,DAL,3.143114918144156,2.828111862113324,0.5598336131069468,0.4401663868930532,0.1658167251515588
827,2026020827,2027-01-24T18:00:00,2027-01-24,18:00:00,Florida Panthers,FLA,Los Angeles Kings,LAK,3.3029499006166505,3.2247263859526174,0.5141030045290623,0.4858969954709376,0.15937893802261008
828,2026020828,2027-01-24T19:00:00,2027-01-24,19:00:00,New Jersey Devils,NJD,Washington Capitals,WSH,3.32606372833702,2.839994650100648,0.5900637316384599,0.40993626836154007,0.16142474245107924
829,2026020829,2027-01-24T19:00:00,2027-01-24,19:00:00,Chicago Blackhawks,CHI,Vegas Golden Knights,VGK,2.3865099185789767,3.7944248834705685,0.25515218067802126,0.7448478193219787,0.1414344093581484
830,2026020830,2027-01-25T19:00:00,2027-01-25,19:00:00,Detroit Red Wings,DET,Pittsburgh Penguins,PIT,3.037646381478334,3.048258625287668,0.498000254372438,0.501999745627562,0.16541454199082065
831,2026020831,2027-01-25T19:00:00,2027-01-25,19:00:00,New York Rangers,NYR,Seattle Kraken,SEA,3.531023698595046,2.932360748321687,0.6072907934124001,0.39270920658759984,0.15623621426032117
832,2026020832,2027-01-25T19:30:00,2027-01-25,19:30:00,Ottawa Senators,OTT,Carolina Hurricanes,CAR,3.256624387595607,3.1050771178478582,0.5277544923091316,0.4722455076908683,0.16134559132808254
833,2026020833,2027-01-25T21:00:00,2027-01-25,21:00:00,Utah Mammoth,UTA,Minnesota Wild,MIN,3.3185050167876398,2.6471047278607784,0.6259058299434304,0.37409417005656964,0.16148491356385322
834,2026020834,2027-01-26T19:00:00,2027-01-26,19:00:00,Boston Bruins,BOS,Columbus Blue Jackets,CBJ,3.0530366133165376,3.455605147929977,0.42767703248647315,0.572322967513527,0.15787222105181256
835,2026020835,2027-01-26T19:00:00,2027-01-26,19:00:00,Toronto Maple Leafs,TOR,Calgary Flames,CGY,3.4769369666036685,1.994185221022222,0.7727750787809973,0.22722492121900276,0.14548513398043744
836,2026020836,2027-01-26T19:00:00,2027-01-26,19:00:00,Montréal Canadiens,MTL,Carolina Hurricanes,CAR,3.1888810844148705,3.2231499355925872,0.4937502149092604,0.5062497850907396,0.16093359485805045
837,2026020837,2027-01-26T19:00:00,2027-01-26,19:00:00,Tampa Bay Lightning,TBL,Los Angeles Kings,LAK,3.6937202760417804,2.5064850754785395,0.7102454550802411,0.28975454491975894,0.14749155276644962
838,2026020838,2027-01-26T19:00:00,2027-01-26,19:00:00,New Jersey Devils,NJD,Seattle Kraken,SEA,3.664525246888243,2.5591099984501575,0.6966223037950746,0.3033776962049254,0.14933176878171758
839,2026020839,2027-01-26T19:00:00,2027-01-26,19:00:00,Philadelphia Flyers,PHI,Florida Panthers,FLA,2.921426143277579,3.4260971285643076,0.4082047860620934,0.5917952139379066,0.15884717692732195
840,2026020840,2027-01-26T19:00:00,2027-01-26,19:00:00,Pittsburgh Penguins,PIT,New York Islanders,NYI,3.6120188596080443,2.6470193979500025,0.672837007352409,0.32716299264759097,0.1522022972804975
841,2026020841,2027-01-26T20:00:00,2027-01-26,20:00:00,St. Louis Blues,STL,Chicago Blackhawks,CHI,3.689470641163512,2.2706361132803186,0.7513499032498556,0.24865009675014435,0.1430884842459669
842,2026020842,2027-01-26T20:00:00,2027-01-26,20:00:00,Nashville Predators,NSH,Vegas Golden Knights,VGK,3.0342387624403724,3.6536311831132315,0.3914200728406335,0.6085799271593665,0.1533221927199644
843,2026020843,2027-01-26T20:00:00,2027-01-26,20:00:00,Dallas Stars,DAL,Anaheim Ducks,ANA,3.405558339605073,2.9037344525813857,0.591627816423297,0.408372183576703,0.15936819736460767
844,2026020844,2027-01-26T20:00:00,2027-01-26,20:00:00,Minnesota Wild,MIN,Vancouver Canucks,VAN,3.9975027932869462,2.6014213560612007,0.7344387125744496,0.2655612874255504,0.13819283629770782
845,2026020845,2027-01-26T21:00:00,2027-01-26,21:00:00,Colorado Avalanche,COL,Edmonton Oilers,EDM,3.622558355654972,3.042255458044445,0.6021069485060115,0.39789305149398846,0.15408701217659765
846,2026020846,2027-01-27T19:30:00,2027-01-27,19:30:00,Detroit Red Wings,DET,Toronto Maple Leafs,TOR,2.541785012084013,2.9005208273807073,0.4280009311076429,0.5719990688923571,0.17359502530373408
847,2026020847,2027-01-27T19:30:00,2027-01-27,19:30:00,New York Rangers,NYR,Florida Panthers,FLA,3.6328204983541053,3.1143333835407367,0.5907302791074898,0.4092697208925103,0.15385601897585097
848,2026020848,2027-01-27T21:00:00,2027-01-27,21:00:00,Utah Mammoth,UTA,Buffalo Sabres,BUF,3.8853140457687294,2.4320896812113943,0.7486552942394737,0.25134470576052625,0.1388944076475722
849,2026020849,2027-01-28T19:00:00,2027-01-28,19:00:00,Ottawa Senators,OTT,Boston Bruins,BOS,3.823956219226208,2.7393960673627435,0.6873345856464406,0.31266541435355943,0.14633230434376804
850,2026020850,2027-01-28T19:30:00,2027-01-28,19:30:00,Philadelphia Flyers,PHI,Los Angeles Kings,LAK,2.7978730146899826,3.371644645366191,0.39408357384801507,0.6059164261519849,0.1602665344065268
851,2026020851,2027-01-28T18:30:00,2027-01-28,18:30:00,Carolina Hurricanes,CAR,New York Islanders,NYI,3.6866137814601494,2.3353563588044284,0.739646028803814,0.2603539711961859,0.14461078922173037
852,2026020852,2027-01-28T19:00:00,2027-01-28,19:00:00,Columbus Blue Jackets,CBJ,Winnipeg Jets,WPG,3.3022965489278198,3.030052908899369,0.549912411439586,0.4500875885604139,0.1611377009408285
853,2026020853,2027-01-28T20:00:00,2027-01-28,20:00:00,St. Louis Blues,STL,Colorado Avalanche,COL,2.723740939218829,3.3172071655716238,0.38913429255012183,0.6108657074498782,0.1616910628557752
854,2026020854,2027-01-28T20:00:00,2027-01-28,20:00:00,Dallas Stars,DAL,Vancouver Canucks,VAN,4.071658897162842,2.2476690486480893,0.7998917258209888,0.20010827417901123,0.12679631770305744
855,2026020855,2027-01-28T20:00:00,2027-01-28,20:00:00,Calgary Flames,CGY,Montréal Canadiens,MTL,2.3892131235763205,3.5962393971745663,0.28235083755902785,0.7176491624409721,0.14918260877029035
856,2026020856,2027-01-28T20:00:00,2027-01-28,20:00:00,Edmonton Oilers,EDM,New Jersey Devils,NJD,3.3230719504804966,3.1884744026228917,0.5242947936779743,0.47570520632202573,0.1594501565136147
857,2026020857,2027-01-28T21:00:00,2027-01-28,21:00:00,Minnesota Wild,MIN,Seattle Kraken,SEA,3.554093255549109,2.757822495689326,0.6433976017217158,0.3566023982782842,0.15495008522990794
858,2026020858,2027-01-28T22:00:00,2027-01-28,22:00:00,Vegas Golden Knights,VGK,Buffalo Sabres,BUF,3.8605819067783944,2.7344841134477527,0.6933744319400983,0.3066255680599017,0.1450723713566831
859,2026020859,2027-01-28T22:00:00,2027-01-28,22:00:00,Anaheim Ducks,ANA,Chicago Blackhawks,CHI,4.283989283161995,2.420280540844924,0.7960395876005288,0.20396041239947113,0.12329034264689041
860,2026020860,2027-01-28T22:00:00,2027-01-28,22:00:00,San Jose Sharks,SJS,Nashville Predators,NSH,3.2523646086145592,3.371865065708898,0.478661724645736,0.5213382753542639,0.1580703957415177
861,2026020861,2027-01-29T19:00:00,2027-01-29,19:00:00,Detroit Red Wings,DET,Florida Panthers,FLA,3.1866215263042568,2.871965755036734,0.5592371642819537,0.44076283571804625,0.16457407346107467
862,2026020862,2027-01-29T19:00:00,2027-01-29,19:00:00,Pittsburgh Penguins,PIT,New York Rangers,NYR,3.479011043149546,3.290277421676841,0.533211765125874,0.466788234874126,0.15606629659006122
863,2026020863,2027-01-29T21:00:00,2027-01-29,21:00:00,Utah Mammoth,UTA,Washington Capitals,WSH,3.2752824058382517,2.6088479042859944,0.6260361973599339,0.3739638026400661,0.1626719951816166
864,2026020864,2027-01-30T13:00:00,2027-01-30,13:00:00,Philadelphia Flyers,PHI,Winnipeg Jets,WPG,2.619489876812024,3.42033501631917,0.3519794710222168,0.6480205289777832,0.1581892535133786
865,2026020865,2027-01-30T15:30:00,2027-01-30,15:30:00,St. Louis Blues,STL,Vancouver Canucks,VAN,3.725824988055586,2.4966798261869627,0.7164625112726237,0.28353748872737633,0.14615250427331072
866,2026020866,2027-01-30T15:30:00,2027-01-30,15:30:00,Calgary Flames,CGY,New Jersey Devils,NJD,2.182535052341832,3.575806927107405,0.2479619460405791,0.7520380539594209,0.1458252046027487
867,2026020867,2027-01-30T16:00:00,2027-01-30,16:00:00,San Jose Sharks,SJS,Chicago Blackhawks,CHI,3.3776953892019703,2.6520620338236727,0.6348259290008397,0.3651740709991604,0.15970830703160172
868,2026020868,2027-01-30T17:00:00,2027-01-30,17:00:00,Colorado Avalanche,COL,Buffalo Sabres,BUF,4.259143233761735,2.551070336246789,0.7735971374122397,0.2264028625877603,0.1275951095865342
869,2026020869,2027-01-30T19:00:00,2027-01-30,19:00:00,Boston Bruins,BOS,Toronto Maple Leafs,TOR,2.629116625325365,3.268101106578919,0.37914893410523826,0.6208510658947617,0.16294574093724626
870,2026020870,2027-01-30T19:00:00,2027-01-30,19:00:00,Ottawa Senators,OTT,New York Rangers,NYR,3.680266425118323,3.0192372769853537,0.6155490943099802,0.38445090569001983,0.15262612295403805
871,2026020871,2027-01-30T19:00:00,2027-01-30,19:00:00,Tampa Bay Lightning,TBL,New York Islanders,NYI,3.805743130219815,2.15835384804675,0.7846180883233738,0.2153819116766262,0.13536355173392742
872,2026020872,2027-01-30T19:00:00,2027-01-30,19:00:00,Carolina Hurricanes,CAR,Los Angeles Kings,LAK,3.5780975248657674,2.712037168773086,0.6556516751608086,0.3443483248391914,0.15389173133695233
873,2026020873,2027-01-30T19:00:00,2027-01-30,19:00:00,Columbus Blue Jackets,CBJ,Detroit Red Wings,DET,3.2279200432104265,2.804418501921403,0.5796993016795491,0.4203006983204509,0.16394389505286117
874,2026020874,2027-01-30T19:00:00,2027-01-30,19:00:00,Edmonton Oilers,EDM,Montréal Canadiens,MTL,3.6377546863026797,3.2066936211432284,0.5749486758577851,0.42505132414221497,0.15360609807068307
875,2026020875,2027-01-30T21:00:00,2027-01-30,21:00:00,Minnesota Wild,MIN,Dallas Stars,DAL,2.8239503535010617,3.1630048174611467,0.4357403703340262,0.5642596296659739,0.16539181850256648
876,2026020876,2027-01-30T22:00:00,2027-01-30,22:00:00,Vegas Golden Knights,VGK,Washington Capitals,WSH,3.2544334503253745,2.933219611012958,0.5596806580311211,0.4403193419688789,0.16273458046180544
877,2026020877,2027-01-30T22:00:00,2027-01-30,22:00:00,Anaheim Ducks,ANA,Nashville Predators,NSH,4.125030093827386,3.077175156843494,0.6715010581017576,0.32849894189824236,0.1410763555915238
878,2026020878,2027-01-31T12:00:00,2027-01-31,12:00:00,Pittsburgh Penguins,PIT,Philadelphia Flyers,PHI,3.8272812436113637,2.6459613082115245,0.704210371614726,0.29578962838527406,0.14493242252456046
879,2026020879,2027-01-31T16:00:00,2027-01-31,16:00:00,Seattle Kraken,SEA,New Jersey Devils,NJD,2.693438759994894,3.481765889083186,0.35609471662072734,0.6439052833792726,0.15674198769828857
880,2026020880,2027-01-31T20:00:00,2027-01-31,20:00:00,Utah Mammoth,UTA,Nashville Predators,NSH,3.87004677709412,2.5641048536016595,0.7242135940945742,0.2757864059054258,0.1420768942830088
881,2026020881,2027-02-01T14:00:00,2027-02-01,14:00:00,Florida Panthers,FLA,New York Islanders,NYI,3.4031215019894088,2.776837042482647,0.6152261783957427,0.3847738216042573,0.15938178214153476
882,2026020882,2027-02-01T19:30:00,2027-02-01,19:30:00,Calgary Flames,CGY,Vegas Golden Knights,VGK,2.2541784073520614,3.4987981668354733,0.2714053885997803,0.7285946114002197,0.1505777660716419
883,2026020883,2027-02-01T20:30:00,2027-02-01,20:30:00,Vancouver Canucks,VAN,Montréal Canadiens,MTL,2.7812828711783846,3.93852907739202,0.30390802969953756,0.6960919703004624,0.1431676903739913
884,2026020884,2027-02-02T18:00:00,2027-02-02,18:00:00,Washington Capitals,WSH,Winnipeg Jets,WPG,3.2312575556444996,2.885953058971625,0.5645737127769956,0.4354262872230044,0.16350641360757284
885,2026020885,2027-02-02T19:00:00,2027-02-02,19:00:00,Pittsburgh Penguins,PIT,Tampa Bay Lightning,TBL,2.8452059234519176,3.4931681611168064,0.3827240095308892,0.6172759904691107,0.15706781944088008
886,2026020886,2027-02-02T21:00:00,2027-02-02,21:00:00,Utah Mammoth,UTA,Nashville Predators,NSH,3.87004677709412,2.5641048536016595,0.7242135940945742,0.2757864059054258,0.1420768942830088
887,2026020887,2027-02-03T19:00:00,2027-02-03,19:00:00,Buffalo Sabres,BUF,New York Islanders,NYI,3.3150428345742817,2.9060113816923803,0.5755668778202211,0.4244331221797789,0.16151616005252636
888,2026020888,2027-02-03T19:00:00,2027-02-03,19:00:00,Florida Panthers,FLA,Washington Capitals,WSH,3.0425550100886936,3.4239830882096327,0.4311557914306818,0.5688442085693182,0.15858580427318864
889,2026020889,2027-02-03T19:30:00,2027-02-03,19:30:00,New York Rangers,NYR,Winnipeg Jets,WPG,3.257359951272819,3.1090956048522322,0.5271414596691514,0.4728585403308486,0.16129405982546474
890,2026020890,2027-02-03T19:30:00,2027-02-03,19:30:00,Philadelphia Flyers,PHI,Tampa Bay Lightning,TBL,2.270738707983417,3.831436991855023,0.2309441593770692,0.7690558406229309,0.13726201130585036
891,2026020891,2027-02-03T21:00:00,2027-02-03,21:00:00,Calgary Flames,CGY,Utah Mammoth,UTA,2.0048988462463906,3.521212601926041,0.22354350616002516,0.7764564938399747,0.14373173811249818
892,2026020892,2027-02-03T21:00:00,2027-02-03,21:00:00,Edmonton Oilers,EDM,Vegas Golden Knights,VGK,3.43215428719594,3.119807255343941,0.5560043407534739,0.44399565924652606,0.15805107540540564
893,2026020893,2027-02-03T21:00:00,2027-02-03,21:00:00,Vancouver Canucks,VAN,New Jersey Devils,NJD,2.5406889393518974,3.9161518470147314,0.26576077220790995,0.73423922779209,0.13996495013502772
894,2026020894,2027-02-03T21:40:00,2027-02-03,21:40:00,Seattle Kraken,SEA,Montréal Canadiens,MTL,2.9484975400619784,3.501661000525096,0.4005574094179731,0.5994425905820269,0.156983444422028
895,2026020895,2027-02-08T19:30:00,2027-02-08,19:30:00,Toronto Maple Leafs,TOR,Columbus Blue Jackets,CBJ,3.2262358989626403,2.79115808464326,0.5819712226038747,0.4180287773961253,0.1640288981409079
896,2026020896,2027-02-08T20:00:00,2027-02-08,20:00:00,Dallas Stars,DAL,Los Angeles Kings,LAK,3.5668744775458934,2.490449859206221,0.6948943065911757,0.3051056934088244,0.15186061287678823
897,2026020897,2027-02-09T19:00:00,2027-02-09,19:00:00,Ottawa Senators,OTT,Columbus Blue Jackets,CBJ,3.5867028243039365,3.060888876062655,0.5928566528791825,0.40714334712081746,0.15493491901129444
898,2026020898,2027-02-09T19:30:00,2027-02-09,19:30:00,Carolina Hurricanes,CAR,Colorado Avalanche,COL,2.9859262900057737,3.252070432479276,0.4507409813883419,0.5492590186116582,0.16243867359779385
899,2026020899,2027-02-09T20:00:00,2027-02-09,20:00:00,St. Louis Blues,STL,Los Angeles Kings,LAK,3.2639153704546433,2.766357407177094,0.5934150693577828,0.4065849306422173,0.16312616048529993
900,2026020900,2027-02-09T22:00:00,2027-02-09,22:00:00,Anaheim Ducks,ANA,Detroit Red Wings,DET,3.468315758377454,2.7685088744073423,0.6275907034244297,0.3724092965755703,0.15751808720586477
901,2026020901,2027-02-10T19:30:00,2027-02-10,19:30:00,Toronto Maple Leafs,TOR,Boston Bruins,BOS,3.439645109969003,2.4979957751014297,0.67419254301911,0.3258074569808899,0.15649031366321373
902,2026020902,2027-02-10T22:00:00,2027-02-10,22:00:00,San Jose Sharks,SJS,Chicago Blackhawks,CHI,3.3776953892019703,2.6520620338236727,0.6348259290008397,0.3651740709991604,0.15970830703160172
903,2026020903,2027-02-11T19:00:00,2027-02-11,19:00:00,Columbus Blue Jackets,CBJ,Ottawa Senators,OTT,3.221556222208997,3.4078246721165555,0.46677899697976466,0.5332210030202352,0.15778225623442288
904,2026020904,2027-02-11T19:30:00,2027-02-11,19:30:00,Carolina Hurricanes,CAR,Minnesota Wild,MIN,3.339506957413874,2.921842085504365,0.576834697305009,0.4231653026949909,0.16089730903170987
905,2026020905,2027-02-11T22:00:00,2027-02-11,22:00:00,Anaheim Ducks,ANA,Chicago Blackhawks,CHI,4.283989283161995,2.420280540844924,0.7960395876005288,0.20396041239947113,0.12329034264689041
906,2026020906,2027-02-11T22:00:00,2027-02-11,22:00:00,Los Angeles Kings,LAK,Detroit Red Wings,DET,2.974675072114485,2.8996489445334266,0.5144471474387553,0.4855528525612447,0.16845018379456678
907,2026020907,2027-02-12T19:00:00,2027-02-12,19:00:00,Tampa Bay Lightning,TBL,Dallas Stars,DAL,2.978625110834225,2.7504821952577414,0.5445279997643745,0.4554720002356255,0.17005862700445978
908,2026020908,2027-02-12T19:00:00,2027-02-12,19:00:00,Florida Panthers,FLA,Colorado Avalanche,COL,2.7563152972453437,3.866848674989418,0.3095586078779551,0.6904413921220449,0.14515617336468067
909,2026020909,2027-02-12T19:00:00,2027-02-12,19:00:00,New York Rangers,NYR,New York Islanders,NYI,3.584697362539967,2.6391540979462107,0.6701367515253771,0.3298632484746229,0.15302154906649224
910,2026020910,2027-02-12T20:00:00,2027-02-12,20:00:00,Edmonton Oilers,EDM,St. Louis Blues,STL,3.436918641926278,2.882223871811135,0.6009830111409306,0.3990169888590695,0.15859586077105237
911,2026020911,2027-02-12T21:00:00,2027-02-12,21:00:00,Utah Mammoth,UTA,Calgary Flames,CGY,3.706042534300539,1.9049093521324574,0.8146486261014211,0.18535137389857892,0.13204043403525118
912,2026020912,2027-02-13T13:00:00,2027-02-13,13:00:00,Montréal Canadiens,MTL,Washington Capitals,WSH,3.345069144165132,3.108931735885027,0.5428064570302722,0.4571935429697278,0.15976244883448337
913,2026020913,2027-02-13T13:00:00,2027-02-13,13:00:00,Nashville Predators,NSH,Anaheim Ducks,ANA,3.2386973767267158,3.919304167525036,0.38602472417730216,0.6139752758226978,0.14745233621335616
914,2026020914,2027-02-13T16:00:00,2027-02-13,16:00:00,San Jose Sharks,SJS,Detroit Red Wings,DET,2.7345806375877135,3.033638932434018,0.4419595692732671,0.5580404307267328,0.16895506756600717
915,2026020915,2027-02-13T18:00:00,2027-02-13,18:00:00,Florida Panthers,FLA,Dallas Stars,DAL,2.6635069194646515,3.538641660352651,0.3414859525428315,0.6585140474571685,0.15474123782755791
916,2026020916,2027-02-13T18:00:00,2027-02-13,18:00:00,Los Angeles Kings,LAK,Chicago Blackhawks,CHI,3.6742548884272397,2.534925562497291,0.7023839319351755,0.29761606806482455,0.14863607308762422
917,2026020917,2027-02-13T19:00:00,2027-02-13,19:00:00,Boston Bruins,BOS,Columbus Blue Jackets,CBJ,3.0530366133165376,3.455605147929977,0.42767703248647315,0.572322967513527,0.15787222105181256
918,2026020918,2027-02-13T19:00:00,2027-02-13,19:00:00,Ottawa Senators,OTT,Toronto Maple Leafs,TOR,3.0886822596061796,2.8948024715635627,0.5368672839679245,0.4631327160320755,0.1664209154259614
919,2026020919,2027-02-13T19:00:00,2027-02-13,19:00:00,Tampa Bay Lightning,TBL,Colorado Avalanche,COL,3.082413602064773,3.00558786482338,0.5144706117424382,0.4855293882575618,0.1653127709238586
920,2026020920,2027-02-13T19:00:00,2027-02-13,19:00:00,New York Islanders,NYI,Minnesota Wild,MIN,2.6123527095513674,3.4281714285052787,0.3493572694051803,0.6506427305948197,0.1578889765416491
921,2026020921,2027-02-13T19:00:00,2027-02-13,19:00:00,Carolina Hurricanes,CAR,Buffalo Sabres,BUF,3.909903170838818,2.6845110854481042,0.7088429305341175,0.2911570694658825,0.14269874464754456
922,2026020922,2027-02-13T19:00:00,2027-02-13,19:00:00,Edmonton Oilers,EDM,Pittsburgh Penguins,PIT,3.819095895769171,3.0957320393959717,0.6236121588526391,0.3763878411473609,0.14938579207747923
923,2026020923,2027-02-13T19:30:00,2027-02-13,19:30:00,Philadelphia Flyers,PHI,New Jersey Devils,NJD,2.4231529198092,3.745344735359501,0.2679382860736933,0.7320617139263067,0.14408007801375866
924,2026020924,2027-02-13T22:00:00,2027-02-13,22:00:00,Vancouver Canucks,VAN,Winnipeg Jets,WPG,2.7465493004397823,3.5763200020309447,0.35101027621974945,0.6489897237802505,0.15420557789263004
925,2026020925,2027-02-13T22:00:00,2027-02-13,22:00:00,Vegas Golden Knights,VGK,Calgary Flames,CGY,3.6824515560726057,2.1417566963935903,0.7726996377650526,0.22730036223494743,0.14022496005650056
926,2026020926,2027-02-13T22:00:00,2027-02-13,22:00:00,Seattle Kraken,SEA,St. Louis Blues,STL,2.785714550590673,3.147344935031667,0.4311231641166945,0.5688768358833055,0.16596664392097607
927,2026020927,2027-02-14T13:00:00,2027-02-14,13:00:00,Montréal Canadiens,MTL,New York Rangers,NYR,3.6037106500119567,3.1340459722942375,0.5823904074561291,0.4176095925438708,0.15447506525389876
928,2026020928,2027-02-14T13:00:00,2027-02-14,13:00:00,Washington Capitals,WSH,Utah Mammoth,UTA,2.745787429454335,3.111935595871668,0.4297260641242835,0.5702739358757165,0.16702494269360998
929,2026020929,2027-02-15T14:00:00,2027-02-15,14:00:00,Boston Bruins,BOS,Anaheim Ducks,ANA,3.0139435152301166,3.7129574552211073,0.37832896040459096,0.621671039595409,0.15177700040096676
930,2026020930,2027-02-15T15:00:00,2027-02-15,15:00:00,New York Islanders,NYI,Utah Mammoth,UTA,2.2268229861143496,3.4807242281573005,0.26890857844552074,0.7310914215544793,0.15078885711238013
931,2026020931,2027-02-15T18:00:00,2027-02-15,18:00:00,New York Rangers,NYR,Buffalo Sabres,BUF,3.801813917904183,3.033729051856324,0.6319286644059151,0.3680713355940849,0.14955277483269724
932,2026020932,2027-02-15T15:00:00,2027-02-15,15:00:00,Colorado Avalanche,COL,Columbus Blue Jackets,CBJ,3.769691573156586,2.7966370242452903,0.6693103998399818,0.3306896001600183,0.14870121518284915
933,2026020933,2027-02-15T16:00:00,2027-02-15,16:00:00,Seattle Kraken,SEA,Pittsburgh Penguins,PIT,3.0954794440471685,3.3804926292160773,0.44848982880133215,0.5515101711986679,0.1591920953637383
934,2026020934,2027-02-15T19:30:00,2027-02-15,19:30:00,Minnesota Wild,MIN,Ottawa Senators,OTT,3.1984795880338366,3.2885921818955515,0.48369017600909237,0.5163098239909076,0.15987732827456444
935,2026020935,2027-02-15T19:30:00,2027-02-15,19:30:00,San Jose Sharks,SJS,Winnipeg Jets,WPG,2.7975898043897294,3.2777156709935626,0.4102080627544674,0.5897919372455326,0.16271884297847974
936,2026020936,2027-02-15T20:00:00,2027-02-15,20:00:00,St. Louis Blues,STL,Philadelphia Flyers,PHI,3.563319183989847,2.3811797331620275,0.7144422969179234,0.2855577030820767,0.15031313524739665
937,2026020937,2027-02-15T22:00:00,2027-02-15,22:00:00,Vegas Golden Knights,VGK,Detroit Red Wings,DET,3.2332133628947126,2.5937332092993968,0.6218100684256527,0.3781899315743473,0.16391343002181158
938,2026020938,2027-02-15T22:00:00,2027-02-15,22:00:00,Los Angeles Kings,LAK,Calgary Flames,CGY,3.38799071345886,2.39436443265596,0.6859136037854394,0.3140863962145606,0.15716306837986382
939,2026020939,2027-02-16T19:00:00,2027-02-16,19:00:00,Toronto Maple Leafs,TOR,Carolina Hurricanes,CAR,2.9293306480547834,2.8314523825739952,0.5190717296384285,0.4809282703615715,0.1701372828534414
940,2026020940,2027-02-16T19:30:00,2027-02-16,19:30:00,Tampa Bay Lightning,TBL,Florida Panthers,FLA,3.8568337175154532,2.5469651232933064,0.7254097556599979,0.2745902443400022,0.14224578194589618
941,2026020941,2027-02-16T19:00:00,2027-02-16,19:00:00,Washington Capitals,WSH,Anaheim Ducks,ANA,3.2952119146070835,3.3169697221752967,0.49610852795639854,0.5038914720436014,0.15837292700371655
942,2026020942,2027-02-16T20:00:00,2027-02-16,20:00:00,Nashville Predators,NSH,New Jersey Devils,NJD,2.937803163494737,3.7340478274825473,0.36136106197330886,0.6386389380266911,0.15086032413030873
943,2026020943,2027-02-16T20:00:00,2027-02-16,20:00:00,Dallas Stars,DAL,Minnesota Wild,MIN,3.3290322723759056,2.6831126410258994,0.6207177218081406,0.3792822781918595,0.1612776758309209
944,2026020944,2027-02-16T21:00:00,2027-02-16,21:00:00,Vancouver Canucks,VAN,Pittsburgh Penguins,PIT,2.919929163526521,3.802243710650567,0.3478030275225055,0.6521969724774945,0.14882130241378164
945,2026020945,2027-02-17T19:30:00,2027-02-17,19:30:00,Chicago Blackhawks,CHI,St. Louis Blues,STL,2.389822759106571,3.5054671919875973,0.29552613577419673,0.7044738642258033,0.15267019601798257
946,2026020946,2027-02-17T19:30:00,2027-02-17,19:30:00,Winnipeg Jets,WPG,Los Angeles Kings,LAK,3.297394901049141,2.891443325695228,0.5752454431937339,0.42475455680626606,0.16197761897248536
947,2026020947,2027-02-17T21:00:00,2027-02-17,21:00:00,Utah Mammoth,UTA,Columbus Blue Jackets,CBJ,3.4388220385031203,2.6662032606939152,0.6421286883276695,0.35787131167233055,0.15790137433744764
948,2026020948,2027-02-17T21:00:00,2027-02-17,21:00:00,Calgary Flames,CGY,Boston Bruins,BOS,2.598503601096324,3.1261841632349534,0.39789270121209963,0.6021072987879004,0.16709379558345297
949,2026020949,2027-02-17T21:00:00,2027-02-17,21:00:00,Edmonton Oilers,EDM,Colorado Avalanche,COL,3.201944728231861,3.441891995325475,0.4572978813161527,0.5427021186838473,0.1573534497192109
950,2026020950,2027-02-17T21:40:00,2027-02-17,21:40:00,Seattle Kraken,SEA,Ottawa Senators,OTT,2.840485992468704,3.576048874050414,0.3684189663191368,0.6315810336808632,0.15475967523442674
951,2026020951,2027-02-18T19:00:00,2027-02-18,19:00:00,Buffalo Sabres,BUF,Carolina Hurricanes,CAR,2.825422202859919,3.7149061809315325,0.34405273282923915,0.6559472671707609,0.15062926207760782
952,2026020952,2027-02-18T19:00:00,2027-02-18,19:00:00,Detroit Red Wings,DET,Montréal Canadiens,MTL,2.893410550857,3.157518598157488,0.4501852573281488,0.5498147426718512,0.1650464196152424
953,2026020953,2027-02-18T19:00:00,2027-02-18,19:00:00,Tampa Bay Lightning,TBL,Anaheim Ducks,ANA,3.5266673860912694,2.9224306771901256,0.6084126663248697,0.3915873336751303,0.1563343383188121
954,2026020954,2027-02-18T19:00:00,2027-02-18,19:00:00,Florida Panthers,FLA,New Jersey Devils,NJD,2.8605846847375864,3.582142622651966,0.3711535472638648,0.6288464527361353,0.15467823902847522
955,2026020955,2027-02-18T19:00:00,2027-02-18,19:00:00,New York Islanders,NYI,New York Rangers,NYR,2.77768440798272,3.405919227920864,0.3844666056243178,0.6155333943756822,0.15930595199142683
956,2026020956,2027-02-18T20:00:00,2027-02-18,20:00:00,Nashville Predators,NSH,Toronto Maple Leafs,TOR,2.8251734229663343,3.449725034930459,0.3861442066973334,0.6138557933026666,0.1582001675343153
957,2026020957,2027-02-18T21:00:00,2027-02-18,21:00:00,Dallas Stars,DAL,Philadelphia Flyers,PHI,3.894069180768199,2.1436885616488395,0.796962936347513,0.20303706365248694,0.13116482936040547
958,2026020958,2027-02-18T20:00:00,2027-02-18,20:00:00,Minnesota Wild,MIN,Los Angeles Kings,LAK,3.5019118858971963,2.8824125392639273,0.6117712458463808,0.38822875415361924,0.15691375803576924
959,2026020959,2027-02-18T21:00:00,2027-02-18,21:00:00,Vancouver Canucks,VAN,Ottawa Senators,OTT,2.6793968552910084,4.022197600084791,0.27543555704788575,0.7245644429521142,0.13876340711670965
960,2026020960,2027-02-18T22:00:00,2027-02-18,22:00:00,Vegas Golden Knights,VGK,Columbus Blue Jackets,CBJ,3.4169320642005516,2.9977062589068275,0.5759683121930717,0.42403168780692835,0.15889925465386118
961,2026020961,2027-02-19T19:00:00,2027-02-19,19:00:00,Washington Capitals,WSH,San Jose Sharks,SJS,3.6107824132990896,2.615252419222819,0.6784806533522644,0.3215193466477356,0.15189672272831323
962,2026020962,2027-02-19T19:00:00,2027-02-19,19:00:00,Carolina Hurricanes,CAR,Detroit Red Wings,DET,3.2745196151348295,2.5463324211015417,0.6381404283992969,0.36185957160070314,0.16244224210274333
963,2026020963,2027-02-19T19:00:00,2027-02-19,19:00:00,Winnipeg Jets,WPG,St. Louis Blues,STL,2.953610967058353,2.903417314444157,0.5096840919130456,0.4903159080869543,0.1687525509965263
964,2026020964,2027-02-19T20:00:00,2027-02-19,20:00:00,Calgary Flames,CGY,Pittsburgh Penguins,PIT,2.508314831872902,3.471798318918383,0.3227757262084087,0.6772242737915912,0.15547369635558428
965,2026020965,2027-02-19T20:00:00,2027-02-19,20:00:00,Edmonton Oilers,EDM,Boston Bruins,BOS,3.9564150050009492,2.7875549171283085,0.6974708707145081,0.3025291292854919,0.14267572209918924
966,2026020966,2027-02-19T21:00:00,2027-02-19,21:00:00,Utah Mammoth,UTA,Seattle Kraken,SEA,3.6085763975677425,2.3508244130169125,0.7263144539652763,0.2736855460347237,0.1480077817621504
967,2026020967,2027-02-20T12:30:00,2027-02-20,12:30:00,Philadelphia Flyers,PHI,New York Rangers,NYR,2.776574087683936,3.6088988692853468,0.3514547768567533,0.6485452231432467,0.15343294558820553
968,2026020968,2027-02-20T13:30:00,2027-02-20,13:30:00,New Jersey Devils,NJD,Buffalo Sabres,BUF,3.945553549151852,2.647575457295865,0.7199312723163879,0.28006872768361213,0.14086637311012365
969,2026020969,2027-02-20T15:00:00,2027-02-20,15:00:00,Chicago Blackhawks,CHI,Minnesota Wild,MIN,2.4900813863008255,3.761077059891442,0.27754831681928654,0.7224516831807134,0.14473490594441193
970,2026020970,2027-02-20T17:00:00,2027-02-20,17:00:00,Florida Panthers,FLA,Anaheim Ducks,ANA,3.15357006537611,3.7598625294240513,0.3958674579933511,0.604132542006649,0.1509703859189636
971,2026020971,2027-02-20T17:00:00,2027-02-20,17:00:00,Columbus Blue Jackets,CBJ,Nashville Predators,NSH,3.8391162299884556,3.1170884165405313,0.6229263345520524,0.37707366544794757,0.14896912530624565
972,2026020972,2027-02-20T19:00:00,2027-02-20,19:00:00,Montréal Canadiens,MTL,New York Islanders,NYI,3.7414859196967565,2.521331614190165,0.7142616700484369,0.2857383299515631,0.14599408911095724
973,2026020973,2027-02-20T19:00:00,2027-02-20,19:00:00,Tampa Bay Lightning,TBL,Toronto Maple Leafs,TOR,3.0763747926634184,2.572288814296818,0.5984225561244017,0.40157744387559835,0.16856234771260473
974,2026020974,2027-02-20T20:00:00,2027-02-20,20:00:00,Dallas Stars,DAL,Vegas Golden Knights,VGK,3.1905658108215764,2.706902626067695,0.5920895884844279,0.40791041151557206,0.16516020137217396
975,2026020975,2027-02-20T22:00:00,2027-02-20,22:00:00,Vancouver Canucks,VAN,Colorado Avalanche,COL,2.448079872076953,4.2274047060346644,0.21410070904400014,0.7858992909559999,0.1261890465510914
976,2026020976,2027-02-20T22:30:00,2027-02-20,22:30:00,Los Angeles Kings,LAK,Seattle Kraken,SEA,3.298889100870447,2.9548547051049527,0.5634658365482328,0.4365341634517672,0.16166150996330525
977,2026020977,2027-02-21T13:00:00,2027-02-21,13:00:00,Carolina Hurricanes,CAR,New York Rangers,NYR,3.5508591056800145,2.902876459800234,0.6159900945573406,0.3840099054426594,0.15566730947833018
978,2026020978,2027-02-21T15:30:00,2027-02-21,15:30:00,Detroit Red Wings,DET,Buffalo Sabres,BUF,3.3348584317021492,2.7976343165566093,0.5996826909468882,0.4003173090531118,0.16124159872955274
979,2026020979,2027-02-21T18:00:00,2027-02-21,18:00:00,Chicago Blackhawks,CHI,New Jersey Devils,NJD,2.3106607414355262,3.8779404057406985,0.23198009394777444,0.7680199060522255,0.13636599934822596
980,2026020980,2027-02-21T18:00:00,2027-02-21,18:00:00,Florida Panthers,FLA,San Jose Sharks,SJS,3.4555760376716993,2.9644496029867047,0.5887471938177382,0.41125280618226173,0.15808734092762605
981,2026020981,2027-02-21T18:00:00,2027-02-21,18:00:00,Washington Capitals,WSH,Nashville Predators,NSH,3.756529173364307,2.9688494297836443,0.6365336741674813,0.3634663258325187,0.1504204250466498
982,2026020982,2027-02-21T18:00:00,2027-02-21,18:00:00,St. Louis Blues,STL,Utah Mammoth,UTA,2.596707012913308,3.026052632124536,0.41569949586857924,0.5843005041314208,0.16991316433679227
983,2026020983,2027-02-21T17:00:00,2027-02-21,17:00:00,Winnipeg Jets,WPG,Pittsburgh Penguins,PIT,3.2820455463761684,3.118495440957461,0.5298342219389752,0.4701657780610248,0.16078961923575674
984,2026020984,2027-02-21T19:00:00,2027-02-21,19:00:00,Calgary Flames,CGY,Ottawa Senators,OTT,2.3016896973223457,3.6726364559999847,0.25628195629957645,0.7437180437004235,0.14446068887274535
985,2026020985,2027-02-21T20:00:00,2027-02-21,20:00:00,Vancouver Canucks,VAN,Boston Bruins,BOS,3.0249179050240937,3.423734036687557,0.42792647476931067,0.5720735252306893,0.15865819316079832
986,2026020986,2027-02-22T14:00:00,2027-02-22,14:00:00,Philadelphia Flyers,PHI,Montréal Canadiens,MTL,2.652616621313109,3.7667459591270096,0.3054672389446406,0.6945327610553593,0.14709368095859165
987,2026020987,2027-02-22T19:00:00,2027-02-22,19:00:00,Columbus Blue Jackets,CBJ,New York Islanders,NYI,3.6341497121436572,2.5720587488642614,0.6898467384397128,0.3101532615602872,0.15057061760719057
988,2026020988,2027-02-22T19:30:00,2027-02-22,19:30:00,Edmonton Oilers,EDM,Ottawa Senators,OTT,3.5044937599856167,3.2748153266676288,0.5403555812121609,0.4596444187878391,0.15576440326580235
989,2026020989,2027-02-22T21:00:00,2027-02-22,21:00:00,Colorado Avalanche,COL,Vegas Golden Knights,VGK,3.486488987079986,2.801223102466582,0.624415700882249,0.37558429911775104,0.15712143391803468
990,2026020990,2027-02-22T21:40:00,2027-02-22,21:40:00,Seattle Kraken,SEA,Boston Bruins,BOS,3.2067802575126616,3.0439678663938627,0.530144250374741,0.469855749625259,0.16279448195606686
991,2026020991,2027-02-23T19:00:00,2027-02-23,19:00:00,Toronto Maple Leafs,TOR,Detroit Red Wings,DET,3.0527703871154306,2.4150196154254804,0.626153962906796,0.37384603709320396,0.16922699555701745
992,2026020992,2027-02-23T19:00:00,2027-02-23,19:00:00,Tampa Bay Lightning,TBL,San Jose Sharks,SJS,3.864403536175067,2.3041795791612425,0.7674671277381082,0.23253287226189176,0.136752551008286
993,2026020993,2027-02-23T19:30:00,2027-02-23,19:30:00,New Jersey Devils,NJD,Carolina Hurricanes,CAR,3.1707630699811715,2.944332443166168,0.542460167501797,0.45753983249820296,0.16436935319270565
994,2026020994,2027-02-23T19:00:00,2027-02-23,19:00:00,Washington Capitals,WSH,New York Rangers,NYR,3.4250279335129017,3.0450563122151757,0.568560397766947,0.43143960223305305,0.15855360771977545
995,2026020995,2027-02-23T20:00:00,2027-02-23,20:00:00,Chicago Blackhawks,CHI,New York Islanders,NYI,2.748899305424121,3.0061361876286177,0.44995999257363517,0.5500400074263648,0.16946780273094073
996,2026020996,2027-02-23T20:00:00,2027-02-23,20:00:00,Nashville Predators,NSH,Winnipeg Jets,WPG,3.175839867112783,3.4100184200328827,0.4580873339243662,0.5419126660756338,0.15810169353961825
997,2026020997,2027-02-23T20:00:00,2027-02-23,20:00:00,Dallas Stars,DAL,Vancouver Canucks,VAN,4.071658897162842,2.2476690486480893,0.7998917258209888,0.20010827417901123,0.12679631770305744
998,2026020998,2027-02-23T20:00:00,2027-02-23,20:00:00,Minnesota Wild,MIN,Pittsburgh Penguins,PIT,3.4856105058128657,3.108755507248921,0.567193517985339,0.432806482014661,0.15703606542573492
999,2026020999,2027-02-24T19:00:00,2027-02-24,19:00:00,Philadelphia Flyers,PHI,Buffalo Sabres,BUF,3.057326552928744,3.3374238122156763,0.4489700004635945,0.5510299995364055,0.16026933154720024
1000,2026021000,2027-02-24T20:00:00,2027-02-24,20:00:00,Utah Mammoth,UTA,Calgary Flames,CGY,3.706042534300539,1.9049093521324574,0.8146486261014211,0.18535137389857892,0.13204043403525118
1001,2026021001,2027-02-24T21:30:00,2027-02-24,21:30:00,Vegas Golden Knights,VGK,Florida Panthers,FLA,3.688976206981469,2.8071376895247697,0.6553113223459897,0.3446886776540103,0.15125851710306196
1002,2026021002,2027-02-24T22:00:00,2027-02-24,22:00:00,Anaheim Ducks,ANA,Seattle Kraken,SEA,3.8463323812894927,2.8212178888378014,0.676139271021713,0.323860728978287,0.14658493138629552
1003,2026021003,2027-02-24T22:00:00,2027-02-24,22:00:00,Los Angeles Kings,LAK,Montréal Canadiens,MTL,3.0817017029731613,3.450249443785891,0.43387801040425167,0.5661219895957483,0.15787476836306502
1004,2026021004,2027-02-25T19:00:00,2027-02-25,19:00:00,Ottawa Senators,OTT,Detroit Red Wings,DET,3.393856032951274,2.648401291564162,0.6381880668571248,0.36181193314287513,0.15919301681595657
1005,2026021005,2027-02-25T19:00:00,2027-02-25,19:00:00,Pittsburgh Penguins,PIT,Toronto Maple Leafs,TOR,2.9197776597395433,3.1546719712967133,0.4557770937795336,0.5442229062204663,0.16489404122173457
1006,2026021006,2027-02-25T19:00:00,2027-02-25,19:00:00,Carolina Hurricanes,CAR,San Jose Sharks,SJS,3.7434379689108117,2.4931409819067647,0.7195096220459397,0.28049037795406023,0.1454418569846565
1007,2026021007,2027-02-25T20:00:00,2027-02-25,20:00:00,Boston Bruins,BOS,Washington Capitals,WSH,2.907843730211858,3.3812681805327554,0.41330065071647837,0.5866993492835216,0.15995104175198527
1008,2026021008,2027-02-25T20:00:00,2027-02-25,20:00:00,St. Louis Blues,STL,Vancouver Canucks,VAN,3.725824988055586,2.4966798261869627,0.7164625112726237,0.28353748872737633,0.14615250427331072
1009,2026021009,2027-02-25T20:00:00,2027-02-25,20:00:00,Nashville Predators,NSH,Edmonton Oilers,EDM,3.1526578809406702,3.9680093308955615,0.36383599380059,0.63616400619941,0.14589707910129165
1010,2026021010,2027-02-25T20:00:00,2027-02-25,20:00:00,Dallas Stars,DAL,Tampa Bay Lightning,TBL,2.8948561640060864,2.8300733679146375,0.5126741107543832,0.4873258892456168,0.1707705796972186
1011,2026021011,2027-02-25T21:00:00,2027-02-25,21:00:00,Colorado Avalanche,COL,Winnipeg Jets,WPG,3.6491955934650604,2.614446258884108,0.6843461417491814,0.3156538582508186,0.15058826063172828
1012,2026021012,2027-02-26T19:30:00,2027-02-26,19:30:00,Buffalo Sabres,BUF,Ottawa Senators,OTT,2.938678292456094,3.8502920232112654,0.3439637420593308,0.6560362579406692,0.14759363188048624
1013,2026021013,2027-02-26T19:00:00,2027-02-26,19:00:00,New York Islanders,NYI,Philadelphia Flyers,PHI,3.0557475395995812,2.7389576443008496,0.5612838269051874,0.43871617309481253,0.16840789236416118
1014,2026021014,2027-02-26T19:00:00,2027-02-26,19:00:00,New York Rangers,NYR,Washington Capitals,WSH,3.2048926004175464,3.254212926541743,0.4910470877177471,0.5089529122822529,0.16030391366642155
1015,2026021015,2027-02-26T19:00:00,2027-02-26,19:00:00,Columbus Blue Jackets,CBJ,New Jersey Devils,NJD,3.0547816181480574,3.3179769397033807,0.4519299695613124,0.5480700304386876,0.1606623694109845
1016,2026021016,2027-02-26T20:00:00,2027-02-26,20:00:00,Chicago Blackhawks,CHI,Los Angeles Kings,LAK,2.6679848728139937,3.4910102882184493,0.34982927660880164,0.6501707233911983,0.15628576300535313
1017,2026021017,2027-02-26T21:00:00,2027-02-26,21:00:00,Utah Mammoth,UTA,Florida Panthers,FLA,3.712608984237901,2.4967088215497997,0.7146270736441471,0.2853729263558529,0.14663921411373226
1018,2026021018,2027-02-26T21:00:00,2027-02-26,21:00:00,Vegas Golden Knights,VGK,Anaheim Ducks,ANA,3.37317940831762,3.2209570613814296,0.5272520218919664,0.4727479781080336,0.15834833831821357
1019,2026021019,2027-02-27T12:30:00,2027-02-27,12:30:00,Boston Bruins,BOS,Detroit Red Wings,DET,2.888883533565763,2.989925314990816,0.4805558577222662,0.5194441422777338,0.1683228315065236
1020,2026021020,2027-02-27T15:00:00,2027-02-27,15:00:00,Dallas Stars,DAL,Edmonton Oilers,EDM,3.3150860020180013,2.9398191387533466,0.5691631470523812,0.43083685294761875,0.16137987641242582
1021,2026021021,2027-02-27T16:00:00,2027-02-27,16:00:00,St. Louis Blues,STL,Minnesota Wild,MIN,3.0462747346307375,2.980364572028863,0.5124935152458151,0.4875064847541849,0.1662142632451678
1022,2026021022,2027-02-27T19:00:00,2027-02-27,19:00:00,Buffalo Sabres,BUF,Toronto Maple Leafs,TOR,2.679716907823667,3.46333414148533,0.35646997400485775,0.6435300259951423,0.1572249802519656
1023,2026021023,2027-02-27T19:00:00,2027-02-27,19:00:00,Philadelphia Flyers,PHI,San Jose Sharks,SJS,2.9271600347937303,3.0995096743426207,0.4673620784945409,0.5326379215054591,0.1658948564511689
1024,2026021024,2027-02-27T19:00:00,2027-02-27,19:00:00,Carolina Hurricanes,CAR,Tampa Bay Lightning,TBL,2.9039647289184187,3.0818786155307927,0.46616924375196495,0.5338307562480351,0.16646189009801063
1025,2026021025,2027-02-27T19:00:00,2027-02-27,19:00:00,Columbus Blue Jackets,CBJ,New York Islanders,NYI,3.6341497121436572,2.5720587488642614,0.6898467384397128,0.3101532615602872,0.15057061760719057
1026,2026021026,2027-02-27T19:00:00,2027-02-27,19:00:00,Colorado Avalanche,COL,Florida Panthers,FLA,4.069821190397826,2.6188507200642825,0.740624731005078,0.259375268994922,0.1359520543820358
1027,2026021027,2027-02-27T19:00:00,2027-02-27,19:00:00,Anaheim Ducks,ANA,Montréal Canadiens,MTL,3.5931032196544708,3.2942078116208737,0.5519218550409607,0.44807814495903936,0.15411276563266546
1028,2026021028,2027-02-27T19:00:00,2027-02-27,19:00:00,Seattle Kraken,SEA,Winnipeg Jets,WPG,2.911675737813239,3.1796287472890765,0.44967093634942107,0.5503290636505789,0.16445050678861275
1029,2026021029,2027-02-27T20:00:00,2027-02-27,20:00:00,Nashville Predators,NSH,Los Angeles Kings,LAK,3.3921095637084275,3.3614749115649394,0.5054051081197204,0.4945948918802796,0.15662568623489195
1030,2026021030,2027-02-27T22:00:00,2027-02-27,22:00:00,Vancouver Canucks,VAN,Calgary Flames,CGY,3.057713382824653,2.733215117786119,0.5627876365674304,0.43721236343256964,0.16839956614525944
1031,2026021031,2027-02-28T13:00:00,2027-02-28,13:00:00,Pittsburgh Penguins,PIT,New York Rangers,NYR,3.479011043149546,3.290277421676841,0.533211765125874,0.466788234874126,0.15606629659006122
1032,2026021032,2027-02-28T15:30:00,2027-02-28,15:30:00,Minnesota Wild,MIN,New Jersey Devils,NJD,3.0328996229182277,3.201888029304422,0.4686646427308375,0.5313353572691625,0.16298772443056275
1033,2026021033,2027-02-28T18:30:00,2027-02-28,18:30:00,Chicago Blackhawks,CHI,Colorado Avalanche,COL,2.226436288477597,4.186156247604906,0.18524609650245302,0.814753903497547,0.12150548479170463
1034,2026021034,2027-02-28T19:00:00,2027-02-28,19:00:00,Tampa Bay Lightning,TBL,Utah Mammoth,UTA,2.938651360682104,2.741784463697516,0.5386448489775508,0.4613551510224491,0.17100204010711015
1035,2026021035,2027-02-28T21:00:00,2027-02-28,21:00:00,St. Louis Blues,STL,Dallas Stars,DAL,2.632029378383829,3.0356521443509044,0.42106029448184334,0.5789397055181568,0.16950953014870218
1036,2026021036,2027-03-01T19:00:00,2027-03-01,19:00:00,Toronto Maple Leafs,TOR,Detroit Red Wings,DET,3.0527703871154306,2.4150196154254804,0.626153962906796,0.37384603709320396,0.16922699555701745
1037,2026021037,2027-03-01T19:00:00,2027-03-01,19:00:00,New York Islanders,NYI,Washington Capitals,WSH,2.5783275372956926,3.3786263734328146,0.3508642195613881,0.649135780438612,0.15925599837863302
1038,2026021038,2027-03-01T19:00:00,2027-03-01,19:00:00,Columbus Blue Jackets,CBJ,Carolina Hurricanes,CAR,3.0973980722412877,3.2879970822104374,0.46519155979116633,0.5348084402088337,0.16087783058232658
1039,2026021039,2027-03-01T19:00:00,2027-03-01,19:00:00,Winnipeg Jets,WPG,Seattle Kraken,SEA,3.3465287992813906,2.7664629333902973,0.6076503590151375,0.39234964098486247,0.16092242342483243
1040,2026021040,2027-03-01T20:30:00,2027-03-01,20:30:00,Chicago Blackhawks,CHI,Edmonton Oilers,EDM,2.4796497216652194,4.120917681177701,0.23082625261990858,0.7691737473800915,0.13101363602314742
1041,2026021041,2027-03-01T22:00:00,2027-03-01,22:00:00,Los Angeles Kings,LAK,Anaheim Ducks,ANA,3.103448975822839,3.6008501992172572,0.41254572341462087,0.5874542765853792,0.15458077872251416
1042,2026021042,2027-03-01T22:00:00,2027-03-01,22:00:00,San Jose Sharks,SJS,Montréal Canadiens,MTL,2.832968846503702,3.609682151010138,0.3616978470032462,0.6383021529967539,0.15376483887289494
1043,2026021043,2027-03-02T19:00:00,2027-03-02,19:00:00,Buffalo Sabres,BUF,Pittsburgh Penguins,PIT,3.202486571341787,3.639738790832769,0.4239722620536258,0.5760277379463743,0.1535757465261706
1044,2026021044,2027-03-02T19:00:00,2027-03-02,19:00:00,Florida Panthers,FLA,Utah Mammoth,UTA,2.6277621190398315,3.527451566011141,0.3365622863119327,0.6634377136880674,0.15479154874023193
1045,2026021045,2027-03-02T19:00:00,2027-03-02,19:00:00,New Jersey Devils,NJD,Ottawa Senators,OTT,3.297862030971333,3.0516355373373485,0.5450878850376583,0.45491211496234174,0.16106854922106348
1046,2026021046,2027-03-02T19:00:00,2027-03-02,19:00:00,Philadelphia Flyers,PHI,Vegas Golden Knights,VGK,2.5026947373354256,3.6646848002062464,0.2931759652231946,0.7068240347768053,0.14849001623289484
1047,2026021047,2027-03-02T20:00:00,2027-03-02,20:00:00,Nashville Predators,NSH,Colorado Avalanche,COL,2.8307191334134987,4.030827193407053,0.29977965891649555,0.7002203410835044,0.14089097946407278
1048,2026021048,2027-03-03T18:30:00,2027-03-03,18:30:00,Toronto Maple Leafs,TOR,Seattle Kraken,SEA,3.3854961343245353,2.4609986277869824,0.6727630390287447,0.3272369609712553,0.1580153850360941
1049,2026021049,2027-03-03T19:00:00,2027-03-03,19:00:00,New York Rangers,NYR,Boston Bruins,BOS,3.5875003001533012,2.976444065297088,0.6084133354180005,0.3915866645819995,0.15487049473195147
1050,2026021050,2027-03-03T19:00:00,2027-03-03,19:00:00,Washington Capitals,WSH,Carolina Hurricanes,CAR,3.030766854363185,3.1316302132630938,0.481147633839485,0.518852366160515,0.1642102120249171
1051,2026021051,2027-03-03T20:00:00,2027-03-03,20:00:00,Dallas Stars,DAL,Minnesota Wild,MIN,3.3290322723759056,2.6831126410258994,0.6207177218081406,0.3792822781918595,0.1612776758309209
1052,2026021052,2027-03-03T20:30:00,2027-03-03,20:30:00,Calgary Flames,CGY,Edmonton Oilers,EDM,2.3421536264565543,3.7998536461727963,0.24687442632896253,0.7531255736710375,0.14024521235045115
1053,2026021053,2027-03-03T22:00:00,2027-03-03,22:00:00,Vancouver Canucks,VAN,Chicago Blackhawks,CHI,3.316071174464067,2.8936684722611794,0.5780932203567215,0.42190677964327844,0.16153455464443287
1054,2026021054,2027-03-03T22:00:00,2027-03-03,22:00:00,Los Angeles Kings,LAK,Tampa Bay Lightning,TBL,2.638051532654396,3.5095048865764884,0.34128946357794787,0.6587105364220521,0.1554648773615313
1055,2026021055,2027-03-03T22:00:00,2027-03-03,22:00:00,San Jose Sharks,SJS,Columbus Blue Jackets,CBJ,2.8899658679963593,3.5061271461598342,0.38894068315599356,0.6110593168440064,0.1568162776066373
1056,2026021056,2027-03-04T19:00:00,2027-03-04,19:00:00,Buffalo Sabres,BUF,St. Louis Blues,STL,2.882013465479215,3.388711263311433,0.4071484509950055,0.5928515490049945,0.15980759625525798
1057,2026021057,2027-03-04T19:00:00,2027-03-04,19:00:00,Montréal Canadiens,MTL,Seattle Kraken,SEA,3.6854646611082305,2.8014483370665557,0.6558074862512355,0.3441925137487645,0.1513183495457739
1058,2026021058,2027-03-04T19:00:00,2027-03-04,19:00:00,Ottawa Senators,OTT,Boston Bruins,BOS,3.823956219226208,2.7393960673627435,0.6873345856464406,0.31266541435355943,0.14633230434376804
1059,2026021059,2027-03-04T18:00:00,2027-03-04,18:00:00,Detroit Red Wings,DET,New Jersey Devils,NJD,2.6431170521148224,3.1395787734911864,0.4043922885663938,0.5956077114336062,0.16666051151052916
1060,2026021060,2027-03-04T20:30:00,2027-03-04,20:30:00,Florida Panthers,FLA,Pittsburgh Penguins,PIT,3.2875746874520115,3.4779497296598403,0.4664880707691129,0.5335119292308871,0.1561048399970684
1061,2026021061,2027-03-04T19:00:00,2027-03-04,19:00:00,New York Islanders,NYI,Vegas Golden Knights,VGK,2.503695536406788,3.4585675236068503,0.3239481922885574,0.6760518077114426,0.15588734693278183
1062,2026021062,2027-03-04T20:00:00,2027-03-04,20:00:00,Nashville Predators,NSH,Utah Mammoth,UTA,2.6986957971967978,3.6770375286907004,0.3268240488780673,0.6731759511219326,0.15062400898667602
1063,2026021063,2027-03-05T19:00:00,2027-03-05,19:00:00,New Jersey Devils,NJD,Vegas Golden Knights,VGK,3.229787833386077,2.9071913193157997,0.5602411668142986,0.4397588331857014,0.16341858904033799
1064,2026021064,2027-03-05T19:00:00,2027-03-05,19:00:00,Philadelphia Flyers,PHI,Dallas Stars,DAL,2.2562116770281313,3.6998618729238912,0.24480958480520995,0.75519041519479,0.14232867050968293
1065,2026021065,2027-03-05T19:00:00,2027-03-05,19:00:00,Carolina Hurricanes,CAR,Toronto Maple Leafs,TOR,2.980076510553802,2.7832373475674226,0.5382993430194202,0.4617006569805798,0.16970723915325456
1066,2026021066,2027-03-05T19:00:00,2027-03-05,19:00:00,Winnipeg Jets,WPG,Washington Capitals,WSH,3.037437950407585,3.0701063788928065,0.4938578144907402,0.5061421855092598,0.16509457670518066
1067,2026021067,2027-03-05T20:00:00,2027-03-05,20:00:00,Calgary Flames,CGY,Chicago Blackhawks,CHI,2.848613800072026,2.642185536230282,0.5413600515750042,0.4586399484249958,0.17402619549949752
1068,2026021068,2027-03-05T22:00:00,2027-03-05,22:00:00,Anaheim Ducks,ANA,Tampa Bay Lightning,TBL,3.07583029416831,3.3507833565784724,0.4500582775267061,0.5499417224732939,0.15988923924092602
1069,2026021069,2027-03-05T22:00:00,2027-03-05,22:00:00,Los Angeles Kings,LAK,Columbus Blue Jackets,CBJ,3.143703026572288,3.351268264020238,0.4625065363848233,0.5374934636151767,0.1593805951080264
1070,2026021070,2027-03-05T22:00:00,2027-03-05,22:00:00,San Jose Sharks,SJS,Colorado Avalanche,COL,2.4935737688588246,3.8744381500349476,0.26314224070385084,0.7368577592961492,0.14058271738458608
1071,2026021071,2027-03-06T12:30:00,2027-03-06,12:30:00,Boston Bruins,BOS,Pittsburgh Penguins,PIT,3.1420149876704655,3.4345615768039446,0.44764886560590506,0.5523511343940949,0.15787733925223016
1072,2026021072,2027-03-06T15:00:00,2027-03-06,15:00:00,Buffalo Sabres,BUF,New York Rangers,NYR,3.1929707673921732,3.6122076187743,0.42681387313968006,0.57318612686032,0.15416353014101453
1073,2026021073,2027-03-06T15:00:00,2027-03-06,15:00:00,Ottawa Senators,OTT,Seattle Kraken,SEA,3.7637571854420933,2.6988236048842107,0.6858867346180811,0.31411326538191886,0.14779519642992858
1074,2026021074,2027-03-06T19:00:00,2027-03-06,19:00:00,Montréal Canadiens,MTL,Vancouver Canucks,VAN,4.1452641273095345,2.6425730964695324,0.7459906490135344,0.2540093509864656,0.13375253354384317
1075,2026021075,2027-03-06T19:00:00,2027-03-06,19:00:00,Detroit Red Wings,DET,Dallas Stars,DAL,2.461021550882227,3.10145223520158,0.37460904176300985,0.6253909582369901,0.16773609416873755
1076,2026021076,2027-03-06T19:00:00,2027-03-06,19:00:00,Florida Panthers,FLA,Toronto Maple Leafs,TOR,2.750915352630853,3.3093863964739745,0.3957164184089513,0.6042835815910488,0.1619249629147563
1077,2026021077,2027-03-06T20:00:00,2027-03-06,20:00:00,Nashville Predators,NSH,Minnesota Wild,MIN,3.165920830718387,3.621520744282719,0.4204159424046469,0.579584057595353,0.15403527304345146
1078,2026021078,2027-03-06T22:00:00,2027-03-06,22:00:00,Edmonton Oilers,EDM,Chicago Blackhawks,CHI,4.337226385717815,2.355983172745179,0.8107732362737589,0.18922676372624114,0.11942150026196231
1079,2026021079,2027-03-06T22:00:00,2027-03-06,22:00:00,San Jose Sharks,SJS,Tampa Bay Lightning,TBL,2.4251269356378504,3.6716757308009136,0.27828837186644245,0.7217116281335575,0.1469295976588048
1080,2026021080,2027-03-07T13:00:00,2027-03-07,13:00:00,New York Islanders,NYI,Pittsburgh Penguins,PIT,2.785962560896049,3.431878131222484,0.3817089141682743,0.6182910858317257,0.1586036153884155
1081,2026021081,2027-03-07T15:30:00,2027-03-07,15:30:00,Philadelphia Flyers,PHI,St. Louis Blues,STL,2.5061688601494545,3.3856072344614807,0.3358837702059186,0.6641162297940814,0.15845070080581872
1082,2026021082,2027-03-07T13:00:00,2027-03-07,13:00:00,Carolina Hurricanes,CAR,Utah Mammoth,UTA,2.846664168995433,2.966633014119422,0.4767579940815329,0.523242005918467,0.16926267738144438
1083,2026021083,2027-03-07T14:00:00,2027-03-07,14:00:00,Winnipeg Jets,WPG,Calgary Flames,CGY,3.4369171401658596,2.2417076685790978,0.7221046803430033,0.27789531965699665,0.1528872594958679
1084,2026021084,2027-03-07T16:00:00,2027-03-07,16:00:00,Los Angeles Kings,LAK,Colorado Avalanche,COL,2.712507954143294,3.7033116803373005,0.32541284411781085,0.6745871558821892,0.1499233146138171
1085,2026021085,2027-03-07T15:00:00,2027-03-07,15:00:00,Ottawa Senators,OTT,Buffalo Sabres,BUF,4.052395472995284,2.7921188007508597,0.7096036353275349,0.2903963646724651,0.1396192128488741
1086,2026021086,2027-03-07T19:00:00,2027-03-07,19:00:00,New York Rangers,NYR,Vegas Golden Knights,VGK,3.1121241123401617,3.3312103496082788,0.4602322939522737,0.5397677060477263,0.15998851363431527
1087,2026021087,2027-03-07T20:00:00,2027-03-07,20:00:00,Anaheim Ducks,ANA,Columbus Blue Jackets,CBJ,3.665393524466234,3.1997031733621157,0.5807322379391308,0.41926776206086924,0.15304916835609794
1088,2026021088,2027-03-07T21:30:00,2027-03-07,21:30:00,Minnesota Wild,MIN,Washington Capitals,WSH,3.2258314155284182,3.0605175777626688,0.5304980030576611,0.46950199694233885,0.1623021331444856
1089,2026021089,2027-03-08T19:00:00,2027-03-08,19:00:00,Boston Bruins,BOS,Seattle Kraken,SEA,3.203747021616692,3.046849826965726,0.5290515078346167,0.4709484921653832,0.16281911060689405
1090,2026021090,2027-03-08T19:30:00,2027-03-08,19:30:00,Toronto Maple Leafs,TOR,Dallas Stars,DAL,2.68998934970972,2.8225712596161214,0.47347150981741104,0.5265284901825891,0.17402159327707709
1091,2026021091,2027-03-08T20:00:00,2027-03-08,20:00:00,Chicago Blackhawks,CHI,Tampa Bay Lightning,TBL,2.1653221898221986,3.9670805687097914,0.1985188680337894,0.8014811319662105,0.12870790901865217
1092,2026021092,2027-03-09T19:00:00,2027-03-09,19:00:00,Buffalo Sabres,BUF,Vancouver Canucks,VAN,3.6727996409963874,3.045750686690649,0.6095725823852357,0.39042741761476435,0.15287218227017627
1093,2026021093,2027-03-09T19:00:00,2027-03-09,19:00:00,Florida Panthers,FLA,New Jersey Devils,NJD,2.8605846847375864,3.582142622651966,0.3711535472638648,0.6288464527361353,0.15467823902847522
1094,2026021094,2027-03-09T19:00:00,2027-03-09,19:00:00,New York Islanders,NYI,Montréal Canadiens,MTL,2.653677372435364,3.554888333965538,0.3371320223188904,0.6628679776811095,0.15413332318262835
1095,2026021095,2027-03-09T19:00:00,2027-03-09,19:00:00,Pittsburgh Penguins,PIT,Ottawa Senators,OTT,3.2019379369604133,3.5071430681310547,0.44608662513252884,0.5539133748674712,0.15617450937714042
1096,2026021096,2027-03-09T19:00:00,2027-03-09,19:00:00,Washington Capitals,WSH,Calgary Flames,CGY,3.597335561996072,2.205599757718238,0.7507722420808964,0.24922775791910357,0.14544250458286093
1097,2026021097,2027-03-09T20:00:00,2027-03-09,20:00:00,St. Louis Blues,STL,Nashville Predators,NSH,3.5525713112566177,2.8869153472508784,0.6192198300401138,0.38078016995988617,0.1555791214111266
1098,2026021098,2027-03-09T20:00:00,2027-03-09,20:00:00,Minnesota Wild,MIN,Carolina Hurricanes,CAR,3.075210807057088,3.172957102847926,0.48188669997358335,0.5181133000264166,0.16303215681044245
1099,2026021099,2027-03-09T19:00:00,2027-03-09,19:00:00,Winnipeg Jets,WPG,Detroit Red Wings,DET,3.0176327524041002,2.714776909686021,0.5589952034937584,0.4410047965062416,0.16947346634689198
1100,2026021100,2027-03-09T20:00:00,2027-03-09,20:00:00,Edmonton Oilers,EDM,Los Angeles Kings,LAK,3.836956908544872,2.870337286978404,0.6661221582429515,0.3338778417570485,0.14737594050108407
1101,2026021101,2027-03-09T21:00:00,2027-03-09,21:00:00,Colorado Avalanche,COL,Philadelphia Flyers,PHI,4.255241897104106,2.218384165561009,0.8225827956275645,0.17741720437243547,0.11846453726416925
1102,2026021102,2027-03-09T21:00:00,2027-03-09,21:00:00,Utah Mammoth,UTA,New York Rangers,NYR,3.5285279852300175,2.6299224175239835,0.6632017925078306,0.3367982074921694,0.15477592190163342
1103,2026021103,2027-03-09T22:30:00,2027-03-09,22:30:00,Vegas Golden Knights,VGK,San Jose Sharks,SJS,3.6962165712210946,2.5395515945398284,0.704678919801875,0.2953210801981249,0.14791932196091248
1104,2026021104,2027-03-10T19:30:00,2027-03-10,19:30:00,Montréal Canadiens,MTL,Boston Bruins,BOS,3.7444114530273156,2.8435635969655286,0.6571416220582265,0.34285837794177354,0.14989882476153885
1105,2026021105,2027-03-10T20:00:00,2027-03-10,20:00:00,Chicago Blackhawks,CHI,Washington Capitals,WSH,2.457648764247242,3.706720743718143,0.2792484189293785,0.7207515810706215,0.14618501002049483
1106,2026021106,2027-03-10T20:00:00,2027-03-10,20:00:00,Dallas Stars,DAL,Anaheim Ducks,ANA,3.405558339605073,2.9037344525813857,0.591627816423297,0.408372183576703,0.15936819736460767
1107,2026021107,2027-03-11T19:00:00,2027-03-11,19:00:00,Ottawa Senators,OTT,Minnesota Wild,MIN,3.4612117704584757,3.038963133355833,0.5758780348830385,0.42412196511696154,0.15779609932526859
1108,2026021108,2027-03-11T19:00:00,2027-03-11,19:00:00,Tampa Bay Lightning,TBL,New Jersey Devils,NJD,3.1990190494191664,2.7842942151696195,0.5784594867566891,0.4215405132433109,0.16472497731749014
1109,2026021109,2027-03-11T19:30:00,2027-03-11,19:30:00,Pittsburgh Penguins,PIT,Boston Bruins,BOS,3.6148431603781637,2.98531456874222,0.6112230986032094,0.38877690139679055,0.15419796024077087
1110,2026021110,2027-03-11T19:00:00,2027-03-11,19:00:00,Columbus Blue Jackets,CBJ,Vancouver Canucks,VAN,4.026344280948766,2.6957395108341933,0.7223640219805566,0.2776359780194434,0.13890738852177775
1111,2026021111,2027-03-11T20:00:00,2027-03-11,20:00:00,St. Louis Blues,STL,San Jose Sharks,SJS,3.4147377594270236,2.543076880304959,0.6616944614228504,0.33830553857714957,0.15778486705705838
1112,2026021112,2027-03-11T19:00:00,2027-03-11,19:00:00,Winnipeg Jets,WPG,Toronto Maple Leafs,TOR,2.7462887812162315,2.967353524911386,0.45677677278027445,0.5432232272197255,0.17034264460862472
1113,2026021113,2027-03-11T20:00:00,2027-03-11,20:00:00,Edmonton Oilers,EDM,Nashville Predators,NSH,4.176291811734589,2.995426673381373,0.6920938846407007,0.30790611535929935,0.13863577386988923
1114,2026021114,2027-03-11T21:00:00,2027-03-11,21:00:00,Colorado Avalanche,COL,New York Rangers,NYR,3.8680286629077085,2.758581280043155,0.6902117156808492,0.3097882843191509,0.1451473304253317
1115,2026021115,2027-03-11T21:30:00,2027-03-11,21:30:00,Seattle Kraken,SEA,Los Angeles Kings,LAK,3.10995627296322,3.1343649639287934,0.49547362127421546,0.5045263787257845,0.16319197584581968
1116,2026021116,2027-03-11T22:00:00,2027-03-11,22:00:00,Vegas Golden Knights,VGK,Philadelphia Flyers,PHI,3.8570456486893736,2.3778788738437178,0.7542462445328724,0.24575375546712763,0.13879149073315633
1117,2026021117,2027-03-12T19:00:00,2027-03-12,19:00:00,Detroit Red Wings,DET,Buffalo Sabres,BUF,3.3348584317021492,2.7976343165566093,0.5996826909468882,0.4003173090531118,0.16124159872955274
1118,2026021118,2027-03-12T19:00:00,2027-03-12,19:00:00,Florida Panthers,FLA,New York Islanders,NYI,3.4031215019894088,2.776837042482647,0.6152261783957427,0.3847738216042573,0.15938178214153476
1119,2026021119,2027-03-12T19:00:00,2027-03-12,19:00:00,Carolina Hurricanes,CAR,Calgary Flames,CGY,3.729497097385401,2.1026158336506127,0.784947408198622,0.21505259180137803,0.1371038248425078
1120,2026021120,2027-03-13T15:00:00,2027-03-13,15:00:00,Pittsburgh Penguins,PIT,Washington Capitals,WSH,3.2293193385575183,3.2639112465312374,0.4937413350164424,0.5062586649835576,0.15987634455016472
1121,2026021121,2027-03-13T15:30:00,2027-03-13,15:30:00,Winnipeg Jets,WPG,Nashville Predators,NSH,3.589011722972251,3.01745251390841,0.6011579927263511,0.39884200727364894,0.15487719402114403
1122,2026021122,2027-03-13T18:00:00,2027-03-13,18:00:00,Colorado Avalanche,COL,Chicago Blackhawks,CHI,4.405889351970908,2.115398148783631,0.8499076430871192,0.1500923569128808,0.10899090511197829
1123,2026021123,2027-03-13T18:30:00,2027-03-13,18:30:00,St. Louis Blues,STL,Anaheim Ducks,ANA,3.116300918238291,3.2254282420823834,0.4799668917747612,0.5200331082252387,0.16174029942365992
1124,2026021124,2027-03-13T19:00:00,2027-03-13,19:00:00,Boston Bruins,BOS,Calgary Flames,CGY,3.29027888650298,2.4689095016167912,0.6559149551114273,0.3440850448885727,0.16142726685062903
1125,2026021125,2027-03-13T19:00:00,2027-03-13,19:00:00,Toronto Maple Leafs,TOR,Vancouver Canucks,VAN,3.807871454271549,2.3214309106439215,0.7576503525321016,0.24234964746789847,0.1394478414827277
1126,2026021126,2027-03-13T19:00:00,2027-03-13,19:00:00,Ottawa Senators,OTT,Montréal Canadiens,MTL,3.5159644878313463,3.1512935730954132,0.5645890929313088,0.4354109070686913,0.1562489101612234
1127,2026021127,2027-03-13T19:00:00,2027-03-13,19:00:00,Tampa Bay Lightning,TBL,New York Islanders,NYI,3.805743130219815,2.15835384804675,0.7846180883233738,0.2153819116766262,0.13536355173392742
1128,2026021128,2027-03-13T19:00:00,2027-03-13,19:00:00,Carolina Hurricanes,CAR,New Jersey Devils,NJD,3.098881693063994,3.0126289097884356,0.5162064930760708,0.48379350692392925,0.16495966004549273
1129,2026021129,2027-03-13T19:00:00,2027-03-13,19:00:00,Columbus Blue Jackets,CBJ,San Jose Sharks,SJS,3.6901652366081783,2.7458357909660407,0.6665985733239741,0.3334014266760259,0.15068128343038864
1130,2026021130,2027-03-13T17:00:00,2027-03-13,17:00:00,Utah Mammoth,UTA,Philadelphia Flyers,PHI,3.881755133264214,2.114919828498896,0.8001782799988385,0.19982172000116152,0.13083642154051453
1131,2026021131,2027-03-13T21:00:00,2027-03-13,21:00:00,Los Angeles Kings,LAK,Dallas Stars,DAL,2.621174621126982,3.388985216326835,0.35739637634567756,0.6426036236543224,0.1591946359206019
1132,2026021132,2027-03-13T22:00:00,2027-03-13,22:00:00,Vegas Golden Knights,VGK,New York Rangers,NYR,3.5060669837423686,2.956914428721827,0.5986151568558504,0.40138484314414963,0.15687590399000484
1133,2026021133,2027-03-13T22:00:00,2027-03-13,22:00:00,Seattle Kraken,SEA,Edmonton Oilers,EDM,2.890422012966895,3.699920347616526,0.35808686172531223,0.6419131382746879,0.15153079347313989
1134,2026021134,2027-03-14T14:00:00,2027-03-14,14:00:00,Pittsburgh Penguins,PIT,Detroit Red Wings,DET,3.2082630042518137,2.8861510950454585,0.5604102471503696,0.4395897528496304,0.16401298578929555
1135,2026021135,2027-03-14T16:30:00,2027-03-14,16:30:00,Chicago Blackhawks,CHI,Anaheim Ducks,ANA,2.5473220856942733,4.070335650703255,0.2476303061133783,0.7523696938866217,0.13444486249013574
1136,2026021136,2027-03-14T17:00:00,2027-03-14,17:00:00,Ottawa Senators,OTT,Vancouver Canucks,VAN,4.233324445994039,2.5457683998741176,0.7715446025162117,0.22845539748378832,0.12841561362890103
1137,2026021137,2027-03-14T19:00:00,2027-03-14,19:00:00,Minnesota Wild,MIN,Buffalo Sabres,BUF,3.8266526531250022,2.8531572146517483,0.6676469547667546,0.3323530452332453,0.14751938793985633
1138,2026021138,2027-03-15T15:00:00,2027-03-15,15:00:00,Washington Capitals,WSH,Tampa Bay Lightning,TBL,2.801057439471974,3.2328258062862294,0.41877934158855723,0.5812206584114429,0.16383449483774126
1139,2026021139,2027-03-15T19:00:00,2027-03-15,19:00:00,Boston Bruins,BOS,New York Islanders,NYI,3.2524458850854407,2.74219541755412,0.5960971039649811,0.40390289603501894,0.1634591759299767
1140,2026021140,2027-03-15T19:00:00,2027-03-15,19:00:00,Buffalo Sabres,BUF,San Jose Sharks,SJS,3.3661397561954596,3.1023514001494226,0.547728342690939,0.452271657309061,0.1594194811477119
1141,2026021141,2027-03-15T19:30:00,2027-03-15,19:30:00,Toronto Maple Leafs,TOR,Florida Panthers,FLA,3.4830974821172536,2.6137200846627016,0.6591284448706533,0.34087155512934675,0.15611879414222674
1142,2026021142,2027-03-15T21:00:00,2027-03-15,21:00:00,Utah Mammoth,UTA,Dallas Stars,DAL,2.867240632371248,2.696210127736738,0.5340144615847724,0.4659855384152276,0.1730157137223082
1143,2026021143,2027-03-15T21:30:00,2027-03-15,21:30:00,Colorado Avalanche,COL,Edmonton Oilers,EDM,3.622558355654972,3.042255458044445,0.6021069485060115,0.39789305149398846,0.15408701217659765
1144,2026021144,2027-03-15T21:30:00,2027-03-15,21:30:00,Calgary Flames,CGY,Nashville Predators,NSH,2.742914810075344,3.3593079622995567,0.38566945891648363,0.6143305410835164,0.16053942599792778
1145,2026021145,2027-03-15T21:40:00,2027-03-15,21:40:00,Seattle Kraken,SEA,St. Louis Blues,STL,2.785714550590673,3.147344935031667,0.4311231641166945,0.5688768358833055,0.16596664392097607
1146,2026021146,2027-03-15T22:00:00,2027-03-15,22:00:00,Vegas Golden Knights,VGK,Winnipeg Jets,WPG,3.3077118352706636,2.80241656170859,0.5940831211749186,0.40591687882508143,0.16194382767488213
1147,2026021147,2027-03-16T19:00:00,2027-03-16,19:00:00,Montréal Canadiens,MTL,Florida Panthers,FLA,3.7917138795077556,2.9752969798768922,0.6407645715070579,0.3592354284929421,0.14949858764049284
1148,2026021148,2027-03-16T19:00:00,2027-03-16,19:00:00,New York Rangers,NYR,Ottawa Senators,OTT,3.1777183131552587,3.4967220140169704,0.4434788852896643,0.5565211147103356,0.15649978950095225
1149,2026021149,2027-03-16T19:00:00,2027-03-16,19:00:00,Philadelphia Flyers,PHI,Detroit Red Wings,DET,2.560491994304283,3.165638056801894,0.3833294208843499,0.61667057911565,0.16590908320116185
1150,2026021150,2027-03-16T19:00:00,2027-03-16,19:00:00,Columbus Blue Jackets,CBJ,Pittsburgh Penguins,PIT,3.5107587540057468,3.2214677683368547,0.5510057144127004,0.44899428558729954,0.15599793223823163
1151,2026021151,2027-03-16T20:00:00,2027-03-16,20:00:00,Chicago Blackhawks,CHI,San Jose Sharks,SJS,2.7912698868503503,3.2092409787115947,0.42107292070580854,0.5789270792941914,0.1644482001334108
1152,2026021152,2027-03-16T22:30:00,2027-03-16,22:30:00,Anaheim Ducks,ANA,Carolina Hurricanes,CAR,3.328073310402655,3.24589539503051,0.5147491531173947,0.48525084688260534,0.15878401460633879
1153,2026021153,2027-03-16T22:00:00,2027-03-16,22:00:00,Los Angeles Kings,LAK,Winnipeg Jets,WPG,3.043216403543644,3.132945283719546,0.48325075150793295,0.516749248492067,0.16404400429064347
1154,2026021154,2027-03-17T19:00:00,2027-03-17,19:00:00,Washington Capitals,WSH,New York Islanders,NYI,3.555971894625914,2.449739670333283,0.7007923972912911,0.29920760270870894,0.15167731034813717
1155,2026021155,2027-03-17T19:30:00,2027-03-17,19:30:00,Toronto Maple Leafs,TOR,Tampa Bay Lightning,TBL,2.7073093374353823,2.922948020136128,0.4574544297144899,0.5425455702855101,0.1716936779399074
1156,2026021156,2027-03-17T20:30:00,2027-03-17,20:30:00,Colorado Avalanche,COL,Minnesota Wild,MIN,3.6377981347088166,2.77660416897978,0.6530220963060877,0.34697790369391235,0.15256236791325384
1157,2026021157,2027-03-17T21:30:00,2027-03-17,21:30:00,Calgary Flames,CGY,Dallas Stars,DAL,2.0321709910922925,3.532382904472993,0.22693801022285487,0.7730619897771451,0.14396701068198436
1158,2026021158,2027-03-17T22:00:00,2027-03-17,22:00:00,Vancouver Canucks,VAN,Nashville Predators,NSH,3.1930269857821547,3.6790465339505043,0.4158508194675541,0.5841491805324459,0.15277080951034522
1159,2026021159,2027-03-17T22:00:00,2027-03-17,22:00:00,Vegas Golden Knights,VGK,Seattle Kraken,SEA,3.585605844358773,2.643114709363033,0.6695443152900592,0.33045568470994086,0.15303147650500018
1160,2026021160,2027-03-18T19:30:00,2027-03-18,19:30:00,Buffalo Sabres,BUF,Washington Capitals,WSH,2.963808426791808,3.583261701292865,0.38995965787761494,0.610040342122385,0.15495668050095376
1161,2026021161,2027-03-18T19:00:00,2027-03-18,19:00:00,Montréal Canadiens,MTL,Tampa Bay Lightning,TBL,2.9471877957991404,3.3273028996792737,0.43008822495006854,0.5699117750499314,0.1610769809131872
1162,2026021162,2027-03-18T19:00:00,2027-03-18,19:00:00,Ottawa Senators,OTT,Florida Panthers,FLA,3.8722635193703017,2.866303695338033,0.6719663370630518,0.3280336629369483,0.1462718837152753
1163,2026021163,2027-03-18T19:00:00,2027-03-18,19:00:00,Detroit Red Wings,DET,Columbus Blue Jackets,CBJ,2.9516236101208913,3.066935316841259,0.47813154401050967,0.5218684559894904,0.1662186157259515
1164,2026021164,2027-03-18T19:00:00,2027-03-18,19:00:00,New Jersey Devils,NJD,Pittsburgh Penguins,PIT,3.5939146164572695,2.884756837603925,0.6262790279358952,0.3737209720641048,0.15445265873085173
1165,2026021165,2027-03-18T19:00:00,2027-03-18,19:00:00,New York Rangers,NYR,Toronto Maple Leafs,TOR,2.8976923108334005,3.145298242684442,0.4532450506716949,0.546754949328305,0.1652648040068183
1166,2026021166,2027-03-18T19:00:00,2027-03-18,19:00:00,Philadelphia Flyers,PHI,Boston Bruins,BOS,2.884980738969181,3.2744042495067833,0.4275705621765574,0.5724294378234426,0.16253412784139012
1167,2026021167,2027-03-18T20:00:00,2027-03-18,20:00:00,Winnipeg Jets,WPG,San Jose Sharks,SJS,3.4497643469187818,2.6580667607195005,0.6454395534741105,0.35456044652588947,0.15751145558820587
1168,2026021168,2027-03-18T21:00:00,2027-03-18,21:00:00,Edmonton Oilers,EDM,St. Louis Blues,STL,3.436918641926278,2.882223871811135,0.6009830111409306,0.3990169888590695,0.15859586077105237
1169,2026021169,2027-03-18T22:00:00,2027-03-18,22:00:00,Anaheim Ducks,ANA,Utah Mammoth,UTA,3.0151385108526183,3.2254821713915964,0.46104122330006825,0.5389587766999318,0.1627205509299944
1170,2026021170,2027-03-18T22:00:00,2027-03-18,22:00:00,Los Angeles Kings,LAK,Carolina Hurricanes,CAR,2.8543931418907764,3.3996485412317687,0.4000652114607431,0.599934788539257,0.1595476019317953
1171,2026021171,2027-03-19T20:00:00,2027-03-19,20:00:00,Minnesota Wild,MIN,Calgary Flames,CGY,3.6500878254409765,2.234706188378382,0.7525295592714044,0.2474704407285956,0.1438968045109278
1172,2026021172,2027-03-19T22:00:00,2027-03-19,22:00:00,Utah Mammoth,UTA,Chicago Blackhawks,CHI,4.019180112944068,2.0167370284582566,0.8292192783039672,0.17078072169603276,0.12171291453732397
1173,2026021173,2027-03-19T22:00:00,2027-03-19,22:00:00,Seattle Kraken,SEA,Colorado Avalanche,COL,2.5952619043153726,3.758494072705924,0.29645938430001295,0.7035406156999869,0.14655642684812484
1174,2026021174,2027-03-20T13:00:00,2027-03-20,13:00:00,Buffalo Sabres,BUF,Florida Panthers,FLA,3.3595459656405167,3.4292382797945957,0.4877464546208726,0.5122535453791274,0.15615927619010617
1175,2026021175,2027-03-20T12:30:00,2027-03-20,12:30:00,Detroit Red Wings,DET,Montréal Canadiens,MTL,2.893410550857,3.157518598157488,0.4501852573281488,0.5498147426718512,0.1650464196152424
1176,2026021176,2027-03-20T15:00:00,2027-03-20,15:00:00,New York Islanders,NYI,Philadelphia Flyers,PHI,3.0557475395995812,2.7389576443008496,0.5612838269051874,0.43871617309481253,0.16840789236416118
1177,2026021177,2027-03-20T15:30:00,2027-03-20,15:30:00,Edmonton Oilers,EDM,Dallas Stars,DAL,3.094131483401842,3.149754083698754,0.48968576414228326,0.5103142358577167,0.16316804819998262
1178,2026021178,2027-03-20T17:00:00,2027-03-20,17:00:00,Nashville Predators,NSH,Boston Bruins,BOS,3.4977179823353484,3.2645278173563974,0.5410369417482442,0.4589630582517558,0.1559510495297518
1179,2026021179,2027-03-20T19:00:00,2027-03-20,19:00:00,Ottawa Senators,OTT,Tampa Bay Lightning,TBL,3.009796664269387,3.205414673346077,0.46366845745900837,0.5363315425409916,0.16313918509724676
1180,2026021180,2027-03-20T19:00:00,2027-03-20,19:00:00,New Jersey Devils,NJD,Toronto Maple Leafs,TOR,3.0072487576302525,2.744943365364694,0.5510359715441446,0.4489640284558553,0.1694763100131601
1181,2026021181,2027-03-20T19:00:00,2027-03-20,19:00:00,Winnipeg Jets,WPG,Columbus Blue Jackets,CBJ,3.189101662143262,3.137602473733115,0.5094712328148541,0.4905287671851459,0.16204994768158
1182,2026021182,2027-03-20T20:00:00,2027-03-20,20:00:00,New York Rangers,NYR,Pittsburgh Penguins,PIT,3.462985469185596,3.305503758793236,0.5277243290221367,0.4722756709778633,0.1561910803842182
1183,2026021183,2027-03-20T22:00:00,2027-03-20,22:00:00,Vancouver Canucks,VAN,St. Louis Blues,STL,2.6277316016981884,3.5400084535155956,0.3346093158532297,0.6653906841467703,0.1543797359903609
1184,2026021184,2027-03-20T22:30:00,2027-03-20,22:30:00,Anaheim Ducks,ANA,Vegas Golden Knights,VGK,3.3900264539851754,3.204950221481246,0.5331185665235815,0.46688143347641853,0.15821534900812115
1185,2026021185,2027-03-20T22:30:00,2027-03-20,22:30:00,San Jose Sharks,SJS,Carolina Hurricanes,CAR,2.624007001991398,3.556743029433411,0.33133753029032736,0.6686624697096726,0.15379265787325314
1186,2026021186,2027-03-21T14:00:00,2027-03-21,14:00:00,Minnesota Wild,MIN,Utah Mammoth,UTA,2.7860523698097777,3.1530025833534663,0.4301634748354019,0.569836525164598,0.16583055521522003
1187,2026021187,2027-03-21T15:00:00,2027-03-21,15:00:00,New York Islanders,NYI,Buffalo Sabres,BUF,3.058549142935178,3.1497130691271695,0.48303795759386386,0.5169620424061361,0.1635955468583389
1188,2026021188,2027-03-21T17:00:00,2027-03-21,17:00:00,Colorado Avalanche,COL,Chicago Blackhawks,CHI,4.405889351970908,2.115398148783631,0.8499076430871192,0.1500923569128808,0.10899090511197829
1189,2026021189,2027-03-21T20:00:00,2027-03-21,20:00:00,New York Rangers,NYR,Washington Capitals,WSH,3.2048926004175464,3.254212926541743,0.4910470877177471,0.5089529122822529,0.16030391366642155
1190,2026021190,2027-03-21T20:00:00,2027-03-21,20:00:00,Calgary Flames,CGY,St. Louis Blues,STL,2.2573075515161682,3.2323534031882044,0.3118410358658376,0.6881589641341624,0.1614221643585958
1191,2026021191,2027-03-21T20:00:00,2027-03-21,20:00:00,Seattle Kraken,SEA,Los Angeles Kings,LAK,3.10995627296322,3.1343649639287934,0.49547362127421546,0.5045263787257845,0.16319197584581968
1192,2026021192,2027-03-21T21:00:00,2027-03-21,21:00:00,Vancouver Canucks,VAN,Edmonton Oilers,EDM,2.7265009130625852,4.161523308777428,0.26561272524708784,0.7343872747529121,0.13483817387827698
1193,2026021193,2027-03-22T19:00:00,2027-03-22,19:00:00,Pittsburgh Penguins,PIT,Columbus Blue Jackets,CBJ,3.3905639681637667,3.335668129146384,0.509710395899068,0.49028960410093203,0.15693585850404357
1194,2026021194,2027-03-22T19:30:00,2027-03-22,19:30:00,Montréal Canadiens,MTL,Toronto Maple Leafs,TOR,3.024432437140179,3.0048794428140595,0.5037058837309383,0.4962941162690617,0.16622538978056162
1195,2026021195,2027-03-22T22:00:00,2027-03-22,22:00:00,Anaheim Ducks,ANA,San Jose Sharks,SJS,3.9649861427222692,2.7106762951914933,0.7117724121765384,0.2882275878234616,0.141244430237205
1196,2026021196,2027-03-23T19:00:00,2027-03-23,19:00:00,Boston Bruins,BOS,Buffalo Sabres,BUF,3.449438762212985,3.152175884907638,0.5530619827519517,0.44693801724804827,0.1575364622130264
1197,2026021197,2027-03-23T19:00:00,2027-03-23,19:00:00,Tampa Bay Lightning,TBL,Florida Panthers,FLA,3.8568337175154532,2.5469651232933064,0.7254097556599979,0.2745902443400022,0.14224578194589618
1198,2026021198,2027-03-23T19:00:00,2027-03-23,19:00:00,New Jersey Devils,NJD,Philadelphia Flyers,PHI,3.9419394578073956,2.302304012610694,0.7769288291229747,0.22307117087702533,0.13356969841137553
1199,2026021199,2027-03-23T19:00:00,2027-03-23,19:00:00,Washington Capitals,WSH,Detroit Red Wings,DET,3.158481037091134,2.6710491194678623,0.5934461036796256,0.4065538963203744,0.16609216918215694
1200,2026021200,2027-03-23T20:00:00,2027-03-23,20:00:00,Nashville Predators,NSH,New York Rangers,NYR,3.3662869857663247,3.5980135166825122,0.45999061569794947,0.5400093843020506,0.15359375233295164
1201,2026021201,2027-03-23T20:00:00,2027-03-23,20:00:00,Dallas Stars,DAL,Carolina Hurricanes,CAR,3.1322578346242396,2.741484940969945,0.5748210575706131,0.4251789424293869,0.16654794228922656
1202,2026021202,2027-03-23T20:00:00,2027-03-23,20:00:00,Minnesota Wild,MIN,Chicago Blackhawks,CHI,3.958497578679421,2.3658945832683984,0.7685398504431817,0.23146014955681826,0.13451424692670155
1203,2026021203,2027-03-23T20:00:00,2027-03-23,20:00:00,Winnipeg Jets,WPG,St. Louis Blues,STL,2.953610967058353,2.903417314444157,0.5096840919130456,0.4903159080869543,0.1687525509965263
1204,2026021204,2027-03-23T21:30:00,2027-03-23,21:30:00,Colorado Avalanche,COL,Utah Mammoth,UTA,3.100933681579575,2.8191686455961036,0.5538441697930426,0.4461558302069573,0.1668136116852966
1205,2026021205,2027-03-23T21:00:00,2027-03-23,21:00:00,Calgary Flames,CGY,Edmonton Oilers,EDM,2.3421536264565543,3.7998536461727963,0.24687442632896253,0.7531255736710375,0.14024521235045115
1206,2026021206,2027-03-23T21:40:00,2027-03-23,21:40:00,Seattle Kraken,SEA,Vegas Golden Knights,VGK,2.7818529135607557,3.406782401400227,0.38511386184704677,0.6148861381529533,0.15929038667348716
1207,2026021207,2027-03-23T22:00:00,2027-03-23,22:00:00,Vancouver Canucks,VAN,Los Angeles Kings,LAK,2.9335849850919504,3.525409098065508,0.3938604065391835,0.6061395934608164,0.15638024102402778
1208,2026021208,2027-03-24T19:30:00,2027-03-24,19:30:00,Montréal Canadiens,MTL,Ottawa Senators,OTT,3.3167062998614214,3.34061423955373,0.49574256122322957,0.5042574387767704,0.15780937781566723
1209,2026021209,2027-03-24T19:30:00,2027-03-24,19:30:00,Detroit Red Wings,DET,Washington Capitals,WSH,2.8112536126160945,3.000959413664362,0.4632748531420044,0.5367251468579957,0.16899345740362723
1210,2026021210,2027-03-24T22:00:00,2027-03-24,22:00:00,San Jose Sharks,SJS,Anaheim Ducks,ANA,2.8529608354817766,3.767242022453155,0.3411137532103846,0.6588862467896154,0.1492990762440119
1211,2026021211,2027-03-25T19:00:00,2027-03-25,19:00:00,Boston Bruins,BOS,Ottawa Senators,OTT,2.883188120589144,3.6332456262254142,0.36718325364119764,0.6328167463588024,0.15336161544140262
1212,2026021212,2027-03-25T19:00:00,2027-03-25,19:00:00,Buffalo Sabres,BUF,Toronto Maple Leafs,TOR,2.679716907823667,3.46333414148533,0.35646997400485775,0.6435300259951423,0.1572249802519656
1213,2026021213,2027-03-25T18:30:00,2027-03-25,18:30:00,Tampa Bay Lightning,TBL,Philadelphia Flyers,PHI,4.0325507331026715,2.157491091974622,0.8095567187958648,0.1904432812041352,0.12571600888839554
1214,2026021214,2027-03-25T19:00:00,2027-03-25,19:00:00,Florida Panthers,FLA,New York Rangers,NYR,3.277806054391858,3.451642338409914,0.46928779365907514,0.5307122063409249,0.15660437372746336
1215,2026021215,2027-03-25T19:00:00,2027-03-25,19:00:00,Pittsburgh Penguins,PIT,New Jersey Devils,NJD,3.0361789388765263,3.41467679353118,0.4315752953973435,0.5684247046026565,0.15880917989651377
1216,2026021216,2027-03-25T19:00:00,2027-03-25,19:00:00,Carolina Hurricanes,CAR,Dallas Stars,DAL,2.8853866400516814,2.976044030169792,0.4825210473918543,0.5174789526081457,0.16861117340037723
1217,2026021217,2027-03-25T19:00:00,2027-03-25,19:00:00,Columbus Blue Jackets,CBJ,Chicago Blackhawks,CHI,3.9870576485476796,2.451673386829525,0.7579308343792771,0.2420691656207229,0.13543608152075862
1218,2026021218,2027-03-25T20:00:00,2027-03-25,20:00:00,St. Louis Blues,STL,New York Islanders,NYI,3.3629031357073225,2.3821319397696263,0.6843666606672498,0.3156333393327502,0.1579489961310917
1219,2026021219,2027-03-25T20:00:00,2027-03-25,20:00:00,Winnipeg Jets,WPG,Colorado Avalanche,COL,2.7516796440429565,3.4672007651491565,0.369421574136398,0.630578425863602,0.1574819431193562
1220,2026021220,2027-03-25T21:00:00,2027-03-25,21:00:00,Minnesota Wild,MIN,Edmonton Oilers,EDM,3.254709170821637,3.4025063854975834,0.4736994267811789,0.5263005732188211,0.15757849397123014
1221,2026021221,2027-03-25T21:00:00,2027-03-25,21:00:00,Calgary Flames,CGY,Los Angeles Kings,LAK,2.520045630072338,3.2190228485036303,0.36607038471546377,0.6339296152845362,0.16411552260296858
1222,2026021222,2027-03-25T21:40:00,2027-03-25,21:40:00,Seattle Kraken,SEA,Anaheim Ducks,ANA,2.9693048039313106,3.6545058311773917,0.37950569612604124,0.6204943038739588,0.15313878962201535
1223,2026021223,2027-03-25T22:00:00,2027-03-25,22:00:00,Vancouver Canucks,VAN,Vegas Golden Knights,VGK,2.6240889651417434,3.8318134011973566,0.2913414509533902,0.7086585490466097,0.14444003332055133
1224,2026021224,2027-03-26T19:00:00,2027-03-26,19:00:00,Washington Capitals,WSH,Boston Bruins,BOS,3.558752371293083,2.762822037925182,0.6432073373755307,0.3567926626244693,0.15484200599251302
1225,2026021225,2027-03-26T20:00:00,2027-03-26,20:00:00,Chicago Blackhawks,CHI,Nashville Predators,NSH,2.903937584847788,3.6431486229224506,0.3694083010835115,0.6305916989164885,0.15318627319968484
1226,2026021226,2027-03-26T21:00:00,2027-03-26,21:00:00,Utah Mammoth,UTA,San Jose Sharks,SJS,3.719895732597599,2.2587138823040274,0.7573069938749565,0.24269300612504352,0.14155988887056872
1227,2026021227,2027-03-27T15:30:00,2027-03-27,15:30:00,Edmonton Oilers,EDM,Los Angeles Kings,LAK,3.836956908544872,2.870337286978404,0.6661221582429515,0.3338778417570485,0.14737594050108407
1228,2026021228,2027-03-27T14:00:00,2027-03-27,14:00:00,Minnesota Wild,MIN,Seattle Kraken,SEA,3.554093255549109,2.757822495689326,0.6433976017217158,0.3566023982782842,0.15495008522990794
1229,2026021229,2027-03-27T16:00:00,2027-03-27,16:00:00,Vancouver Canucks,VAN,Anaheim Ducks,ANA,2.800910117194213,4.110442866237615,0.28428278761128756,0.7157172123887124,0.13785642453369257
1230,2026021230,2027-03-27T18:00:00,2027-03-27,18:00:00,Florida Panthers,FLA,Philadelphia Flyers,PHI,3.6059344096857684,2.7757270609002105,0.6482386169269869,0.3517613830730131,0.15351593763422297
1231,2026021231,2027-03-27T19:00:00,2027-03-27,19:00:00,Toronto Maple Leafs,TOR,Ottawa Senators,OTT,3.046751872393255,2.9346416818508927,0.5213434185678177,0.47865658143218226,0.1667692951390893
1232,2026021232,2027-03-27T19:00:00,2027-03-27,19:00:00,Montréal Canadiens,MTL,New Jersey Devils,NJD,3.1450059346365276,3.2525385187729876,0.4803679537936981,0.5196320462063019,0.16100431758602332
1233,2026021233,2027-03-27T19:00:00,2027-03-27,19:00:00,Tampa Bay Lightning,TBL,New York Rangers,NYR,3.665601673758151,2.6828601784019437,0.6743430028430023,0.3256569971569977,0.15082658294522505
1234,2026021234,2027-03-27T19:00:00,2027-03-27,19:00:00,Pittsburgh Penguins,PIT,Carolina Hurricanes,CAR,3.0785358718889446,3.383823196440274,0.4447755839304507,0.5552244160695493,0.1592301689385862
1235,2026021235,2027-03-27T19:00:00,2027-03-27,19:00:00,Columbus Blue Jackets,CBJ,St. Louis Blues,STL,3.1594368243843407,2.9992877891273433,0.5299273894224558,0.47007261057754424,0.16407285371076022
1236,2026021236,2027-03-27T19:00:00,2027-03-27,19:00:00,Colorado Avalanche,COL,Winnipeg Jets,WPG,3.6491955934650604,2.614446258884108,0.6843461417491814,0.3156538582508186,0.15058826063172828
1237,2026021237,2027-03-27T19:30:00,2027-03-27,19:30:00,New York Islanders,NYI,Detroit Red Wings,DET,2.5615159058392787,2.987589266649276,0.415666568141966,0.584333431858034,0.17111031367490637
1238,2026021238,2027-03-27T20:00:00,2027-03-27,20:00:00,Dallas Stars,DAL,Nashville Predators,NSH,3.8823236823134617,2.598983739934716,0.7198500260582503,0.2801499739417497,0.14225182819383342
1239,2026021239,2027-03-27T22:00:00,2027-03-27,22:00:00,Calgary Flames,CGY,Vegas Golden Knights,VGK,2.2541784073520614,3.4987981668354733,0.2714053885997803,0.7285946114002197,0.1505777660716419
1240,2026021240,2027-03-28T14:00:00,2027-03-28,14:00:00,Chicago Blackhawks,CHI,Seattle Kraken,SEA,2.707740043535073,3.3401140795724835,0.3821575499639559,0.6178424500360441,0.16101495388269635
1241,2026021241,2027-03-28T19:00:00,2027-03-28,19:00:00,Toronto Maple Leafs,TOR,Washington Capitals,WSH,3.072806198937737,2.731114700443851,0.5659943096910086,0.43400569030899144,0.16805249862549476
1242,2026021242,2027-03-28T18:00:00,2027-03-28,18:00:00,Montréal Canadiens,MTL,Detroit Red Wings,DET,3.323258079110569,2.749108678577627,0.6070111450403134,0.3929888549596866,0.16154587477514762
1243,2026021243,2027-03-28T20:30:00,2027-03-28,20:30:00,St. Louis Blues,STL,Buffalo Sabres,BUF,3.5665861446213425,2.7382799953431385,0.6489936206516574,0.3510063793483426,0.15444362716605264
1244,2026021244,2027-03-29T19:00:00,2027-03-29,19:00:00,New Jersey Devils,NJD,Carolina Hurricanes,CAR,3.1707630699811715,2.944332443166168,0.542460167501797,0.45753983249820296,0.16436935319270565
1245,2026021245,2027-03-29T19:00:00,2027-03-29,19:00:00,New York Rangers,NYR,Minnesota Wild,MIN,3.247186304849109,3.301933550500296,0.4901490607461867,0.5098509392538133,0.15914070631404093
1246,2026021246,2027-03-29T21:30:00,2027-03-29,21:30:00,Los Angeles Kings,LAK,Vancouver Canucks,VAN,3.7104593062896507,2.7872795098063774,0.6621584450852557,0.33784155491474427,0.15043720446352882
1247,2026021247,2027-03-29T22:00:00,2027-03-29,22:00:00,San Jose Sharks,SJS,Colorado Avalanche,COL,2.4935737688588246,3.8744381500349476,0.26314224070385084,0.7368577592961492,0.14058271738458608
1248,2026021248,2027-03-30T19:00:00,2027-03-30,19:00:00,Boston Bruins,BOS,Montréal Canadiens,MTL,2.992823447689181,3.5576679633776602,0.3994720472262617,0.6005279527737384,0.15562421201581814
1249,2026021249,2027-03-30T19:00:00,2027-03-30,19:00:00,Detroit Red Wings,DET,Ottawa Senators,OTT,2.7874169906879773,3.2245956493335894,0.417593691574041,0.582406308425959,0.16408130919241962
1250,2026021250,2027-03-30T19:00:00,2027-03-30,19:00:00,Tampa Bay Lightning,TBL,Toronto Maple Leafs,TOR,3.0763747926634184,2.572288814296818,0.5984225561244017,0.40157744387559835,0.16856234771260473
1251,2026021251,2027-03-30T19:00:00,2027-03-30,19:00:00,Florida Panthers,FLA,Columbus Blue Jackets,CBJ,3.1944742240855133,3.499259140154372,0.44608153851304033,0.5539184614869597,0.15636226074375148
1252,2026021252,2027-03-30T19:30:00,2027-03-30,19:30:00,New York Islanders,NYI,Carolina Hurricanes,CAR,2.4579401975740827,3.5027528112711566,0.30861724993166184,0.6913827500683382,0.15374925368886147
1253,2026021253,2027-03-30T19:00:00,2027-03-30,19:00:00,Philadelphia Flyers,PHI,Pittsburgh Penguins,PIT,2.7848489315816014,3.6364048230393626,0.34870160542712464,0.6512983945728754,0.15266658788853238
1254,2026021254,2027-03-30T19:00:00,2027-03-30,19:00:00,Washington Capitals,WSH,Chicago Blackhawks,CHI,3.901288076578938,2.3350794600118228,0.76678560051347,0.23321439948653,0.13602993649424164
1255,2026021255,2027-03-30T20:00:00,2027-03-30,20:00:00,Nashville Predators,NSH,Buffalo Sabres,BUF,3.706668095770759,3.327357297110403,0.5648811457432885,0.4351188542567115,0.1518973833942629
1256,2026021256,2027-03-30T20:00:00,2027-03-30,20:00:00,Dallas Stars,DAL,Calgary Flames,CGY,3.7177991707323654,1.9308213645349452,0.8117561074152003,0.18824389258479968,0.13235894881278829
1257,2026021257,2027-03-30T21:40:00,2027-03-30,21:40:00,Seattle Kraken,SEA,Utah Mammoth,UTA,2.4742201764662908,3.4286073536731783,0.32301144164766465,0.6769885583523353,0.15662245002241587
1258,2026021258,2027-03-30T22:00:00,2027-03-30,22:00:00,Anaheim Ducks,ANA,Colorado Avalanche,COL,3.1626425925544916,3.5358250077268942,0.43411338452578785,0.5658866154742122,0.15580653035150727
1259,2026021259,2027-03-31T19:30:00,2027-03-31,19:30:00,New Jersey Devils,NJD,Minnesota Wild,MIN,3.369956480383844,2.8816410696192927,0.5897105052200986,0.41028949477990134,0.16027081688911812
1260,2026021260,2027-03-31T20:30:00,2027-03-31,20:30:00,Edmonton Oilers,EDM,San Jose Sharks,SJS,4.0142589956545045,2.6386642500546373,0.7303550169378527,0.26964498306214735,0.13830159688922034
1261,2026021261,2027-03-31T22:00:00,2027-03-31,22:00:00,Los Angeles Kings,LAK,Winnipeg Jets,WPG,3.043216403543644,3.132945283719546,0.48325075150793295,0.516749248492067,0.16404400429064347
1262,2026021262,2027-03-31T22:30:00,2027-03-31,22:30:00,Vegas Golden Knights,VGK,Vancouver Canucks,VAN,4.032946900329903,2.493218857342683,0.7566693509473722,0.24333064905262777,0.13463952685985345
1263,2026021263,2027-04-01T19:00:00,2027-04-01,19:00:00,Montréal Canadiens,MTL,New York Rangers,NYR,3.6037106500119567,3.1340459722942375,0.5823904074561291,0.4176095925438708,0.15447506525389876
1264,2026021264,2027-04-01T19:00:00,2027-04-01,19:00:00,Tampa Bay Lightning,TBL,Columbus Blue Jackets,CBJ,3.57241089566468,2.719871319388793,0.6533158723647846,0.3466841276352154,0.15412969080646333
1265,2026021265,2027-04-01T19:00:00,2027-04-01,19:00:00,Florida Panthers,FLA,Toronto Maple Leafs,TOR,2.750915352630853,3.3093863964739745,0.3957164184089513,0.6042835815910488,0.1619249629147563
1266,2026021266,2027-04-01T19:30:00,2027-04-01,19:30:00,Philadelphia Flyers,PHI,Washington Capitals,WSH,2.577296905668376,3.5799794660023694,0.31916391338822125,0.6808360866117787,0.15250669840424447
1267,2026021267,2027-04-01T19:00:00,2027-04-01,19:00:00,Pittsburgh Penguins,PIT,New York Islanders,NYI,3.6120188596080443,2.6470193979500025,0.672837007352409,0.32716299264759097,0.1522022972804975
1268,2026021268,2027-04-01T19:00:00,2027-04-01,19:00:00,Buffalo Sabres,BUF,Boston Bruins,BOS,3.31763492459224,3.2774063240396525,0.5072067048464909,0.4927932951535091,0.15857542316675385
1269,2026021269,2027-04-01T20:00:00,2027-04-01,20:00:00,St. Louis Blues,STL,Calgary Flames,CGY,3.4020209945727657,2.144729782040049,0.7352456786581485,0.26475432134185156,0.15246472382991402
1270,2026021270,2027-04-01T20:00:00,2027-04-01,20:00:00,Nashville Predators,NSH,Chicago Blackhawks,CHI,3.834379028390353,2.7591107021394703,0.6853503006713813,0.31464969932861875,0.14624029574180916
1271,2026021271,2027-04-01T21:00:00,2027-04-01,21:00:00,Utah Mammoth,UTA,Anaheim Ducks,ANA,3.3947890889254504,2.8647657501779182,0.597147834278282,0.402852165721718,0.15966855911861724
1272,2026021272,2027-04-02T19:00:00,2027-04-02,19:00:00,Detroit Red Wings,DET,Carolina Hurricanes,CAR,2.679990482230188,3.1112108475147178,0.4168311611066934,0.5831688388933066,0.16733088707884194
1273,2026021273,2027-04-02T19:00:00,2027-04-02,19:00:00,New York Islanders,NYI,Ottawa Senators,OTT,2.5564658957712276,3.6304069474875216,0.3078615112731769,0.6921384887268232,0.15049545951319082
1274,2026021274,2027-04-02T20:00:00,2027-04-02,20:00:00,Minnesota Wild,MIN,Dallas Stars,DAL,2.8239503535010617,3.1630048174611467,0.4357403703340262,0.5642596296659739,0.16539181850256648
1275,2026021275,2027-04-02T21:00:00,2027-04-02,21:00:00,Colorado Avalanche,COL,Los Angeles Kings,LAK,3.897700070025566,2.577228162535555,0.725618072608989,0.2743819273910109,0.1413183758032071
1276,2026021276,2027-04-02T22:00:00,2027-04-02,22:00:00,Vegas Golden Knights,VGK,Edmonton Oilers,EDM,3.283567252031242,3.2609838705236998,0.5040656914424604,0.49593430855753956,0.15922665062663277
1277,2026021277,2027-04-03T12:30:00,2027-04-03,12:30:00,New York Rangers,NYR,Florida Panthers,FLA,3.6328204983541053,3.1143333835407367,0.5907302791074898,0.4092697208925103,0.15385601897585097
1278,2026021278,2027-04-03T15:00:00,2027-04-03,15:00:00,Boston Bruins,BOS,Tampa Bay Lightning,TBL,2.561968433065183,3.6187682385625597,0.31057541590256216,0.6894245840974378,0.1509753353190652
1279,2026021279,2027-04-03T15:30:00,2027-04-03,15:30:00,Nashville Predators,NSH,Calgary Flames,CGY,3.535639451956648,2.606118549869734,0.6687418582582749,0.3312581417417251,0.15431629006868822
1280,2026021280,2027-04-03T17:00:00,2027-04-03,17:00:00,Washington Capitals,WSH,Columbus Blue Jackets,CBJ,3.337953273873547,3.087064095323508,0.5455982266854151,0.4544017733145849,0.1600546571017459
1281,2026021281,2027-04-03T17:00:00,2027-04-03,17:00:00,Carolina Hurricanes,CAR,New Jersey Devils,NJD,3.098881693063994,3.0126289097884356,0.5162064930760708,0.48379350692392925,0.16495966004549273
1282,2026021282,2027-04-03T18:00:00,2027-04-03,18:00:00,Dallas Stars,DAL,Chicago Blackhawks,CHI,4.03193011214256,2.044170205178958,0.8264219781196828,0.17357802188031723,0.12209078292488774
1283,2026021283,2027-04-03T19:00:00,2027-04-03,19:00:00,Toronto Maple Leafs,TOR,Buffalo Sabres,BUF,3.6451260090967565,2.5460724905586813,0.6961741093271401,0.3038258906728599,0.14983434609560176
1284,2026021284,2027-04-03T19:00:00,2027-04-03,19:00:00,Seattle Kraken,SEA,Winnipeg Jets,WPG,2.911675737813239,3.1796287472890765,0.44967093634942107,0.5503290636505789,0.16445050678861275
1285,2026021285,2027-04-03T20:00:00,2027-04-03,20:00:00,Pittsburgh Penguins,PIT,Philadelphia Flyers,PHI,3.8272812436113637,2.6459613082115245,0.704210371614726,0.29578962838527406,0.14493242252456046
1286,2026021286,2027-04-03T22:00:00,2027-04-03,22:00:00,Utah Mammoth,UTA,Vegas Golden Knights,VGK,3.1804764217698662,2.67057544650187,0.5974512027829932,0.40254879721700676,0.1654906262361153
1287,2026021287,2027-04-03T22:00:00,2027-04-03,22:00:00,Vancouver Canucks,VAN,San Jose Sharks,SJS,3.06914312477602,3.2408633633698845,0.46839698309474087,0.5316030169052591,0.1619584241830115
1288,2026021288,2027-04-03T22:00:00,2027-04-03,22:00:00,Anaheim Ducks,ANA,Edmonton Oilers,EDM,3.5223311194396314,3.4807214375308364,0.5071699758426785,0.49283002415732147,0.15367934089125515
1289,2026021289,2027-04-03T22:30:00,2027-04-03,22:30:00,Los Angeles Kings,LAK,St. Louis Blues,STL,2.9115646724846647,3.101135463960377,0.4640579494302125,0.5359420505697875,0.16601805264622688
1290,2026021290,2027-04-04T14:00:00,2027-04-04,14:00:00,Minnesota Wild,MIN,Colorado Avalanche,COL,2.922349291129624,3.456371727157559,0.40326412745972007,0.5967358725402799,0.1581042724811455
1291,2026021291,2027-04-04T16:30:00,2027-04-04,16:30:00,New Jersey Devils,NJD,Florida Panthers,FLA,3.77017079747402,2.7179199233544953,0.6834134596482014,0.31658654035179856,0.14781827809450387
1292,2026021292,2027-04-04T15:00:00,2027-04-04,15:00:00,Ottawa Senators,OTT,Detroit Red Wings,DET,3.393856032951274,2.648401291564162,0.6381880668571248,0.36181193314287513,0.15919301681595657
1293,2026021293,2027-04-04T19:00:00,2027-04-04,19:00:00,Washington Capitals,WSH,Pittsburgh Penguins,PIT,3.435235322402929,3.0682648257080327,0.5660228395248859,0.43397716047511414,0.158242886161864
1294,2026021294,2027-04-04T19:30:00,2027-04-04,19:30:00,New York Islanders,NYI,Montréal Canadiens,MTL,2.653677372435364,3.554888333965538,0.3371320223188904,0.6628679776811095,0.15413332318262835
1295,2026021295,2027-04-04T21:30:00,2027-04-04,21:30:00,San Jose Sharks,SJS,St. Louis Blues,STL,2.6765640567261757,3.244435950068362,0.3925038854525909,0.6074961145474091,0.163701907584592
1296,2026021296,2027-04-05T14:00:00,2027-04-05,14:00:00,Carolina Hurricanes,CAR,Philadelphia Flyers,PHI,3.906321734918266,2.3344228497410437,0.7674961058002605,0.2325038941997395,0.13581269124529097
1297,2026021297,2027-04-05T19:00:00,2027-04-05,19:00:00,Buffalo Sabres,BUF,Tampa Bay Lightning,TBL,2.611276373692879,3.834949771139766,0.28867744068045115,0.7113225593195489,0.14412716260511094
1298,2026021298,2027-04-05T19:00:00,2027-04-05,19:00:00,Toronto Maple Leafs,TOR,Boston Bruins,BOS,3.439645109969003,2.4979957751014297,0.67419254301911,0.3258074569808899,0.15649031366321373
1299,2026021299,2027-04-05T20:00:00,2027-04-05,20:00:00,Dallas Stars,DAL,Seattle Kraken,SEA,3.6200238432864627,2.38280209808522,0.7221414052807882,0.2778585947192118,0.14815026877016504
1300,2026021300,2027-04-05T21:30:00,2027-04-05,21:30:00,Utah Mammoth,UTA,Winnipeg Jets,WPG,3.3289021093861417,2.492509782254255,0.6576232795690461,0.3423767204309539,0.16028319488789314
1301,2026021301,2027-04-05T21:30:00,2027-04-05,21:30:00,Edmonton Oilers,EDM,Calgary Flames,CGY,3.999309564304791,2.2253443636426415,0.7955976865679809,0.2044023134320191,0.12912045804649086
1302,2026021302,2027-04-06T19:15:00,2027-04-06,19:15:00,Florida Panthers,FLA,Montréal Canadiens,MTL,3.1314715713468573,3.6026112954314686,0.41732597892300655,0.5826740210769934,0.15450322009688675
1303,2026021303,2027-04-06T19:30:00,2027-04-06,19:30:00,New Jersey Devils,NJD,Tampa Bay Lightning,TBL,2.930442991082502,3.039475690405757,0.47921730959172626,0.5207826904082737,0.16694624296800162
1304,2026021304,2027-04-06T19:45:00,2027-04-06,19:45:00,Columbus Blue Jackets,CBJ,Washington Capitals,WSH,3.249105389752105,3.1714809055266673,0.5141424392969357,0.4858575607030643,0.16076544473160184
1305,2026021305,2027-04-06T19:30:00,2027-04-06,19:30:00,New York Islanders,NYI,Detroit Red Wings,DET,2.5615159058392787,2.987589266649276,0.415666568141966,0.584333431858034,0.17111031367490637
1306,2026021306,2027-04-06T19:00:00,2027-04-06,19:00:00,New York Rangers,NYR,Pittsburgh Penguins,PIT,3.462985469185596,3.305503758793236,0.5277243290221367,0.4722756709778633,0.1561910803842182
1307,2026021307,2027-04-06T20:00:00,2027-04-06,20:00:00,Nashville Predators,NSH,Seattle Kraken,SEA,3.4426547883774115,3.2161777689797377,0.5402554439371884,0.4597445560628116,0.1572377098217635
1308,2026021308,2027-04-06T20:00:00,2027-04-06,20:00:00,Minnesota Wild,MIN,Chicago Blackhawks,CHI,3.958497578679421,2.3658945832683984,0.7685398504431817,0.23146014955681826,0.13451424692670155
1309,2026021309,2027-04-06T22:00:00,2027-04-06,22:00:00,Vancouver Canucks,VAN,Colorado Avalanche,COL,2.448079872076953,4.2274047060346644,0.21410070904400014,0.7858992909559999,0.1261890465510914
1310,2026021310,2027-04-06T22:30:00,2027-04-06,22:30:00,Vegas Golden Knights,VGK,St. Louis Blues,STL,3.1646178415439663,2.77396270833895,0.5743001970575855,0.4256998029424145,0.16560860767185373
1311,2026021311,2027-04-06T22:15:00,2027-04-06,22:15:00,Anaheim Ducks,ANA,Los Angeles Kings,LAK,3.789860342611605,2.948671943713762,0.6452203255447536,0.3547796744552464,0.14937854999308176
1312,2026021312,2027-04-07T19:30:00,2027-04-07,19:30:00,Buffalo Sabres,BUF,Boston Bruins,BOS,3.31763492459224,3.2774063240396525,0.5072067048464909,0.4927932951535091,0.15857542316675385
1313,2026021313,2027-04-07T19:00:00,2027-04-07,19:00:00,Carolina Hurricanes,CAR,Ottawa Senators,OTT,3.26806392341464,3.094208101285487,0.531830068351652,0.468169931648348,0.16125356681462685
1314,2026021314,2027-04-07T20:00:00,2027-04-07,20:00:00,Winnipeg Jets,WPG,Edmonton Oilers,EDM,3.0646292008331244,3.4131666598615067,0.4371084158003991,0.5628915841996008,0.15871452874859018
1315,2026021315,2027-04-07T21:00:00,2027-04-07,21:00:00,Utah Mammoth,UTA,Dallas Stars,DAL,2.867240632371248,2.696210127736738,0.5340144615847724,0.4659855384152276,0.1730157137223082
1316,2026021316,2027-04-08T19:00:00,2027-04-08,19:00:00,Ottawa Senators,OTT,Washington Capitals,WSH,3.4161304434720283,2.9950430439013362,0.5763271826807846,0.42367281731921536,0.15892541526278264
1317,2026021317,2027-04-08T19:00:00,2027-04-08,19:00:00,Tampa Bay Lightning,TBL,Montréal Canadiens,MTL,3.5019544301210326,2.8002039131397067,0.627128102658507,0.37287189734149295,0.15668144717348553
1318,2026021318,2027-04-08T19:00:00,2027-04-08,19:00:00,New Jersey Devils,NJD,New York Islanders,NYI,3.7202282139052643,2.303224677717565,0.7496572352085139,0.2503427647914861,0.14256804845132537
1319,2026021319,2027-04-08T19:30:00,2027-04-08,19:30:00,Columbus Blue Jackets,CBJ,Philadelphia Flyers,PHI,3.850731009547489,2.5710306230518687,0.7204439503234514,0.27955604967654857,0.14289392309427162
1320,2026021320,2027-04-08T20:00:00,2027-04-08,20:00:00,Chicago Blackhawks,CHI,Nashville Predators,NSH,2.903937584847788,3.6431486229224506,0.3694083010835115,0.6305916989164885,0.15318627319968484
1321,2026021321,2027-04-08T20:00:00,2027-04-08,20:00:00,St. Louis Blues,STL,Seattle Kraken,SEA,3.312550396122806,2.646783756560403,0.6249635735085685,0.37503642649143154,0.1616627153552916
1322,2026021322,2027-04-08T21:00:00,2027-04-08,21:00:00,Calgary Flames,CGY,Colorado Avalanche,COL,2.1029808289335117,3.86000942303817,0.20030310064352524,0.7996968993564747,0.1314178632696983
1323,2026021323,2027-04-08T22:00:00,2027-04-08,22:00:00,San Jose Sharks,SJS,Minnesota Wild,MIN,2.788852148762412,3.4810120750753226,0.37415840098668063,0.6258415990133194,0.15723214923786596
1324,2026021324,2027-04-08T22:00:00,2027-04-08,22:00:00,Los Angeles Kings,LAK,Vegas Golden Knights,VGK,2.9075285784233103,3.3567638568576665,0.4174631291129364,0.5825368708870635,0.16053617836058304
1325,2026021325,2027-04-09T19:00:00,2027-04-09,19:00:00,Detroit Red Wings,DET,Pittsburgh Penguins,PIT,3.037646381478334,3.048258625287668,0.498000254372438,0.501999745627562,0.16541454199082065
1326,2026021326,2027-04-09T19:00:00,2027-04-09,19:00:00,Florida Panthers,FLA,Boston Bruins,BOS,3.405782462259124,3.131723207002763,0.5492459805507792,0.4507540194492208,0.1584820853161905
1327,2026021327,2027-04-09T19:00:00,2027-04-09,19:00:00,Winnipeg Jets,WPG,Vancouver Canucks,VAN,3.7640425450445028,2.6095717787936845,0.7017850740131307,0.2982149259868693,0.14657564044051918
1328,2026021328,2027-04-09T20:00:00,2027-04-09,20:00:00,Dallas Stars,DAL,Utah Mammoth,UTA,2.837735332805138,2.724243921654162,0.5225901660647894,0.47740983393521064,0.17327049473223585
1329,2026021329,2027-04-10T12:30:00,2027-04-10,12:30:00,Philadelphia Flyers,PHI,Washington Capitals,WSH,2.577296905668376,3.5799794660023694,0.31916391338822125,0.6808360866117787,0.15250669840424447
1330,2026021330,2027-04-10T15:00:00,2027-04-10,15:00:00,Colorado Avalanche,COL,Minnesota Wild,MIN,3.6377981347088166,2.77660416897978,0.6530220963060877,0.34697790369391235,0.15256236791325384
1331,2026021331,2027-04-10T16:00:00,2027-04-10,16:00:00,San Jose Sharks,SJS,Anaheim Ducks,ANA,2.8529608354817766,3.767242022453155,0.3411137532103846,0.6588862467896154,0.1492990762440119
1332,2026021332,2027-04-10T17:00:00,2027-04-10,17:00:00,New York Islanders,NYI,Columbus Blue Jackets,CBJ,2.707067195771383,3.4529052608677935,0.3633273852055477,0.6366726147944523,0.1576958532574415
1333,2026021333,2027-04-10T18:00:00,2027-04-10,18:00:00,Buffalo Sabres,BUF,Detroit Red Wings,DET,2.9444833200092537,3.1685404111437676,0.45797442093915613,0.5420255790608439,0.16441157217806554
1334,2026021334,2027-04-10T18:00:00,2027-04-10,18:00:00,Florida Panthers,FLA,Carolina Hurricanes,CAR,2.90049194854089,3.549775874088576,0.3837453287185843,0.6162546712814156,0.15569004146872667
1335,2026021335,2027-04-10T18:00:00,2027-04-10,18:00:00,New Jersey Devils,NJD,Pittsburgh Penguins,PIT,3.5939146164572695,2.884756837603925,0.6262790279358952,0.3737209720641048,0.15445265873085173
1336,2026021336,2027-04-10T18:00:00,2027-04-10,18:00:00,Chicago Blackhawks,CHI,Seattle Kraken,SEA,2.707740043535073,3.3401140795724835,0.3821575499639559,0.6178424500360441,0.16101495388269635
1337,2026021337,2027-04-10T19:00:00,2027-04-10,19:00:00,Nashville Predators,NSH,Dallas Stars,DAL,2.7354054909621324,3.6887021528742863,0.33173207306639246,0.6682679269336076,0.15062581323687826
1338,2026021338,2027-04-10T19:00:00,2027-04-10,19:00:00,Ottawa Senators,OTT,Montréal Canadiens,MTL,3.5159644878313463,3.1512935730954132,0.5645890929313088,0.4354109070686913,0.1562489101612234
1339,2026021339,2027-04-10T19:00:00,2027-04-10,19:00:00,New York Rangers,NYR,Toronto Maple Leafs,TOR,2.8976923108334005,3.145298242684442,0.4532450506716949,0.546754949328305,0.1652648040068183
1340,2026021340,2027-04-10T19:00:00,2027-04-10,19:00:00,St. Louis Blues,STL,Utah Mammoth,UTA,2.596707012913308,3.026052632124536,0.41569949586857924,0.5843005041314208,0.16991316433679227
1341,2026021341,2027-04-10T20:00:00,2027-04-10,20:00:00,Tampa Bay Lightning,TBL,Boston Bruins,BOS,3.8087189073880228,2.434196436967894,0.7385003577347165,0.26149964226528355,0.1418737827533946
1342,2026021342,2027-04-10T22:00:00,2027-04-10,22:00:00,Calgary Flames,CGY,Vancouver Canucks,VAN,2.8766827303662397,2.9052173031015034,0.4944505029897146,0.5055494970102854,0.16992684019247445
1343,2026021343,2027-04-10T22:00:00,2027-04-10,22:00:00,Edmonton Oilers,EDM,Winnipeg Jets,WPG,3.592325215235308,2.9117882113678473,0.6210559562773906,0.37894404372260937,0.15459203363487412
1344,2026021344,2027-04-10T22:30:00,2027-04-10,22:30:00,Vegas Golden Knights,VGK,Los Angeles Kings,LAK,3.5329618053487053,2.7625226035719375,0.6391619414155156,0.36083805858448437,0.15560602839241047
