,PlayerID,Player,Team,Position,Headshot,Team Logo,Jersey Number,playerStripped,GP,TOI,TOI/GP,CF/60,CA/60,CF%,FF/60,FA/60,FF%,SF/60,SA/60,SF%,GF/60,GA/60,GF%,xGF/60,xGA/60,xGF%,SCF/60,SCA/60,SCF%,HDCF/60,HDCA/60,HDCF%,HDGF/60,HDGA/60,HDGF%,MDCF/60,MDCA/60,MDCF%,MDGF/60,MDGA/60,MDGF%,LDCF/60,LDCA/60,LDCF%,LDGF/60,LDGA/60,LDGF%,On-Ice SH%,On-Ice SV%,PDO,Off. Zone Starts/60,Neu. Zone Starts/60,Def. Zone Starts/60,On The Fly Starts/60,Off. Zone Start %,Off. Zone Faceoffs/60,Neu. Zone Faceoffs/60,Def. Zone Faceoffs/60,Off. Zone Faceoff %
0,8480800,Quinn Hughes,MIN,D,https://assets.nhle.com/mugs/nhl/20252026/MIN/8480800.png,https://assets.nhle.com/logos/nhl/svg/MIN_light.svg,43,quinnhughes,74.0,2052.5833333333,27.737612612613,74.28,49.58,59.97,55.01,36.74,59.96,34.58,24.47,58.56,4.21,3.01,58.30,4.5,2.72,62.3,39.96,24.15,62.33,17.22,10.9,61.23,2.37,1.7,58.27,30.32,17.66,63.2,1.75,0.97,64.29,63.63,41.72,60.4,0.68,0.55,55.17,12.17,87.69,0.999,8.48,9.76,5.88,27.65,59.06,27.42,16.6,15.05,64.56
1,8478460,Zach Werenski,CBJ,D,https://assets.nhle.com/mugs/nhl/20252026/CBJ/8478460.png,https://assets.nhle.com/logos/nhl/svg/CBJ_light.svg,8,zachwerenski,75.0,1996.0666666667,26.614222222222,69.38,55.61,55.51,50.26,41.45,54.8,33.79,27.14,55.45,3.82,3.13,54.98,3.83,2.89,56.97,34.45,25.58,57.39,13.62,10.85,55.65,1.71,1.23,58.16,27.77,19.64,58.58,1.92,1.08,64.00,62.52,47.98,56.58,0.91,1.13,44.68,11.30,88.48,0.998,9.92,11.24,7.7,29.79,56.31,26.45,17.01,17.4,60.32
2,8481542,Moritz Seider,DET,D,https://assets.nhle.com/mugs/nhl/20252026/DET/8481542.png,https://assets.nhle.com/logos/nhl/svg/DET_light.svg?season=20252026,53,moritzseider,82.0,2104.65,25.666463414634,65.08,52.83,55.2,49.01,36.41,57.38,32.44,23.58,57.91,3.99,2.85,58.33,4.05,2.87,58.56,32.58,24.89,56.7,14.03,9.64,59.28,1.91,1.25,60.36,24.75,20.34,54.89,1.75,1.1,61.33,55.26,47.48,53.79,0.78,0.86,47.50,12.30,87.91,1.002,7.84,10.89,10.43,37.72,42.90,20.47,17.73,21.01,49.35
3,8480036,Miro Heiskanen,DAL,D,https://assets.nhle.com/mugs/nhl/20252026/DAL/8480036.png,https://assets.nhle.com/logos/nhl/svg/DAL_light.svg,4,miroheiskanen,77.0,1961.4166666667,25.472943722944,54.24,52.31,50.9,40.41,37.75,51.7,27.23,24.9,52.23,4.04,2.97,57.64,3.94,3.27,54.64,31.94,25.91,55.21,14.13,11.07,56.07,2.11,1.22,63.30,23.74,19.78,54.55,1.71,1.43,54.55,44.76,45.6,49.54,0.75,0.71,51.52,14.83,88.08,1.029,10.28,9.7,9.67,29.61,51.53,24.29,15.11,20.59,54.12
4,8486169,Jake Livanavage,PIT,D,https://assets.nhle.com/mugs/nhl/20252026/PIT/8486169.png,https://assets.nhle.com/logos/nhl/svg/PIT_light.svg,4,jakelivanavage,1.0,25.233333333333,25.233333333333,45.18,57.07,44.19,28.53,45.18,38.71,16.64,30.91,35.0,2.38,7.13,25.00,2.29,5.33,30.06,26.16,33.29,44.0,14.27,9.51,60.00,2.38,2.38,50.00,15.85,31.7,33.33,0.0,6.34,0.00,30.91,41.22,42.86,0.0,0.0,-,14.29,76.92,0.912,0.0,16.64,0.0,33.29,-,7.13,23.78,14.27,33.33
5,8479425,Filip Hronek,VAN,D,https://assets.nhle.com/mugs/nhl/20252026/VAN/8479425.png,https://assets.nhle.com/logos/nhl/svg/VAN_light.svg,17,filiphronek,82.0,2050.4666666667,25.005691056911,57.67,58.11,49.81,42.37,44.65,48.69,27.1,29.03,48.28,2.84,3.63,43.89,3.14,3.71,45.79,28.03,30.2,48.14,12.47,13.17,48.63,1.43,1.58,47.57,20.76,22.71,47.76,1.29,1.37,48.53,51.82,47.93,51.95,0.34,1.06,24.24,10.48,87.5,0.98,8.25,11.27,10.04,36.58,45.12,22.68,16.36,20.42,52.61
6,8474600,Roman Josi,NSH,D,https://assets.nhle.com/mugs/nhl/20252026/NSH/8474600.png,https://assets.nhle.com/logos/nhl/svg/NSH_light.svg,59,romanjosi,68.0,1691.6666666667,24.877450980392,64.62,54.94,54.05,47.85,42.1,53.19,31.71,27.81,53.28,3.8,3.23,54.04,3.83,3.17,54.73,32.6,27.1,54.6,13.44,11.21,54.53,1.74,1.6,52.13,25.54,21.19,54.66,1.51,1.23,55.17,57.53,46.31,55.4,1.18,0.87,57.50,11.97,88.39,1.004,9.65,10.46,6.21,37.88,60.85,25.86,17.59,17.17,60.1
7,8480069,Cale Makar,COL,D,https://assets.nhle.com/mugs/nhl/20252026/COL/8480069.png,https://assets.nhle.com/logos/nhl/svg/COL_light.svg,8,calemakar,75.0,1863.5666666667,24.847555555556,73.02,53.03,57.93,53.61,39.96,57.3,35.61,26.05,57.75,4.44,2.51,63.89,4.43,3.07,59.02,37.64,25.24,59.86,14.49,11.37,56.04,1.77,1.13,61.11,30.87,18.5,62.52,1.76,1.03,63.08,69.39,44.69,60.82,1.86,0.65,74.07,12.48,90.36,1.028,12.91,9.76,7.57,32.16,63.05,30.23,16.16,16.9,64.14
8,8482105,Jake Sanderson,OTT,D,https://assets.nhle.com/mugs/nhl/20252026/OTT/8482105.png,https://assets.nhle.com/logos/nhl/svg/OTT_light.svg,85,jakesanderson,67.0,1664.2333333333,24.839303482587,61.29,49.57,55.28,45.64,34.65,56.85,29.78,23.22,56.19,4.07,3.06,57.07,3.74,3.0,55.44,31.47,23.9,56.84,13.38,9.88,57.52,2.24,1.44,60.78,24.13,18.7,56.34,1.44,1.35,51.72,55.93,44.84,55.5,0.78,0.83,48.39,13.68,86.8,1.005,11.25,11.1,12.37,38.07,47.63,24.59,17.41,25.27,49.31
9,8478500,Ivan Provorov,CBJ,D,https://assets.nhle.com/mugs/nhl/20252026/CBJ/8478500.png,https://assets.nhle.com/logos/nhl/svg/CBJ_light.svg,9,ivanprovorov,82.0,2034.7833333333,24.814430894309,55.35,64.64,46.13,39.63,47.83,45.31,26.86,30.52,46.81,2.86,3.21,47.09,2.98,3.63,45.07,26.51,31.2,45.94,10.82,13.68,44.16,1.21,1.3,48.24,20.92,23.35,47.25,1.3,1.26,50.77,44.89,59.63,42.95,0.77,1.32,36.73,10.65,89.47,1.001,6.43,10.5,11.21,34.5,36.45,16.81,17.22,24.95,40.25
10,8477504,Josh Morrissey,WPG,D,https://assets.nhle.com/mugs/nhl/20252026/WPG/8477504.png,https://assets.nhle.com/logos/nhl/svg/WPG_light.svg,44,joshmorrissey,77.0,1903.45,24.72012987013,57.97,51.63,52.89,43.88,38.39,53.33,28.34,25.06,53.07,3.72,2.84,56.73,3.55,3.0,54.17,31.14,24.24,56.23,13.9,11.16,55.47,1.8,1.7,51.35,22.99,17.44,56.86,1.56,0.92,62.71,53.18,41.8,55.99,0.91,0.46,66.67,13.13,88.68,1.018,11.92,10.43,6.24,38.36,65.63,26.76,16.2,13.55,66.38
11,8485366,Matthew Schaefer,NYI,D,https://assets.nhle.com/mugs/nhl/20252026/NYI/8485366.png,https://assets.nhle.com/logos/nhl/svg/NYI_light.svg,48,mattschaefer,82.0,2024.0,24.682926829268,65.57,55.32,54.24,48.41,40.26,54.6,32.73,24.87,56.82,3.62,2.61,58.10,3.96,3.54,52.82,33.53,27.07,55.33,14.56,12.57,53.66,1.48,0.95,60.98,25.3,19.33,56.69,1.82,1.23,59.74,57.42,41.71,57.93,0.98,0.81,54.76,11.05,89.51,1.006,8.98,10.41,6.34,39.6,58.61,22.32,15.8,13.9,61.62
12,8480803,Evan Bouchard,EDM,D,https://assets.nhle.com/mugs/nhl/20252026/EDM/8480803.png,https://assets.nhle.com/logos/nhl/svg/EDM_light.svg,2,evanbouchard,82.0,2023.5833333333,24.677845528455,69.17,50.58,57.76,52.69,38.25,57.94,36.29,25.62,58.62,5.19,3.14,62.28,4.64,3.32,58.28,39.14,26.54,59.59,16.6,11.3,59.51,2.55,1.63,60.99,30.05,20.32,59.65,2.29,1.27,64.44,57.09,38.46,59.75,1.2,0.64,65.12,14.30,87.73,1.02,9.04,9.43,7.68,36.26,54.08,25.29,15.15,15.15,62.54
13,8482122,Brock Faber,MIN,D,https://assets.nhle.com/mugs/nhl/20252026/MIN/8482122.png,https://assets.nhle.com/logos/nhl/svg/MIN_light.svg,7,brockfaber,80.0,1974.1666666667,24.677083333333,58.05,64.52,47.36,42.94,46.5,48.01,29.21,31.37,48.22,3.5,3.28,51.57,3.22,3.3,49.35,28.45,30.91,47.93,11.88,13.07,47.62,1.79,1.61,52.68,22.09,23.79,48.14,1.5,1.54,49.33,46.75,60.23,43.7,0.61,0.7,46.67,11.97,89.53,1.015,5.77,11.18,10.7,36.2,35.06,18.36,19.33,25.35,42.0
14,8479325,Charlie McAvoy,BOS,D,https://assets.nhle.com/mugs/nhl/20252026/BOS/8479325.png,https://assets.nhle.com/logos/nhl/svg/BOS_light.svg?season=20252026,73,charliemcavoy,69.0,1682.8833333333,24.38961352657,59.83,60.82,49.59,44.71,45.24,49.7,28.27,29.81,48.68,4.42,3.57,55.36,3.7,4.05,47.78,29.38,30.59,48.99,13.48,14.05,48.96,2.14,1.53,58.25,21.2,22.06,49.01,1.71,1.62,51.43,55.52,52.27,51.51,1.24,1.08,53.33,15.64,88.04,1.037,10.16,11.16,11.98,33.44,45.89,25.31,17.86,24.67,50.64
15,8479410,Mikhail Sergachev,UTA,D,https://assets.nhle.com/mugs/nhl/20252026/UTA/8479410.png,https://assets.nhle.com/logos/nhl/svg/UTA_light.svg?season=20252026,98,mikhailsergachev,78.0,1895.0666666667,24.295726495726,63.58,57.84,52.36,46.29,42.58,52.08,30.74,27.89,52.43,3.74,3.32,52.91,3.54,3.93,47.38,29.22,29.32,49.92,12.44,13.46,48.04,1.52,1.68,47.52,22.37,21.15,51.41,1.65,1.27,56.52,59.27,51.31,53.6,1.14,0.82,58.14,12.15,88.08,1.002,10.99,12.35,12.85,35.75,46.08,26.25,18.33,25.39,50.83
16,8481605,Jackson LaCombe,ANA,D,https://assets.nhle.com/mugs/nhl/20252026/ANA/8481605.png,https://assets.nhle.com/logos/nhl/svg/ANA_light.svg,2,jacksonlacombe,82.0,1988.3333333333,24.247967479675,67.47,53.65,55.71,50.48,40.07,55.75,33.59,25.8,56.55,3.68,3.68,50.00,4.09,3.49,53.93,33.13,28.34,53.9,15.24,12.67,54.59,1.63,1.69,49.09,23.86,20.88,53.33,1.45,1.57,48.00,57.8,47.12,55.09,1.18,0.92,56.25,10.96,85.73,0.967,10.2,11.98,11.44,34.01,47.14,22.9,18.56,21.06,52.09
17,8477948,Travis Sanheim,PHI,D,https://assets.nhle.com/mugs/nhl/20252026/PHI/8477948.png,https://assets.nhle.com/logos/nhl/svg/PHI_light.svg,6,travissanheim,81.0,1962.0333333333,24.222633744856,48.23,59.57,44.74,36.24,42.02,46.31,24.19,26.51,47.71,2.94,3.36,46.60,3.01,3.14,48.96,25.05,29.39,46.01,11.56,11.77,49.54,1.04,1.38,43.04,17.98,23.49,43.36,1.79,1.88,48.89,36.0,53.09,40.41,0.57,0.75,43.33,12.14,87.31,0.994,5.81,12.35,12.6,43.06,31.56,13.94,19.42,25.87,35.02
18,8480839,Rasmus Dahlin,BUF,D,https://assets.nhle.com/mugs/nhl/20252026/BUF/8480839.png,https://assets.nhle.com/logos/nhl/svg/BUF_light.svg,26,rasmusdahlin,77.0,1862.3,24.185714285714,65.6,51.77,55.89,48.97,38.4,56.05,32.93,24.78,57.06,4.29,2.64,61.86,4.02,2.9,58.13,31.51,24.2,56.56,13.79,10.28,57.30,1.93,1.29,60.00,23.63,18.56,56.01,1.89,1.03,64.71,57.24,43.28,56.94,0.98,0.6,61.76,13.01,89.34,1.024,10.34,13.18,8.54,35.92,54.78,24.36,19.01,16.62,59.43
19,8476875,Mike Matheson,MTL,D,https://assets.nhle.com/mugs/nhl/20252026/MTL/8476875.png,https://assets.nhle.com/logos/nhl/svg/MTL_light.svg,8,michaelmatheson,78.0,1884.7166666667,24.163034188034,48.87,72.17,40.37,36.32,52.05,41.1,23.81,33.87,41.28,2.74,3.79,41.95,2.92,4.37,40.06,23.08,37.28,38.24,9.04,16.55,35.32,0.99,1.88,34.44,18.72,27.63,40.38,1.49,1.61,47.95,37.34,63.69,36.96,0.69,1.01,40.54,11.50,88.82,1.003,4.78,11.97,12.73,34.83,27.27,12.77,18.24,29.57,30.15
20,8483457,Lane Hutson,MTL,D,https://assets.nhle.com/mugs/nhl/20252026/MTL/8483457.png,https://assets.nhle.com/logos/nhl/svg/MTL_light.svg,48,lanehutson,82.0,1949.3166666667,23.772154471545,63.65,47.19,57.43,46.91,33.49,58.35,29.89,21.79,57.83,4.68,2.25,67.56,3.99,2.79,58.84,33.61,22.5,59.9,13.79,9.85,58.33,1.91,1.23,60.78,26.43,16.87,61.04,2.34,0.78,75.00,55.49,35.21,61.18,1.42,0.53,72.73,15.65,89.69,1.053,10.56,8.83,4.06,38.41,72.21,25.09,15.64,11.02,69.48
21,8478882,Vladislav Gavrikov,NYR,D,https://assets.nhle.com/mugs/nhl/20252026/NYR/8478882.png,https://assets.nhle.com/logos/nhl/svg/NYR_light.svg,44,vladislavgavrikov,82.0,1945.4666666667,23.725203252033,52.8,60.26,46.7,37.6,45.4,45.3,23.56,30.38,43.68,2.47,3.15,43.96,2.83,3.64,43.75,25.35,28.65,46.94,11.23,11.75,48.86,1.08,1.54,41.18,18.83,22.53,45.53,0.95,1.4,40.35,47.4,53.86,46.81,0.8,0.71,52.94,10.47,89.64,1.001,8.02,13.45,10.76,37.29,42.69,19.71,19.12,23.01,46.14
22,8477495,Seth Jones,FLA,D,https://assets.nhle.com/mugs/nhl/20252026/FLA/8477495.png,https://assets.nhle.com/logos/nhl/svg/FLA_light.svg,3,sethjones,52.0,1232.3,23.698076923077,66.66,51.37,56.48,48.4,38.32,55.81,30.33,24.59,55.23,3.41,2.97,53.44,4.15,3.33,55.48,34.08,24.3,58.38,15.19,10.96,58.10,1.75,1.61,52.17,25.19,17.79,58.61,1.49,0.91,62.16,56.33,44.59,55.82,0.7,0.84,45.45,11.24,87.92,0.992,10.27,12.42,9.93,35.93,50.84,23.13,18.4,17.63,56.75
23,8479323,Adam Fox,NYR,D,https://assets.nhle.com/mugs/nhl/20252026/NYR/8479323.png,https://assets.nhle.com/logos/nhl/svg/NYR_light.svg,23,adamfox,55.0,1299.5833333333,23.628787878788,71.56,48.02,59.85,51.2,36.01,58.71,31.3,24.05,56.55,4.16,2.59,61.64,4.39,2.76,61.4,36.8,21.7,62.9,16.48,8.31,66.48,2.12,1.25,63.01,27.09,17.85,60.27,1.35,1.05,56.41,65.02,42.81,60.3,1.2,0.53,69.23,13.27,89.25,1.025,10.8,13.3,8.17,34.63,56.93,28.26,19.94,17.73,61.45
24,8474578,Erik Karlsson,PIT,D,https://assets.nhle.com/mugs/nhl/20252026/PIT/8474578.png,https://assets.nhle.com/logos/nhl/svg/PIT_light.svg,65,erikkarlsson,75.0,1770.0333333333,23.600444444444,66.47,52.47,55.88,49.19,40.17,55.05,33.02,25.12,56.79,4.31,3.02,58.80,4.05,3.43,54.14,35.73,27.83,56.21,15.42,12.07,56.10,2.0,1.29,60.82,27.07,21.02,56.3,1.99,1.18,62.86,56.85,44.7,55.98,1.03,0.93,52.50,13.04,87.99,1.01,10.64,10.41,8.61,30.75,55.28,26.75,17.42,18.85,58.66
25,8481598,Philip Broberg,STL,D,https://assets.nhle.com/mugs/nhl/20252026/STL/8481598.png,https://assets.nhle.com/logos/nhl/svg/STL_light.svg?season=20252026,6,philipbroberg,81.0,1891.9666666667,23.357613168724,47.13,60.13,43.94,35.3,44.33,44.32,23.31,30.19,43.57,2.82,2.92,49.17,2.86,3.23,46.93,24.77,29.62,45.54,9.83,12.08,44.86,1.24,1.62,43.33,19.92,23.38,46.0,1.52,1.14,57.14,37.75,53.92,41.18,0.55,0.6,48.00,12.11,90.34,1.024,7.23,10.97,12.21,39.51,37.19,16.05,15.73,23.47,40.61
26,8479345,Jakob Chychrun,WSH,D,https://assets.nhle.com/mugs/nhl/20252026/WSH/8479345.png,https://assets.nhle.com/logos/nhl/svg/WSH_secondary_light.svg,6,jakobchychrun,80.0,1867.2666666667,23.340833333333,68.51,51.54,57.07,50.96,38.3,57.09,32.33,25.0,56.39,3.86,2.47,60.91,4.22,3.1,57.61,34.96,25.74,57.6,15.87,11.02,59.02,1.83,1.0,64.77,25.45,19.62,56.46,1.59,0.86,64.91,61.22,38.24,61.55,1.16,0.74,60.98,11.93,90.1,1.02,9.48,8.68,4.66,35.15,67.05,26.25,15.13,12.85,67.13
27,8476902,Esa Lindell,DAL,D,https://assets.nhle.com/mugs/nhl/20252026/DAL/8476902.png,https://assets.nhle.com/logos/nhl/svg/DAL_light.svg,23,esalindell,82.0,1905.25,23.234756097561,42.99,59.2,42.06,31.81,42.01,43.09,21.32,27.05,44.08,2.77,2.9,48.89,2.82,3.37,45.48,22.45,29.29,43.4,9.92,12.19,44.87,1.42,1.2,54.22,16.71,22.8,42.3,1.26,1.47,46.15,33.66,54.09,38.36,0.41,0.77,34.62,13.00,89.29,1.023,5.39,11.31,11.15,33.82,32.57,13.79,17.16,24.0,36.5
28,8478397,Rasmus Andersson,VGK,D,https://assets.nhle.com/mugs/nhl/20252026/VGK/8478397.png,https://assets.nhle.com/logos/nhl/svg/VGK_light.svg,4,rasmusandersson,81.0,1879.3333333333,23.201646090535,56.83,60.09,48.61,41.22,44.51,48.08,27.46,29.31,48.37,3.26,3.0,52.04,3.11,3.37,47.97,25.32,29.37,46.29,11.65,12.26,48.73,1.53,1.56,49.48,18.22,22.82,44.4,0.98,1.15,46.00,54.46,54.23,50.11,1.25,0.74,62.79,11.86,89.76,1.016,10.73,12.32,12.1,49.07,46.99,23.31,17.85,23.08,50.24
29,8474590,John Carlson,ANA,D,https://assets.nhle.com/mugs/nhl/20252026/ANA/8474590.png,https://assets.nhle.com/logos/nhl/svg/ANA_light.svg,74,johncarlson,71.0,1644.3833333333,23.160328638498,66.59,57.14,53.82,50.06,42.87,53.87,32.11,27.91,53.5,4.05,3.69,52.36,4.17,3.73,52.78,33.17,29.01,53.35,14.67,12.22,54.55,1.82,1.71,51.55,24.67,22.38,52.43,1.51,1.41,51.67,57.66,48.01,54.56,1.37,0.84,61.90,12.61,86.8,0.994,8.61,7.95,8.17,39.19,51.30,22.77,15.25,19.05,54.45
30,8474563,Drew Doughty,LAK,D,https://assets.nhle.com/mugs/nhl/20252026/LAK/8474563.png,https://assets.nhle.com/logos/nhl/svg/LAK_light.svg,8,drewdoughty,72.0,1662.2166666667,23.086342592593,61.22,52.12,54.01,43.89,38.91,53.01,28.26,25.56,52.52,2.67,3.0,47.13,3.46,2.74,55.87,28.73,25.01,53.46,12.6,10.65,54.19,1.44,1.08,57.14,21.51,19.16,52.9,0.87,1.44,37.50,51.57,44.79,53.52,0.68,0.99,40.63,9.45,88.28,0.977,6.89,12.6,9.24,38.66,42.73,18.23,19.06,19.38,48.46
31,8481581,Thomas Harley,DAL,D,https://assets.nhle.com/mugs/nhl/20252026/DAL/8481581.png,https://assets.nhle.com/logos/nhl/svg/DAL_light.svg,55,thomasharley,70.0,1613.95,23.056428571429,52.19,56.69,47.93,37.88,41.08,47.98,25.5,26.58,48.97,3.09,3.01,50.61,3.23,3.04,51.53,27.4,27.84,49.6,12.64,11.41,52.55,1.82,1.38,56.98,19.68,21.91,47.32,1.09,1.39,44.00,42.53,45.86,48.12,0.59,0.54,52.38,12.10,88.67,1.008,6.54,11.08,7.73,39.63,45.83,17.21,16.43,17.03,50.27
32,8482684,Luke Hughes,NJD,D,https://assets.nhle.com/mugs/nhl/20252026/NJD/8482684.png,https://assets.nhle.com/logos/nhl/svg/NJD_light.svg,43,lukehughes,68.0,1564.7666666667,23.011274509804,66.76,52.26,56.09,47.62,38.92,55.03,31.9,25.69,55.39,2.84,2.72,51.03,3.66,3.15,53.78,34.05,27.38,55.43,14.38,12.77,52.97,1.38,1.65,45.57,26.23,19.48,57.38,1.38,0.77,64.29,57.99,41.54,58.26,0.55,0.61,47.62,8.89,89.4,0.983,10.28,11.2,9.66,33.82,51.54,24.12,17.41,17.6,57.81
33,8478402,Connor McDavid,EDM,C,https://assets.nhle.com/mugs/nhl/20252026/EDM/8478402.png,https://assets.nhle.com/logos/nhl/svg/EDM_light.svg,97,connormcdavid,82.0,1885.45,22.993292682927,72.14,49.13,59.49,55.28,37.14,59.81,37.04,24.66,60.03,5.44,3.09,63.81,5.15,3.12,62.25,41.66,26.16,61.43,18.14,10.28,63.83,2.8,1.43,66.17,31.36,21.17,59.69,2.38,1.53,60.87,58.7,35.16,62.54,0.97,0.51,65.63,14.69,87.48,1.022,10.06,9.26,5.19,34.08,65.97,25.74,14.16,11.11,69.86
34,8477447,Shea Theodore,VGK,D,https://assets.nhle.com/mugs/nhl/20252026/VGK/8477447.png,https://assets.nhle.com/logos/nhl/svg/VGK_light.svg,27,sheatheodore,70.0,1598.55,22.836428571429,60.58,53.64,53.04,44.03,38.66,53.25,30.06,23.87,55.74,3.3,2.55,56.41,3.27,2.86,53.31,29.76,25.75,53.62,12.8,9.8,56.64,1.65,1.05,61.11,22.62,21.27,51.54,1.05,1.4,42.86,50.64,45.49,52.68,0.92,0.38,70.83,10.99,89.31,1.003,8.67,11.82,10.96,43.35,44.17,20.98,17.0,20.79,50.22
35,8480807,Mattias Samuelsson,BUF,D,https://assets.nhle.com/mugs/nhl/20252026/BUF/8480807.png,https://assets.nhle.com/logos/nhl/svg/BUF_light.svg,23,mattiassamuelsson,78.0,1780.6666666667,22.82905982906,49.6,70.09,41.44,37.3,51.01,42.24,25.34,32.35,43.93,3.54,3.3,51.72,2.87,3.97,41.96,23.38,33.46,41.14,10.11,13.95,42.02,1.65,1.48,52.69,17.7,26.01,40.49,1.39,1.44,49.21,40.06,65.17,38.07,0.92,1.02,47.50,13.96,89.79,1.038,5.83,13.71,13.38,36.46,30.35,14.62,19.17,27.09,35.06
36,8476885,Jacob Trouba,ANA,D,https://assets.nhle.com/mugs/nhl/20252026/ANA/8476885.png,https://assets.nhle.com/logos/nhl/svg/ANA_light.svg,65,jaketrouba,81.0,1849.0,22.827160493827,59.25,66.1,47.27,43.71,48.25,47.53,28.88,31.57,47.77,2.66,3.86,40.80,3.08,4.02,43.36,27.16,34.82,43.82,11.94,15.32,43.81,1.23,2.01,38.00,20.29,26.0,43.83,1.12,1.43,44.07,49.59,60.51,45.04,0.61,1.03,37.14,9.21,87.77,0.97,6.75,12.33,14.02,40.82,32.50,18.01,19.05,26.71,40.28
37,8480145,Neal Pionk,WPG,D,https://assets.nhle.com/mugs/nhl/20252026/WPG/8480145.png,https://assets.nhle.com/logos/nhl/svg/WPG_light.svg,4,nealpionk,51.0,1158.2,22.709803921569,56.47,60.2,48.4,41.81,43.88,48.79,26.89,28.65,48.41,2.54,3.11,44.95,2.96,3.63,44.89,26.99,31.5,46.15,10.98,13.88,44.17,1.35,1.14,54.17,21.34,23.48,47.61,0.97,1.59,37.84,50.43,49.31,50.56,0.52,0.97,35.00,9.44,89.15,0.986,7.2,10.57,10.67,44.55,40.29,18.86,16.11,19.69,48.92
38,8478178,Darren Raddysh,TBL,D,https://assets.nhle.com/mugs/nhl/20252026/TBL/8478178.png,https://assets.nhle.com/logos/nhl/svg/TBL_light.svg,43,darrenraddysh,73.0,1656.5,22.691780821918,73.02,46.07,61.31,54.37,35.35,60.6,34.99,23.04,60.3,4.67,2.54,64.82,4.64,2.77,62.63,37.6,22.46,62.61,16.84,9.82,63.18,2.14,1.23,63.44,27.67,16.85,62.15,1.98,1.01,66.13,62.16,38.51,61.75,1.46,0.42,77.78,13.35,88.99,1.023,9.49,8.91,6.59,35.93,59.01,25.14,14.96,14.67,63.15
39,8478055,Gustav Forsling,FLA,D,https://assets.nhle.com/mugs/nhl/20252026/FLA/8478055.png,https://assets.nhle.com/logos/nhl/svg/FLA_light.svg,42,gustavforsling,80.0,1810.3,22.62875,55.71,59.29,48.44,40.9,44.94,47.64,26.65,29.33,47.6,2.82,3.94,41.67,3.08,3.66,45.72,26.32,29.8,46.9,12.13,14.22,46.04,1.62,1.96,45.37,18.91,20.77,47.66,0.93,1.64,36.21,46.92,50.56,48.13,0.38,1.01,27.59,10.57,86.55,0.971,6.33,10.67,11.37,42.76,35.77,17.63,16.94,22.31,44.15
40,8476869,Brady Skjei,NSH,D,https://assets.nhle.com/mugs/nhl/20252026/NSH/8476869.png,https://assets.nhle.com/logos/nhl/svg/NSH_light.svg,76,bradyskjei,82.0,1853.9833333333,22.609552845528,51.59,62.49,45.22,38.41,48.8,44.04,25.66,32.33,44.25,2.75,3.62,43.15,3.01,3.87,43.72,24.73,31.62,43.88,11.13,14.92,42.73,1.52,2.07,42.34,18.12,22.27,44.87,0.82,1.25,39.58,43.24,57.73,42.82,0.75,0.79,48.48,10.72,88.79,0.995,5.66,11.75,12.49,41.85,31.19,15.47,18.64,28.09,35.51
41,8478396,Noah Hanifin,VGK,D,https://assets.nhle.com/mugs/nhl/20252026/VGK/8478396.png,https://assets.nhle.com/logos/nhl/svg/VGK_light.svg,15,noahhanifin,71.0,1604.6833333333,22.60117370892,57.39,54.29,51.39,41.24,39.48,51.09,27.71,25.35,52.22,2.77,2.84,49.33,2.88,2.83,50.49,27.86,25.46,52.24,12.6,10.32,54.98,1.27,1.46,46.58,20.34,20.19,50.18,1.2,1.05,53.33,50.88,45.75,52.66,0.81,0.86,48.39,9.99,88.79,0.988,10.21,11.67,7.55,45.69,57.47,21.31,16.64,15.59,57.75
42,8478469,Thomas Chabot,OTT,D,https://assets.nhle.com/mugs/nhl/20252026/OTT/8478469.png,https://assets.nhle.com/logos/nhl/svg/OTT_light.svg,72,thomaschabot,57.0,1287.0,22.578947368421,62.47,52.03,54.56,45.92,37.62,54.97,30.07,24.15,55.46,3.73,3.54,51.28,3.54,2.94,54.68,32.77,24.9,56.83,13.89,11.33,55.08,1.72,1.68,50.68,25.17,18.09,58.19,1.74,1.49,53.85,52.59,42.09,55.55,1.01,1.01,50.00,12.40,85.33,0.977,7.74,8.86,6.81,49.14,53.21,19.39,14.87,14.41,57.38
43,8477986,Brandon Montour,SEA,D,https://assets.nhle.com/mugs/nhl/20252026/SEA/8477986.png,https://assets.nhle.com/logos/nhl/svg/SEA_light.svg,62,brandonmontour,64.0,1443.8166666667,22.559635416667,59.55,57.39,50.92,44.17,42.47,50.98,28.01,26.93,50.98,2.41,2.95,44.96,3.09,3.24,48.77,26.93,25.14,51.72,10.51,10.6,49.80,1.08,1.33,44.83,21.89,19.39,53.02,1.0,0.94,51.43,54.14,47.9,53.06,0.78,0.78,50.00,8.61,89.04,0.976,8.81,9.02,6.4,38.98,57.92,22.07,13.59,15.71,58.42
44,8481546,Cam York,PHI,D,https://assets.nhle.com/mugs/nhl/20252026/PHI/8481546.png,https://assets.nhle.com/logos/nhl/svg/PHI_light.svg,8,camyork,74.0,1667.65,22.535810810811,48.46,58.14,45.46,36.41,40.3,47.47,24.11,25.58,48.52,2.95,3.42,46.33,2.96,3.14,48.52,25.26,29.21,46.37,10.94,11.19,49.43,1.08,1.44,42.86,19.09,24.03,44.27,1.82,1.73,51.35,38.15,50.25,43.15,0.68,0.94,41.94,12.24,86.64,0.989,7.52,12.12,11.94,45.69,38.63,16.77,19.68,24.14,40.99
45,8480865,Noah Dobson,MTL,D,https://assets.nhle.com/mugs/nhl/20252026/MTL/8480865.png,https://assets.nhle.com/logos/nhl/svg/MTL_light.svg,53,noahdobson,80.0,1798.7333333333,22.484166666667,57.24,63.34,47.47,42.5,43.66,49.32,27.25,28.69,48.72,3.17,3.1,50.53,3.3,3.79,46.56,26.95,32.56,45.29,10.67,14.74,41.99,1.17,1.8,39.33,21.7,23.75,47.75,1.56,1.16,57.38,50.54,49.82,50.36,1.01,0.58,63.64,11.63,89.19,1.008,8.04,12.21,8.84,40.73,47.63,19.85,18.68,20.28,49.46
46,8477932,Aaron Ekblad,FLA,D,https://assets.nhle.com/mugs/nhl/20252026/FLA/8477932.png,https://assets.nhle.com/logos/nhl/svg/FLA_light.svg,5,aaronekblad,72.0,1618.4,22.477777777778,59.39,58.02,50.58,43.12,43.75,49.64,27.55,29.33,48.44,3.0,3.63,45.25,3.4,3.81,47.16,28.44,28.95,49.55,13.31,13.98,48.78,1.56,1.78,46.67,20.17,19.97,50.25,0.99,1.53,39.22,50.44,48.78,50.84,0.75,0.91,45.16,10.90,87.61,0.985,8.16,11.31,11.53,42.78,41.43,20.02,17.54,21.76,47.91
47,8477346,MacKenzie Weegar,UTA,D,https://assets.nhle.com/mugs/nhl/20252026/UTA/8477346.png,https://assets.nhle.com/logos/nhl/svg/UTA_light.svg?season=20252026,52,mackenzieweegar,79.0,1774.5166666667,22.46223628692,64.24,58.16,52.49,44.94,41.59,51.93,30.43,28.44,51.69,2.37,3.58,39.77,3.08,3.31,48.22,27.73,30.4,47.7,11.83,13.12,47.43,1.05,1.76,37.35,21.19,23.04,47.91,0.86,1.53,35.85,57.0,46.06,55.31,0.73,0.63,53.57,7.78,87.4,0.952,8.42,12.71,10.55,50.55,44.39,21.98,19.78,19.31,53.24
48,8476931,Jake McCabe,TOR,D,https://assets.nhle.com/mugs/nhl/20252026/TOR/8476931.png,https://assets.nhle.com/logos/nhl/svg/TOR_light.svg,22,jakemccabe,80.0,1792.3833333333,22.404791666667,45.22,69.19,39.53,33.54,50.82,39.76,23.37,32.44,41.87,2.85,3.55,44.50,2.59,3.73,40.92,22.36,36.15,38.22,9.74,14.16,40.76,1.54,1.51,50.55,16.83,29.32,36.46,0.89,2.01,30.77,34.67,61.99,35.87,0.63,0.77,44.83,12.18,89.06,1.012,4.65,11.41,15.8,47.84,22.75,11.35,17.71,28.72,28.32
49,8480817,K'Andre Miller,CAR,D,https://assets.nhle.com/mugs/nhl/20252026/CAR/8480817.png,https://assets.nhle.com/logos/nhl/svg/CAR_light.svg,19,kandremiller,72.0,1612.2833333333,22.392824074074,68.7,46.03,59.88,49.27,33.27,59.69,31.0,22.29,58.17,3.05,3.16,49.10,3.51,2.76,55.96,33.83,25.05,57.46,13.73,11.46,54.51,1.64,2.01,44.90,26.79,18.11,59.67,1.29,1.29,50.00,56.39,36.34,60.81,0.59,0.22,73.33,9.84,85.81,0.957,8.63,11.16,8.41,43.84,50.66,20.54,17.86,18.24,52.98
50,8478038,Devon Toews,COL,D,https://assets.nhle.com/mugs/nhl/20252026/COL/8478038.png,https://assets.nhle.com/logos/nhl/svg/COL_light.svg,7,devontoews,68.0,1521.0833333333,22.36887254902,65.44,57.04,53.43,47.14,43.0,52.3,31.52,28.32,52.67,3.51,2.56,57.79,3.81,3.18,54.52,33.17,27.61,54.57,13.57,12.62,51.81,1.62,1.3,55.41,26.14,19.99,56.67,1.42,1.0,58.70,55.27,52.08,51.49,1.14,0.68,62.50,11.14,90.95,1.021,10.06,11.56,9.86,40.47,50.50,22.68,18.3,21.93,50.84
51,8482762,Simon Edvinsson,DET,D,https://assets.nhle.com/mugs/nhl/20252026/DET/8482762.png,https://assets.nhle.com/logos/nhl/svg/DET_light.svg?season=20252026,77,simonedvinsson,72.0,1609.6166666667,22.355787037037,54.76,59.27,48.02,40.56,41.12,49.66,25.87,25.91,49.96,2.83,2.94,49.03,2.91,3.09,48.54,24.56,28.93,45.92,10.36,11.85,46.64,1.04,1.53,40.58,18.94,22.76,45.41,1.39,1.19,53.85,44.85,52.77,45.95,0.75,0.7,51.85,10.95,88.63,0.996,4.44,11.97,11.0,44.58,28.74,13.83,18.38,22.1,38.49
52,8481524,Bowen Byram,BUF,D,https://assets.nhle.com/mugs/nhl/20252026/BUF/8481524.png,https://assets.nhle.com/logos/nhl/svg/BUF_light.svg,24,bowenbyram,82.0,1831.9333333333,22.340650406504,54.34,58.1,48.33,42.02,42.87,49.5,26.89,28.43,48.61,3.44,2.95,53.85,3.25,3.43,48.7,26.4,28.36,48.21,11.5,13.85,45.35,1.64,1.54,51.55,19.87,19.35,50.67,1.48,1.27,53.97,45.09,52.47,46.22,0.76,0.47,61.54,12.79,89.63,1.024,7.76,11.37,10.58,41.5,42.32,16.64,17.19,20.67,44.6
53,8477492,Nathan MacKinnon,COL,C,https://assets.nhle.com/mugs/nhl/20252026/COL/8477492.png,https://assets.nhle.com/logos/nhl/svg/COL_light.svg,29,nathanmackinnon,80.0,1780.95,22.261875,83.42,48.11,63.42,61.38,36.79,62.53,41.37,24.19,63.1,5.69,2.32,71.01,5.19,2.76,65.33,44.07,23.62,65.11,16.91,10.44,61.82,2.32,1.18,66.35,36.21,17.56,67.34,2.38,0.85,73.61,76.6,38.35,66.64,2.04,0.44,82.35,13.76,90.39,1.042,15.13,10.78,4.48,32.48,77.15,34.09,16.78,12.7,72.86
54,8476892,Colton Parayko,STL,D,https://assets.nhle.com/mugs/nhl/20252026/STL/8476892.png,https://assets.nhle.com/logos/nhl/svg/STL_light.svg?season=20252026,55,coltonparayko,77.0,1709.1166666667,22.19632034632,46.45,63.02,42.43,33.67,45.22,42.68,21.98,30.23,42.1,2.14,3.12,40.67,2.52,3.07,45.07,23.1,29.98,43.52,8.88,11.58,43.40,0.98,1.65,37.33,18.96,24.53,43.6,0.94,1.26,42.55,37.22,59.08,38.65,0.51,0.76,40.00,9.74,89.66,0.994,6.35,11.94,13.69,42.97,31.70,14.46,17.34,26.19,35.58
55,8478864,Kirill Kaprizov,MIN,L,https://assets.nhle.com/mugs/nhl/20252026/MIN/8478864.png,https://assets.nhle.com/logos/nhl/svg/MIN_light.svg,97,kirillkaprizov,78.0,1727.45,22.146794871795,71.31,48.63,59.46,54.18,36.37,59.84,34.73,24.52,58.62,4.58,2.57,64.08,4.69,2.6,64.3,37.82,23.44,61.73,16.19,9.83,62.22,2.29,1.32,63.46,28.85,18.15,61.38,1.57,1.02,60.71,60.61,40.14,60.16,1.25,0.45,73.53,13.20,89.52,1.027,12.5,10.77,4.45,28.83,73.77,29.07,17.64,13.48,68.33
56,8475753,Justin Faulk,DET,D,https://assets.nhle.com/mugs/nhl/20252026/DET/8475753.png,https://assets.nhle.com/logos/nhl/svg/DET_light.svg?season=20252026,72,justinfaulk,78.0,1716.8166666667,22.01047008547,52.04,59.1,46.82,38.16,43.79,46.57,26.91,28.38,48.67,2.8,3.53,44.20,2.61,3.22,44.72,24.64,28.13,46.69,10.17,11.6,46.71,1.05,1.64,38.96,19.29,22.04,46.67,1.63,1.26,56.45,45.89,50.88,47.42,0.71,1.16,37.84,10.39,87.56,0.98,8.21,11.04,9.44,45.08,46.53,18.42,16.71,17.44,51.36
57,8480860,Kevin Bahl,CGY,D,https://assets.nhle.com/mugs/nhl/20252026/CGY/8480860.png,https://assets.nhle.com/logos/nhl/svg/CGY_light.svg,7,kevinbahl,76.0,1668.7666666667,21.957456140351,50.01,67.56,42.54,36.42,50.98,41.67,23.66,33.76,41.2,2.48,3.27,43.13,2.62,3.86,40.41,21.93,34.88,38.61,10.28,14.92,40.80,1.22,1.65,42.50,15.53,26.61,36.86,0.67,1.49,31.11,42.07,61.8,40.5,0.88,0.62,58.62,10.49,90.31,1.008,6.22,11.87,14.17,50.12,30.51,14.99,17.98,28.01,34.87
58,8480049,Dylan Samberg,WPG,D,https://assets.nhle.com/mugs/nhl/20252026/WPG/8480049.png,https://assets.nhle.com/logos/nhl/svg/WPG_light.svg,54,dylansamberg,66.0,1440.2333333333,21.821717171717,49.7,59.87,45.36,37.08,43.66,45.92,23.83,27.66,46.28,2.17,2.87,42.98,2.54,3.46,42.28,23.66,29.62,44.41,9.5,13.16,41.91,1.17,1.17,50.00,18.89,21.94,46.26,1.06,1.67,38.78,41.04,53.74,43.3,0.3,0.66,31.25,9.09,89.61,0.987,4.92,11.75,12.71,44.41,27.90,13.04,17.0,23.33,35.85
59,8480336,Sean Walker,CAR,D,https://assets.nhle.com/mugs/nhl/20252026/CAR/8480336.png,https://assets.nhle.com/logos/nhl/svg/CAR_light.svg,26,seanwalker,81.0,1766.8,21.812345679012,68.36,48.26,58.62,48.56,35.35,57.87,30.56,23.74,56.29,2.92,3.33,46.74,3.58,2.92,55.11,33.18,25.54,56.51,13.11,11.31,53.69,1.36,1.8,43.01,26.76,18.97,58.51,1.22,1.4,46.55,56.12,39.0,59.0,0.83,0.49,62.96,9.56,85.98,0.955,9.71,11.61,9.14,44.01,51.53,21.22,18.85,19.49,52.13
60,8471724,Kris Letang,PIT,D,https://assets.nhle.com/mugs/nhl/20252026/PIT/8471724.png,https://assets.nhle.com/logos/nhl/svg/PIT_light.svg,58,krisletang,74.0,1604.5,21.682432432432,58.75,60.17,49.4,43.0,43.64,49.63,27.11,28.08,49.12,3.37,3.25,50.85,3.35,3.44,49.39,30.33,30.89,49.54,13.61,13.46,50.28,1.53,1.53,50.00,22.29,23.23,48.96,1.25,1.4,47.17,48.72,44.51,52.26,0.97,0.65,60.00,12.41,88.42,1.008,8.11,8.64,5.05,40.54,61.65,20.87,15.18,15.03,58.13
61,8478407,Vince Dunn,SEA,D,https://assets.nhle.com/mugs/nhl/20252026/SEA/8478407.png,https://assets.nhle.com/logos/nhl/svg/SEA_light.svg,29,vincedunn,81.0,1754.65,21.662345679012,62.23,57.76,51.87,45.79,42.2,52.04,29.78,25.99,53.4,3.11,3.04,50.56,3.29,3.29,49.94,30.19,25.82,53.91,12.04,11.56,51.01,1.57,1.09,58.97,24.21,19.01,56.01,1.09,1.14,48.98,60.11,50.03,54.57,1.04,1.09,48.84,10.45,88.29,0.987,11.97,11.9,8.14,34.43,59.52,26.12,17.3,18.29,58.81
62,8482671,Owen Power,BUF,D,https://assets.nhle.com/mugs/nhl/20252026/BUF/8482671.png,https://assets.nhle.com/logos/nhl/svg/BUF_light.svg,25,owenpower,81.0,1753.9,21.653086419753,55.9,58.77,48.75,41.87,44.06,48.73,26.85,29.52,47.63,2.94,2.91,50.29,3.06,3.3,48.07,26.82,28.02,48.91,11.63,12.73,47.75,1.4,1.54,47.67,20.25,20.39,49.83,1.46,0.96,60.38,45.71,53.42,46.11,0.49,0.74,40.00,10.96,90.15,1.011,8.38,10.71,10.26,42.56,44.95,16.59,15.46,19.43,46.06
63,8476854,Hampus Lindholm,BOS,D,https://assets.nhle.com/mugs/nhl/20252026/BOS/8476854.png,https://assets.nhle.com/logos/nhl/svg/BOS_light.svg?season=20252026,27,hampuslindholm,67.0,1448.75,21.623134328358,55.66,59.43,48.36,40.26,43.61,48.0,25.51,29.65,46.25,2.73,3.06,47.14,3.01,3.56,45.84,26.05,30.15,46.35,10.93,13.0,45.67,1.08,1.37,44.07,20.16,22.86,46.85,1.21,1.16,51.16,47.02,52.22,47.38,0.96,1.08,47.06,10.71,89.66,1.004,5.92,11.47,12.51,42.86,32.13,16.23,17.97,24.27,40.08
64,8477934,Leon Draisaitl,EDM,C,https://assets.nhle.com/mugs/nhl/20252026/EDM/8477934.png,https://assets.nhle.com/logos/nhl/svg/EDM_light.svg,29,leondraisaitl,65.0,1402.3833333333,21.575128205128,71.45,48.09,59.77,55.23,35.17,61.1,37.52,22.72,62.29,5.78,2.91,66.50,4.72,2.86,62.24,38.46,25.54,60.09,16.09,10.31,60.94,2.57,1.41,64.52,29.83,20.31,59.5,2.8,1.03,73.13,64.7,34.98,64.91,1.36,0.8,62.86,15.39,87.19,1.026,12.88,11.94,6.76,29.74,65.58,28.96,16.99,13.05,68.94
65,8482655,J.J. Moser,TBL,D,https://assets.nhle.com/mugs/nhl/20252026/TBL/8482655.png,https://assets.nhle.com/logos/nhl/svg/TBL_light.svg,90,janismoser,79.0,1704.1666666667,21.571729957806,59.57,56.3,51.41,44.12,43.66,50.26,28.2,28.55,49.69,3.42,2.71,55.75,3.36,3.36,50.02,29.01,28.98,50.03,12.18,12.46,49.43,1.55,1.37,53.01,22.44,22.02,50.48,1.55,1.31,54.10,49.23,50.35,49.44,0.81,0.46,64.00,12.11,90.51,1.026,6.62,10.84,9.68,42.07,40.60,17.39,17.04,21.09,45.2
66,8482142,Jamie Drysdale,PHI,D,https://assets.nhle.com/mugs/nhl/20252026/PHI/8482142.png,https://assets.nhle.com/logos/nhl/svg/PHI_light.svg,9,jamiedrysdale,78.0,1681.2,21.553846153846,57.46,51.96,52.51,42.11,38.04,52.54,26.7,24.98,51.66,2.86,2.53,52.98,3.32,2.6,56.07,28.94,24.45,54.21,12.74,9.6,57.03,1.53,1.21,55.84,21.6,19.8,52.18,1.05,1.09,48.89,49.23,41.14,54.48,0.62,0.62,50.00,10.70,89.86,1.006,8.67,10.03,5.85,48.72,59.71,21.52,16.2,13.95,60.66
67,8476462,Dougie Hamilton,NJD,D,https://assets.nhle.com/mugs/nhl/20252026/NJD/8476462.png,https://assets.nhle.com/logos/nhl/svg/NJD_light.svg,7,dougiehamilton,77.0,1658.5833333333,21.540043290043,67.18,53.47,55.68,49.38,39.29,55.69,32.59,25.58,56.03,3.18,2.79,53.33,3.83,2.94,56.61,33.25,26.26,55.87,14.76,10.78,57.79,1.56,1.34,53.75,24.65,20.64,54.42,1.16,1.25,48.00,56.43,44.0,56.19,0.99,0.63,61.29,9.77,89.11,0.989,9.08,13.28,9.59,38.89,48.64,21.78,18.52,17.8,55.03
68,8478398,Kyle Connor,WPG,L,https://assets.nhle.com/mugs/nhl/20252026/WPG/8478398.png,https://assets.nhle.com/logos/nhl/svg/WPG_light.svg,81,kyleconnor,82.0,1763.5166666667,21.506300813008,60.83,53.25,53.33,46.24,40.45,53.34,29.97,27.86,51.82,4.35,3.71,54.01,3.99,3.34,54.4,34.53,26.06,56.99,14.63,11.98,54.99,2.11,1.8,53.91,26.54,18.78,58.56,2.04,1.59,56.25,52.14,39.91,56.65,0.98,0.84,54.05,14.53,86.69,1.012,14.19,9.29,4.83,34.06,74.60,26.71,13.44,10.85,71.11
69,8476460,Mark Scheifele,WPG,C,https://assets.nhle.com/mugs/nhl/20252026/WPG/8476460.png,https://assets.nhle.com/logos/nhl/svg/WPG_light.svg,55,markscheifele,82.0,1763.3333333333,21.50406504065,63.02,51.75,54.91,47.77,39.74,54.59,31.1,27.29,53.26,4.53,3.37,57.33,4.08,3.22,55.93,35.69,25.25,58.57,15.01,11.81,55.96,2.11,1.67,55.86,27.58,17.92,60.62,2.13,1.45,59.49,53.08,38.68,57.85,1.13,0.69,62.16,14.55,87.66,1.022,14.05,8.78,5.44,31.88,72.08,26.57,12.96,11.43,69.92
70,8480039,Martin Necas,COL,C,https://assets.nhle.com/mugs/nhl/20252026/COL/8480039.png,https://assets.nhle.com/logos/nhl/svg/COL_light.svg,88,martinnecas,78.0,1676.85,21.498076923077,80.19,48.7,62.22,58.29,36.71,61.36,38.93,23.44,62.42,5.33,2.18,70.95,4.71,2.67,63.86,40.9,23.76,63.25,15.67,10.09,60.83,2.18,1.04,67.78,33.63,18.22,64.86,2.24,0.86,72.31,74.43,38.61,65.84,1.96,0.41,82.61,13.69,90.69,1.044,14.21,10.66,4.4,33.21,76.35,31.77,15.92,12.81,71.27
71,8476331,Dylan DeMelo,WPG,D,https://assets.nhle.com/mugs/nhl/20252026/WPG/8476331.png,https://assets.nhle.com/logos/nhl/svg/WPG_light.svg,2,dylandemelo,82.0,1759.5,21.457317073171,48.97,60.66,44.67,37.07,44.5,45.44,23.97,28.75,45.47,2.49,3.17,43.98,2.74,3.42,44.44,24.31,30.04,44.73,10.57,13.3,44.29,1.16,1.84,38.64,18.32,22.32,45.08,1.0,1.23,44.90,43.39,52.56,45.23,0.69,0.59,53.85,10.38,88.97,0.994,8.15,12.48,10.84,43.96,42.91,18.41,18.48,20.84,46.92
72,8477969,Marcus Pettersson,VAN,D,https://assets.nhle.com/mugs/nhl/20252026/VAN/8477969.png,https://assets.nhle.com/logos/nhl/svg/VAN_light.svg,26,marcuspettersson,82.0,1759.1333333333,21.452845528455,42.94,66.37,39.28,31.65,48.6,39.44,20.02,32.4,38.19,2.05,4.02,33.71,2.13,3.6,37.2,20.12,33.7,37.39,8.73,15.11,36.62,0.85,2.05,29.41,15.19,24.78,38.0,1.09,1.77,38.10,33.85,59.61,36.22,0.3,0.94,24.00,10.22,87.58,0.978,4.88,11.53,13.4,40.69,26.68,11.73,16.92,27.12,30.2
73,8477499,Rasmus Ristolainen,PHI,D,https://assets.nhle.com/mugs/nhl/20252026/PHI/8477499.png,https://assets.nhle.com/logos/nhl/svg/PHI_light.svg,55,rasmusristolainen,44.0,940.98333333333,21.385984848485,49.93,55.22,47.48,37.05,39.98,48.1,24.04,24.55,49.48,2.93,2.68,52.27,3.31,2.73,54.74,25.7,25.7,50.0,12.24,9.95,55.17,0.96,0.77,55.56,17.94,21.0,46.07,1.53,1.87,45.00,39.79,48.81,44.91,0.64,0.74,46.67,12.20,89.09,1.013,6.31,10.97,9.31,49.86,40.41,16.0,17.47,19.64,44.9
74,8476457,Adam Larsson,SEA,D,https://assets.nhle.com/mugs/nhl/20252026/SEA/8476457.png,https://assets.nhle.com/logos/nhl/svg/SEA_light.svg,6,adamlarsson,82.0,1752.6,21.373170731707,46.53,70.93,39.61,33.93,51.15,39.88,22.46,31.91,41.31,2.26,3.63,38.37,2.4,3.85,38.44,20.78,34.61,37.52,8.22,14.82,35.66,1.13,1.61,41.25,16.75,26.38,38.84,0.87,1.37,38.78,40.35,67.15,37.53,0.49,1.43,25.64,10.06,88.63,0.987,5.34,11.98,13.15,36.7,28.89,15.2,17.94,28.41,34.85
75,8484801,Macklin Celebrini,SJS,C,https://assets.nhle.com/mugs/nhl/20252026/SJS/8484801.png,https://assets.nhle.com/logos/nhl/svg/SJS_light.svg,71,macklincelebrini,82.0,1747.9,21.315853658537,64.36,50.08,56.24,47.44,37.35,55.95,32.13,25.09,56.15,4.67,3.02,60.71,3.95,2.97,57.1,36.39,24.92,59.35,14.52,11.36,56.10,1.99,1.27,61.05,29.15,18.08,61.72,2.33,1.37,62.96,56.43,38.53,59.43,1.24,0.74,62.50,14.53,87.96,1.025,12.6,10.74,4.84,31.58,72.24,28.87,16.06,13.77,67.71
76,8481559,Jack Hughes,NJD,C,https://assets.nhle.com/mugs/nhl/20252026/NJD/8481559.png,https://assets.nhle.com/logos/nhl/svg/NJD_light.svg,86,jackhughes,61.0,1300.25,21.315573770492,74.06,46.33,61.52,54.4,34.7,61.06,36.59,22.7,61.71,4.38,3.09,58.64,4.59,2.92,61.16,41.35,24.13,63.14,17.44,10.66,62.07,1.71,1.8,48.68,31.87,17.97,63.95,2.28,1.23,64.91,59.06,32.59,64.44,1.27,0.33,79.17,11.98,86.38,0.984,11.72,7.66,2.49,39.27,82.47,24.92,11.63,6.74,78.72
77,8476958,Jaccob Slavin,CAR,D,https://assets.nhle.com/mugs/nhl/20252026/CAR/8476958.png,https://assets.nhle.com/logos/nhl/svg/CAR_light.svg,74,jaccobslavin,39.0,831.1,21.310256410256,57.61,51.47,52.81,43.68,38.7,53.02,26.78,25.56,51.17,2.96,3.32,47.13,3.31,3.05,52.06,26.93,27.14,49.8,12.06,12.71,48.69,1.44,1.66,46.51,19.83,19.25,50.74,1.06,1.54,40.74,46.61,47.13,49.72,0.73,0.73,50.00,11.05,87.01,0.981,7.29,12.35,12.49,38.41,36.86,16.24,18.77,25.05,39.34
78,8486166,Viking Gustafsson Nyberg,MIN,D,https://assets.nhle.com/mugs/nhl/20252026/MIN/8486166.png,https://assets.nhle.com/logos/nhl/svg/MIN_light.svg,6,vikinggustafssonnyberg,2.0,42.583333333333,21.291666666667,31.0,67.63,31.43,25.36,56.36,31.03,16.91,35.23,32.43,4.23,4.23,50.00,3.03,4.16,42.13,21.14,35.23,37.5,9.86,9.86,50.00,1.41,1.41,50.00,15.03,33.82,30.77,3.76,3.76,50.00,22.39,63.09,26.19,0.0,0.0,-,25.00,88.0,1.13,5.64,9.86,14.09,38.04,28.57,14.09,19.73,25.36,35.71
79,8477933,Sam Reinhart,FLA,C,https://assets.nhle.com/mugs/nhl/20252026/FLA/8477933.png,https://assets.nhle.com/logos/nhl/svg/FLA_light.svg,13,samreinhart,64.0,1362.3333333333,21.286458333333,68.22,48.97,58.21,49.55,36.55,57.54,31.62,23.87,56.98,3.74,3.61,50.90,4.38,3.38,56.41,36.11,23.17,60.92,15.77,10.35,60.37,1.63,1.81,47.44,27.13,17.09,61.35,1.82,1.47,55.36,60.12,42.43,58.62,0.83,0.76,52.00,11.84,84.87,0.967,13.26,11.72,11.01,32.19,54.63,25.68,16.96,18.37,58.3
80,8478403,Jack Eichel,VGK,C,https://assets.nhle.com/mugs/nhl/20252026/VGK/8478403.png,https://assets.nhle.com/logos/nhl/svg/VGK_light.svg,9,jackeichel,74.0,1568.8666666667,21.200900900901,70.29,51.63,57.65,53.08,37.17,58.81,35.53,23.48,60.21,5.12,2.98,63.21,4.69,2.89,61.86,39.05,25.55,60.45,18.01,9.06,66.53,2.91,1.19,71.03,28.05,21.98,56.07,1.78,1.33,57.38,57.78,41.71,58.08,0.99,0.88,52.94,14.42,87.3,1.017,13.39,9.41,7.38,33.81,64.46,29.41,13.77,15.3,65.78
81,8475200,Dmitry Orlov,SJS,D,https://assets.nhle.com/mugs/nhl/20252026/SJS/8475200.png,https://assets.nhle.com/logos/nhl/svg/SJS_light.svg,9,dmitryorlov,82.0,1738.05,21.195731707317,59.27,53.06,52.77,41.74,39.67,51.27,27.48,27.17,50.28,3.11,3.31,48.39,3.27,3.11,51.27,31.41,25.96,54.75,13.88,11.91,53.82,1.8,1.52,54.17,23.38,18.73,55.52,1.2,1.89,38.81,48.07,45.13,51.58,0.6,0.4,60.00,11.31,87.8,0.991,8.32,11.39,8.49,37.18,49.49,20.99,16.98,18.61,53.01
82,8476853,Morgan Rielly,TOR,D,https://assets.nhle.com/mugs/nhl/20252026/TOR/8476853.png,https://assets.nhle.com/logos/nhl/svg/TOR_light.svg,44,morganrielly,78.0,1648.6666666667,21.136752136752,62.92,60.23,51.09,48.08,45.89,51.16,31.48,31.7,49.83,3.68,3.82,49.03,3.56,3.15,53.06,32.32,29.08,52.64,14.27,11.97,54.37,1.93,2.0,49.07,24.07,22.81,51.35,1.55,1.5,50.79,60.24,46.58,56.4,0.84,0.84,50.00,11.68,87.94,0.996,14.23,11.43,5.79,49.97,71.09,29.19,16.38,12.81,69.5
83,8481568,Alex Vlasic,CHI,D,https://assets.nhle.com/mugs/nhl/20252026/CHI/8481568.png,https://assets.nhle.com/logos/nhl/svg/CHI_light.svg?season=20252026,72,alexvlasic,81.0,1710.85,21.121604938272,45.07,66.49,40.4,33.07,50.54,39.56,20.76,32.79,38.77,2.07,3.51,37.11,2.09,3.89,34.94,21.11,34.97,37.65,7.82,16.2,32.55,1.33,1.82,42.22,17.72,25.02,41.47,0.65,1.5,30.43,34.6,61.14,36.14,0.3,0.81,27.27,9.97,89.3,0.993,3.96,12.31,14.17,40.82,21.86,10.7,18.1,28.27,27.45
84,8475764,Cam Fowler,STL,D,https://assets.nhle.com/mugs/nhl/20252026/STL/8475764.png,https://assets.nhle.com/logos/nhl/svg/STL_light.svg?season=20252026,17,camfowler,82.0,1728.5,21.079268292683,56.03,57.21,49.48,40.02,42.18,48.69,26.76,27.04,49.74,2.78,2.92,48.78,3.01,3.17,48.73,27.53,26.8,50.67,11.87,11.8,50.15,1.42,1.42,50.00,20.87,19.99,51.08,1.02,1.02,50.00,48.59,49.74,49.41,0.65,0.85,43.33,10.38,89.22,0.996,9.65,10.69,9.58,44.36,50.18,21.0,16.42,17.36,54.75
85,8476923,Damon Severson,CBJ,D,https://assets.nhle.com/mugs/nhl/20252026/CBJ/8476923.png,https://assets.nhle.com/logos/nhl/svg/CBJ_light.svg,78,damonseverson,71.0,1496.2,21.07323943662,64.8,52.61,55.19,47.32,38.54,55.11,31.16,24.9,55.58,3.21,2.41,57.14,3.45,2.41,58.87,32.2,24.66,56.63,13.43,9.74,57.96,1.6,1.0,61.54,25.02,19.89,55.71,1.44,1.23,54.00,52.42,47.15,52.65,0.7,0.58,54.55,10.30,90.34,1.006,8.18,11.63,9.06,38.46,47.44,19.53,18.69,19.77,49.69
86,8479983,Mario Ferraro,SJS,D,https://assets.nhle.com/mugs/nhl/20252026/SJS/8479983.png,https://assets.nhle.com/logos/nhl/svg/SJS_light.svg,38,marioferraro,82.0,1724.3166666667,21.02825203252,43.18,70.43,38.01,31.32,50.77,38.15,21.61,33.68,39.08,2.33,3.69,38.73,2.32,3.88,37.45,20.6,34.1,37.66,9.33,14.89,38.51,1.11,1.6,41.03,15.03,25.61,36.99,1.02,1.53,40.00,33.57,66.95,33.4,0.55,1.31,29.73,10.79,89.05,0.998,3.93,10.3,12.56,36.78,23.84,11.62,15.9,27.84,29.45
87,8477498,Darnell Nurse,EDM,D,https://assets.nhle.com/mugs/nhl/20252026/EDM/8477498.png,https://assets.nhle.com/logos/nhl/svg/EDM_light.svg,25,darnellnurse,82.0,1720.2333333333,20.978455284553,53.5,64.35,45.4,39.76,45.94,46.4,26.82,29.3,47.79,2.3,3.38,40.49,2.84,3.29,46.34,25.43,32.93,43.57,11.2,12.38,47.49,0.98,1.71,36.36,18.97,27.39,40.92,0.98,1.26,43.75,46.0,51.49,47.18,0.71,1.01,41.18,8.58,88.45,0.97,6.21,11.93,8.06,46.35,43.52,16.74,17.65,18.1,48.05
88,8476459,Mika Zibanejad,NYR,C,https://assets.nhle.com/mugs/nhl/20252026/NYR/8476459.png,https://assets.nhle.com/logos/nhl/svg/NYR_light.svg,93,mikazibanejad,81.0,1692.7,20.897530864198,63.87,56.75,52.95,47.6,43.07,52.5,29.99,27.75,51.93,3.86,3.62,51.66,3.8,3.81,49.97,32.43,27.79,53.86,14.0,10.95,56.11,1.63,1.49,52.27,24.58,22.45,52.26,1.42,1.65,46.15,58.73,47.62,55.22,1.54,0.87,63.83,12.88,86.97,0.999,12.97,11.95,10.46,36.47,55.37,25.27,17.4,19.81,56.05
89,8476917,Adam Pelech,NYI,D,https://assets.nhle.com/mugs/nhl/20252026/NYI/8476917.png,https://assets.nhle.com/logos/nhl/svg/NYI_light.svg,3,adampelech,82.0,1713.0333333333,20.890650406504,54.78,61.12,47.27,40.0,45.11,47.0,25.39,29.0,46.68,2.07,2.98,40.97,2.87,3.75,43.37,25.36,32.15,44.09,10.09,14.85,40.45,1.05,1.37,43.48,20.36,23.07,46.88,0.89,1.73,33.93,45.43,53.12,46.1,0.35,0.46,43.75,8.14,89.73,0.979,5.46,11.66,12.85,47.6,29.83,16.11,18.07,25.04,39.15
90,8477507,Nikita Zadorov,BOS,D,https://assets.nhle.com/mugs/nhl/20252026/BOS/8477507.png,https://assets.nhle.com/logos/nhl/svg/BOS_light.svg?season=20252026,91,nikitazadorov,81.0,1691.3833333333,20.881275720165,51.3,67.4,43.22,37.07,49.91,42.62,23.84,32.85,42.05,2.55,3.02,45.86,2.63,3.9,40.24,23.27,32.67,41.6,9.12,15.18,37.52,1.24,1.31,48.61,18.87,23.32,44.73,1.04,1.18,46.81,40.22,60.72,39.85,0.72,1.18,37.84,10.71,90.82,1.015,4.72,11.53,12.84,43.46,26.87,13.59,17.35,26.57,33.83
91,8484144,Connor Bedard,CHI,C,https://assets.nhle.com/mugs/nhl/20252026/CHI/8484144.png,https://assets.nhle.com/logos/nhl/svg/CHI_light.svg?season=20252026,98,connorbedard,69.0,1440.7333333333,20.880193236715,59.89,57.76,50.9,45.6,44.64,50.53,30.11,30.07,50.03,3.79,3.41,52.60,3.66,3.44,51.54,31.69,31.11,50.46,12.66,14.45,46.70,2.17,1.71,55.91,25.38,22.21,53.33,1.39,1.39,50.00,53.84,41.57,56.43,0.66,0.84,44.00,12.59,88.64,1.012,13.16,11.58,4.62,34.73,74.00,26.69,16.28,13.12,67.05
92,8478550,Artemi Panarin,LAK,L,https://assets.nhle.com/mugs/nhl/20252026/LAK/8478550.png,https://assets.nhle.com/logos/nhl/svg/LAK_light.svg,10,artemipanarin,78.0,1625.7,20.842307692308,75.84,47.94,61.27,54.88,35.1,60.99,34.58,23.14,59.91,4.24,3.25,56.65,4.23,2.89,59.38,37.79,23.77,61.39,15.17,9.08,62.56,1.44,1.33,52.00,30.17,19.59,60.63,2.17,1.48,59.46,71.17,33.8,67.8,1.65,0.59,73.81,12.27,85.96,0.982,14.87,9.45,4.69,36.43,76.04,29.34,13.91,11.37,72.08
93,8475279,Ben Chiarot,DET,D,https://assets.nhle.com/mugs/nhl/20252026/DET/8475279.png,https://assets.nhle.com/logos/nhl/svg/DET_light.svg?season=20252026,8,benchiarot,82.0,1708.6,20.836585365854,51.09,69.99,42.2,37.05,50.46,42.34,24.48,32.17,43.21,2.28,3.37,40.37,2.66,3.59,42.61,22.51,36.03,38.45,10.25,14.29,41.77,1.02,1.62,38.67,16.34,28.98,36.05,0.84,1.4,37.50,44.69,59.55,42.87,0.66,0.91,41.94,9.33,89.52,0.988,6.0,11.27,11.59,46.11,34.13,16.36,17.56,23.07,41.5
94,8480018,Nick Suzuki,MTL,C,https://assets.nhle.com/mugs/nhl/20252026/MTL/8480018.png,https://assets.nhle.com/logos/nhl/svg/MTL_light.svg,14,nicksuzuki,82.0,1707.2833333333,20.820528455285,67.86,49.87,57.64,51.52,34.26,60.06,32.3,22.28,59.18,5.13,2.32,68.87,4.66,3.02,60.7,34.79,24.67,58.51,13.21,10.02,56.88,1.93,1.16,62.50,28.77,19.54,59.55,2.86,0.98,74.39,58.23,39.95,59.31,1.32,0.51,72.22,15.89,89.59,1.055,11.42,13.14,8.01,31.1,58.77,25.34,17.43,16.06,61.21
95,8477506,Ryan Pulock,NYI,D,https://assets.nhle.com/mugs/nhl/20252026/NYI/8477506.png,https://assets.nhle.com/logos/nhl/svg/NYI_light.svg,6,ryanpulock,76.0,1582.0,20.815789473684,48.7,70.09,41.0,35.95,50.86,41.42,23.78,32.5,42.25,2.43,3.22,42.95,2.62,4.38,37.45,22.07,36.41,37.74,9.86,16.73,37.09,0.99,1.29,43.33,16.28,26.25,38.29,1.16,1.62,41.82,42.95,58.02,42.54,0.66,0.99,40.00,10.21,90.08,1.003,6.71,13.01,13.12,46.76,33.84,15.82,19.53,25.41,38.36
96,8479318,Auston Matthews,TOR,C,https://assets.nhle.com/mugs/nhl/20252026/TOR/8479318.png,https://assets.nhle.com/logos/nhl/svg/TOR_light.svg,34,austonmatts,60.0,1248.2333333333,20.803888888889,61.19,61.33,49.94,47.35,45.18,51.17,32.49,30.43,51.64,4.09,3.75,52.15,3.98,3.65,52.22,34.37,30.48,53.0,15.29,13.12,53.81,2.11,1.54,57.89,25.44,23.14,52.37,1.6,1.41,53.19,54.36,49.37,52.41,0.69,1.11,38.46,12.57,87.68,1.003,13.27,11.78,9.33,34.9,58.72,26.53,16.44,19.37,57.8
97,8482245,Artem Zub,OTT,D,https://assets.nhle.com/mugs/nhl/20252026/OTT/8482245.png,https://assets.nhle.com/logos/nhl/svg/OTT_light.svg,2,artemzub,81.0,1684.1833333333,20.792386831276,47.95,58.0,45.26,36.23,41.4,46.67,23.8,26.97,46.88,2.67,3.17,45.73,2.82,3.09,47.73,23.3,27.36,45.99,9.83,11.86,45.32,1.43,1.64,46.51,17.96,20.66,46.49,0.9,1.28,41.30,37.15,54.86,40.38,0.51,0.82,38.46,11.23,88.24,0.995,4.56,12.11,14.86,47.31,23.49,12.22,17.99,29.96,28.97
98,8477500,Bo Horvat,NYI,C,https://assets.nhle.com/mugs/nhl/20252026/NYI/8477500.png,https://assets.nhle.com/logos/nhl/svg/NYI_light.svg,14,bohorvat,68.0,1411.8833333333,20.762990196078,68.04,55.08,55.26,50.4,40.71,55.32,34.8,25.97,57.27,3.78,3.14,54.60,4.12,4.03,50.52,35.44,29.54,54.55,13.47,13.39,50.16,1.53,0.98,61.02,29.29,21.53,57.64,1.81,1.93,48.48,60.46,41.31,59.41,1.1,0.74,60.00,10.87,87.89,0.988,11.47,9.69,9.6,36.72,54.44,24.52,14.87,16.7,59.48
99,8480002,Nico Hischier,NJD,C,https://assets.nhle.com/mugs/nhl/20252026/NJD/8480002.png,https://assets.nhle.com/logos/nhl/svg/NJD_light.svg,13,nicohischier,82.0,1698.7666666667,20.716666666667,69.47,53.47,56.51,50.54,39.84,55.92,34.12,26.45,56.33,3.46,3.11,52.69,4.49,3.28,57.74,36.73,27.3,57.36,17.34,11.76,59.59,1.77,1.45,54.95,25.85,20.72,55.51,1.32,1.13,53.85,60.91,46.43,56.75,0.77,0.87,46.88,10.14,88.25,0.984,12.36,13.77,12.96,29.88,48.81,25.92,18.93,23.24,52.73
100,8477956,David Pastrnak,BOS,R,https://assets.nhle.com/mugs/nhl/20252026/BOS/8477956.png,https://assets.nhle.com/logos/nhl/svg/BOS_light.svg?season=20252026,88,davidpastrnak,77.0,1590.5,20.655844155844,66.13,52.36,55.81,48.21,38.86,55.37,30.63,24.9,55.16,4.75,2.9,62.07,4.07,3.2,56.0,32.63,26.18,55.48,13.81,11.28,55.04,2.19,1.4,61.05,25.1,19.87,55.82,1.91,1.16,62.30,63.15,41.19,60.52,1.58,0.87,64.44,15.52,88.33,1.039,13.28,9.66,5.32,33.08,71.40,28.63,15.39,15.01,65.6
101,8478445,Mathew Barzal,NYI,C,https://assets.nhle.com/mugs/nhl/20252026/NYI/8478445.png,https://assets.nhle.com/logos/nhl/svg/NYI_light.svg,13,mattbarzal,81.0,1672.7166666667,20.650823045267,71.95,49.89,59.05,53.19,36.66,59.2,35.33,23.03,60.54,4.02,2.51,61.54,4.36,3.19,57.73,37.74,24.75,60.39,15.35,11.01,58.23,1.76,1.04,62.82,29.84,18.32,61.97,2.01,1.43,58.33,63.42,35.91,63.85,0.93,0.31,75.00,11.37,89.1,1.005,11.91,9.36,4.56,36.01,72.33,25.72,14.46,11.16,69.75
102,8478911,Matt Roy,WSH,D,https://assets.nhle.com/mugs/nhl/20252026/WSH/8478911.png,https://assets.nhle.com/logos/nhl/svg/WSH_secondary_light.svg,3,mattroy,79.0,1628.1833333333,20.609915611814,52.0,65.12,44.4,38.29,46.54,45.13,25.06,30.4,45.18,2.58,2.73,48.61,2.83,3.62,43.89,25.02,32.54,43.47,11.35,13.86,45.03,1.22,1.47,45.21,18.23,24.91,42.26,0.88,0.93,48.65,39.23,55.68,41.33,0.69,0.8,46.43,10.29,91.03,1.013,3.72,8.59,10.06,42.67,27.01,14.0,15.22,22.48,38.38
103,8475171,Oliver Ekman-Larsson,TOR,D,https://assets.nhle.com/mugs/nhl/20252026/TOR/8475171.png,https://assets.nhle.com/logos/nhl/svg/TOR_light.svg,95,oliverekmanlarsson,78.0,1606.4833333333,20.59594017094,57.26,58.11,49.63,43.03,44.0,49.44,28.24,29.28,49.09,3.77,3.32,53.16,3.18,3.3,49.1,29.36,27.19,51.92,13.33,12.59,51.44,2.02,1.34,60.00,21.36,19.47,52.32,1.34,1.54,46.55,53.25,47.69,52.75,1.08,0.81,57.14,13.36,88.65,1.02,12.51,12.44,8.78,48.59,58.77,25.58,17.48,17.48,59.41
104,8475218,Mattias Ekholm,EDM,D,https://assets.nhle.com/mugs/nhl/20252026/EDM/8475218.png,https://assets.nhle.com/logos/nhl/svg/EDM_light.svg,14,mattiasekholm,82.0,1686.9333333333,20.572357723577,62.53,55.38,53.03,46.84,41.69,52.91,31.37,27.46,53.33,3.88,3.24,54.50,3.68,3.47,51.43,32.15,28.74,52.8,14.12,12.02,54.01,1.89,1.74,51.96,24.04,22.29,51.89,1.56,1.23,55.93,51.27,44.95,53.28,1.03,0.62,62.50,12.36,88.21,1.006,7.58,10.74,9.67,44.57,43.92,19.74,16.36,18.28,51.92
105,8479998,Mikey Anderson,LAK,D,https://assets.nhle.com/mugs/nhl/20252026/LAK/8479998.png,https://assets.nhle.com/logos/nhl/svg/LAK_light.svg,44,michaelyanderson,80.0,1645.5833333333,20.569791666667,52.03,61.25,45.93,37.19,45.58,44.93,23.37,30.01,43.78,2.19,3.25,40.27,2.79,3.25,46.19,24.03,29.72,44.71,10.76,12.91,45.45,1.13,1.46,43.66,17.7,22.41,44.12,0.88,1.26,40.91,39.82,57.35,40.98,0.42,1.21,25.81,9.36,89.19,0.985,4.63,11.67,12.18,40.87,27.55,12.54,18.38,25.19,33.24
106,8481557,Matt Boldy,MIN,L,https://assets.nhle.com/mugs/nhl/20252026/MIN/8481557.png,https://assets.nhle.com/logos/nhl/svg/MIN_light.svg,12,mattboldy,76.0,1563.25,20.569078947368,69.43,54.31,56.11,52.97,40.19,56.86,33.78,25.98,56.52,4.57,2.92,61.03,4.59,3.2,58.97,35.04,26.94,56.53,15.43,11.25,57.84,2.34,1.19,66.30,26.15,20.93,55.54,1.64,1.23,57.14,60.49,47.79,55.86,1.0,0.89,52.94,13.52,88.77,1.023,10.86,9.94,9.67,29.25,52.90,24.76,15.16,19.61,55.8
107,8476389,Vincent Trocheck,NYR,C,https://assets.nhle.com/mugs/nhl/20252026/NYR/8476389.png,https://assets.nhle.com/logos/nhl/svg/NYR_light.svg,16,vincenttrocheck,67.0,1376.9333333333,20.551243781095,62.7,57.43,52.19,44.93,44.27,50.37,26.89,29.02,48.09,4.1,3.97,50.81,3.78,4.32,46.69,31.64,29.89,51.42,13.64,13.12,50.98,1.74,2.18,44.44,24.0,22.37,51.75,1.57,1.34,54.00,58.28,45.44,56.19,1.64,0.63,72.22,15.24,86.34,1.016,11.07,9.85,11.55,37.74,48.94,23.97,14.95,20.79,53.55
108,8475188,Brayden McNabb,VGK,D,https://assets.nhle.com/mugs/nhl/20252026/VGK/8475188.png,https://assets.nhle.com/logos/nhl/svg/VGK_light.svg,3,braydenmcnabb,63.0,1292.9666666667,20.52328042328,54.11,59.54,47.61,39.49,40.84,49.16,26.03,25.48,50.54,2.37,3.11,43.22,2.86,2.78,50.69,26.45,29.19,47.54,10.95,10.44,51.19,1.11,1.11,50.00,20.67,25.0,45.26,1.05,1.86,36.17,41.89,51.75,44.74,0.47,0.87,35.00,9.09,87.8,0.969,7.66,11.28,13.64,45.06,35.95,16.33,16.84,24.5,40.0
109,8475906,John Klingberg,SJS,D,https://assets.nhle.com/mugs/nhl/20252026/SJS/8475906.png,https://assets.nhle.com/logos/nhl/svg/SJS_light.svg,3,johnklingberg,56.0,1146.1333333333,20.466666666667,64.23,52.77,54.9,46.07,40.15,53.43,30.26,27.64,52.26,3.61,3.51,50.74,3.57,3.0,54.31,34.97,26.12,57.24,13.66,11.1,55.18,2.09,1.62,56.34,28.41,20.03,58.65,1.26,1.54,45.00,52.86,42.27,55.56,0.83,0.76,52.38,11.94,87.31,0.992,10.21,10.1,6.33,36.75,61.71,25.7,15.81,15.29,62.71
110,8477505,Alexander Wennberg,SJS,C,https://assets.nhle.com/mugs/nhl/20252026/SJS/8477505.png,https://assets.nhle.com/logos/nhl/svg/SJS_light.svg,21,alexwennberg,80.0,1636.4833333333,20.456041666667,58.0,57.56,50.19,41.36,42.49,49.32,28.16,28.67,49.55,3.34,3.92,45.96,3.45,3.7,48.3,29.81,27.75,51.78,12.76,12.47,50.58,1.69,1.91,46.94,22.73,20.39,52.72,1.08,1.52,41.51,50.63,53.81,48.48,1.11,0.9,55.26,11.85,86.32,0.982,11.4,11.04,12.47,32.92,47.77,21.45,15.14,23.02,48.23
111,8482073,Braden Schneider,NYR,D,https://assets.nhle.com/mugs/nhl/20252026/NYR/8482073.png,https://assets.nhle.com/logos/nhl/svg/NYR_light.svg,4,bradenschneider,82.0,1676.2666666667,20.442276422764,46.89,66.25,41.44,33.15,48.57,40.56,21.15,31.61,40.09,2.26,3.15,41.72,2.19,3.68,37.32,21.91,33.36,39.64,9.06,13.89,39.47,0.97,1.54,38.57,17.13,25.96,39.76,1.19,1.24,49.02,37.64,55.06,40.6,0.57,0.98,36.67,10.66,90.03,1.007,4.08,10.13,11.49,47.96,26.21,11.96,15.57,23.02,34.19
112,8475158,Ryan O'Reilly,NSH,C,https://assets.nhle.com/mugs/nhl/20252026/NSH/8475158.png,https://assets.nhle.com/logos/nhl/svg/NSH_light.svg,90,ryanoreilly,81.0,1651.9833333333,20.394855967078,64.47,52.63,55.06,48.31,41.62,53.72,31.96,27.71,53.56,4.0,2.87,58.20,4.08,3.53,53.67,32.47,26.62,54.95,14.53,12.53,53.69,2.0,1.56,56.12,23.92,18.79,56.01,1.5,1.11,57.41,58.76,45.27,56.48,1.1,0.52,67.74,12.50,89.65,1.021,11.33,13.08,9.7,36.86,53.89,24.23,18.81,20.88,53.7
113,8483687,Marek Alscher,FLA,D,https://assets.nhle.com/mugs/nhl/20252026/FLA/8483687.png,https://assets.nhle.com/logos/nhl/svg/FLA_light.svg,51,marekalscher,4.0,81.433333333333,20.358333333333,47.89,48.63,49.62,34.63,33.89,50.54,23.58,22.1,51.61,4.42,2.21,66.67,2.6,2.67,49.34,22.1,26.52,45.45,8.1,11.05,42.31,1.47,0.74,66.67,18.67,20.63,47.5,3.93,1.96,66.67,31.93,36.19,46.88,0.0,0.0,-,18.75,90.0,1.088,5.16,12.53,9.58,47.16,35.00,14.0,16.21,16.21,46.34
114,8478859,Niko Mikkola,FLA,D,https://assets.nhle.com/mugs/nhl/20252026/FLA/8478859.png,https://assets.nhle.com/logos/nhl/svg/FLA_light.svg,77,nikomikkola,68.0,1384.1833333333,20.355637254902,52.88,55.48,48.8,39.49,41.57,48.72,24.92,26.48,48.48,2.12,2.82,42.98,2.64,2.86,47.98,24.58,26.01,48.59,10.66,11.44,48.24,1.0,1.73,36.51,18.55,19.42,48.86,0.92,0.75,55.17,45.83,51.84,46.92,0.31,0.75,29.41,8.52,89.36,0.979,7.07,13.22,11.27,46.99,38.53,16.3,19.59,20.76,43.98
115,8476453,Nikita Kucherov,TBL,R,https://assets.nhle.com/mugs/nhl/20252026/TBL/8476453.png,https://assets.nhle.com/logos/nhl/svg/TBL_light.svg,86,nikitakucherov,76.0,1545.4666666667,20.335087719298,77.69,46.51,62.55,59.24,35.83,62.31,38.43,24.07,61.49,6.25,2.76,69.40,5.43,2.78,66.13,41.81,23.29,64.22,17.74,9.71,64.64,2.76,1.24,68.93,32.09,18.12,63.92,2.95,1.19,71.25,67.91,35.72,65.53,1.74,0.39,81.58,16.26,88.55,1.048,13.9,7.69,4.58,37.27,75.21,29.12,12.42,12.23,70.42
116,8480727,Zach Whitecloud,CGY,D,https://assets.nhle.com/mugs/nhl/20252026/CGY/8480727.png,https://assets.nhle.com/logos/nhl/svg/CGY_light.svg,28,zachwhitecloud,78.0,1585.3666666667,20.325213675214,50.79,63.66,44.38,36.14,46.32,43.83,23.35,30.05,43.73,2.08,3.07,40.44,2.33,3.39,40.78,22.59,33.3,40.42,9.88,13.21,42.79,1.14,1.89,37.50,16.96,26.8,38.75,0.66,1.06,38.24,42.69,53.08,44.58,0.55,0.55,50.00,8.91,89.8,0.987,5.9,12.0,10.86,45.68,35.21,14.46,17.37,21.08,40.68
117,8477488,Brett Pesce,NJD,D,https://assets.nhle.com/mugs/nhl/20252026/NJD/8477488.png,https://assets.nhle.com/logos/nhl/svg/NJD_light.svg,22,brettpesce,37.0,751.28333333333,20.304954954955,51.27,62.61,45.02,37.94,45.12,45.67,25.24,29.87,45.8,1.52,2.8,35.19,2.62,3.61,42.07,24.68,31.95,43.58,10.06,15.09,40.00,0.56,1.84,23.33,19.49,22.47,46.45,0.96,0.85,52.94,43.61,54.8,44.31,0.12,0.46,20.00,6.01,90.64,0.967,8.39,11.34,12.22,37.86,40.70,18.21,17.01,24.52,42.62
118,8476463,Jonas Brodin,MIN,D,https://assets.nhle.com/mugs/nhl/20252026/MIN/8476463.png,https://assets.nhle.com/logos/nhl/svg/MIN_light.svg,25,jonasbrodin,62.0,1257.9833333333,20.290053763441,53.37,64.82,45.16,40.25,45.17,47.12,27.95,28.81,49.24,2.67,2.24,54.37,2.77,2.93,48.58,23.56,30.05,43.95,10.11,12.02,45.69,1.43,1.24,53.57,17.93,24.04,42.73,1.02,0.89,53.33,44.51,58.42,43.24,0.62,0.48,56.25,9.56,92.22,1.018,4.05,10.4,9.59,45.41,29.72,15.98,17.65,22.37,41.67
119,8482116,Tim Stützle,OTT,C,https://assets.nhle.com/mugs/nhl/20252026/OTT/8482116.png,https://assets.nhle.com/logos/nhl/svg/OTT_light.svg,18,timstutzle,80.0,1621.4,20.2675,66.31,48.37,57.83,49.55,35.67,58.14,32.08,23.76,57.46,4.51,3.33,57.55,4.01,3.19,55.73,35.41,24.16,59.44,14.58,10.69,57.69,2.37,1.81,56.64,27.78,17.96,60.73,1.97,1.23,61.54,60.67,35.55,63.06,0.86,0.75,53.33,14.07,85.98,1.001,15.8,10.1,6.11,43.85,72.13,27.16,13.4,11.51,70.24
120,8480027,Jason Robertson,DAL,L,https://assets.nhle.com/mugs/nhl/20252026/DAL/8480027.png,https://assets.nhle.com/logos/nhl/svg/DAL_light.svg,21,jasonrobertson,82.0,1660.75,20.253048780488,67.56,47.58,58.68,50.25,34.76,59.12,34.36,23.12,59.77,5.24,2.17,70.73,4.96,2.54,66.19,40.28,21.82,64.86,18.14,8.67,67.65,2.78,0.98,74.04,29.53,17.53,62.74,2.31,0.96,70.59,51.87,38.2,57.59,0.83,0.21,80.00,15.25,90.63,1.059,11.49,10.01,5.31,35.26,68.39,23.7,14.52,13.8,63.2
121,8477404,Jake Guentzel,TBL,C,https://assets.nhle.com/mugs/nhl/20252026/TBL/8477404.png,https://assets.nhle.com/logos/nhl/svg/TBL_light.svg,59,jakeguentzel,81.0,1639.9166666667,20.245884773663,69.37,49.65,58.28,51.48,38.16,57.43,33.44,25.35,56.88,4.83,3.33,59.19,4.55,2.99,60.33,38.27,23.93,61.53,16.13,9.99,61.76,2.2,1.32,62.50,29.51,18.59,61.36,2.39,1.56,60.49,59.45,40.48,59.49,1.06,0.74,58.82,14.44,86.87,1.013,13.61,8.74,6.77,35.49,66.79,26.75,14.16,14.23,65.27
122,8478507,John Marino,UTA,D,https://assets.nhle.com/mugs/nhl/20252026/UTA/8478507.png,https://assets.nhle.com/logos/nhl/svg/UTA_light.svg?season=20252026,6,johnmarino,80.0,1616.1666666667,20.202083333333,55.2,53.94,50.58,39.35,40.21,49.46,24.61,26.51,48.15,3.53,2.49,58.64,2.94,3.06,49.01,26.21,26.14,50.07,12.33,12.21,50.23,1.86,1.37,57.47,18.51,18.56,49.93,1.44,0.89,61.70,46.01,45.53,50.26,0.64,0.64,50.00,14.33,90.62,1.049,7.39,12.73,9.02,51.83,45.02,16.41,17.97,18.34,47.22
123,8477946,Dylan Larkin,DET,C,https://assets.nhle.com/mugs/nhl/20252026/DET/8477946.png,https://assets.nhle.com/logos/nhl/svg/DET_light.svg?season=20252026,71,dylanlarkin,74.0,1493.85,20.187162162162,66.83,55.55,54.61,49.48,40.04,55.27,32.13,25.3,55.94,4.14,2.93,58.52,4.3,3.32,56.41,35.3,27.99,55.77,14.78,11.21,56.88,2.17,1.2,64.29,27.37,22.39,55.01,1.55,1.39,52.73,56.68,49.31,53.48,0.7,0.7,50.00,12.88,88.41,1.013,12.17,12.73,13.09,33.18,48.17,23.98,16.71,23.78,50.21
124,8478420,Mikko Rantanen,DAL,R,https://assets.nhle.com/mugs/nhl/20252026/DAL/8478420.png,https://assets.nhle.com/logos/nhl/svg/DAL_light.svg,96,mikkorantanen,64.0,1291.25,20.17578125,62.08,52.32,54.26,45.72,36.29,55.75,31.18,24.91,55.59,4.79,2.56,65.19,4.68,2.78,62.7,38.71,24.21,61.52,17.38,9.85,63.82,2.83,0.88,76.25,28.44,19.14,59.77,1.8,1.12,61.70,48.46,42.96,53.01,0.81,0.74,52.17,15.35,89.74,1.051,12.41,9.9,5.53,35.18,69.17,27.97,15.57,14.03,66.59
125,8478450,Parker Wotherspoon,PIT,D,https://assets.nhle.com/mugs/nhl/20252026/PIT/8478450.png,https://assets.nhle.com/logos/nhl/svg/PIT_light.svg,29,parkerwotherspoon,80.0,1613.7333333333,20.171666666667,52.95,60.72,46.58,38.37,45.32,45.85,25.32,27.51,47.92,2.9,3.01,49.06,2.75,3.39,44.79,25.88,31.75,44.9,11.27,13.35,45.77,1.26,1.34,48.57,19.48,24.54,44.26,1.39,1.04,57.14,41.46,53.81,43.52,0.7,1.29,35.14,11.45,89.05,1.005,5.32,11.38,10.52,38.07,33.57,15.65,18.52,22.72,40.79
126,8476468,J.T. Miller,NYR,C,https://assets.nhle.com/mugs/nhl/20252026/NYR/8476468.png,https://assets.nhle.com/logos/nhl/svg/NYR_light.svg,10,jtmiller,68.0,1369.9,20.145588235294,65.61,56.54,53.71,48.44,42.88,53.05,29.96,27.68,51.98,3.46,4.07,45.93,4.12,4.01,50.68,34.82,28.34,55.13,15.29,11.65,56.75,1.53,1.88,44.87,26.05,22.25,53.93,1.34,1.69,44.23,59.41,45.49,56.63,1.2,0.89,57.58,11.55,85.28,0.968,12.7,12.66,12.61,37.84,50.17,26.37,17.48,21.72,54.83
127,8478970,Jalen Chatfield,CAR,D,https://assets.nhle.com/mugs/nhl/20252026/CAR/8478970.png,https://assets.nhle.com/logos/nhl/svg/CAR_light.svg,5,jalenchatfield,72.0,1450.0166666667,20.13912037037,61.65,53.5,53.54,45.43,40.47,52.89,28.22,25.94,52.1,2.94,3.06,48.97,2.94,3.32,46.94,27.48,29.01,48.64,11.42,14.4,44.23,1.2,1.66,42.03,21.41,19.48,52.36,1.54,1.49,50.91,54.27,44.59,54.9,0.72,0.42,63.16,10.41,88.2,0.986,8.11,12.33,10.97,43.9,42.52,19.03,19.74,22.01,46.37
128,8482740,Wyatt Johnston,DAL,C,https://assets.nhle.com/mugs/nhl/20252026/DAL/8482740.png,https://assets.nhle.com/logos/nhl/svg/DAL_light.svg,53,wyattjohnston,82.0,1650.1166666667,20.12337398374,60.83,54.72,52.64,45.71,39.74,53.49,30.98,27.74,52.76,4.62,2.95,61.06,4.61,3.07,60.07,38.25,25.49,60.01,17.09,10.87,61.12,2.73,1.31,67.57,28.22,19.49,59.15,1.94,1.21,61.54,46.9,44.49,51.32,0.63,0.58,52.17,14.91,89.38,1.043,12.73,9.56,6.47,36.91,66.29,26.07,14.69,14.62,64.08
129,8482165,Yan Kuznetsov,CGY,D,https://assets.nhle.com/mugs/nhl/20252026/CGY/8482165.png,https://assets.nhle.com/logos/nhl/svg/CGY_light.svg,37,yankuznetsov,57.0,1144.8333333333,20.084795321637,56.44,66.87,45.77,39.94,47.12,45.88,27.78,31.03,47.24,2.1,2.93,41.67,2.65,3.48,43.25,25.42,36.27,41.21,11.01,13.73,44.49,1.15,1.21,48.89,19.22,30.05,39.01,0.7,1.75,28.57,46.94,50.87,47.99,0.45,0.61,42.86,7.55,90.54,0.981,5.97,13.05,10.17,56.13,37.01,17.66,19.71,18.61,48.7
130,8482124,Quinton Byfield,LAK,R,https://assets.nhle.com/mugs/nhl/20252026/LAK/8482124.png,https://assets.nhle.com/logos/nhl/svg/LAK_light.svg,55,quintonbyfield,79.0,1581.9166666667,20.024261603376,63.23,55.79,53.12,45.7,41.42,52.46,28.56,27.69,50.78,3.19,3.64,46.67,3.54,3.13,53.04,30.72,27.23,53.01,13.28,12.06,52.40,1.71,1.52,52.94,23.26,20.23,53.49,1.31,1.31,50.00,51.88,53.53,49.22,0.6,1.37,30.56,11.16,86.85,0.98,8.15,11.11,14.37,38.12,36.20,19.19,17.26,24.88,43.55
131,8475786,Zach Hyman,EDM,L,https://assets.nhle.com/mugs/nhl/20252026/EDM/8475786.png,https://assets.nhle.com/logos/nhl/svg/EDM_light.svg,18,zachhyman,58.0,1159.0666666667,19.983908045977,74.13,50.68,59.39,57.2,38.05,60.05,38.36,25.05,60.49,5.9,2.9,67.06,5.61,3.08,64.57,44.52,25.83,63.28,20.5,10.61,65.89,3.05,1.45,67.82,32.03,20.29,61.21,2.42,1.24,66.04,58.47,37.16,61.14,1.2,0.52,69.57,15.38,88.43,1.038,12.01,9.84,4.04,36.08,74.84,26.56,14.55,10.2,72.25
132,8478483,Mitch Marner,VGK,R,https://assets.nhle.com/mugs/nhl/20252026/VGK/8478483.png,https://assets.nhle.com/logos/nhl/svg/VGK_light.svg,93,mitchmarner,81.0,1616.5666666667,19.957613168724,69.07,46.17,59.94,50.92,33.07,60.63,34.33,21.19,61.83,4.53,2.41,65.24,4.55,2.73,62.54,39.01,22.57,63.35,18.15,8.57,67.92,2.45,1.19,67.35,27.81,18.66,59.85,1.58,0.79,66.67,58.38,35.12,62.44,1.18,0.64,64.71,13.19,88.62,1.018,13.66,9.06,5.86,36.56,69.96,30.03,13.29,12.47,70.66
133,8475810,Bryan Rust,PIT,R,https://assets.nhle.com/mugs/nhl/20252026/PIT/8475810.png,https://assets.nhle.com/logos/nhl/svg/PIT_light.svg,17,bryanrust,72.0,1436.0,19.944444444444,65.22,57.7,53.06,49.6,43.12,53.49,32.42,26.95,54.61,4.81,3.68,56.65,4.39,3.61,54.92,34.89,30.29,53.53,16.13,12.2,56.93,2.13,1.63,56.67,25.01,24.12,50.91,2.06,1.28,61.67,58.78,43.76,57.33,1.51,1.27,54.35,14.82,86.36,1.012,15.13,14.25,7.81,32.97,65.94,29.46,19.76,15.96,64.86
134,8480043,Timothy Liljegren,WSH,D,https://assets.nhle.com/mugs/nhl/20252026/WSH/8480043.png,https://assets.nhle.com/logos/nhl/svg/WSH_secondary_light.svg,27,timliljegren,47.0,933.03333333333,19.851773049645,44.24,68.94,39.09,31.25,49.64,38.63,21.22,31.7,40.1,2.38,3.73,38.95,2.5,3.66,40.58,23.99,33.95,41.4,10.87,14.21,43.33,1.35,1.54,46.67,17.49,26.32,39.92,1.11,1.71,39.39,31.4,63.07,33.24,0.09,1.11,7.69,11.21,88.24,0.994,5.72,11.19,11.9,43.09,32.48,13.5,17.36,25.59,34.54
135,8482730,Brandt Clarke,LAK,D,https://assets.nhle.com/mugs/nhl/20252026/LAK/8482730.png,https://assets.nhle.com/logos/nhl/svg/LAK_light.svg,92,brandtclarke,82.0,1623.7833333333,19.802235772358,71.06,52.47,57.52,50.7,35.99,58.48,32.59,22.61,59.04,3.33,2.14,60.81,3.54,2.46,58.99,33.51,24.35,57.92,14.15,9.87,58.92,1.74,0.74,70.15,25.82,19.31,57.21,1.38,1.18,53.85,63.89,41.63,60.55,0.8,0.59,57.69,10.20,90.52,1.007,12.56,9.75,5.39,40.98,69.96,26.16,16.07,13.41,66.11
136,8479542,Brandon Hagel,TBL,L,https://assets.nhle.com/mugs/nhl/20252026/TBL/8479542.png,https://assets.nhle.com/logos/nhl/svg/TBL_light.svg,38,brandonhagel,71.0,1402.9666666667,19.760093896714,71.93,55.04,56.65,53.16,41.18,56.35,34.73,28.05,55.31,4.58,2.82,61.85,4.99,3.52,58.64,37.81,28.74,56.81,16.59,12.1,57.82,2.27,1.15,66.25,28.28,22.18,56.05,1.88,1.37,57.89,57.26,47.69,54.56,1.17,0.49,70.37,13.18,89.94,1.031,10.61,9.15,10.99,39.3,49.11,21.04,13.39,20.23,50.98
137,8477951,Nick Schmaltz,UTA,C,https://assets.nhle.com/mugs/nhl/20252026/UTA/8477951.png,https://assets.nhle.com/logos/nhl/svg/UTA_light.svg?season=20252026,8,nickschmaltz,82.0,1617.3166666667,19.72337398374,64.92,46.45,58.29,48.38,34.61,58.29,31.79,22.63,58.42,4.38,3.0,59.30,3.88,3.11,55.54,31.53,22.93,57.9,13.8,10.57,56.62,1.97,1.67,54.08,23.64,16.47,58.94,1.73,1.04,62.50,61.09,36.33,62.71,1.29,0.59,68.57,13.77,86.72,1.005,16.43,11.5,6.94,38.99,70.32,29.12,16.66,13.65,68.08
138,8477220,Nate Schmidt,UTA,D,https://assets.nhle.com/mugs/nhl/20252026/UTA/8477220.png,https://assets.nhle.com/logos/nhl/svg/UTA_light.svg?season=20252026,88,nathanschmidt,82.0,1615.2666666667,19.69837398374,56.05,54.16,50.86,40.27,40.27,50.0,25.82,26.3,49.54,3.16,2.67,54.14,3.12,3.11,50.07,26.86,26.71,50.14,12.41,12.15,50.53,1.67,1.6,51.14,19.27,19.41,49.81,1.19,0.94,55.81,45.87,47.06,49.36,0.64,0.48,57.14,12.23,89.83,1.021,7.91,13.19,9.92,52.34,44.38,17.16,18.05,18.83,47.68
139,8483495,Simon Nemec,NJD,D,https://assets.nhle.com/mugs/nhl/20252026/NJD/8483495.png,https://assets.nhle.com/logos/nhl/svg/NJD_light.svg,71,simonnemec,68.0,1337.4666666667,19.66862745098,62.04,56.84,52.19,44.1,40.69,52.01,28.89,27.19,51.52,2.87,3.23,47.06,3.03,2.83,51.72,30.1,27.95,51.85,11.3,11.3,50.00,1.48,1.66,47.14,25.06,22.19,53.04,1.5,1.2,55.56,52.29,45.42,53.51,0.39,0.65,37.50,9.94,88.12,0.981,8.48,8.21,7.13,41.77,54.31,18.89,14.13,14.53,56.51
140,8475754,Brock Nelson,COL,C,https://assets.nhle.com/mugs/nhl/20252026/COL/8475754.png,https://assets.nhle.com/logos/nhl/svg/COL_light.svg,11,brocknelson,81.0,1591.9166666667,19.65329218107,72.55,52.16,58.17,54.2,39.05,58.12,36.15,25.44,58.69,4.15,2.68,60.77,4.61,3.06,60.07,36.33,25.06,59.18,15.38,10.55,59.30,1.73,1.17,59.74,27.94,19.35,59.09,1.61,0.8,66.67,64.89,47.75,57.61,1.63,0.98,62.50,11.47,89.48,1.01,13.12,10.29,11.91,37.39,52.41,26.23,16.36,22.24,54.12
141,8479980,Nicolas Hague,NSH,D,https://assets.nhle.com/mugs/nhl/20252026/NSH/8479980.png,https://assets.nhle.com/logos/nhl/svg/NSH_light.svg,41,nicolashague,62.0,1217.0666666667,19.630107526882,53.39,59.01,47.5,37.37,45.31,45.2,23.81,30.96,43.47,2.12,3.25,39.45,2.69,3.17,45.94,24.99,29.18,46.13,11.44,12.28,48.23,0.99,1.53,39.22,18.08,22.55,44.5,0.85,1.64,34.21,42.73,50.2,45.98,0.57,0.64,47.06,8.90,89.49,0.984,4.78,10.65,7.59,49.2,38.65,14.49,17.65,20.36,41.58
142,8482176,Wyatt Kaiser,CHI,D,https://assets.nhle.com/mugs/nhl/20252026/CHI/8482176.png,https://assets.nhle.com/logos/nhl/svg/CHI_light.svg?season=20252026,44,wyattkaiser,77.0,1510.2333333333,19.61341991342,44.58,61.18,42.15,33.37,47.48,41.28,21.53,30.63,41.28,2.19,3.38,39.29,2.18,3.64,37.51,19.98,32.38,38.16,8.7,15.57,35.84,1.07,1.75,38.03,15.04,22.41,40.17,1.01,1.48,40.43,38.97,48.38,44.61,0.4,0.69,36.84,10.15,88.98,0.991,6.36,12.0,8.62,46.72,42.44,15.26,17.84,17.52,46.55
143,8478427,Sebastian Aho,CAR,C,https://assets.nhle.com/mugs/nhl/20252026/CAR/8478427.png,https://assets.nhle.com/logos/nhl/svg/CAR_light.svg,20,sebastianahoC,79.0,1549.3833333333,19.612447257384,79.39,43.91,64.38,59.52,34.58,63.25,38.26,24.24,61.21,4.92,3.21,60.48,4.61,3.05,60.19,39.07,24.24,61.71,14.91,11.5,56.45,1.7,1.74,49.44,32.22,16.99,65.48,2.68,1.24,68.42,73.78,31.49,70.09,1.68,0.39,81.08,12.85,86.74,0.996,14.95,9.57,5.73,38.38,72.28,29.08,14.83,12.43,70.06
144,8474716,Jared Spurgeon,MIN,D,https://assets.nhle.com/mugs/nhl/20252026/MIN/8474716.png,https://assets.nhle.com/logos/nhl/svg/MIN_light.svg,46,jaredspurgeon,79.0,1547.75,19.591772151899,54.43,62.06,46.72,40.55,44.58,47.63,25.62,28.26,47.55,2.4,2.36,50.41,2.9,3.11,48.23,26.05,30.51,46.06,10.97,11.98,47.80,1.09,1.2,47.46,20.11,24.71,44.87,0.72,0.83,46.67,44.46,54.09,45.11,0.84,0.62,57.69,9.38,91.63,1.01,6.13,9.54,9.3,47.99,39.70,18.06,16.59,19.85,47.65
145,8484783,Artyom Levshunov,CHI,D,https://assets.nhle.com/mugs/nhl/20252026/CHI/8484783.png,https://assets.nhle.com/logos/nhl/svg/CHI_light.svg?season=20252026,55,artyomlevshunov,68.0,1332.3333333333,19.593137254902,56.34,56.47,49.94,41.12,44.9,47.8,26.61,30.53,46.57,2.61,3.74,41.13,3.02,3.45,46.64,28.87,29.27,49.65,12.07,14.73,45.04,1.58,1.8,46.67,22.4,19.39,53.59,1.02,1.74,36.96,49.96,42.09,54.28,0.39,0.72,35.29,9.81,87.76,0.976,12.02,9.91,4.86,40.53,71.20,24.81,14.46,12.47,66.55
146,8484798,Zeev Buium,VAN,D,https://assets.nhle.com/mugs/nhl/20252026/VAN/8484798.png,https://assets.nhle.com/logos/nhl/svg/VAN_light.svg,8,zeevbuium,76.0,1487.8166666667,19.576535087719,60.25,54.2,52.64,43.67,41.42,51.33,28.91,27.91,50.89,2.54,2.98,45.99,3.22,3.27,49.56,29.8,26.98,52.49,13.39,12.1,52.53,1.45,1.33,52.17,21.88,19.84,52.45,0.81,1.08,42.86,53.88,41.53,56.47,0.7,0.93,42.86,8.79,89.31,0.981,10.81,8.87,4.8,41.74,69.25,24.72,13.75,13.11,65.35
147,8474574,Tyler Myers,DAL,D,https://assets.nhle.com/mugs/nhl/20252026/DAL/8474574.png,https://assets.nhle.com/logos/nhl/svg/DAL_light.svg,57,tylermyers,73.0,1424.75,19.517123287671,49.44,66.71,42.57,36.43,49.48,42.4,22.61,31.88,41.5,1.98,4.38,31.13,2.55,3.7,40.78,22.87,33.4,40.64,9.73,14.91,39.49,1.01,2.11,32.43,17.52,24.65,41.54,0.67,2.08,24.49,39.3,58.88,40.02,0.43,1.03,29.17,8.75,86.26,0.95,4.63,10.82,12.42,45.36,27.16,12.13,16.8,24.21,33.37
148,8478399,Jonas Siegenthaler,NJD,D,https://assets.nhle.com/mugs/nhl/20252026/NJD/8478399.png,https://assets.nhle.com/logos/nhl/svg/NJD_light.svg,71,jonassiegenthaler,82.0,1597.2,19.478048780488,53.19,61.12,46.53,38.96,44.37,46.75,24.83,29.38,45.81,2.1,3.27,39.16,2.74,3.24,45.86,24.19,30.24,44.44,10.37,12.73,44.88,1.09,1.62,40.28,18.43,23.34,44.12,0.65,1.65,28.26,44.22,52.74,45.61,0.6,0.6,50.00,8.47,88.87,0.973,6.01,13.94,11.57,41.25,34.19,14.35,19.16,21.22,40.34
149,8482087,Kaiden Guhle,MTL,D,https://assets.nhle.com/mugs/nhl/20252026/MTL/8482087.png,https://assets.nhle.com/logos/nhl/svg/MTL_light.svg,21,kaidenguhle,39.0,759.05,19.462820512821,47.27,64.74,42.2,35.33,45.85,43.52,22.13,29.56,42.81,2.37,2.37,50.00,2.93,3.51,45.52,22.77,30.91,42.42,9.72,13.2,42.41,0.95,1.19,44.44,17.39,23.61,42.42,1.05,0.84,55.56,35.85,52.75,40.46,0.46,0.8,36.36,10.71,91.98,1.027,3.48,9.8,9.17,46.16,27.50,10.59,16.28,19.68,34.99
150,8476880,Tom Wilson,WSH,R,https://assets.nhle.com/mugs/nhl/20252026/WSH/8476880.png,https://assets.nhle.com/logos/nhl/svg/WSH_secondary_light.svg,43,tomwilson,72.0,1401.3166666667,19.462731481481,64.7,54.85,54.12,48.85,38.92,55.66,31.98,25.39,55.75,3.94,3.13,55.76,4.38,3.63,54.71,33.87,26.59,56.02,15.24,11.69,56.60,1.63,1.37,54.29,24.83,19.87,55.56,1.71,1.03,62.50,54.98,48.98,52.89,1.24,0.93,57.14,12.32,87.69,1.0,11.05,10.4,12.46,37.55,46.99,22.74,14.51,22.86,49.86
151,8481014,Alexander Romanov,NYI,D,https://assets.nhle.com/mugs/nhl/20252026/NYI/8481014.png,https://assets.nhle.com/logos/nhl/svg/NYI_light.svg,28,alexromanov,15.0,291.66666666667,19.444444444444,46.49,69.53,40.07,34.35,51.63,39.95,22.42,34.77,39.21,1.85,3.29,36.00,1.97,4.67,29.64,19.95,38.26,34.28,6.79,19.54,25.78,0.82,2.26,26.67,17.55,24.96,41.29,0.55,1.1,33.33,43.09,50.81,45.89,0.89,0.3,75.00,8.26,90.53,0.988,6.17,7.41,6.17,52.46,50.00,19.75,14.4,16.05,55.17
152,8477939,William Nylander,TOR,R,https://assets.nhle.com/mugs/nhl/20252026/TOR/8477939.png,https://assets.nhle.com/logos/nhl/svg/TOR_light.svg,88,willnylander,65.0,1262.0166666667,19.415641025641,63.8,54.91,53.74,48.07,41.27,53.81,31.52,28.38,52.62,4.8,4.14,53.72,4.08,3.37,54.79,33.42,27.43,54.92,15.31,11.51,57.09,2.52,1.62,60.92,24.15,21.24,53.21,1.71,1.97,46.55,61.05,40.52,60.11,1.24,1.24,50.00,15.23,85.43,1.007,14.83,11.74,5.71,36.7,72.22,30.38,17.07,13.88,68.64
153,8479369,Andrew Peeke,BOS,D,https://assets.nhle.com/mugs/nhl/20252026/BOS/8479369.png,https://assets.nhle.com/logos/nhl/svg/BOS_light.svg?season=20252026,20,andrewpeeke,77.0,1492.6833333333,19.385497835498,50.65,66.2,43.34,35.53,47.67,42.71,22.07,31.71,41.03,1.73,3.38,33.86,2.28,3.73,37.98,22.63,32.28,41.22,8.76,15.56,36.03,0.72,1.97,26.87,18.49,22.3,45.34,0.86,0.75,53.33,41.34,56.73,42.16,0.46,1.22,27.59,7.83,89.35,0.972,4.06,10.81,11.25,48.88,26.51,12.54,16.68,22.91,35.37
154,8476905,Chandler Stephenson,SEA,C,https://assets.nhle.com/mugs/nhl/20252026/SEA/8476905.png,https://assets.nhle.com/logos/nhl/svg/SEA_light.svg,9,chandlerstephenson,80.0,1550.5333333333,19.381666666667,54.95,69.77,44.06,40.63,51.27,44.21,26.74,32.47,45.16,2.94,3.87,43.18,3.15,4.48,41.32,26.0,34.83,42.75,10.18,15.32,39.91,1.39,1.82,43.37,21.1,26.0,44.8,0.98,1.39,41.30,52.54,63.16,45.41,1.06,1.12,48.72,11.00,88.08,0.991,12.11,11.57,17.07,35.06,41.51,20.86,15.05,29.41,41.49
155,8481562,Domenick Fensore,CAR,D,https://assets.nhle.com/mugs/nhl/20252026/CAR/8481562.png,https://assets.nhle.com/logos/nhl/svg/CAR_light.svg,3,domenickfensore,1.0,19.366666666667,19.366666666667,27.88,74.35,27.27,18.59,52.67,26.09,9.29,37.18,20.0,0.0,6.2,0.00,0.71,5.5,11.43,12.39,37.18,25.0,3.1,27.88,10.00,0.0,6.2,0.00,12.39,12.39,50.0,0.0,0.0,-,35.8,53.7,40.0,0.0,0.0,-,0.00,83.33,0.833,12.39,24.78,3.1,43.37,80.00,18.59,37.18,18.59,50.0
156,8478443,Brandon Carlo,TOR,D,https://assets.nhle.com/mugs/nhl/20252026/TOR/8478443.png,https://assets.nhle.com/logos/nhl/svg/TOR_light.svg,25,brandoncarlo,55.0,1065.1,19.365454545455,47.43,76.39,38.31,36.11,55.49,39.42,24.11,36.95,39.48,2.87,3.66,43.97,2.51,3.93,38.99,21.58,37.18,36.72,8.79,15.94,35.54,1.3,1.63,44.23,17.05,28.32,37.58,1.35,1.95,40.91,37.02,67.78,35.33,0.49,0.73,40.00,11.92,90.09,1.02,5.91,14.42,13.97,51.21,29.75,12.06,20.34,26.59,31.2
157,8477960,Adrian Kempe,LAK,R,https://assets.nhle.com/mugs/nhl/20252026/LAK/8477960.png,https://assets.nhle.com/logos/nhl/svg/LAK_light.svg,9,adriankempe,81.0,1563.7666666667,19.305761316872,68.3,51.03,57.23,48.19,36.87,56.65,30.77,24.36,55.81,3.8,2.61,59.28,3.94,2.89,57.65,32.58,25.36,56.23,12.89,11.05,53.85,1.84,0.84,68.57,26.24,19.08,57.9,1.59,1.33,54.39,64.29,38.57,62.5,0.94,0.72,56.67,12.34,89.29,1.016,15.19,9.98,6.25,37.03,70.84,28.47,15.85,15.35,64.97
158,8480796,Martin Fehérváry,WSH,D,https://assets.nhle.com/mugs/nhl/20252026/WSH/8480796.png,https://assets.nhle.com/logos/nhl/svg/WSH_secondary_light.svg,42,martinfehervary,81.0,1561.7833333333,19.281275720165,47.98,70.77,40.41,36.11,49.94,41.96,23.74,31.43,43.04,2.73,3.19,46.10,2.76,4.02,40.77,23.47,34.69,40.36,10.41,14.87,41.19,1.15,1.77,39.47,17.42,26.43,39.72,1.18,0.87,57.50,35.85,65.54,35.36,0.55,1.05,34.48,11.49,89.85,1.013,2.92,10.53,13.68,40.84,17.59,10.1,16.63,27.85,26.62
159,8482665,Matty Beniers,SEA,C,https://assets.nhle.com/mugs/nhl/20252026/SEA/8482665.png,https://assets.nhle.com/logos/nhl/svg/SEA_light.svg,10,mattybeniers,82.0,1580.6833333333,19.27662601626,60.7,54.36,52.75,45.25,40.05,53.05,29.27,25.13,53.8,3.49,3.04,53.49,3.51,3.0,53.94,28.77,22.93,55.65,11.99,9.45,55.93,1.75,1.25,58.23,22.37,17.97,55.46,1.01,1.16,46.51,59.27,46.49,56.04,1.21,0.93,56.41,11.93,87.92,0.998,14.01,11.96,7.93,37.16,63.84,24.86,15.52,15.22,62.03
160,8480434,Sean Durzi,UTA,D,https://assets.nhle.com/mugs/nhl/20252026/UTA/8480434.png,https://assets.nhle.com/logos/nhl/svg/UTA_light.svg?season=20252026,5,seandurzi,60.0,1155.6666666667,19.261111111111,65.78,54.36,54.75,46.93,40.39,53.75,29.33,26.63,52.41,2.6,3.32,43.86,3.28,3.14,51.02,30.53,27.57,52.55,13.08,12.36,51.43,0.73,1.66,30.43,23.26,20.28,53.42,1.45,1.52,48.84,56.99,41.77,57.71,1.12,0.6,65.22,8.85,87.52,0.964,9.24,11.63,8.05,50.2,53.45,22.12,17.34,15.63,58.6
161,8474151,Ryan McDonagh,TBL,D,https://assets.nhle.com/mugs/nhl/20252026/TBL/8474151.png,https://assets.nhle.com/logos/nhl/svg/TBL_light.svg,27,ryanmcdonagh,48.0,924.3,19.25625,48.23,63.81,43.05,35.9,46.22,43.72,22.27,30.83,41.93,2.92,2.99,49.45,2.94,3.5,45.65,23.69,30.31,43.87,9.8,12.33,44.28,1.69,1.62,50.98,18.52,23.97,43.58,1.13,0.78,59.09,38.07,64.98,36.94,0.38,1.13,25.00,13.12,90.32,1.034,5.78,12.92,15.12,41.87,27.64,13.37,17.79,27.78,32.49
162,8479420,Tage Thompson,BUF,C,https://assets.nhle.com/mugs/nhl/20252026/BUF/8479420.png,https://assets.nhle.com/logos/nhl/svg/BUF_light.svg,72,tagethompson,81.0,1558.7333333333,19.243621399177,68.86,51.97,56.99,51.5,38.92,56.96,32.41,26.1,55.39,4.39,3.12,58.46,4.27,2.96,59.03,33.03,24.52,57.39,14.28,10.85,56.81,2.12,1.62,56.70,24.99,18.22,57.84,1.9,1.08,63.79,61.72,42.15,59.42,0.83,0.67,55.56,13.54,88.05,1.016,15.05,12.51,7.7,36.18,66.16,27.83,16.71,14.43,65.85
163,8476906,Shayne Gostisbehere,CAR,D,https://assets.nhle.com/mugs/nhl/20252026/CAR/8476906.png,https://assets.nhle.com/logos/nhl/svg/CAR_light.svg,4,shaynegostisbehere,55.0,1057.7666666667,19.232121212121,77.82,42.09,64.9,58.03,31.88,64.54,37.44,19.85,65.35,4.65,2.5,65.08,4.25,2.61,61.92,38.0,21.04,64.36,15.37,9.76,61.17,1.82,1.19,60.38,30.18,15.05,66.72,2.87,1.44,66.67,74.4,31.95,69.95,0.98,0.16,85.71,12.42,87.43,0.999,15.37,10.83,3.74,38.91,80.42,32.33,18.09,9.7,76.92
164,8471675,Sidney Crosby,PIT,C,https://assets.nhle.com/mugs/nhl/20252026/PIT/8471675.png,https://assets.nhle.com/logos/nhl/svg/PIT_light.svg,87,sidneycrosby,68.0,1307.7,19.230882352941,69.51,53.22,56.64,52.35,39.09,57.25,34.73,25.01,58.14,4.77,3.26,59.43,4.6,3.1,59.73,37.58,27.71,57.55,17.44,11.79,59.65,2.25,1.47,60.49,26.86,21.23,55.85,1.9,1.47,56.36,63.82,38.44,62.41,1.46,0.8,64.71,13.74,86.97,1.007,14.36,15.0,5.14,33.36,73.65,30.24,21.24,14.13,68.15
165,8475913,Mark Stone,VGK,R,https://assets.nhle.com/mugs/nhl/20252026/VGK/8475913.png,https://assets.nhle.com/logos/nhl/svg/VGK_light.svg,61,markstone,60.0,1152.9,19.215,73.12,47.1,60.82,55.32,32.79,62.79,36.48,21.03,63.44,5.72,2.65,68.32,4.92,2.54,65.94,41.17,22.17,65.0,18.58,8.33,69.05,3.17,1.25,71.76,30.12,18.46,62.0,2.01,1.18,63.04,59.54,38.41,60.78,1.2,0.6,66.67,15.69,87.38,1.031,13.53,10.04,7.55,34.87,64.20,29.98,15.46,15.14,66.44
166,8480873,Rasmus Sandin,WSH,D,https://assets.nhle.com/mugs/nhl/20252026/WSH/8480873.png,https://assets.nhle.com/logos/nhl/svg/WSH_secondary_light.svg,38,rasmussandin,73.0,1401.6666666667,19.200913242009,53.04,61.43,46.34,38.4,42.38,47.54,24.61,27.57,47.17,2.74,3.0,47.76,2.86,2.96,49.17,25.13,28.08,47.22,10.62,11.86,47.24,1.24,1.5,45.31,19.35,21.63,47.21,1.14,1.2,48.78,44.02,53.61,45.09,0.62,0.87,41.67,11.13,89.13,1.003,6.25,10.19,9.2,41.44,40.44,17.34,16.31,19.26,47.37
167,8479442,Troy Stecher,TOR,D,https://assets.nhle.com/mugs/nhl/20252026/TOR/8479442.png,https://assets.nhle.com/logos/nhl/svg/TOR_light.svg,28,troystecher,64.0,1227.9833333333,19.187239583333,47.69,68.7,40.97,35.52,52.67,40.28,23.16,34.79,39.97,2.39,3.18,42.98,2.54,3.85,39.72,23.84,35.18,40.4,10.36,14.46,41.73,1.22,1.22,50.00,17.98,27.62,39.43,1.04,1.89,35.56,35.5,56.96,38.4,0.49,0.78,38.89,10.34,90.87,1.012,5.28,11.73,10.94,53.89,32.53,12.17,16.91,20.62,37.11
168,8483485,Denton Mateychuk,CBJ,D,https://assets.nhle.com/mugs/nhl/20252026/CBJ/8483485.png,https://assets.nhle.com/logos/nhl/svg/CBJ_light.svg,5,dentonmateychuk,75.0,1438.9166666667,19.185555555556,57.38,60.34,48.74,42.03,44.24,48.72,28.02,28.6,49.48,2.79,3.13,47.18,3.09,3.2,49.06,28.23,29.36,49.02,11.22,12.51,47.28,1.17,1.25,48.28,22.68,22.46,50.25,1.06,1.5,41.30,45.9,52.16,46.81,1.08,1.02,51.43,9.97,89.07,0.99,7.13,11.22,9.72,39.15,42.33,16.55,17.14,19.6,45.79
169,8475798,Mikael Granlund,ANA,C,https://assets.nhle.com/mugs/nhl/20252026/ANA/8475798.png,https://assets.nhle.com/logos/nhl/svg/ANA_light.svg,64,mikaelgranlund,58.0,1112.0833333333,19.173850574713,67.12,57.03,54.06,51.79,42.03,55.2,34.58,28.38,54.93,3.61,3.78,48.91,4.31,3.9,52.46,33.72,28.49,54.21,16.08,12.62,56.02,1.62,1.51,51.72,23.52,21.15,52.66,1.58,1.65,48.89,59.23,50.11,54.17,0.94,1.09,46.15,10.45,86.69,0.971,11.98,10.9,11.01,37.28,52.11,24.06,15.11,20.07,54.52
170,8482113,Anton Lundell,FLA,C,https://assets.nhle.com/mugs/nhl/20252026/FLA/8482113.png,https://assets.nhle.com/logos/nhl/svg/FLA_light.svg,15,antonlundell,64.0,1225.7333333333,19.152083333333,63.54,51.79,55.09,46.89,40.34,53.76,29.13,26.04,52.8,3.67,3.67,50.00,3.85,3.68,51.13,31.38,24.72,55.93,13.12,11.11,54.14,1.62,1.71,48.53,24.34,18.14,57.3,1.83,1.44,56.00,55.36,46.67,54.26,0.57,1.06,34.78,12.61,85.9,0.985,11.6,13.61,13.8,36.22,45.66,21.68,19.14,22.52,49.06
171,8484153,Leo Carlsson,ANA,C,https://assets.nhle.com/mugs/nhl/20252026/ANA/8484153.png,https://assets.nhle.com/logos/nhl/svg/ANA_light.svg,91,leocarlsson,70.0,1340.5166666667,19.150238095238,76.94,49.59,60.81,57.74,37.73,60.48,37.55,23.81,61.2,4.39,3.49,55.68,4.7,3.41,57.92,39.43,26.54,59.77,17.28,12.26,58.48,1.92,1.79,51.81,29.54,19.04,60.81,2.09,1.55,57.38,67.24,36.79,64.64,1.23,0.45,73.08,11.68,85.34,0.97,13.16,13.02,6.58,37.91,66.67,27.57,18.57,12.44,68.9
172,8477950,Tony DeAngelo,NYI,D,https://assets.nhle.com/mugs/nhl/20252026/NYI/8477950.png,https://assets.nhle.com/logos/nhl/svg/NYI_light.svg,77,anthonydeangelo,76.0,1454.6833333333,19.140570175439,64.72,52.42,55.25,47.31,39.31,54.62,30.27,24.95,54.82,2.76,2.6,51.54,3.07,3.21,48.91,30.4,26.36,53.56,11.26,13.24,45.96,1.28,1.4,47.69,25.52,17.49,59.34,1.43,1.32,52.00,57.91,41.29,58.38,0.6,0.18,76.92,9.13,89.59,0.987,8.37,10.35,6.97,47.64,54.57,22.03,16.62,14.72,59.93
173,8477942,Kevin Fiala,LAK,L,https://assets.nhle.com/mugs/nhl/20252026/LAK/8477942.png,https://assets.nhle.com/logos/nhl/svg/LAK_light.svg,22,kevinfiala,56.0,1070.8,19.121428571429,70.27,45.89,60.49,49.81,33.28,59.95,31.32,21.01,59.85,3.03,2.3,56.84,4.01,2.43,62.3,35.08,22.92,60.48,14.85,9.86,60.09,1.91,1.06,64.15,26.97,17.41,60.77,1.12,1.05,51.72,62.08,34.88,64.02,0.4,0.32,55.56,9.66,89.07,0.987,11.99,9.81,5.77,35.19,67.51,27.68,16.31,13.56,67.12
174,8471685,Anze Kopitar,LAK,C,https://assets.nhle.com/mugs/nhl/20252026/LAK/8471685.png,https://assets.nhle.com/logos/nhl/svg/LAK_light.svg,11,anzekopitar,67.0,1281.1333333333,19.121393034826,67.07,52.59,56.05,47.91,37.19,56.3,30.07,24.63,54.97,3.47,2.48,58.27,3.81,2.76,57.97,31.28,24.59,55.99,12.69,10.16,55.53,2.06,0.98,67.69,24.79,19.23,56.31,1.12,1.25,47.37,67.58,44.65,60.22,0.68,0.47,58.82,11.53,89.92,1.015,14.66,8.85,10.44,36.16,58.40,28.66,14.19,20.89,57.84
175,8480246,Nick Perbix,NSH,D,https://assets.nhle.com/mugs/nhl/20252026/NSH/8480246.png,https://assets.nhle.com/logos/nhl/svg/NSH_light.svg,48,nickperbix,79.0,1509.85,19.112025316456,48.8,66.36,42.37,34.26,51.22,40.07,22.89,34.26,40.06,2.11,3.66,36.55,2.39,3.85,38.28,21.82,32.86,39.9,9.18,15.62,37.02,1.07,1.99,35.06,16.85,23.0,42.29,0.74,1.48,33.33,41.79,60.27,40.94,0.57,0.8,41.67,9.20,89.33,0.985,5.56,10.77,12.08,46.85,31.53,15.1,18.4,27.9,35.12
176,8478439,Travis Konecny,PHI,R,https://assets.nhle.com/mugs/nhl/20252026/PHI/8478439.png,https://assets.nhle.com/logos/nhl/svg/PHI_light.svg,11,traviskonecny,77.0,1469.9333333333,19.090043290043,59.43,56.04,51.47,43.76,40.65,51.84,29.18,25.92,52.96,3.76,2.65,58.60,3.81,2.99,56.06,31.76,27.18,53.88,13.35,9.84,57.57,1.43,1.22,53.85,24.55,23.13,51.48,1.9,1.31,59.32,50.06,44.57,52.9,1.06,0.41,72.00,12.87,89.76,1.026,12.53,11.59,7.31,42.21,63.17,22.69,16.33,14.53,60.96
177,8479343,Clayton Keller,UTA,R,https://assets.nhle.com/mugs/nhl/20252026/UTA/8479343.png,https://assets.nhle.com/logos/nhl/svg/UTA_light.svg?season=20252026,9,claytonkeller,82.0,1565.0333333333,19.085772357724,70.66,42.09,62.67,52.45,30.86,62.95,34.77,19.74,63.78,4.79,2.49,65.79,4.13,2.7,60.48,35.27,20.47,63.27,15.37,9.2,62.56,2.15,1.27,62.92,26.53,15.03,63.84,1.94,1.02,65.52,65.29,31.56,67.41,1.5,0.39,79.41,13.78,87.38,1.012,15.99,11.92,5.02,38.95,76.09,31.28,17.06,11.0,73.98
178,8478851,Alexandre Carrier,MTL,D,https://assets.nhle.com/mugs/nhl/20252026/MTL/8478851.png,https://assets.nhle.com/logos/nhl/svg/MTL_light.svg,45,alexandrecarrier,73.0,1393.05,19.082876712329,47.08,69.56,40.36,33.68,49.01,40.73,21.62,31.92,40.39,2.67,4.26,38.51,2.69,4.1,39.63,22.01,34.93,38.65,9.26,15.42,37.52,1.03,1.9,35.29,17.0,26.01,39.52,1.21,1.84,39.62,35.28,59.35,37.28,0.81,1.37,37.14,12.35,86.64,0.99,3.96,10.68,13.01,45.57,23.35,11.03,17.75,27.35,28.73
179,8478493,Joel Eriksson Ek,MIN,C,https://assets.nhle.com/mugs/nhl/20252026/MIN/8478493.png,https://assets.nhle.com/logos/nhl/svg/MIN_light.svg,14,joelerikssonek,70.0,1335.5333333333,19.079047619048,68.02,56.74,54.52,51.44,41.69,55.23,33.11,27.23,54.88,4.58,2.7,62.96,4.45,3.34,57.09,33.78,27.63,55.01,14.33,11.68,55.09,2.11,0.94,69.12,25.94,21.26,54.95,1.68,1.32,56.00,61.26,52.89,53.67,1.36,0.84,61.76,13.84,90.1,1.039,11.91,12.09,12.04,28.08,49.72,26.1,18.02,22.82,53.35
180,8476454,Ryan Nugent-Hopkins,EDM,C,https://assets.nhle.com/mugs/nhl/20252026/EDM/8476454.png,https://assets.nhle.com/logos/nhl/svg/EDM_light.svg,93,ryannugenthopkins,72.0,1372.5166666667,19.062731481481,68.9,57.35,54.57,51.54,43.1,54.46,35.58,27.89,56.06,4.9,3.58,57.73,4.82,3.54,57.67,39.17,29.99,56.64,18.19,11.45,61.36,2.67,1.92,58.10,27.98,24.71,53.1,2.1,1.69,55.38,56.51,43.76,56.36,0.82,0.38,68.42,13.76,87.15,1.009,13.33,9.57,7.83,37.46,63.02,25.84,13.99,14.6,63.89
181,8478444,Brock Boeser,VAN,R,https://assets.nhle.com/mugs/nhl/20252026/VAN/8478444.png,https://assets.nhle.com/logos/nhl/svg/VAN_light.svg,6,brockboeser,75.0,1429.0,19.053333333333,60.84,55.76,52.18,44.72,42.91,51.03,29.14,28.38,50.66,3.36,4.11,44.94,3.74,3.45,52.04,30.82,27.5,52.84,13.56,12.05,52.95,1.68,1.85,47.62,23.01,20.6,52.76,1.29,1.68,43.40,55.98,44.7,55.6,0.79,0.85,48.15,11.53,85.5,0.97,14.23,10.16,8.48,34.77,62.66,26.91,14.11,16.75,61.63
182,8475172,Nazem Kadri,COL,C,https://assets.nhle.com/mugs/nhl/20252026/COL/8475172.png,https://assets.nhle.com/logos/nhl/svg/COL_light.svg,91,nazemkadri,77.0,1465.5833333333,19.03354978355,71.44,50.97,58.36,50.64,38.32,56.93,33.49,25.87,56.41,3.15,3.07,50.66,4.08,3.06,57.14,35.62,25.83,57.96,15.76,10.85,59.23,1.56,1.15,57.58,26.47,19.98,56.99,0.98,1.2,45.00,67.53,38.2,63.87,1.12,0.89,55.88,9.41,88.13,0.975,15.02,9.7,5.32,39.3,73.84,31.2,16.5,12.45,71.48
183,8480023,Robert Thomas,STL,C,https://assets.nhle.com/mugs/nhl/20252026/STL/8480023.png,https://assets.nhle.com/logos/nhl/svg/STL_light.svg?season=20252026,18,robertthomas,64.0,1216.9666666667,19.015104166667,58.33,53.44,52.18,42.3,40.18,51.29,28.45,27.36,50.97,4.34,2.86,60.27,3.93,3.07,56.11,33.82,25.83,56.69,13.8,10.8,56.11,1.68,1.33,55.74,26.69,20.05,57.1,2.37,0.92,72.00,47.36,46.86,50.26,1.0,1.07,48.28,15.25,89.55,1.048,14.15,9.96,13.07,37.17,51.99,24.65,14.35,21.0,54.0
184,8477949,Alex Tuch,BUF,R,https://assets.nhle.com/mugs/nhl/20252026/BUF/8477949.png,https://assets.nhle.com/logos/nhl/svg/BUF_light.svg,89,alextuch,79.0,1500.4833333333,18.993459915612,58.86,63.94,47.93,44.79,47.14,48.72,28.03,31.67,46.95,3.96,3.56,52.66,3.43,4.03,46.0,27.35,31.83,46.22,11.88,13.16,47.44,1.72,1.48,53.75,20.63,24.9,45.32,1.55,1.55,50.00,51.06,58.28,46.7,1.21,1.1,52.50,14.12,88.76,1.029,11.92,14.04,14.76,38.23,44.68,19.71,17.91,23.95,45.15
185,8480012,Elias Pettersson,VAN,C,https://assets.nhle.com/mugs/nhl/20252026/VAN/8480012.png,https://assets.nhle.com/logos/nhl/svg/VAN_light.svg,40,eliaspetterssonC,74.0,1403.15,18.961486486486,63.71,57.56,52.54,47.98,42.46,53.05,30.96,27.92,52.58,3.42,3.89,46.78,4.17,3.46,54.66,33.57,27.92,54.59,16.25,11.8,57.93,1.88,1.67,53.01,23.09,21.49,51.79,1.37,1.6,46.15,57.07,49.17,53.72,0.49,0.86,36.36,11.05,86.06,0.971,14.15,11.46,11.16,34.42,55.91,28.35,14.92,19.76,58.93
186,8476967,Brett Kulak,COL,D,https://assets.nhle.com/mugs/nhl/20252026/COL/8476967.png,https://assets.nhle.com/logos/nhl/svg/COL_light.svg,27,brettkulak,83.0,1573.75,18.960843373494,50.59,58.83,46.24,36.71,42.24,46.5,24.02,25.2,48.8,2.02,2.4,45.69,2.56,3.02,45.84,21.96,29.59,42.6,9.23,12.31,42.83,1.07,0.99,51.85,16.98,23.03,42.44,0.76,1.37,35.71,42.02,45.71,47.9,0.39,0.55,41.18,8.41,90.47,0.989,5.57,10.45,7.4,45.94,42.94,14.07,16.24,16.36,46.24
187,8476483,Rickard Rakell,PIT,R,https://assets.nhle.com/mugs/nhl/20252026/PIT/8476483.png,https://assets.nhle.com/logos/nhl/svg/PIT_light.svg,67,rickardrakell,60.0,1136.9166666667,18.948611111111,67.34,53.88,55.55,49.98,40.16,55.44,32.83,25.23,56.55,4.54,3.32,57.72,4.41,3.48,55.91,36.1,27.65,56.62,16.89,12.09,58.29,2.11,1.58,57.14,25.61,20.76,55.24,2.04,1.06,65.91,58.93,41.39,58.74,1.22,0.99,55.17,13.83,86.82,1.006,15.2,13.88,5.65,33.62,72.91,30.29,19.1,13.93,68.5
188,8480893,Kirill Marchenko,CBJ,R,https://assets.nhle.com/mugs/nhl/20252026/CBJ/8480893.png,https://assets.nhle.com/logos/nhl/svg/CBJ_light.svg,86,kirillmarchenko,76.0,1439.6166666667,18.942324561404,71.02,49.85,58.76,52.81,37.22,58.66,34.93,25.34,57.95,3.92,2.33,62.67,4.16,2.8,59.78,36.01,23.76,60.25,13.96,10.92,56.11,1.54,1.0,60.66,29.4,17.12,63.2,2.06,0.72,74.00,65.32,37.75,63.38,1.08,0.6,64.29,11.22,90.79,1.02,16.0,12.09,4.46,32.97,78.21,30.38,17.59,11.09,73.27
189,8484166,Adam Fantilli,CBJ,C,https://assets.nhle.com/mugs/nhl/20252026/CBJ/8484166.png,https://assets.nhle.com/logos/nhl/svg/CBJ_light.svg,19,adamfantilli,82.0,1550.0,18.90243902439,68.48,51.87,56.9,50.13,38.4,56.62,33.33,25.59,56.57,3.56,3.14,53.18,4.02,2.8,58.93,34.61,25.05,58.01,13.7,11.54,54.29,1.39,1.2,53.73,27.87,18.01,60.74,1.86,1.19,61.02,60.72,38.47,61.22,0.95,1.06,47.22,10.69,87.75,0.984,13.94,10.68,4.14,35.54,77.09,27.6,15.72,10.8,71.88
190,8476887,Filip Forsberg,NSH,L,https://assets.nhle.com/mugs/nhl/20252026/NSH/8476887.png,https://assets.nhle.com/logos/nhl/svg/NSH_light.svg,9,filipforsberg,82.0,1548.7166666667,18.886788617886,71.63,50.25,58.77,52.46,38.9,57.42,34.17,25.45,57.31,3.95,2.52,61.08,4.2,3.07,57.76,34.05,24.25,58.41,14.49,10.07,58.99,1.78,1.2,59.74,26.09,18.91,57.98,1.65,0.83,66.67,67.88,43.15,61.14,1.23,0.78,61.11,11.56,90.11,1.017,12.71,12.59,5.73,38.59,68.91,27.86,18.87,16.5,62.79
191,8478854,Ryan Shea,PIT,D,https://assets.nhle.com/mugs/nhl/20252026/PIT/8478854.png,https://assets.nhle.com/logos/nhl/svg/PIT_light.svg,6,ryanshea,80.0,1510.9166666667,18.886458333333,53.81,65.32,45.17,40.23,47.77,45.71,25.93,31.01,45.54,3.53,3.3,51.74,2.95,3.4,46.49,26.92,32.25,45.5,11.83,12.79,48.06,1.71,1.63,51.19,20.12,25.94,43.68,1.64,1.38,54.39,41.76,56.67,42.42,0.63,0.92,40.74,13.63,89.37,1.03,4.61,9.29,8.9,43.48,34.12,13.82,16.32,21.25,39.41
192,8482093,Seth Jarvis,CAR,R,https://assets.nhle.com/mugs/nhl/20252026/CAR/8482093.png,https://assets.nhle.com/logos/nhl/svg/CAR_light.svg,24,sethjarvis,71.0,1340.45,18.879577464789,78.06,44.72,63.58,59.22,34.47,63.21,38.05,23.54,61.77,4.61,3.0,60.59,4.69,2.98,61.12,37.29,23.99,60.85,14.28,11.1,56.26,1.66,1.57,51.39,30.68,17.19,64.09,2.45,1.25,66.13,75.32,32.97,69.55,1.55,0.45,77.42,12.12,87.26,0.994,16.16,10.16,5.82,36.84,73.52,30.08,15.13,12.8,70.15
193,8475151,Kyle Palmieri,NYI,C,https://assets.nhle.com/mugs/nhl/20252026/NYI/8475151.png,https://assets.nhle.com/logos/nhl/svg/NYI_light.svg,21,kylepalmieri,25.0,471.91666666667,18.876666666667,67.38,50.48,57.17,49.2,37.13,57.0,34.2,24.67,58.1,3.05,2.8,52.17,4.38,3.5,55.56,33.69,26.83,55.67,13.22,13.1,50.24,1.14,1.02,52.94,27.29,18.31,59.85,2.03,1.86,52.17,62.07,40.22,60.68,0.55,0.37,60.00,8.92,88.66,0.976,14.49,9.54,9.15,36.87,61.29,26.06,13.86,15.26,63.08
194,8470613,Brent Burns,COL,D,https://assets.nhle.com/mugs/nhl/20252026/COL/8470613.png,https://assets.nhle.com/logos/nhl/svg/COL_light.svg,84,brentburns,82.0,1547.85,18.876219512195,65.32,61.05,51.69,46.98,45.08,51.03,31.82,29.0,52.33,3.33,2.56,56.58,3.42,3.2,51.62,29.65,30.35,49.42,12.13,12.17,49.92,1.43,1.24,53.62,23.36,24.24,49.08,1.29,0.83,60.98,54.09,55.32,49.44,1.01,1.01,50.00,10.48,91.18,1.017,6.05,11.24,11.59,49.35,34.29,17.33,18.53,24.23,41.7
195,8475167,Victor Hedman,TBL,D,https://assets.nhle.com/mugs/nhl/20252026/TBL/8475167.png,https://assets.nhle.com/logos/nhl/svg/TBL_light.svg,77,victorhedman,33.0,622.61666666667,18.867171717172,62.25,55.03,53.08,43.65,42.02,50.96,28.24,29.78,48.67,3.18,2.99,51.56,3.62,3.23,52.84,29.78,27.66,51.85,12.53,11.18,52.85,1.64,0.96,62.96,23.0,21.97,51.14,1.16,1.54,42.86,55.82,43.01,56.48,0.84,0.7,54.55,11.26,89.97,1.012,7.32,10.89,6.26,48.95,53.90,21.01,16.29,13.4,61.06
196,8482078,Lucas Raymond,DET,L,https://assets.nhle.com/mugs/nhl/20252026/DET/8482078.png,https://assets.nhle.com/logos/nhl/svg/DET_light.svg?season=20252026,23,lucasraymond,80.0,1503.9166666667,18.798958333333,69.06,48.51,58.74,51.27,35.35,59.19,32.87,23.18,58.65,4.39,2.75,61.45,4.4,2.75,61.55,36.31,23.86,60.34,15.56,9.77,61.42,2.19,1.08,67.07,27.66,18.78,59.56,1.65,1.12,59.62,59.3,40.45,59.45,0.86,0.81,51.72,13.35,88.12,1.015,13.52,13.44,8.26,35.39,62.09,26.05,17.63,17.51,59.8
197,8482720,Matthew Knies,TOR,L,https://assets.nhle.com/mugs/nhl/20252026/TOR/8482720.png,https://assets.nhle.com/logos/nhl/svg/TOR_light.svg,89,mattknies,79.0,1484.5833333333,18.792194092827,56.38,63.33,47.1,42.19,46.92,47.35,28.49,31.77,47.28,3.6,4.0,47.34,3.61,3.89,48.16,31.81,32.17,49.72,13.54,12.85,51.30,1.74,1.78,49.43,24.36,25.76,48.6,1.72,1.94,47.06,49.27,49.62,49.82,0.58,0.64,47.62,12.62,87.4,1.0,12.61,9.86,7.72,39.32,62.03,25.06,14.39,17.5,58.88
198,8479407,Jesper Bratt,NJD,L,https://assets.nhle.com/mugs/nhl/20252026/NJD/8479407.png,https://assets.nhle.com/logos/nhl/svg/NJD_light.svg,63,jesperbratt,82.0,1538.6,18.763414634146,76.32,47.81,61.48,55.3,35.88,60.65,37.63,23.36,61.7,3.94,3.2,55.19,4.77,2.93,61.93,42.19,25.27,62.54,18.13,11.11,62.00,1.87,1.64,53.33,32.08,18.87,62.96,1.82,1.3,58.33,63.65,34.53,64.83,0.9,0.51,64.00,10.47,86.31,0.968,13.14,10.57,5.62,41.61,70.06,28.08,14.78,11.58,70.8
199,8479982,Conor Timmins,BUF,D,https://assets.nhle.com/mugs/nhl/20252026/BUF/8479982.png,https://assets.nhle.com/logos/nhl/svg/BUF_light.svg,21,conortimmins,39.0,731.71666666667,18.761965811966,44.77,75.19,37.32,33.87,54.45,38.35,21.73,36.57,37.27,2.05,3.85,34.72,2.27,4.05,35.89,21.65,35.92,37.61,9.18,14.92,38.10,1.23,2.13,36.59,16.62,27.99,37.25,0.98,1.64,37.50,37.31,73.91,33.55,0.12,0.59,16.67,9.43,89.46,0.989,5.9,12.22,15.58,45.1,27.48,13.69,17.96,29.77,31.51
200,8480426,Charle-Edouard D'Astous,TBL,D,https://assets.nhle.com/mugs/nhl/20252026/TBL/8480426.png,https://assets.nhle.com/logos/nhl/svg/TBL_light.svg,51,charleedouarddastous,70.0,1312.65,18.752142857143,58.32,49.69,54.0,41.6,36.98,52.94,27.06,24.55,52.44,2.93,3.2,47.76,3.17,2.58,55.1,29.71,22.95,56.42,13.16,9.55,57.95,1.78,1.19,60.00,22.06,17.86,55.27,1.1,1.46,42.86,46.48,43.05,51.92,0.46,0.92,33.33,10.81,86.96,0.978,8.18,12.48,6.44,46.81,55.94,18.1,18.47,14.49,55.54
201,8478013,Jake Walman,EDM,D,https://assets.nhle.com/mugs/nhl/20252026/EDM/8478013.png,https://assets.nhle.com/logos/nhl/svg/EDM_light.svg,96,jakewalman,53.0,993.78333333333,18.750628930818,57.78,61.58,48.41,42.26,44.44,48.75,28.56,27.41,51.02,2.84,3.92,41.96,2.81,3.32,45.88,26.32,32.84,44.49,11.65,13.71,45.95,1.03,1.57,39.53,19.56,25.52,43.39,1.53,2.09,42.22,52.85,45.87,53.53,0.96,1.05,47.83,9.94,85.68,0.956,8.33,10.69,7.73,48.9,51.88,20.23,15.94,15.34,56.88
202,8476979,Erik Gustafsson,DET,D,https://assets.nhle.com/mugs/nhl/20252026/DET/8476979.png,https://assets.nhle.com/logos/nhl/svg/DET_light.svg?season=20252026,64,erikgustafsson,2.0,37.483333333333,18.741666666667,54.42,52.82,50.75,41.62,38.42,52.0,24.01,20.81,53.57,0.0,3.2,0.00,2.75,2.93,48.46,27.21,17.61,60.71,11.2,11.2,50.00,0.0,1.6,0.00,21.34,8.54,71.43,0.0,2.13,0.00,55.49,46.24,54.55,0.0,0.0,-,0.00,84.62,0.846,12.81,9.6,9.6,40.02,57.14,33.61,16.01,12.81,72.41
203,8480014,Gabriel Vilardi,WPG,C,https://assets.nhle.com/mugs/nhl/20252026/WPG/8480014.png,https://assets.nhle.com/logos/nhl/svg/WPG_light.svg,13,gabrielvilardi,82.0,1536.65,18.739634146341,62.75,50.72,55.3,47.83,38.73,55.25,30.89,26.71,53.63,4.14,3.28,55.79,3.99,3.09,56.37,34.79,24.05,59.12,15.11,10.82,58.28,2.23,1.64,57.58,26.24,17.65,59.79,1.72,1.46,54.10,56.4,37.96,59.77,0.85,0.62,57.69,13.40,87.72,1.011,14.33,9.1,5.27,35.53,73.11,28.0,13.39,10.74,72.28
204,8481606,Jordan Spence,OTT,D,https://assets.nhle.com/mugs/nhl/20252026/OTT/8481606.png,https://assets.nhle.com/logos/nhl/svg/OTT_light.svg,10,jordanspence,73.0,1366.9833333333,18.725799086758,68.74,42.84,61.61,50.74,31.12,61.98,32.35,20.54,61.16,2.94,2.11,58.26,3.68,2.16,62.96,34.54,19.36,64.09,15.49,8.87,63.60,1.67,1.27,56.72,25.4,13.99,64.49,1.23,0.59,67.74,60.36,34.43,63.68,0.51,0.57,47.06,9.09,89.74,0.988,11.59,12.95,4.78,50.39,70.78,24.32,18.96,10.67,69.51
205,8481533,Trevor Zegras,PHI,C,https://assets.nhle.com/mugs/nhl/20252026/PHI/8481533.png,https://assets.nhle.com/logos/nhl/svg/PHI_light.svg,46,trevorzegras,81.0,1516.2333333333,18.718930041152,63.71,48.87,56.59,47.92,35.89,57.18,30.39,23.15,56.76,3.88,2.73,58.68,4.13,2.61,61.24,36.05,23.98,60.05,16.26,9.06,64.22,1.9,1.19,61.54,26.38,19.89,57.01,1.85,1.27,59.32,49.21,36.92,57.13,0.8,0.69,53.85,12.76,88.21,1.01,12.11,10.09,5.18,41.99,70.02,23.78,14.4,10.53,69.32
206,8481596,Shane Pinto,OTT,C,https://assets.nhle.com/mugs/nhl/20252026/OTT/8481596.png,https://assets.nhle.com/logos/nhl/svg/OTT_light.svg,12,shanepinto,72.0,1347.25,18.711805555556,53.44,56.16,48.76,40.17,39.73,50.28,26.45,25.07,51.34,3.21,3.47,48.00,3.44,3.2,51.78,27.34,26.99,50.33,12.2,10.82,53.00,1.78,1.83,49.38,20.19,21.56,48.36,0.95,1.43,40.00,41.68,50.24,45.35,0.84,0.77,52.00,12.12,86.15,0.983,8.28,14.16,15.94,45.2,34.19,12.96,18.62,26.45,32.88
207,8475692,Mats Zuccarello,MIN,R,https://assets.nhle.com/mugs/nhl/20252026/MIN/8475692.png,https://assets.nhle.com/logos/nhl/svg/MIN_light.svg,36,matszuccarello,59.0,1100.0166666667,18.644350282486,73.58,50.07,59.51,56.18,36.27,60.77,35.78,24.55,59.31,4.25,2.73,60.94,4.79,2.52,65.49,40.36,23.13,63.57,16.69,10.31,61.82,1.96,1.85,51.43,31.56,17.09,64.87,1.67,0.65,71.88,61.14,40.89,59.92,1.5,0.39,79.17,11.89,88.89,1.008,13.25,10.25,4.58,30.98,74.31,30.49,16.85,12.55,70.85
208,8482667,William Eklund,SJS,L,https://assets.nhle.com/mugs/nhl/20252026/SJS/8482667.png,https://assets.nhle.com/logos/nhl/svg/SJS_light.svg,27,willeklund,78.0,1446.1833333333,18.540811965812,65.63,50.16,56.68,46.67,36.92,55.83,31.45,24.64,56.07,3.69,3.94,48.37,3.77,3.1,54.83,34.06,24.4,58.27,15.39,10.99,58.33,2.07,1.91,52.08,24.89,17.87,58.21,1.33,1.38,48.98,55.61,40.27,58.0,0.9,1.02,46.88,11.74,84.01,0.957,11.16,9.58,8.01,36.8,58.23,23.23,13.98,15.93,59.32
209,8483515,Juraj Slafkovský,MTL,L,https://assets.nhle.com/mugs/nhl/20252026/MTL/8483515.png,https://assets.nhle.com/logos/nhl/svg/MTL_light.svg,20,jurajslafkovsky,82.0,1520.0666666667,18.537398373984,67.97,52.89,56.24,51.83,37.14,58.25,32.37,25.18,56.24,4.86,2.64,64.74,4.65,3.13,59.8,34.58,25.26,57.78,14.01,11.41,55.12,1.7,1.34,55.84,27.42,18.47,59.75,2.63,1.0,72.46,60.26,40.65,59.72,1.48,0.68,68.42,15.00,89.5,1.045,14.21,10.38,5.76,34.89,71.15,26.88,15.16,13.3,66.9
210,8478414,Timo Meier,NJD,R,https://assets.nhle.com/mugs/nhl/20252026/NJD/8478414.png,https://assets.nhle.com/logos/nhl/svg/NJD_light.svg,28,timomeier,77.0,1425.75,18.516233766234,73.94,52.18,58.63,53.36,38.09,58.35,35.01,25.54,57.82,2.99,2.99,50.00,4.37,2.94,59.76,36.28,24.87,59.33,16.41,10.94,60.00,1.39,1.6,46.48,26.48,18.57,58.78,1.07,1.12,48.72,62.37,45.23,57.97,0.91,0.55,62.50,8.53,88.3,0.968,10.23,13.42,9.01,36.02,53.17,20.62,17.97,18.43,52.8
211,8479337,Alex DeBrincat,DET,R,https://assets.nhle.com/mugs/nhl/20252026/DET/8479337.png,https://assets.nhle.com/logos/nhl/svg/DET_light.svg?season=20252026,93,alexdebrincat,82.0,1517.0166666667,18.500203252033,74.44,51.02,59.33,56.76,35.44,61.56,38.29,24.32,61.15,4.86,2.81,63.40,4.96,2.73,64.46,39.43,24.52,61.66,16.61,9.41,63.83,2.21,1.34,62.22,30.43,20.14,60.17,2.21,1.11,66.67,64.33,39.76,61.8,1.14,0.51,68.97,12.71,88.46,1.012,13.8,10.32,7.08,38.13,66.10,27.21,15.46,15.11,64.3
212,8477935,Sam Bennett,FLA,C,https://assets.nhle.com/mugs/nhl/20252026/FLA/8477935.png,https://assets.nhle.com/logos/nhl/svg/FLA_light.svg,9,sambennett,76.0,1405.4333333333,18.492543859649,73.9,49.44,59.92,53.32,38.76,57.9,34.24,25.53,57.29,4.1,3.42,54.55,4.62,3.24,58.74,39.23,24.76,61.31,17.93,11.31,61.31,2.05,1.54,57.14,28.4,17.93,61.3,1.71,1.54,52.63,60.49,38.11,61.35,0.92,0.74,55.56,11.97,86.62,0.986,12.76,12.47,7.0,39.96,64.58,25.79,18.66,13.79,65.16
213,8477476,Artturi Lehkonen,COL,L,https://assets.nhle.com/mugs/nhl/20252026/COL/8477476.png,https://assets.nhle.com/logos/nhl/svg/COL_light.svg,62,artturilehkonen,70.0,1293.7,18.481428571429,70.87,54.22,56.66,51.76,40.67,56.0,34.09,27.6,55.26,4.03,2.13,65.41,4.0,2.95,57.56,36.22,25.32,58.85,13.87,11.5,54.66,1.76,1.16,60.32,29.81,18.43,61.79,1.73,0.56,75.68,59.89,46.09,56.51,1.21,0.6,66.67,11.84,92.27,1.041,12.57,12.75,6.4,41.18,66.26,23.98,18.46,14.93,61.62
214,8476441,Joel Edmundson,LAK,D,https://assets.nhle.com/mugs/nhl/20252026/LAK/8476441.png,https://assets.nhle.com/logos/nhl/svg/LAK_light.svg,6,joeledmundson,82.0,1515.2333333333,18.478455284553,54.76,66.05,45.33,39.4,47.2,45.5,24.59,30.49,44.64,2.57,3.33,43.62,2.69,3.51,43.38,23.76,32.47,42.25,10.26,13.9,42.46,1.27,1.43,47.06,18.0,24.76,42.1,0.95,1.58,37.50,49.53,60.11,45.17,0.74,1.03,41.94,10.47,89.09,0.996,9.66,9.82,11.88,44.79,44.85,20.19,16.95,24.87,44.82
215,8474586,Jordan Eberle,SEA,R,https://assets.nhle.com/mugs/nhl/20252026/SEA/8474586.png,https://assets.nhle.com/logos/nhl/svg/SEA_light.svg,7,jordaneberle,80.0,1478.1166666667,18.476458333333,63.24,51.71,55.01,47.41,38.12,55.43,30.85,23.42,56.84,3.73,2.64,58.60,3.82,3.01,55.95,30.32,23.1,56.76,12.75,9.99,56.07,1.7,1.01,62.69,23.44,17.48,57.28,1.24,0.87,58.97,61.1,41.45,59.58,1.35,0.94,58.97,12.11,88.73,1.008,14.57,12.91,6.54,38.03,69.04,25.49,16.48,13.07,66.11
216,8477989,Christian Dvorak,PHI,C,https://assets.nhle.com/mugs/nhl/20252026/PHI/8477989.png,https://assets.nhle.com/logos/nhl/svg/PHI_light.svg,22,christiandvorak,80.0,1476.7666666667,18.459583333333,53.71,61.15,46.76,40.3,45.18,47.15,26.37,28.77,47.83,3.41,3.62,48.55,3.52,3.67,48.97,28.64,31.53,47.6,13.04,12.11,51.86,1.34,1.34,50.00,20.8,25.89,44.55,1.84,1.9,49.28,43.84,50.82,46.31,0.59,1.06,35.71,12.94,87.43,1.004,10.81,10.44,13.29,41.73,44.86,19.5,15.07,23.08,45.8
217,8477479,Tyler Bertuzzi,CHI,L,https://assets.nhle.com/mugs/nhl/20252026/CHI/8477479.png,https://assets.nhle.com/logos/nhl/svg/CHI_light.svg?season=20252026,59,tylerbertuzzi,79.0,1457.35,18.44746835443,62.91,52.86,54.34,46.73,39.98,53.89,30.14,26.88,52.85,3.87,3.21,54.65,3.73,3.1,54.57,33.55,26.43,55.94,13.87,11.9,53.83,2.14,1.61,57.14,26.24,19.38,57.52,1.37,1.15,54.35,51.44,40.26,56.1,0.95,0.77,55.17,12.84,88.06,1.009,13.17,10.29,6.5,35.49,66.95,24.13,15.15,14.7,62.14
218,8483490,Pavel Mintyukov,ANA,D,https://assets.nhle.com/mugs/nhl/20252026/ANA/8483490.png,https://assets.nhle.com/logos/nhl/svg/ANA_light.svg,98,pavelmintyukov,73.0,1345.05,18.425342465753,56.03,65.22,46.21,41.49,47.78,46.48,25.34,30.33,45.51,2.5,3.39,42.42,2.96,3.86,43.38,27.12,33.86,44.48,11.38,15.12,42.93,1.2,1.38,46.55,21.0,24.98,45.67,1.19,1.78,40.00,44.97,55.22,44.89,0.52,0.9,36.36,9.86,88.82,0.987,7.23,11.15,11.24,50.23,39.13,16.59,17.84,21.77,43.26
219,8478873,Troy Terry,ANA,R,https://assets.nhle.com/mugs/nhl/20252026/ANA/8478873.png,https://assets.nhle.com/logos/nhl/svg/ANA_light.svg,19,troyterry,61.0,1119.1833333333,18.347267759563,74.52,50.13,59.78,56.13,37.74,59.79,36.78,24.45,60.07,4.72,3.38,58.28,4.44,3.27,57.57,38.49,26.22,59.49,16.51,12.17,57.57,2.25,1.98,53.16,29.31,18.73,61.01,1.93,1.07,64.29,62.72,40.5,60.77,1.32,0.7,65.38,12.83,86.18,0.99,13.72,12.87,8.36,37.37,62.14,26.27,16.89,15.76,62.5
220,8479324,Ryan Lindgren,SEA,D,https://assets.nhle.com/mugs/nhl/20252026/SEA/8479324.png,https://assets.nhle.com/logos/nhl/svg/SEA_light.svg,55,ryanlindgren,76.0,1393.7333333333,18.338596491228,45.07,70.64,38.95,31.99,50.54,38.76,19.89,31.81,38.47,1.94,3.49,35.71,2.22,3.78,37.01,19.54,33.79,36.64,7.49,14.68,33.79,0.86,1.72,33.33,16.07,25.49,38.67,0.75,1.43,34.21,38.12,67.22,36.19,0.5,0.99,33.33,9.74,89.04,0.988,4.86,9.64,13.86,45.76,25.98,13.73,15.24,28.28,32.68
221,8483493,Frank Nazar,CHI,C,https://assets.nhle.com/mugs/nhl/20252026/CHI/8483493.png,https://assets.nhle.com/logos/nhl/svg/CHI_light.svg?season=20252026,91,franknazar,66.0,1209.1166666667,18.319949494949,55.88,55.33,50.25,41.83,42.08,49.85,26.55,27.94,48.72,2.88,3.13,47.93,3.14,3.49,47.34,29.03,29.03,50.0,11.61,12.95,47.27,1.89,1.49,55.88,23.22,21.44,52.0,0.86,1.32,39.39,49.74,42.29,54.05,0.5,0.72,41.18,10.84,88.81,0.997,12.85,9.92,8.78,37.66,59.40,24.27,14.84,16.87,58.99
222,8482155,Alex Laferriere,LAK,R,https://assets.nhle.com/mugs/nhl/20252026/LAK/8482155.png,https://assets.nhle.com/logos/nhl/svg/LAK_light.svg,14,alexlaferriere,82.0,1501.45,18.310365853659,63.1,56.63,52.7,45.0,42.24,51.58,28.53,27.85,50.6,2.52,2.76,47.73,3.24,3.08,51.26,30.21,27.29,52.54,12.59,11.79,51.64,1.4,1.08,56.45,23.5,20.67,53.2,0.96,1.33,41.86,51.03,50.97,50.03,0.46,0.92,33.33,8.82,90.1,0.989,8.63,12.39,10.99,41.52,43.99,18.02,17.58,21.14,46.02
223,8479314,Matthew Tkachuk,FLA,L,https://assets.nhle.com/mugs/nhl/20252026/FLA/8479314.png,https://assets.nhle.com/logos/nhl/svg/FLA_light.svg,19,matttkachuk,31.0,567.38333333333,18.302688172043,80.69,44.41,64.5,59.64,36.38,62.11,37.12,24.75,60.0,4.34,3.28,56.94,5.62,3.22,63.58,44.52,23.48,65.47,20.62,10.79,65.66,1.9,1.69,52.94,31.87,16.92,65.32,2.11,1.41,60.00,65.68,30.7,68.15,0.92,0.46,66.67,11.68,86.75,0.984,11.53,13.43,6.87,36.59,62.64,27.28,19.77,12.27,68.98
224,8483506,Sam Rinzel,CHI,D,https://assets.nhle.com/mugs/nhl/20252026/CHI/8483506.png,https://assets.nhle.com/logos/nhl/svg/CHI_light.svg?season=20252026,6,samrinzel,54.0,986.71666666667,18.272530864198,54.85,57.77,48.7,41.53,44.15,48.47,26.45,28.82,47.85,2.74,2.74,50.00,2.72,2.98,47.69,26.39,29.55,47.17,10.76,12.77,45.74,1.58,1.22,56.52,20.84,22.38,48.22,0.81,1.54,34.48,49.36,43.74,53.02,0.79,0.53,60.00,10.34,90.51,1.009,10.52,11.19,5.47,42.26,65.78,22.5,16.66,12.59,64.12
225,8474013,Ian Cole,UTA,D,https://assets.nhle.com/mugs/nhl/20252026/UTA/8474013.png,https://assets.nhle.com/logos/nhl/svg/UTA_light.svg?season=20252026,28,iancole,82.0,1498.05,18.268902439024,49.26,65.32,42.99,36.25,45.86,44.15,22.07,28.28,43.83,2.72,3.44,44.16,2.6,3.49,42.71,22.63,32.04,41.39,9.89,12.3,44.58,1.24,1.64,43.06,16.98,26.33,39.21,0.91,1.55,36.96,37.03,59.59,38.32,0.75,0.93,44.83,12.34,87.82,1.002,4.69,9.85,12.66,51.87,27.02,12.3,15.3,26.11,32.01
226,8478010,Brayden Point,TBL,C,https://assets.nhle.com/mugs/nhl/20252026/TBL/8478010.png,https://assets.nhle.com/logos/nhl/svg/TBL_light.svg,21,braydenpoint,63.0,1150.25,18.257936507937,70.37,47.05,59.93,51.75,36.15,58.87,33.33,24.83,57.31,4.96,2.71,64.63,4.27,2.54,62.74,37.77,21.23,64.01,15.34,8.82,63.50,2.19,1.25,63.64,29.91,16.55,64.37,2.57,0.97,72.55,64.65,40.54,61.46,1.21,0.53,69.57,14.87,89.08,1.039,17.79,9.08,5.01,36.25,78.03,31.51,14.24,12.57,71.48
227,8482077,Dylan Holloway,STL,L,https://assets.nhle.com/mugs/nhl/20252026/STL/8482077.png,https://assets.nhle.com/logos/nhl/svg/STL_light.svg?season=20252026,81,dylanholloway,59.0,1076.9833333333,18.25395480226,60.95,52.26,53.84,44.35,38.89,53.28,30.98,26.63,53.77,4.01,2.67,60.00,3.67,2.77,56.95,34.1,25.13,57.57,12.65,10.92,53.66,1.73,1.23,58.49,28.6,18.94,60.16,2.53,1.11,69.39,50.46,40.8,55.29,0.56,0.72,43.75,12.95,89.96,1.029,13.2,10.36,6.85,41.62,65.83,22.62,14.93,13.15,63.24
228,8481656,Aliaksei Protas,WSH,L,https://assets.nhle.com/mugs/nhl/20252026/WSH/8481656.png,https://assets.nhle.com/logos/nhl/svg/WSH_secondary_light.svg,21,aliakseiprotas,76.0,1385.95,18.236184210526,60.35,59.22,50.47,45.33,42.69,51.5,28.53,26.84,51.52,3.59,3.46,50.92,3.59,3.62,49.79,29.83,29.78,50.04,13.25,12.86,50.75,1.52,1.77,46.05,22.11,22.57,49.48,1.5,1.21,55.32,48.46,50.03,49.21,1.0,0.75,57.14,12.59,87.1,0.997,9.35,10.78,10.82,44.29,46.35,17.36,14.89,20.87,45.41
229,8482110,Dawson Mercer,NJD,C,https://assets.nhle.com/mugs/nhl/20252026/NJD/8482110.png,https://assets.nhle.com/logos/nhl/svg/NJD_light.svg,91,dawsonmercer,82.0,1494.6166666667,18.227032520325,63.51,57.0,52.7,46.21,41.11,52.92,30.15,27.18,52.59,2.81,2.97,48.61,3.57,3.21,52.64,31.75,28.58,52.63,13.37,12.0,52.69,1.28,1.41,47.76,24.51,22.11,52.58,1.12,1.07,51.22,52.3,49.75,51.25,0.7,0.81,46.15,9.32,89.07,0.984,9.55,12.48,12.2,37.82,43.91,18.87,17.38,21.96,46.21
230,8482100,Alexander Nikishin,CAR,D,https://assets.nhle.com/mugs/nhl/20252026/CAR/8482100.png,https://assets.nhle.com/logos/nhl/svg/CAR_light.svg,21,alexnikishin,81.0,1472.9333333333,18.184362139918,68.52,48.88,58.36,48.35,36.21,57.18,31.04,24.28,56.11,3.71,2.2,62.76,3.61,2.95,55.02,33.0,25.3,56.6,13.81,11.28,55.03,1.47,0.81,64.29,25.58,18.68,57.79,1.85,1.25,59.65,61.55,37.3,62.26,1.24,0.47,72.41,11.94,90.94,1.029,12.55,12.22,6.11,43.3,67.25,25.42,18.94,13.32,65.62
231,8481540,Cole Caufield,MTL,R,https://assets.nhle.com/mugs/nhl/20252026/MTL/8481540.png,https://assets.nhle.com/logos/nhl/svg/MTL_light.svg,13,colecaufield,81.0,1472.8666666667,18.18353909465,70.84,46.32,60.47,53.98,32.39,62.5,34.18,21.14,61.78,5.21,2.16,70.72,4.58,2.75,62.48,37.23,23.1,61.72,14.22,9.33,60.38,2.08,1.22,62.96,30.69,18.36,62.57,2.93,0.81,78.26,62.08,33.6,64.88,1.29,0.35,78.57,15.26,89.79,1.05,15.15,14.42,5.34,33.16,73.96,28.64,18.54,11.61,71.15
232,8484227,Will Smith,SJS,C,https://assets.nhle.com/mugs/nhl/20252026/SJS/8484227.png,https://assets.nhle.com/logos/nhl/svg/SJS_light.svg,2,willsmith,69.0,1254.6333333333,18.18309178744,64.13,50.02,56.18,47.63,37.54,55.92,32.95,25.01,56.85,4.21,2.68,61.11,3.63,3.0,54.76,35.2,24.87,58.6,12.63,11.81,51.66,1.72,1.29,57.14,30.1,17.41,63.36,2.3,1.15,66.67,58.16,37.44,60.84,1.11,0.62,64.00,12.77,89.29,1.021,14.39,11.48,4.3,34.38,76.98,30.65,16.98,12.1,71.7
233,8475166,John Tavares,TOR,C,https://assets.nhle.com/mugs/nhl/20252026/TOR/8475166.png,https://assets.nhle.com/logos/nhl/svg/TOR_light.svg,91,johntavares,82.0,1490.55,18.17743902439,64.45,54.54,54.16,48.63,40.7,54.44,32.04,27.21,54.08,3.94,3.82,50.78,4.16,3.14,56.99,34.3,27.41,55.58,15.01,11.03,57.65,2.13,1.57,57.61,25.71,21.84,54.06,1.5,1.88,44.44,58.03,41.92,58.06,0.81,0.76,51.85,12.31,85.95,0.983,14.09,10.87,7.69,37.4,64.70,28.02,15.74,15.86,63.85
234,8479576,Vincent Desharnais,SJS,D,https://assets.nhle.com/mugs/nhl/20252026/SJS/8479576.png,https://assets.nhle.com/logos/nhl/svg/SJS_light.svg,73,vincentdesharnais,53.0,963.4,18.177358490566,42.29,66.08,39.02,30.27,47.27,39.04,20.05,32.26,38.33,2.24,2.99,42.86,2.45,3.64,40.24,18.93,31.51,37.53,8.66,13.83,38.50,1.12,1.12,50.00,13.7,23.58,36.75,0.91,1.66,35.48,35.53,65.85,35.05,0.63,0.9,41.18,11.18,90.73,1.019,3.86,12.21,15.13,38.24,20.33,10.65,17.56,29.71,26.39
235,8476456,Jonathan Huberdeau,CGY,L,https://assets.nhle.com/mugs/nhl/20252026/CGY/8476456.png,https://assets.nhle.com/logos/nhl/svg/CGY_light.svg,10,jonathanhuberdeau,50.0,906.56666666667,18.131333333333,66.65,51.42,56.45,47.39,38.85,54.95,32.89,25.68,56.16,2.85,2.65,51.81,3.72,3.0,55.36,31.9,27.0,54.16,14.03,12.05,53.81,1.52,1.46,51.11,23.83,19.94,54.44,0.79,0.97,45.00,68.54,37.28,64.77,0.96,0.29,76.92,8.65,89.69,0.983,17.8,11.45,7.41,40.84,70.60,33.62,17.41,13.1,71.95
236,8479398,Samuel Girard,PIT,D,https://assets.nhle.com/mugs/nhl/20252026/PIT/8479398.png,https://assets.nhle.com/logos/nhl/svg/PIT_light.svg,49,samuelgirard,60.0,1086.0166666667,18.100277777778,60.61,56.3,51.84,42.82,40.61,51.32,27.9,25.36,52.39,3.2,2.6,55.24,2.91,2.73,51.57,29.5,26.57,52.61,11.99,11.6,50.82,1.6,1.27,55.77,23.35,19.96,53.91,1.1,1.1,50.00,48.28,47.88,50.21,1.12,0.64,63.64,11.49,89.76,1.012,5.8,9.06,7.96,47.51,42.17,16.02,16.19,16.85,48.74
237,8475745,Charlie Coyle,CBJ,C,https://assets.nhle.com/mugs/nhl/20252026/CBJ/8475745.png,https://assets.nhle.com/logos/nhl/svg/CBJ_light.svg,3,charliecoyle,82.0,1484.15,18.099390243902,59.39,62.42,48.76,43.98,46.49,48.61,30.0,30.0,50.0,3.4,3.76,47.46,3.51,3.81,47.91,29.27,30.12,49.29,12.65,12.86,49.60,1.46,1.5,49.32,22.15,23.02,49.05,1.72,1.35,56.14,51.15,60.44,45.84,0.88,1.28,40.54,11.32,87.47,0.988,10.63,12.09,17.06,34.73,38.39,19.45,16.7,30.89,38.63
238,8478840,Will Borgen,NYR,D,https://assets.nhle.com/mugs/nhl/20252026/NYR/8478840.png,https://assets.nhle.com/logos/nhl/svg/NYR_light.svg,17,willborgen,75.0,1353.1333333333,18.041777777778,45.94,67.0,40.68,32.19,48.07,40.11,20.31,30.77,39.76,2.31,3.19,41.94,2.18,3.5,38.34,21.59,31.88,40.38,9.18,13.08,41.24,1.02,1.68,37.70,16.55,25.07,39.77,0.95,1.36,41.03,37.79,57.0,39.86,0.7,0.64,52.38,11.35,89.63,1.01,4.7,9.58,12.64,54.89,27.11,13.35,15.61,21.9,37.86
239,8478440,Dylan Strome,WSH,C,https://assets.nhle.com/mugs/nhl/20252026/WSH/8478440.png,https://assets.nhle.com/logos/nhl/svg/WSH_secondary_light.svg,17,dylanstrome,80.0,1443.0166666667,18.037708333333,70.89,54.59,56.49,53.26,40.12,57.03,33.85,25.82,56.72,4.53,3.04,59.89,4.57,3.17,59.07,37.55,26.99,58.18,16.8,11.93,58.47,2.12,1.46,59.30,27.66,20.07,57.96,1.88,1.05,64.15,66.85,36.7,64.56,1.14,0.6,65.52,13.39,88.24,1.016,18.13,10.39,4.74,35.88,79.27,32.14,14.64,10.31,75.71
240,8475179,Dmitry Kulikov,FLA,D,https://assets.nhle.com/mugs/nhl/20252026/FLA/8475179.png,https://assets.nhle.com/logos/nhl/svg/FLA_light.svg,7,dmitrykulikov,19.0,342.61666666667,18.032456140351,51.49,55.16,48.28,39.4,45.18,46.58,22.42,32.22,41.03,1.75,3.33,34.48,2.38,3.29,42.0,21.89,25.22,46.47,10.16,12.43,44.96,1.23,1.23,50.00,15.64,17.05,47.86,0.47,1.63,22.22,47.05,49.33,48.82,0.25,1.26,16.67,7.81,89.67,0.975,8.23,13.13,10.68,44.66,43.52,16.64,20.14,18.91,46.8
241,8484152,Luca Cagnoni,SJS,D,https://assets.nhle.com/mugs/nhl/20252026/SJS/8484152.png,https://assets.nhle.com/logos/nhl/svg/SJS_light.svg,42,lucacagnoni,3.0,54.083333333333,18.027777777778,42.16,44.38,48.72,28.84,31.06,48.15,19.97,17.75,52.94,3.33,2.22,60.00,2.65,1.57,62.87,19.97,17.75,52.94,5.55,5.55,50.00,1.11,0.0,100.00,19.23,16.27,54.17,2.96,1.48,66.67,48.07,43.27,52.63,0.0,1.6,0.00,16.67,87.5,1.042,13.31,7.77,2.22,39.94,85.71,28.84,9.98,15.53,65.0
242,8483429,Seamus Casey,NJD,D,https://assets.nhle.com/mugs/nhl/20252026/NJD/8483429.png,https://assets.nhle.com/logos/nhl/svg/NJD_light.svg,24,seamuscasey,2.0,36.016666666667,18.008333333333,56.64,49.98,53.13,33.32,43.31,43.48,19.99,33.32,37.5,0.0,5.0,0.00,1.29,2.09,38.17,21.66,24.99,46.43,0.0,10.0,0.00,0.0,1.67,0.00,28.88,19.99,59.09,0.0,4.44,0.00,57.75,38.5,60.0,0.0,0.0,-,0.00,85.0,0.85,16.66,11.66,6.66,44.98,71.43,36.65,13.33,11.66,75.86
243,8475455,Brenden Dillon,NJD,D,https://assets.nhle.com/mugs/nhl/20252026/NJD/8475455.png,https://assets.nhle.com/logos/nhl/svg/NJD_light.svg,5,brendendillon,82.0,1475.8,17.99756097561,50.9,63.79,44.38,37.08,46.35,44.44,24.68,30.17,45.0,2.15,3.74,36.55,2.57,3.57,41.86,22.97,32.52,41.39,9.59,13.99,40.69,0.89,1.79,33.33,17.83,24.72,41.91,1.14,1.63,41.18,42.63,55.14,43.6,0.29,1.06,21.74,8.73,87.6,0.963,6.3,9.39,13.46,42.73,31.89,14.84,14.47,23.62,38.58
244,8475690,Chris Tanev,TOR,D,https://assets.nhle.com/mugs/nhl/20252026/TOR/8475690.png,https://assets.nhle.com/logos/nhl/svg/TOR_light.svg,8,christanev,11.0,197.7,17.972727272727,42.79,62.52,40.63,32.47,46.74,41.0,23.07,27.31,45.78,3.95,2.12,65.00,2.95,3.92,42.93,20.03,34.29,36.87,8.8,13.66,39.19,2.12,0.91,70.00,14.97,27.52,35.24,0.81,1.62,33.33,35.51,57.43,38.21,0.88,0.0,100.00,17.11,92.22,1.093,5.16,13.96,17.3,55.24,22.97,11.84,20.94,26.71,30.71
245,8483510,Elias Salomonsson,WPG,D,https://assets.nhle.com/mugs/nhl/20252026/WPG/8483510.png,https://assets.nhle.com/logos/nhl/svg/WPG_light.svg,57,eliassalomonsson,32.0,574.8,17.9625,57.62,55.95,50.74,41.02,42.17,49.31,25.57,28.18,47.57,1.77,2.61,40.48,3.18,3.14,50.33,29.02,25.16,53.56,12.0,11.69,50.66,0.84,0.94,47.06,22.69,17.95,55.82,0.84,1.67,33.33,45.38,51.26,46.96,0.45,0.6,42.86,6.94,90.74,0.977,6.05,11.38,9.5,51.77,38.93,17.85,16.08,18.06,49.71
246,8474150,Mikael Backlund,CGY,C,https://assets.nhle.com/mugs/nhl/20252026/CGY/8474150.png,https://assets.nhle.com/logos/nhl/svg/CGY_light.svg,11,mikaelbacklund,82.0,1471.7833333333,17.948577235772,56.42,64.53,46.65,41.3,48.06,46.21,27.88,31.64,46.85,2.61,3.14,45.39,3.04,3.85,44.11,24.62,34.08,41.94,11.46,14.11,44.82,1.22,1.55,44.12,17.56,26.63,39.73,0.98,1.36,41.86,44.46,62.12,41.71,0.71,0.59,54.55,9.36,90.08,0.994,5.42,13.09,19.69,42.07,21.59,12.19,18.14,34.24,26.25
247,8477402,Pavel Buchnevich,STL,L,https://assets.nhle.com/mugs/nhl/20252026/STL/8477402.png,https://assets.nhle.com/logos/nhl/svg/STL_light.svg?season=20252026,89,pavelbuchnevich,81.0,1452.9833333333,17.938065843621,54.47,55.46,49.55,39.73,42.57,48.27,26.18,28.49,47.89,3.22,3.63,46.99,3.13,3.42,47.79,27.96,27.67,50.26,11.36,11.11,50.55,1.28,1.78,41.89,22.13,22.08,50.06,1.6,1.1,59.18,47.12,48.14,49.47,0.84,1.19,41.18,12.30,87.25,0.995,12.84,10.49,11.98,40.43,51.75,21.76,14.54,19.37,52.91
248,8477496,Elias Lindholm,BOS,C,https://assets.nhle.com/mugs/nhl/20252026/BOS/8477496.png,https://assets.nhle.com/logos/nhl/svg/BOS_light.svg?season=20252026,28,eliaslindholm,69.0,1233.8833333333,17.882367149758,62.44,59.62,51.16,45.37,44.01,50.76,28.25,27.91,50.3,4.08,3.21,56.00,3.99,3.58,52.67,29.22,29.08,50.13,12.98,12.3,51.35,1.51,1.26,54.39,21.66,22.37,49.19,1.88,1.3,59.18,63.29,50.43,55.65,1.55,1.26,55.00,14.46,88.5,1.03,15.22,9.87,11.14,34.96,57.75,28.54,15.71,21.35,57.21
249,8475181,Nick Leddy,SJS,D,https://assets.nhle.com/mugs/nhl/20252026/SJS/8475181.png,https://assets.nhle.com/logos/nhl/svg/SJS_light.svg,4,nickleddy,32.0,571.85,17.8703125,46.27,62.11,42.69,32.74,46.38,41.38,21.93,30.32,41.97,2.2,4.41,33.33,1.99,3.31,37.49,23.29,32.0,42.13,9.55,13.95,40.63,1.15,2.2,34.38,18.33,24.06,43.23,1.12,1.82,38.10,40.31,48.65,45.32,0.3,1.21,20.00,10.05,85.47,0.955,8.5,10.28,7.76,42.07,52.26,18.89,17.31,17.84,51.43
250,8480192,Johnathan Kovacevic,NJD,D,https://assets.nhle.com/mugs/nhl/20252026/NJD/8480192.png,https://assets.nhle.com/logos/nhl/svg/NJD_light.svg,8,johnathankovacevic,34.0,607.46666666667,17.866666666667,53.34,58.97,47.49,40.69,43.66,48.24,26.37,28.15,48.37,2.57,3.16,44.83,2.81,3.34,45.76,24.1,30.82,43.88,10.07,12.54,44.54,0.79,1.48,34.78,18.7,24.36,43.43,1.32,1.71,43.48,45.8,50.93,47.35,1.0,0.57,63.64,9.74,88.77,0.985,5.63,10.07,12.54,40.79,30.98,12.74,17.28,22.62,36.03
251,8474564,Steven Stamkos,NSH,C,https://assets.nhle.com/mugs/nhl/20252026/NSH/8474564.png,https://assets.nhle.com/logos/nhl/svg/NSH_light.svg,91,stevenstamkos,82.0,1461.85,17.82743902439,68.79,50.61,57.61,50.89,39.4,56.36,32.79,26.47,55.33,4.19,3.2,56.67,4.46,3.03,59.54,35.09,23.6,59.79,15.56,10.22,60.35,2.01,1.6,55.68,26.05,17.84,59.35,1.59,1.2,56.86,65.04,41.91,60.81,1.24,0.77,61.76,12.77,87.91,1.007,13.63,11.66,6.85,37.88,66.53,28.07,16.87,16.38,63.16
252,8482624,Daniil Miromanov,CGY,D,https://assets.nhle.com/mugs/nhl/20252026/CGY/8482624.png,https://assets.nhle.com/logos/nhl/svg/CGY_light.svg,62,daniilmiromanov,1.0,17.816666666667,17.816666666667,30.31,84.19,26.47,20.21,63.99,24.0,13.47,33.68,28.57,6.74,6.74,50.00,0.71,2.94,19.45,10.1,37.04,21.43,3.37,13.47,20.00,3.37,3.37,50.00,8.98,31.43,22.22,0.0,4.49,0.00,24.32,97.29,20.0,4.86,0.0,100.00,50.00,80.0,1.3,3.37,10.1,23.57,63.99,12.50,6.74,16.84,40.41,14.29
253,8482858,Ryker Evans,SEA,D,https://assets.nhle.com/mugs/nhl/20252026/SEA/8482858.png,https://assets.nhle.com/logos/nhl/svg/SEA_light.svg,41,rykerevans,67.0,1192.9333333333,17.804975124378,47.18,60.61,43.77,35.66,44.76,44.34,23.69,29.62,44.43,2.92,2.77,51.33,2.43,3.11,43.89,21.12,28.12,42.9,9.3,11.87,43.94,1.56,1.41,52.54,15.76,21.66,42.11,1.01,1.07,48.39,39.3,48.82,44.6,0.8,0.73,52.38,12.31,90.66,1.03,5.23,9.71,5.88,47.23,47.06,13.33,15.99,14.44,48.01
254,8480035,Henri Jokiharju,BOS,D,https://assets.nhle.com/mugs/nhl/20252026/BOS/8480035.png,https://assets.nhle.com/logos/nhl/svg/BOS_light.svg?season=20252026,20,henrijokiharju,41.0,729.98333333333,17.804471544715,56.96,58.77,49.22,41.75,42.99,49.27,27.37,28.77,48.76,3.12,3.12,50.00,2.78,3.33,45.5,26.38,30.08,46.72,11.26,12.58,47.24,1.56,1.07,59.38,20.16,23.34,46.35,1.32,2.08,38.71,46.06,47.85,49.05,0.83,0.71,53.85,11.41,89.14,1.006,5.1,11.51,8.96,52.6,36.26,14.88,18.82,19.64,43.1
255,8476312,Josh Manson,COL,D,https://assets.nhle.com/mugs/nhl/20252026/COL/8476312.png,https://assets.nhle.com/logos/nhl/svg/COL_light.svg,42,joshmanson,79.0,1404.9666666667,17.784388185654,63.97,58.46,52.25,46.46,42.32,52.33,31.73,26.95,54.08,3.67,2.73,57.33,3.37,3.03,52.69,29.68,28.7,50.84,11.74,11.83,49.82,1.71,1.41,54.79,23.92,22.49,51.53,1.2,1.02,53.85,51.08,55.33,48.0,1.11,0.8,58.06,11.57,89.86,1.014,5.3,11.91,12.51,49.28,29.74,15.25,18.83,25.11,37.78
256,8475790,Erik Gudbranson,CBJ,D,https://assets.nhle.com/mugs/nhl/20252026/CBJ/8475790.png,https://assets.nhle.com/logos/nhl/svg/CBJ_light.svg,44,erikgudbranson,37.0,657.53333333333,17.771171171171,41.25,76.29,35.09,30.02,56.12,34.85,20.71,34.95,37.21,2.56,3.47,42.42,2.08,4.56,31.29,17.89,38.14,31.92,6.66,18.52,26.45,1.0,1.73,36.67,14.97,26.16,36.39,0.97,1.34,42.11,32.95,68.41,32.51,0.79,1.05,42.86,12.33,90.08,1.024,3.65,10.68,12.59,42.89,22.47,10.49,16.61,27.1,27.91
257,8476882,Teuvo Teravainen,CHI,C,https://assets.nhle.com/mugs/nhl/20252026/CHI/8476882.png,https://assets.nhle.com/logos/nhl/svg/CHI_light.svg?season=20252026,86,teuvoteravainen,75.0,1331.3833333333,17.751777777778,53.76,54.94,49.46,40.33,42.23,48.85,25.87,27.99,48.03,2.57,3.24,44.19,3.17,3.74,45.84,26.14,28.75,47.62,11.18,13.29,45.67,1.4,1.8,43.66,19.95,20.61,49.19,0.84,1.2,41.18,48.11,44.85,51.75,0.65,0.59,52.63,9.93,88.41,0.983,11.67,10.41,10.28,40.83,53.18,21.54,16.27,18.84,53.35
258,8475208,Brian Dumoulin,LAK,D,https://assets.nhle.com/mugs/nhl/20252026/LAK/8475208.png,https://assets.nhle.com/logos/nhl/svg/LAK_light.svg,2,briandumoulin,82.0,1455.6,17.751219512195,54.99,56.18,49.46,38.54,39.69,49.26,24.24,25.85,48.4,1.81,2.18,45.36,2.39,2.75,46.51,25.19,25.89,49.31,11.01,11.46,48.99,0.99,0.99,50.00,18.91,19.24,49.57,0.77,0.82,48.28,43.35,48.41,47.24,0.36,0.77,31.58,7.48,91.55,0.99,4.91,10.31,10.1,46.95,32.69,13.97,17.35,19.46,41.8
259,8473419,Brad Marchand,FLA,L,https://assets.nhle.com/mugs/nhl/20252026/FLA/8473419.png,https://assets.nhle.com/logos/nhl/svg/FLA_light.svg,63,bradmarchand,52.0,922.21666666667,17.734935897436,74.82,52.57,58.73,54.52,41.51,56.78,35.39,27.91,55.91,4.81,4.16,53.62,4.81,3.94,54.96,39.49,25.76,60.52,18.8,12.43,60.21,2.8,1.82,60.56,27.59,17.78,60.8,1.56,1.82,46.15,62.78,41.63,60.13,0.85,1.03,45.00,13.60,85.08,0.987,14.18,12.69,7.35,39.49,65.86,27.26,18.48,14.38,65.47
260,8477501,Valeri Nichushkin,COL,R,https://assets.nhle.com/mugs/nhl/20252026/COL/8477501.png,https://assets.nhle.com/logos/nhl/svg/COL_light.svg,43,valerinichushkin,72.0,1276.2,17.725,70.19,53.5,56.75,51.15,40.1,56.05,34.65,26.75,56.43,3.62,2.82,56.20,4.16,2.99,58.14,33.57,25.06,57.26,14.15,10.67,57.01,1.5,1.18,56.14,25.89,19.18,57.44,1.44,1.0,58.97,59.9,49.3,54.85,1.36,1.02,57.14,10.45,89.46,0.999,10.48,11.71,11.24,44.29,48.27,20.31,17.11,21.16,48.98
261,8474141,Patrick Kane,DET,R,https://assets.nhle.com/mugs/nhl/20252026/DET/8474141.png,https://assets.nhle.com/logos/nhl/svg/DET_light.svg?season=20252026,88,patkane,67.0,1185.5833333333,17.695273631841,74.14,51.72,58.91,57.19,36.18,61.25,38.72,24.8,60.96,4.35,2.78,60.99,4.79,2.77,63.37,38.11,24.44,60.92,16.14,9.21,63.67,1.82,1.32,58.06,29.29,20.31,59.05,2.23,1.01,68.75,66.3,40.72,61.95,1.02,0.58,63.64,11.24,88.78,1.0,14.88,10.93,6.48,38.36,69.67,27.99,15.89,14.02,66.63
262,8485391,Anton Frondell,CHI,C,https://assets.nhle.com/mugs/nhl/20252026/CHI/8485391.png,https://assets.nhle.com/logos/nhl/svg/CHI_light.svg?season=20252026,16,antonfrondell,12.0,212.31666666667,17.693055555556,67.82,62.45,52.06,51.15,47.19,52.01,33.35,32.5,50.64,3.96,3.39,53.85,4.11,4.0,50.7,35.04,36.17,49.21,14.13,15.83,47.17,2.26,1.98,53.33,27.88,27.13,50.68,1.51,1.13,57.14,55.51,44.9,55.28,0.82,0.82,50.00,11.86,89.57,1.014,12.72,11.59,5.37,37.3,70.31,28.54,15.26,16.39,63.52
263,8476372,Nick Seeler,PHI,D,https://assets.nhle.com/mugs/nhl/20252026/PHI/8476372.png,https://assets.nhle.com/logos/nhl/svg/PHI_light.svg,24,nickseeler,80.0,1414.8833333333,17.686041666667,49.7,61.45,44.72,36.38,42.83,45.93,23.24,26.0,47.2,2.04,2.71,42.86,2.6,3.08,45.74,22.98,29.35,43.92,10.77,11.15,49.13,0.76,1.31,36.73,16.28,24.26,40.17,0.96,1.07,47.22,39.81,50.72,43.98,0.55,0.86,39.13,8.76,89.56,0.983,5.0,9.41,8.74,60.05,36.42,13.91,15.22,16.88,45.18
264,8484258,Sam Malinski,COL,D,https://assets.nhle.com/mugs/nhl/20252026/COL/8484258.png,https://assets.nhle.com/logos/nhl/svg/COL_light.svg,70,sammalinski,82.0,1444.5333333333,17.616260162602,70.53,52.29,57.42,50.3,37.84,57.07,33.23,23.76,58.31,3.16,1.45,68.47,3.16,2.43,56.56,32.98,22.8,59.12,12.96,10.22,55.91,1.45,0.79,64.81,26.69,16.78,61.4,1.44,0.44,76.47,58.14,46.32,55.66,0.9,0.48,65.22,9.50,93.88,1.034,7.43,10.67,7.89,48.31,48.51,17.2,17.11,16.61,50.86
265,8478416,Erik Cernak,TBL,D,https://assets.nhle.com/mugs/nhl/20252026/TBL/8478416.png,https://assets.nhle.com/logos/nhl/svg/TBL_light.svg,81,erikcernak,61.0,1074.55,17.615573770492,45.67,63.26,41.93,32.44,45.84,41.44,20.66,30.54,40.35,2.57,3.35,43.40,2.87,3.42,45.61,22.56,30.54,42.48,9.6,12.51,43.43,1.45,1.62,47.27,17.27,24.05,41.8,1.27,1.19,51.52,35.17,65.57,34.91,0.24,1.21,16.67,12.43,89.03,1.015,5.36,14.85,15.91,45.9,25.20,12.79,20.32,28.7,30.82
266,8477409,Carter Verhaeghe,FLA,C,https://assets.nhle.com/mugs/nhl/20252026/FLA/8477409.png,https://assets.nhle.com/logos/nhl/svg/FLA_light.svg,23,carterverhaeghe,77.0,1356.1833333333,17.612770562771,77.16,49.15,61.09,55.21,38.84,58.7,35.92,25.44,58.54,3.89,3.41,53.33,4.49,3.29,57.7,39.6,23.93,62.33,15.93,11.28,58.54,2.12,1.55,57.83,31.56,16.87,65.16,1.65,1.36,54.90,63.84,38.22,62.55,0.64,0.89,41.67,10.84,86.61,0.974,13.54,11.64,6.68,39.64,66.96,26.24,16.68,13.49,66.04
267,8480802,Ryan McLeod,BUF,C,https://assets.nhle.com/mugs/nhl/20252026/BUF/8480802.png,https://assets.nhle.com/logos/nhl/svg/BUF_light.svg,71,ryanmcleod,81.0,1426.5,17.611111111111,54.72,62.54,46.66,42.48,47.74,47.09,27.97,32.68,46.12,4.08,3.62,53.01,3.46,4.06,46.04,27.84,31.13,47.22,11.95,14.34,45.44,1.85,1.51,55.00,21.2,22.38,48.65,1.68,1.74,49.18,45.08,58.99,43.32,1.22,0.97,55.56,14.59,88.93,1.035,9.72,11.4,16.36,44.88,37.26,16.91,15.86,25.99,39.41
268,8481604,Pavel Dorofeyev,VGK,R,https://assets.nhle.com/mugs/nhl/20252026/VGK/8481604.png,https://assets.nhle.com/logos/nhl/svg/VGK_light.svg,16,paveldorofeyev,82.0,1443.5666666667,17.604471544715,74.57,42.19,63.87,53.33,30.88,63.33,35.0,19.45,64.27,4.2,2.37,63.92,4.65,2.36,66.34,40.9,19.49,67.72,18.7,7.44,71.54,2.0,1.12,64.00,29.59,16.07,64.81,1.72,0.89,65.96,66.34,32.48,67.13,1.26,0.54,70.00,12.00,87.82,0.998,15.09,8.48,5.2,37.12,74.39,31.84,12.88,10.68,74.88
269,8482109,Alexis Lafrenière,NYR,L,https://assets.nhle.com/mugs/nhl/20252026/NYR/8482109.png,https://assets.nhle.com/logos/nhl/svg/NYR_light.svg,13,alexislafreniere,82.0,1443.0666666667,17.59837398374,67.61,48.23,58.36,49.31,36.17,57.68,30.52,23.74,56.25,3.99,2.91,57.83,3.84,3.09,55.43,34.68,22.58,60.57,15.72,8.9,63.85,1.62,1.16,58.21,25.28,18.24,58.09,1.61,1.33,54.72,60.84,38.02,61.54,1.44,0.72,66.67,13.08,87.74,1.008,12.93,12.35,5.86,42.99,68.81,24.95,17.25,13.76,64.45
270,8471215,Evgeni Malkin,PIT,C,https://assets.nhle.com/mugs/nhl/20252026/PIT/8471215.png,https://assets.nhle.com/logos/nhl/svg/PIT_light.svg,71,evgenimalkin,56.0,985.25,17.59375,67.35,50.85,56.98,52.13,38.24,57.68,35.81,23.99,59.88,5.36,2.62,67.18,4.74,3.07,60.66,39.28,26.49,59.72,18.09,11.88,60.37,2.68,1.22,68.75,28.26,19.49,59.18,2.19,1.46,60.00,55.24,36.33,60.33,1.14,0.35,76.47,14.97,89.09,1.041,12.97,8.71,2.62,42.2,83.20,28.38,14.74,8.34,77.28
271,8476879,Cody Ceci,LAK,D,https://assets.nhle.com/mugs/nhl/20252026/LAK/8476879.png,https://assets.nhle.com/logos/nhl/svg/LAK_light.svg,5,codyceci,82.0,1440.3833333333,17.565650406504,54.57,61.98,46.82,37.2,44.65,45.45,22.99,29.95,43.43,1.83,3.17,36.67,2.67,3.27,44.92,26.37,30.53,46.34,11.62,12.87,47.45,1.0,1.46,40.68,19.66,23.55,45.5,0.72,1.22,37.14,39.05,55.54,41.28,0.3,1.14,20.83,7.97,89.43,0.974,3.83,10.0,12.21,46.99,23.90,11.29,16.79,24.08,31.92
272,8477015,Connor Brown,NJD,R,https://assets.nhle.com/mugs/nhl/20252026/NJD/8477015.png,https://assets.nhle.com/logos/nhl/svg/NJD_light.svg,16,connorbrown,75.0,1316.3166666667,17.550888888889,56.84,56.57,50.12,42.39,41.84,50.32,27.9,27.12,50.7,3.19,3.24,49.65,3.34,3.43,49.35,29.17,29.26,49.92,11.85,12.72,48.24,1.41,1.55,47.69,23.09,22.06,51.14,1.64,1.52,51.92,45.76,46.35,49.68,0.79,0.59,57.14,11.44,88.07,0.995,9.21,9.62,9.39,41.16,49.51,17.78,14.72,17.91,49.81
273,8476473,Connor Murphy,EDM,D,https://assets.nhle.com/mugs/nhl/20252026/EDM/8476473.png,https://assets.nhle.com/logos/nhl/svg/EDM_light.svg,5,connormurphy,80.0,1402.3,17.52875,40.01,62.3,39.1,30.12,44.88,40.16,19.6,28.45,40.78,2.01,3.04,39.83,2.09,3.44,37.85,19.04,31.19,37.9,8.04,13.35,37.60,0.9,1.45,38.18,14.66,23.79,38.13,0.97,1.31,42.50,30.59,59.89,33.81,0.49,0.87,36.36,10.26,89.32,0.996,4.02,10.95,14.16,47.19,22.12,9.93,17.11,26.36,27.36
274,8478136,Jake Middleton,MIN,D,https://assets.nhle.com/mugs/nhl/20252026/MIN/8478136.png,https://assets.nhle.com/logos/nhl/svg/MIN_light.svg,55,jakemiddleton,75.0,1312.9333333333,17.505777777778,48.72,69.78,41.11,36.74,50.63,42.05,23.08,32.45,41.56,2.28,3.11,42.37,2.73,3.35,44.87,23.4,33.45,41.16,10.33,12.25,45.75,0.96,1.74,35.59,17.43,28.27,38.13,0.73,1.4,34.29,36.97,63.44,36.82,0.73,0.46,61.11,9.90,90.42,1.003,4.43,9.28,11.06,47.21,28.61,13.89,16.82,24.22,36.45
275,8482079,Marco Rossi,VAN,C,https://assets.nhle.com/mugs/nhl/20252026/VAN/8482079.png,https://assets.nhle.com/logos/nhl/svg/VAN_light.svg,23,marcorossi,50.0,873.75,17.475,58.16,55.97,50.96,42.09,42.78,49.6,28.57,28.36,50.18,3.98,4.53,46.77,3.18,3.58,47.02,27.88,27.95,49.94,12.22,11.95,50.57,1.99,1.79,52.73,20.88,21.33,49.46,1.46,1.83,44.44,53.36,43.25,55.24,1.19,1.29,48.00,13.94,84.02,0.98,13.46,9.13,5.7,39.55,70.25,24.45,13.25,14.7,62.46
276,8484873,Cole Hutson,WSH,D,https://assets.nhle.com/mugs/nhl/20252026/WSH/8484873.png,https://assets.nhle.com/logos/nhl/svg/WSH_secondary_light.svg,44,colehutson,14.0,244.4,17.457142857143,61.62,53.03,53.75,45.42,37.81,54.57,26.76,24.3,52.4,3.44,2.7,56.00,3.47,2.74,55.86,30.93,24.3,56.0,12.03,11.05,52.13,1.23,1.47,45.45,25.2,17.68,58.78,2.29,1.31,63.64,52.48,43.97,54.41,0.71,0.35,66.67,12.84,88.89,1.017,9.82,10.8,5.4,43.94,64.52,23.08,16.2,12.77,64.38
277,8471214,Alex Ovechkin,WSH,L,https://assets.nhle.com/mugs/nhl/20252026/WSH/8471214.png,https://assets.nhle.com/logos/nhl/svg/WSH_secondary_light.svg,8,alexovechkin,82.0,1430.7666666667,17.44837398374,74.23,49.48,60.0,55.1,37.45,59.54,34.93,25.08,58.21,4.36,2.85,60.47,4.9,3.02,61.88,38.41,24.15,61.39,17.7,10.78,62.15,2.22,1.34,62.35,27.62,17.84,60.76,1.62,0.95,63.04,73.35,31.8,69.76,1.03,0.55,65.38,12.48,88.63,1.011,19.21,9.02,0.25,39.25,98.71,35.65,12.92,3.86,90.23
278,8484762,Beckett Sennecke,ANA,R,https://assets.nhle.com/mugs/nhl/20252026/ANA/8484762.png,https://assets.nhle.com/logos/nhl/svg/ANA_light.svg,45,beckettsennecke,82.0,1430.5,17.44512195122,70.38,54.69,56.27,53.31,41.31,56.34,33.72,26.42,56.07,3.65,3.27,52.73,4.1,3.41,54.59,35.53,27.56,56.32,16.27,11.62,58.35,1.72,1.3,56.94,25.67,21.25,54.71,1.51,1.4,51.92,59.86,41.74,58.91,1.15,0.85,57.58,10.82,87.62,0.984,12.04,12.96,6.46,41.52,65.08,24.12,18.16,13.46,64.17
279,8481624,Ilya Mikheyev,CHI,R,https://assets.nhle.com/mugs/nhl/20252026/CHI/8481624.png,https://assets.nhle.com/logos/nhl/svg/CHI_light.svg?season=20252026,95,ilyamikheyev,77.0,1342.3333333333,17.4329004329,42.87,63.92,40.14,32.59,49.03,39.92,20.96,32.27,39.38,2.23,3.13,41.67,2.22,3.82,36.69,19.13,34.06,35.97,8.72,15.96,35.33,1.3,1.83,41.43,13.89,24.14,36.52,0.72,1.07,40.00,33.19,59.98,35.62,0.52,0.65,44.44,10.66,90.3,1.01,5.32,12.2,15.11,41.66,26.04,9.3,17.48,29.19,24.16
280,8479987,Morgan Geekie,BOS,C,https://assets.nhle.com/mugs/nhl/20252026/BOS/8479987.png,https://assets.nhle.com/logos/nhl/svg/BOS_light.svg?season=20252026,39,morgangeekie,81.0,1409.8666666667,17.405761316872,67.5,54.35,55.4,49.03,40.05,55.04,30.81,25.96,54.27,4.34,2.77,61.08,4.15,3.18,56.58,32.56,26.64,55.0,13.96,11.28,55.31,1.79,1.15,60.87,24.8,20.48,54.76,1.99,1.42,58.33,64.05,41.49,60.69,1.48,0.68,68.57,14.09,89.34,1.034,14.72,10.34,6.0,34.17,71.05,28.05,15.28,14.55,65.83
281,8481525,Matthew Robertson,NYR,D,https://assets.nhle.com/mugs/nhl/20252026/NYR/8481525.png,https://assets.nhle.com/logos/nhl/svg/NYR_light.svg,29,mattrobertson,72.0,1253.1166666667,17.404398148148,51.42,61.96,45.35,36.44,44.0,45.3,22.55,29.06,43.69,2.25,2.97,43.12,2.37,3.08,43.51,25.14,29.54,45.97,10.05,11.59,46.46,1.05,1.53,40.74,20.11,23.94,45.65,0.96,1.15,45.45,41.77,50.21,45.41,0.62,0.83,42.86,9.98,89.79,0.998,4.07,9.29,9.43,55.69,30.14,13.17,15.42,17.86,42.44
282,8482699,Dylan Guenther,UTA,R,https://assets.nhle.com/mugs/nhl/20252026/UTA/8482699.png,https://assets.nhle.com/logos/nhl/svg/UTA_light.svg?season=20252026,11,dylanguenther,79.0,1374.3166666667,17.39641350211,72.69,50.91,58.81,54.44,37.28,59.35,34.32,23.97,58.88,4.54,2.71,62.65,4.03,3.21,55.67,33.57,23.88,58.43,14.97,10.43,58.93,2.23,1.14,66.23,24.8,17.93,58.04,1.75,1.22,58.82,67.03,41.18,61.95,1.39,0.63,68.75,13.23,88.71,1.019,14.01,11.39,7.68,40.73,64.59,27.5,15.89,14.71,65.15
283,8478975,Mason Marchment,CBJ,L,https://assets.nhle.com/mugs/nhl/20252026/CBJ/8478975.png,https://assets.nhle.com/logos/nhl/svg/CBJ_light.svg,27,masonmarchment,68.0,1181.2833333333,17.37181372549,63.13,49.37,56.12,45.41,35.86,55.88,29.87,22.86,56.65,3.45,1.83,65.38,3.66,2.47,59.78,32.25,22.96,58.42,12.95,9.8,56.92,1.47,0.81,64.44,25.73,17.54,59.47,1.56,0.68,69.70,55.32,38.96,58.68,1.03,0.44,70.00,11.56,92.0,1.036,14.12,11.73,4.88,38.55,74.33,24.99,15.95,11.17,69.1
284,8480208,Drake Batherson,OTT,R,https://assets.nhle.com/mugs/nhl/20252026/OTT/8480208.png,https://assets.nhle.com/logos/nhl/svg/OTT_light.svg,19,drakebatherson,79.0,1370.8,17.351898734177,71.0,42.63,62.48,52.66,31.56,62.53,33.27,20.27,62.14,4.25,2.54,62.58,4.22,2.55,62.33,37.86,19.7,65.78,15.84,8.71,64.53,2.36,1.27,65.06,29.36,14.65,66.71,1.69,0.76,69.05,66.64,31.3,68.04,0.89,0.89,50.00,12.76,87.47,1.002,18.47,11.12,4.03,45.48,82.10,30.77,15.1,9.15,77.08
285,8482095,Tyler Kleven,OTT,D,https://assets.nhle.com/mugs/nhl/20252026/OTT/8482095.png,https://assets.nhle.com/logos/nhl/svg/OTT_light.svg,43,tylerkleven,70.0,1214.4166666667,17.34880952381,53.56,53.61,49.98,39.87,38.29,51.01,25.84,24.9,50.93,2.22,2.67,45.45,2.6,2.68,49.3,25.54,25.0,50.54,11.46,9.88,53.70,1.19,1.43,45.28,18.77,20.16,48.22,0.92,1.19,43.75,43.6,42.96,50.37,0.43,0.5,46.15,8.60,89.29,0.979,7.11,15.32,7.16,55.09,49.83,14.57,21.84,16.5,46.9
286,8478449,Roope Hintz,DAL,C,https://assets.nhle.com/mugs/nhl/20252026/DAL/8478449.png,https://assets.nhle.com/logos/nhl/svg/DAL_light.svg,24,roopehintz,53.0,919.1,17.341509433962,65.67,48.96,57.29,48.5,34.47,58.46,33.49,23.04,59.24,5.55,2.42,69.67,4.7,2.46,65.65,38.12,22.13,63.27,16.91,8.75,65.90,2.94,0.91,76.27,28.29,17.84,61.32,2.09,1.31,61.54,55.63,43.19,56.3,1.23,0.28,81.25,16.57,89.52,1.061,15.67,12.34,8.94,37.28,63.66,26.7,17.63,19.32,58.01
287,8476399,Blake Coleman,CGY,L,https://assets.nhle.com/mugs/nhl/20252026/CGY/8476399.png,https://assets.nhle.com/logos/nhl/svg/CGY_light.svg,20,blakecoleman,69.0,1195.6833333333,17.328743961353,58.51,58.86,49.85,42.75,43.56,49.53,29.96,29.21,50.64,3.06,3.26,48.41,3.23,3.28,49.58,27.9,28.8,49.2,12.75,12.14,51.21,1.56,1.41,52.54,20.21,22.21,47.63,1.07,1.41,43.24,44.87,59.0,43.2,0.65,0.94,40.91,10.22,88.83,0.99,6.52,13.5,19.52,41.75,25.05,14.4,19.22,31.61,31.3
288,8482174,William Villeneuve,TOR,D,https://assets.nhle.com/mugs/nhl/20252026/TOR/8482174.png,https://assets.nhle.com/logos/nhl/svg/TOR_light.svg,76,willvilleneuve,3.0,51.983333333333,17.327777777778,45.01,51.94,46.43,35.78,36.93,49.21,18.47,24.24,43.24,1.15,0.0,100.00,1.6,2.77,36.68,16.16,24.24,40.0,6.93,13.85,33.33,0.0,0.0,-,12.31,13.85,47.06,1.54,0.0,100.00,55.02,48.35,53.23,0.0,0.0,-,6.25,100.0,1.063,9.23,13.85,9.23,43.86,50.00,23.08,21.93,17.31,57.14
289,8483431,Logan Cooley,UTA,C,https://assets.nhle.com/mugs/nhl/20252026/UTA/8483431.png,https://assets.nhle.com/logos/nhl/svg/UTA_light.svg?season=20252026,92,logancooley,54.0,935.7,17.327777777778,66.24,53.61,55.27,49.7,40.46,55.12,32.13,26.16,55.12,4.49,3.01,59.83,3.82,3.61,51.4,32.19,26.03,55.29,14.56,10.71,57.61,2.5,1.35,65.00,23.51,20.43,53.5,1.54,1.45,51.43,60.11,39.73,60.2,0.93,0.56,62.50,13.97,88.48,1.025,13.53,10.45,6.73,42.83,66.77,25.46,14.62,13.02,66.17
290,8478519,Anthony Cirelli,TBL,C,https://assets.nhle.com/mugs/nhl/20252026/TBL/8478519.png,https://assets.nhle.com/logos/nhl/svg/TBL_light.svg,71,anthonycirelli,71.0,1229.4,17.315492957746,64.86,59.79,52.04,47.39,45.1,51.24,31.38,30.55,50.67,4.34,2.88,60.14,4.46,4.06,52.35,33.19,30.8,51.87,14.89,13.52,52.41,2.24,1.37,62.16,24.4,23.04,51.44,1.69,1.43,54.17,53.86,54.85,49.55,0.99,0.14,87.50,13.84,90.58,1.044,11.76,11.37,14.84,39.92,44.22,20.11,15.86,24.89,44.69
291,8482929,Emil Lilleberg,TBL,D,https://assets.nhle.com/mugs/nhl/20252026/TBL/8482929.png,https://assets.nhle.com/logos/nhl/svg/TBL_light.svg,78,emillilleberg,50.0,865.4,17.308,50.4,55.54,47.58,36.75,41.32,47.07,24.96,26.97,48.06,3.05,2.77,52.38,2.68,2.94,47.62,24.4,25.79,48.62,10.33,11.3,47.76,1.87,1.18,61.36,18.77,19.32,49.27,1.2,1.57,43.33,42.76,51.68,45.28,0.4,0.6,40.00,12.22,89.72,1.019,7.35,12.97,8.94,48.67,45.11,17.19,19.62,19.07,47.42
292,8482159,Tyson Foerster,PHI,R,https://assets.nhle.com/mugs/nhl/20252026/PHI/8482159.png,https://assets.nhle.com/logos/nhl/svg/PHI_light.svg,71,tysonfoerster,29.0,501.61666666667,17.297126436782,50.84,52.27,49.3,38.28,36.12,51.45,25.96,22.49,53.58,3.71,1.67,68.89,3.65,2.53,59.0,28.23,24.28,53.76,11.96,9.93,54.64,1.67,0.84,66.67,21.69,19.14,53.13,2.39,0.96,71.43,38.01,45.61,45.45,0.35,0.17,66.67,14.29,92.55,1.068,11.0,15.07,9.57,43.3,53.49,16.87,19.38,17.34,49.3
293,8481122,Simon Benoit,TOR,D,https://assets.nhle.com/mugs/nhl/20252026/TOR/8481122.png,https://assets.nhle.com/logos/nhl/svg/TOR_light.svg,44,simonbenoit,73.0,1262.6166666667,17.296118721461,41.01,72.28,36.2,30.51,52.46,36.77,18.91,34.4,35.47,1.66,3.33,33.33,2.05,3.7,35.65,19.34,35.4,35.33,7.94,14.92,34.72,0.86,1.28,40.00,15.21,27.31,35.77,0.89,1.71,34.15,30.68,61.23,33.38,0.14,1.03,11.76,8.79,90.33,0.991,2.71,12.31,13.88,58.74,16.33,7.84,16.87,23.05,25.38
294,8483712,Ludvig Jansson,FLA,D,https://assets.nhle.com/mugs/nhl/20252026/FLA/8483712.png,https://assets.nhle.com/logos/nhl/svg/FLA_light.svg,54,ludvigjansson,4.0,69.083333333333,17.270833333333,46.9,66.01,41.54,36.48,44.29,45.16,24.32,26.06,48.28,5.21,2.61,66.67,3.84,2.94,56.67,20.84,33.87,38.1,7.82,10.42,42.86,1.74,0.87,66.67,17.37,31.27,35.71,2.32,1.16,66.67,37.64,52.69,41.67,2.51,1.25,66.67,21.43,90.0,1.114,10.42,12.16,12.16,42.56,46.15,17.37,19.11,24.32,41.67
295,8480748,Kiefer Sherwood,SJS,L,https://assets.nhle.com/mugs/nhl/20252026/SJS/8480748.png,https://assets.nhle.com/logos/nhl/svg/SJS_light.svg,44,kiefersherwood,72.0,1243.1333333333,17.265740740741,62.55,52.66,54.29,46.53,39.72,53.95,29.39,27.46,51.7,3.14,4.01,43.92,3.28,3.24,50.35,29.44,26.69,52.45,12.98,12.45,51.04,1.79,1.64,52.11,21.94,18.98,53.62,0.97,1.87,34.09,53.68,43.5,55.24,0.7,1.05,40.00,10.67,85.41,0.961,9.8,11.73,8.98,42.81,52.19,17.86,17.18,17.67,50.27
296,8483445,Cutter Gauthier,ANA,L,https://assets.nhle.com/mugs/nhl/20252026/ANA/8483445.png,https://assets.nhle.com/logos/nhl/svg/ANA_light.svg,61,cuttergauthier,76.0,1311.2166666667,17.252850877193,79.03,53.03,59.84,57.47,38.94,59.61,36.61,25.63,58.82,4.53,3.34,57.56,4.39,3.11,58.54,37.57,27.64,57.61,15.42,11.99,56.26,1.92,1.28,60.00,29.53,20.87,58.6,2.07,1.77,53.97,70.39,39.92,63.81,1.45,0.66,68.75,12.38,86.96,0.993,12.58,11.62,6.27,42.1,66.75,26.08,17.16,13.73,65.52
297,8476874,Olli Maatta,CGY,D,https://assets.nhle.com/mugs/nhl/20252026/CGY/8476874.png,https://assets.nhle.com/logos/nhl/svg/CGY_light.svg,3,ollimaatta,43.0,740.85,17.229069767442,48.51,58.88,45.17,35.47,42.19,45.67,23.57,26.97,46.63,2.51,3.73,40.26,2.45,3.45,41.55,22.35,28.43,44.02,10.61,12.15,46.62,1.62,2.02,44.44,15.66,21.7,41.91,0.65,1.51,30.00,38.37,48.78,44.03,0.47,0.82,36.36,10.65,86.19,0.968,5.02,11.18,8.18,51.18,38.04,14.42,17.25,17.41,45.29
298,8478856,Conor Garland,CBJ,R,https://assets.nhle.com/mugs/nhl/20252026/CBJ/8478856.png,https://assets.nhle.com/logos/nhl/svg/CBJ_light.svg,83,conorgarland,71.0,1220.6166666667,17.191784037559,62.18,61.84,50.14,46.26,46.01,50.13,30.28,29.05,51.04,2.41,3.64,39.84,3.59,3.8,48.57,32.89,30.33,52.02,13.71,13.96,49.56,0.98,1.67,37.04,25.56,21.83,53.94,1.18,1.31,47.37,51.12,53.68,48.78,0.64,1.07,37.50,7.95,87.48,0.954,11.06,12.29,12.49,36.67,46.97,20.01,15.93,22.41,47.16
299,8478468,Jeremy Lauzon,VGK,D,https://assets.nhle.com/mugs/nhl/20252026/VGK/8478468.png,https://assets.nhle.com/logos/nhl/svg/VGK_light.svg,5,jeremylauzon,68.0,1168.3,17.180882352941,49.61,58.44,45.91,36.16,41.14,46.78,23.16,25.11,47.98,2.41,3.49,40.87,2.44,2.87,45.93,23.52,28.76,44.99,10.63,10.99,49.17,1.28,1.85,40.98,17.19,23.69,42.04,0.89,1.1,44.83,40.65,51.85,43.95,0.52,1.19,30.43,10.42,86.09,0.965,6.37,14.02,12.38,48.99,33.97,15.66,19.46,22.19,41.38
300,8478452,Caleb Jones,PIT,D,https://assets.nhle.com/mugs/nhl/20252026/PIT/8478452.png,https://assets.nhle.com/logos/nhl/svg/PIT_light.svg,82,calebjones,7.0,120.2,17.171428571429,50.42,74.38,40.4,34.94,48.42,41.92,22.96,29.95,43.4,2.0,2.0,50.00,2.74,3.68,42.63,26.96,36.94,42.19,12.48,18.97,39.68,1.0,1.5,40.00,19.3,23.96,44.62,0.67,0.67,50.00,31.72,60.57,34.38,0.72,0.0,100.00,8.70,93.33,1.02,4.49,8.49,9.48,49.42,32.14,10.48,13.98,21.96,32.31
301,8484768,Zayne Parekh,CGY,D,https://assets.nhle.com/mugs/nhl/20252026/CGY/8484768.png,https://assets.nhle.com/logos/nhl/svg/CGY_light.svg,19,zayneparekh,37.0,633.66666666667,17.126126126126,64.29,54.26,54.23,45.07,40.53,52.65,30.21,29.45,50.63,2.46,2.46,50.00,3.17,3.03,51.18,31.15,26.13,54.38,11.84,10.23,53.65,1.14,1.04,52.17,25.75,21.21,54.84,1.26,0.76,62.50,62.64,37.75,62.4,0.41,0.96,30.00,8.15,91.64,0.998,15.34,7.39,2.56,50.75,85.71,31.81,12.21,7.95,80.0
302,8482166,Shakir Mukhamadullin,SJS,D,https://assets.nhle.com/mugs/nhl/20252026/SJS/8482166.png,https://assets.nhle.com/logos/nhl/svg/SJS_light.svg,85,shakirmukhamadullin,50.0,857.11666666667,17.142333333333,43.68,62.02,41.32,31.5,44.66,41.36,22.33,29.47,43.11,2.24,3.01,42.67,2.17,3.0,41.94,21.14,27.37,43.58,9.38,11.62,44.67,1.05,1.33,44.12,15.68,21.0,42.75,1.03,1.4,42.31,36.5,58.55,38.4,0.61,0.91,40.00,10.03,89.79,0.998,5.32,11.34,8.75,45.71,37.81,13.65,17.22,20.72,39.71
303,8481806,Louis Crevier,CHI,D,https://assets.nhle.com/mugs/nhl/20252026/CHI/8481806.png,https://assets.nhle.com/logos/nhl/svg/CHI_light.svg?season=20252026,46,louiscrevier,78.0,1336.7166666667,17.137393162393,47.04,64.59,42.14,35.42,48.84,42.04,23.03,30.48,43.04,2.56,3.19,44.53,2.32,4.03,36.6,21.41,34.7,38.16,8.39,16.65,33.51,1.39,1.97,41.33,17.36,24.06,41.91,1.14,0.9,55.88,36.57,55.56,39.69,0.26,0.71,26.67,11.11,89.54,1.007,3.73,12.97,14.27,48.97,20.70,10.37,19.97,27.74,27.21
304,8477497,Sean Monahan,CBJ,C,https://assets.nhle.com/mugs/nhl/20252026/CBJ/8477497.png,https://assets.nhle.com/logos/nhl/svg/CBJ_light.svg,23,seanmonahan,78.0,1335.7333333333,17.124786324786,65.13,61.49,51.44,46.58,46.13,50.24,32.25,29.42,52.29,3.28,3.68,47.10,3.66,3.87,48.58,32.21,30.77,51.14,13.21,14.42,47.80,1.57,1.66,48.61,25.33,21.8,53.75,1.26,1.2,51.22,54.76,55.6,49.62,0.91,1.17,43.75,10.17,87.48,0.976,12.53,11.63,14.28,37.46,46.73,22.5,16.71,24.98,47.4
305,8475184,Chris Kreider,ANA,L,https://assets.nhle.com/mugs/nhl/20252026/ANA/8475184.png,https://assets.nhle.com/logos/nhl/svg/ANA_light.svg,22,chriskreider,75.0,1278.6666666667,17.048888888889,76.49,49.36,60.78,56.87,37.07,60.54,36.18,24.21,59.91,4.5,3.38,57.14,4.62,3.3,58.39,37.91,25.76,59.54,17.46,11.26,60.78,1.92,1.74,52.56,27.28,19.33,58.52,2.0,1.06,65.31,68.86,36.8,65.17,1.42,0.81,63.64,12.45,86.05,0.985,15.81,13.04,5.63,40.87,73.74,29.42,18.02,12.58,70.06
306,8485406,Porter Martone,PHI,R,https://assets.nhle.com/mugs/nhl/20252026/PHI/8485406.png,https://assets.nhle.com/logos/nhl/svg/PHI_light.svg,94,portermartone,9.0,153.36666666667,17.040740740741,61.03,46.16,56.93,43.03,31.3,57.89,30.91,19.56,61.24,4.69,1.56,75.00,3.52,2.25,60.97,25.82,21.91,54.1,10.95,8.22,57.14,3.13,1.56,66.67,19.82,18.26,52.05,1.56,0.0,100.00,57.07,36.73,60.84,0.0,0.0,-,15.19,92.0,1.072,9.78,12.52,6.26,45.77,60.98,18.39,18.39,13.69,57.32
307,8481528,Dylan Cozens,OTT,C,https://assets.nhle.com/mugs/nhl/20252026/OTT/8481528.png,https://assets.nhle.com/logos/nhl/svg/OTT_light.svg,24,dylancozens,82.0,1397.25,17.039634146341,72.01,41.52,63.43,53.98,30.02,64.26,35.13,19.54,64.26,4.04,2.36,63.09,4.39,2.3,65.62,38.82,17.69,68.69,16.49,7.77,67.96,2.1,0.99,68.06,29.77,13.23,69.24,1.83,1.09,62.75,65.19,33.99,65.73,0.81,0.68,54.17,11.49,87.91,0.994,18.12,15.72,7.9,39.08,69.64,28.81,19.71,13.27,68.47
308,8476881,Tomas Hertl,VGK,C,https://assets.nhle.com/mugs/nhl/20252026/VGK/8476881.png,https://assets.nhle.com/logos/nhl/svg/VGK_light.svg,48,tomashertl,82.0,1396.7833333333,17.033943089431,75.9,42.96,63.86,54.55,30.89,63.85,34.75,19.42,64.16,4.42,3.05,59.20,4.98,2.53,66.34,42.44,20.83,67.07,20.02,7.95,71.58,2.36,1.33,63.95,29.9,17.18,63.5,1.43,1.49,49.02,67.26,33.32,66.87,1.24,0.56,68.97,12.73,84.29,0.97,16.58,9.97,7.43,34.32,69.05,32.95,14.22,13.62,70.76
309,8475324,Nick Jensen,OTT,D,https://assets.nhle.com/mugs/nhl/20252026/OTT/8475324.png,https://assets.nhle.com/logos/nhl/svg/OTT_light.svg,4,nickjensen,61.0,1037.5333333333,17.008743169399,51.7,57.77,47.23,37.47,42.22,47.02,25.68,26.95,48.79,3.12,3.76,45.38,2.6,2.86,47.63,26.2,26.6,49.62,10.35,11.33,47.73,1.5,1.73,46.43,21.13,20.36,50.93,1.47,2.0,42.22,40.68,47.53,46.12,0.67,0.75,47.06,12.16,86.05,0.982,6.07,11.28,6.71,60.37,47.51,14.28,17.58,14.52,49.6
310,8482482,Adam Wilsby,NSH,D,https://assets.nhle.com/mugs/nhl/20252026/NSH/8482482.png,https://assets.nhle.com/logos/nhl/svg/NSH_light.svg,2,adamwilsby,58.0,986.48333333333,17.008333333333,53.71,55.96,48.97,38.5,42.51,47.52,25.48,27.61,48.0,2.37,2.68,46.99,2.59,3.2,44.75,24.15,27.49,46.76,10.22,12.47,45.04,1.03,1.58,39.53,18.57,20.03,48.11,1.14,0.81,58.33,45.86,49.29,48.2,0.7,0.7,50.00,9.31,90.31,0.996,5.53,12.29,8.39,51.52,39.74,14.54,18.55,19.52,42.68
311,8478542,Evan Rodrigues,FLA,C,https://assets.nhle.com/mugs/nhl/20252026/FLA/8478542.png,https://assets.nhle.com/logos/nhl/svg/FLA_light.svg,17,evanrodrigues,69.0,1172.5333333333,16.993236714976,65.45,49.94,56.72,47.59,37.15,56.16,30.86,23.44,56.83,2.66,3.22,45.22,3.54,2.98,54.34,30.96,23.03,57.35,13.92,10.95,55.97,1.59,1.84,46.27,22.72,16.1,58.52,1.02,1.16,46.88,55.21,44.13,55.58,0.3,0.67,30.77,8.62,86.24,0.949,10.44,11.62,9.01,45.39,53.68,19.29,16.58,16.27,54.24
312,8484240,Tom Willander,VAN,D,https://assets.nhle.com/mugs/nhl/20252026/VAN/8484240.png,https://assets.nhle.com/logos/nhl/svg/VAN_light.svg,5,tomwillander,70.0,1189.2666666667,16.989523809524,49.39,58.57,45.75,36.22,43.94,45.19,22.9,28.81,44.29,2.37,3.58,39.83,2.55,3.05,45.58,23.31,29.61,44.04,9.89,12.81,43.56,1.06,2.07,33.87,17.89,22.4,44.41,1.08,1.14,48.48,42.19,47.08,47.27,0.73,0.95,43.48,10.35,87.57,0.979,7.42,10.9,7.77,52.17,48.84,16.3,16.09,15.94,50.55
313,8480830,Andrei Svechnikov,CAR,R,https://assets.nhle.com/mugs/nhl/20252026/CAR/8480830.png,https://assets.nhle.com/logos/nhl/svg/CAR_light.svg,37,andreisvechnikov,79.0,1341.8166666667,16.985021097046,84.24,43.06,66.17,62.24,34.07,64.62,39.71,22.8,63.52,4.65,2.59,64.20,4.8,2.83,62.93,40.56,23.34,63.47,15.7,10.69,59.49,1.61,1.61,50.00,33.15,16.87,66.27,2.5,1.01,71.19,80.16,30.29,72.57,1.61,0.06,96.15,11.71,88.63,1.003,16.59,10.55,5.28,38.72,75.87,31.26,15.92,13.01,70.61
314,8482803,Olen Zellweger,ANA,D,https://assets.nhle.com/mugs/nhl/20252026/ANA/8482803.png,https://assets.nhle.com/logos/nhl/svg/ANA_light.svg,8,olenzellweger,76.0,1290.1833333333,16.976096491228,66.27,59.34,52.76,48.27,43.2,52.77,29.86,28.6,51.07,3.12,2.93,51.54,3.11,3.23,49.09,30.74,30.55,50.15,13.35,12.65,51.34,1.58,1.53,50.75,23.19,23.87,49.28,1.55,1.12,58.14,54.68,46.42,54.09,0.54,0.6,47.06,10.44,89.76,1.002,6.88,10.28,6.37,53.67,51.93,18.74,16.37,14.79,55.89
315,8476891,Matt Grzelcyk,CHI,D,https://assets.nhle.com/mugs/nhl/20252026/CHI/8476891.png,https://assets.nhle.com/logos/nhl/svg/CHI_light.svg?season=20252026,24,mattgrzelcyk,69.0,1170.95,16.970289855072,52.21,56.42,48.07,39.81,42.99,48.08,25.93,29.46,46.81,2.72,2.97,47.75,2.55,3.17,44.61,24.39,28.9,45.77,10.15,12.66,44.49,1.23,1.33,48.00,18.99,21.66,46.72,1.23,1.43,46.15,47.74,41.97,53.22,0.81,0.52,61.11,10.47,89.91,1.004,9.68,10.86,6.87,49.81,58.51,20.65,16.65,15.17,57.65
316,8481563,Drew Helleson,ANA,D,https://assets.nhle.com/mugs/nhl/20252026/ANA/8481563.png,https://assets.nhle.com/logos/nhl/svg/ANA_light.svg,14,drewhelleson,60.0,1017.8833333333,16.964722222222,53.05,61.3,46.39,39.2,44.68,46.73,24.99,29.77,45.64,2.71,3.42,44.23,2.58,3.36,43.47,25.46,31.59,44.63,10.67,13.97,43.30,1.36,1.59,46.00,19.73,23.5,45.64,1.26,1.49,45.71,43.34,49.72,46.57,0.51,0.94,35.29,10.85,88.51,0.994,7.78,12.2,9.73,51.87,44.44,18.04,18.39,17.98,50.08
317,8480801,Brady Tkachuk,OTT,L,https://assets.nhle.com/mugs/nhl/20252026/OTT/8480801.png,https://assets.nhle.com/logos/nhl/svg/OTT_light.svg,8,bradytkachuk,60.0,1017.6166666667,16.960277777778,79.6,43.93,64.44,60.49,31.19,65.98,40.33,20.11,66.73,4.78,2.65,64.29,5.17,2.53,67.14,43.81,19.58,69.12,19.34,8.43,69.64,2.42,1.3,65.08,32.63,14.86,68.71,2.12,1.02,67.50,71.71,33.73,68.01,1.02,0.68,60.00,11.84,86.8,0.986,19.34,15.74,6.13,42.28,75.93,33.31,19.75,11.79,73.86
318,8476467,Jamie Oleksiak,SEA,D,https://assets.nhle.com/mugs/nhl/20252026/SEA/8476467.png,https://assets.nhle.com/logos/nhl/svg/SEA_light.svg,4,jamieoleksiak,78.0,1320.3,16.926923076923,45.99,66.53,40.87,33.67,48.58,40.94,22.27,31.58,41.35,2.36,3.14,42.98,2.19,3.3,39.9,18.77,30.81,37.86,7.5,13.09,36.42,1.05,1.68,38.33,15.03,23.63,38.87,0.85,0.97,46.67,40.5,58.36,40.97,0.85,1.05,44.83,10.61,90.07,1.007,4.18,10.36,8.86,48.08,32.06,12.41,15.81,19.95,38.34
319,8480797,Joel Farabee,CGY,L,https://assets.nhle.com/mugs/nhl/20252026/CGY/8480797.png,https://assets.nhle.com/logos/nhl/svg/CGY_light.svg,86,joelfarabee,82.0,1387.2166666667,16.917276422764,56.7,64.88,46.64,40.7,47.02,46.4,27.55,31.31,46.8,2.47,3.46,41.61,2.98,3.64,45.04,26.47,32.66,44.77,12.46,13.19,48.57,1.56,1.86,45.57,18.68,25.95,41.86,0.58,1.15,33.33,51.23,51.73,49.76,0.5,0.81,38.10,8.95,88.95,0.979,11.72,11.68,9.95,45.16,54.09,21.76,16.57,17.17,55.89
320,8481580,Connor McMichael,WSH,L,https://assets.nhle.com/mugs/nhl/20252026/WSH/8481580.png,https://assets.nhle.com/logos/nhl/svg/WSH_secondary_light.svg,77,connormcmichael,78.0,1318.6833333333,16.906196581197,54.24,63.93,45.9,39.18,46.46,45.75,26.25,30.62,46.16,3.28,3.18,50.70,3.42,3.73,47.86,27.07,32.49,45.45,12.42,14.74,45.73,1.77,1.5,54.17,19.53,23.66,45.22,1.15,0.91,55.88,43.38,54.35,44.38,0.59,1.25,32.14,12.48,89.6,1.021,10.1,14.24,12.33,45.86,45.03,17.65,18.06,21.38,45.22
321,8482511,Mason Lohrei,BOS,D,https://assets.nhle.com/mugs/nhl/20252026/BOS/8482511.png,https://assets.nhle.com/logos/nhl/svg/BOS_light.svg?season=20252026,6,masonlohrei,73.0,1234.0833333333,16.905251141553,59.95,58.39,50.66,42.69,42.06,50.37,27.66,26.11,51.45,2.82,1.7,62.37,2.88,2.87,50.14,28.34,26.79,51.41,11.67,12.4,48.48,1.22,0.78,60.98,22.24,19.19,53.68,1.3,0.52,71.43,50.7,47.82,51.46,0.91,0.77,54.17,10.19,93.48,1.037,7.29,11.57,6.08,50.71,54.55,17.99,18.18,14.44,55.47
322,8482107,Mike Benning,FLA,D,https://assets.nhle.com/mugs/nhl/20252026/FLA/8482107.png,https://assets.nhle.com/logos/nhl/svg/FLA_light.svg,20,michaelbenning,18.0,304.23333333333,16.901851851852,61.33,55.81,52.36,44.18,42.01,51.26,26.43,27.41,49.08,2.96,3.75,44.12,3.35,3.6,48.14,31.16,28.0,52.67,13.02,14.59,47.14,0.99,1.77,35.71,24.19,17.88,57.5,1.58,1.58,50.00,48.71,43.3,52.94,1.14,0.57,66.67,11.19,86.33,0.975,6.9,9.66,7.1,50.09,49.30,18.14,15.38,15.19,54.44
323,8477494,Jonathan Drouin,STL,L,https://assets.nhle.com/mugs/nhl/20252026/STL/8477494.png,https://assets.nhle.com/logos/nhl/svg/STL_light.svg?season=20252026,92,jonathandrouin,64.0,1079.4666666667,16.866666666667,66.53,47.63,58.28,50.02,34.79,58.98,32.35,22.9,58.55,2.45,1.95,55.70,3.9,2.82,58.04,32.85,23.73,58.06,11.73,10.62,52.49,0.89,1.06,45.71,28.16,17.49,61.69,1.48,0.82,64.52,61.82,36.69,62.75,0.64,0.24,72.73,7.56,91.5,0.991,12.9,12.12,6.34,38.69,67.05,24.07,16.45,13.51,64.05
324,8478498,Jake DeBrusk,VAN,L,https://assets.nhle.com/mugs/nhl/20252026/VAN/8478498.png,https://assets.nhle.com/logos/nhl/svg/VAN_light.svg,74,jakedebrusk,81.0,1366.0166666667,16.864403292181,63.51,55.39,53.42,47.83,41.95,53.28,31.01,26.53,53.89,3.25,3.21,50.34,4.12,3.38,54.94,33.51,27.41,55.01,16.12,12.17,56.99,2.06,1.32,61.04,23.19,20.32,53.3,1.11,1.7,39.58,57.42,44.67,56.25,0.44,0.32,58.33,10.48,87.91,0.984,15.99,12.69,9.4,36.63,62.98,27.58,16.03,17.13,61.69
325,8482157,Will Cuylle,NYR,L,https://assets.nhle.com/mugs/nhl/20252026/NYR/8482157.png,https://assets.nhle.com/logos/nhl/svg/NYR_light.svg,50,willcuylle,82.0,1382.2833333333,16.857113821138,57.47,58.77,49.44,39.41,43.54,47.51,23.87,27.78,46.22,2.6,3.17,45.11,3.11,3.81,44.95,28.17,28.34,49.85,11.85,11.59,50.56,1.3,1.56,45.45,21.76,22.34,49.34,0.87,1.1,44.12,50.16,49.53,50.31,0.82,0.69,54.17,10.91,88.59,0.995,10.55,11.07,11.03,48.35,48.89,20.05,15.15,20.57,49.36
326,8478401,Pavel Zacha,BOS,C,https://assets.nhle.com/mugs/nhl/20252026/BOS/8478401.png,https://assets.nhle.com/logos/nhl/svg/BOS_light.svg?season=20252026,18,pavelzacha,78.0,1314.0,16.846153846154,64.52,55.84,53.6,49.13,41.55,54.18,30.73,28.26,52.09,4.79,3.15,60.34,3.93,3.57,52.41,32.28,27.81,53.72,13.7,12.51,52.26,2.19,1.69,56.47,24.78,20.4,54.85,2.13,1.22,63.64,59.89,47.22,55.91,1.25,0.73,63.33,15.60,88.85,1.045,13.15,11.14,11.42,35.71,53.53,25.84,15.84,21.14,55.0
327,8480015,Owen Tippett,PHI,R,https://assets.nhle.com/mugs/nhl/20252026/PHI/8480015.png,https://assets.nhle.com/logos/nhl/svg/PHI_light.svg,74,owentippett,81.0,1364.2833333333,16.843004115226,60.6,50.71,54.44,45.17,36.63,55.22,28.15,23.53,54.47,3.3,3.17,51.02,3.9,2.64,59.62,32.9,23.88,57.94,14.12,9.24,60.45,1.32,1.23,51.72,25.04,19.53,56.18,1.47,1.7,46.30,46.12,41.61,52.57,0.95,0.7,57.69,11.72,86.54,0.983,11.21,12.27,9.06,44.99,55.31,21.15,17.55,17.15,55.22
328,8479400,Pierre-Luc Dubois,WSH,C,https://assets.nhle.com/mugs/nhl/20252026/WSH/8479400.png,https://assets.nhle.com/logos/nhl/svg/WSH_secondary_light.svg,80,pierrelucdubois,29.0,487.83333333333,16.82183908046,61.74,56.45,52.24,45.63,38.25,54.4,30.01,25.34,54.22,3.44,3.2,51.85,3.86,2.96,56.61,30.99,24.72,55.63,12.55,10.45,54.55,1.11,1.23,47.37,24.6,19.02,56.39,1.8,0.82,68.75,52.76,53.12,49.83,1.07,1.6,40.00,11.48,87.38,0.989,12.05,11.56,9.22,41.82,56.65,21.77,15.37,19.06,53.31
329,8483565,Nick Blankenburg,COL,D,https://assets.nhle.com/mugs/nhl/20252026/COL/8483565.png,https://assets.nhle.com/logos/nhl/svg/COL_light.svg,3,nickblankenburg,61.0,1024.6166666667,16.796994535519,61.14,53.0,53.57,44.86,40.52,52.54,28.05,27.52,50.47,2.69,3.05,46.94,3.23,3.0,51.8,29.05,26.7,52.1,14.05,10.83,56.47,1.29,1.41,47.83,19.99,21.16,48.58,0.94,1.09,46.15,52.27,41.28,55.88,1.02,1.1,48.00,9.60,88.94,0.985,6.73,9.31,5.74,54.28,53.99,18.62,15.75,15.23,55.02
330,8482733,Logan Mailloux,STL,D,https://assets.nhle.com/mugs/nhl/20252026/STL/8482733.png,https://assets.nhle.com/logos/nhl/svg/STL_light.svg?season=20252026,23,loganmailloux,67.0,1123.55,16.769402985075,50.2,55.75,47.38,35.46,41.87,45.86,22.86,26.38,46.42,2.35,3.04,43.56,2.67,3.14,45.95,24.89,26.59,48.34,10.15,12.5,44.81,1.23,1.76,41.07,19.65,18.8,51.11,1.0,0.93,51.85,41.11,46.05,47.17,0.39,0.85,31.25,10.28,88.46,0.987,8.7,12.76,8.22,45.77,51.42,18.37,16.55,15.86,53.67
331,8475170,Brayden Schenn,NYI,C,https://assets.nhle.com/mugs/nhl/20252026/NYI/8475170.png,https://assets.nhle.com/logos/nhl/svg/NYI_light.svg,10,braydenschenn,80.0,1341.5,16.76875,59.13,54.61,51.99,42.53,40.34,51.32,28.0,26.12,51.74,2.86,3.4,45.71,3.26,3.25,50.09,29.56,23.97,55.22,11.58,10.91,51.49,1.48,1.61,47.83,23.97,17.41,57.93,1.43,1.19,54.55,54.72,46.97,53.81,0.45,0.97,31.82,10.22,86.99,0.972,12.97,10.91,8.27,42.49,61.05,24.55,16.55,15.92,60.66
332,8477365,Connor Clifton,PIT,D,https://assets.nhle.com/mugs/nhl/20252026/PIT/8477365.png,https://assets.nhle.com/logos/nhl/svg/PIT_light.svg,75,connorclifton,50.0,838.28333333333,16.765666666667,49.82,65.78,43.1,36.5,44.88,44.85,22.83,28.06,44.87,2.36,3.08,43.42,2.81,3.18,46.96,25.48,31.35,44.84,11.88,11.88,50.00,1.29,1.5,46.15,18.13,25.96,41.13,0.86,0.86,50.00,32.88,59.24,35.69,0.62,1.34,31.58,10.34,89.03,0.994,2.51,11.6,10.02,42.73,20.00,8.73,18.82,22.26,28.18
333,8484806,Sam Dickinson,SJS,D,https://assets.nhle.com/mugs/nhl/20252026/SJS/8484806.png,https://assets.nhle.com/logos/nhl/svg/SJS_light.svg,6,samdickinson,72.0,1206.4333333333,16.756018518519,51.67,59.18,46.61,36.9,43.42,45.94,24.62,28.7,46.18,2.79,3.53,44.09,2.44,3.0,44.87,25.21,28.99,46.51,11.39,13.63,45.53,1.49,1.89,44.12,18.43,20.49,47.36,1.13,1.13,50.00,41.95,49.5,45.88,0.65,1.08,37.50,11.31,87.69,0.99,6.32,10.89,7.76,43.72,44.88,15.42,17.56,18.4,45.59
334,8481547,Simon Lundmark,TBL,D,https://assets.nhle.com/mugs/nhl/20252026/TBL/8481547.png,https://assets.nhle.com/logos/nhl/svg/TBL_light.svg,7,simonlundmark,1.0,16.75,16.75,39.4,57.31,40.74,35.82,42.99,45.45,25.07,32.24,43.75,3.58,0.0,100.00,1.46,2.28,39.09,14.33,25.07,36.36,7.16,7.16,50.00,0.0,0.0,-,9.55,23.88,28.57,0.0,0.0,-,46.57,36.22,56.25,0.0,0.0,-,14.29,100.0,1.143,10.75,17.91,0.0,57.31,100.00,21.49,25.07,14.33,60.0
335,8477451,Ryan Hartman,MIN,R,https://assets.nhle.com/mugs/nhl/20252026/MIN/8477451.png,https://assets.nhle.com/logos/nhl/svg/MIN_light.svg,38,ryanhartman,76.0,1272.6,16.744736842105,67.56,57.14,54.18,49.22,40.97,54.57,31.64,26.64,54.29,3.25,2.36,57.98,3.81,2.63,59.15,35.31,26.03,57.57,14.52,10.84,57.25,1.6,1.6,50.00,27.72,20.24,57.8,1.07,0.5,68.00,51.49,51.08,50.2,1.02,0.48,68.18,10.28,91.15,1.014,8.72,10.04,7.12,38.85,55.06,21.78,17.3,18.43,54.16
336,8483450,Ryan Greene,CHI,C,https://assets.nhle.com/mugs/nhl/20252026/CHI/8483450.png,https://assets.nhle.com/logos/nhl/svg/CHI_light.svg?season=20252026,20,ryangreene,81.0,1356.2166666667,16.74341563786,49.9,65.43,43.27,37.69,50.88,42.56,25.04,33.62,42.68,2.61,3.67,41.55,2.76,3.95,41.14,24.69,35.97,40.7,9.78,16.77,36.83,1.19,1.9,38.57,19.88,25.6,43.71,1.18,1.71,40.82,42.24,54.83,43.52,0.7,0.7,50.00,10.42,89.08,0.995,11.15,11.37,14.29,42.29,43.83,18.85,15.26,24.91,43.07
337,8481219,Jonathan Aspirot,BOS,D,https://assets.nhle.com/mugs/nhl/20252026/BOS/8481219.png,https://assets.nhle.com/logos/nhl/svg/BOS_light.svg?season=20252026,45,jonathanaspirot,61.0,1021.1333333333,16.739890710383,53.47,62.7,46.03,39.9,45.48,46.73,25.5,28.56,47.17,3.58,2.23,61.62,2.66,3.33,44.44,23.74,30.08,44.1,10.22,13.28,43.50,1.59,1.06,60.00,18.02,22.41,44.57,1.96,1.02,65.79,44.73,53.22,45.67,0.59,0.59,50.00,14.06,92.18,1.062,5.46,11.99,9.28,50.65,37.05,15.28,17.98,19.86,43.48
338,8479675,Trevor Moore,LAK,L,https://assets.nhle.com/mugs/nhl/20252026/LAK/8479675.png,https://assets.nhle.com/logos/nhl/svg/LAK_light.svg,12,trevormoore,69.0,1154.2833333333,16.728743961353,61.54,55.31,52.67,43.72,40.75,51.75,27.81,26.15,51.54,2.44,2.91,45.63,3.04,2.8,52.02,27.86,26.25,51.49,13.2,11.07,54.39,1.25,1.2,51.06,19.54,20.24,49.13,0.9,1.18,43.33,50.46,49.48,50.49,0.68,1.13,37.50,8.79,88.87,0.977,7.59,13.25,11.59,45.33,39.57,15.39,18.87,20.74,42.59
339,8481601,Simon Holmstrom,NYI,R,https://assets.nhle.com/mugs/nhl/20252026/NYI/8481601.png,https://assets.nhle.com/logos/nhl/svg/NYI_light.svg,92,simonholmstrom,79.0,1321.5666666667,16.728691983122,54.84,61.93,46.97,40.04,46.08,46.49,24.97,29.19,46.1,2.91,3.18,47.76,3.05,4.16,42.31,26.11,32.96,44.2,11.53,15.25,43.05,1.59,1.5,51.47,19.43,23.61,45.15,1.03,1.21,45.95,46.82,48.99,48.87,0.72,0.92,44.00,11.64,89.11,1.007,10.08,11.71,11.8,44.54,46.06,17.52,16.3,21.16,45.31
340,8476539,Jonathan Marchessault,NSH,R,https://assets.nhle.com/mugs/nhl/20252026/NSH/8476539.png,https://assets.nhle.com/logos/nhl/svg/NSH_light.svg,81,jonathanmarchessault,62.0,1035.85,16.707258064516,65.16,54.97,54.24,48.48,42.98,53.01,31.34,27.86,52.94,3.53,3.24,52.14,3.96,3.46,53.36,31.74,26.07,54.91,14.48,10.83,57.21,1.74,1.51,53.57,23.01,20.31,53.12,1.47,1.47,50.00,62.67,45.43,57.97,0.84,0.75,52.63,11.28,88.36,0.996,13.79,11.3,5.5,39.45,71.47,27.4,16.57,15.06,64.53
341,8473986,Alex Killorn,ANA,L,https://assets.nhle.com/mugs/nhl/20252026/ANA/8473986.png,https://assets.nhle.com/logos/nhl/svg/ANA_light.svg,17,alexkillorn,82.0,1369.8,16.70487804878,58.43,60.45,49.15,43.41,44.94,49.13,28.25,28.65,49.65,2.72,3.59,43.06,3.24,3.86,45.66,28.16,30.92,47.66,12.48,14.28,46.64,1.31,1.45,47.62,20.91,22.19,48.51,1.11,1.87,37.25,46.31,56.88,44.88,0.76,0.89,46.15,9.61,87.46,0.971,9.29,12.18,14.94,42.53,38.34,17.0,17.48,23.3,42.17
342,8479378,Logan Stanley,BUF,D,https://assets.nhle.com/mugs/nhl/20252026/BUF/8479378.png,https://assets.nhle.com/logos/nhl/svg/BUF_light.svg,8,loganstanley,76.0,1269.0166666667,16.697587719298,53.14,60.14,46.91,38.49,44.82,46.2,23.69,29.36,44.65,2.51,2.65,48.62,2.65,3.25,44.91,24.4,28.98,45.7,10.31,12.2,45.80,1.28,1.04,55.10,18.79,22.38,45.64,0.57,1.32,30.00,44.6,50.26,47.01,0.89,0.89,50.00,10.58,90.98,1.016,5.96,10.21,8.42,48.13,41.45,13.9,15.98,17.02,44.95
343,8483516,Jimmy Snuggerud,STL,R,https://assets.nhle.com/mugs/nhl/20252026/STL/8483516.png,https://assets.nhle.com/logos/nhl/svg/STL_light.svg?season=20252026,21,jimmysnuggerud,70.0,1168.7,16.695714285714,60.37,54.98,52.34,43.95,40.46,52.07,29.26,26.29,52.68,3.95,2.1,65.25,3.71,2.81,56.89,32.6,25.46,56.15,12.83,10.83,54.23,1.59,1.03,60.78,26.35,19.51,57.46,2.26,0.75,75.00,50.43,46.94,51.79,0.89,0.59,60.00,13.51,91.99,1.055,14.12,11.09,7.65,42.41,64.86,23.05,15.2,15.15,60.35
344,8482092,Ridly Greig,OTT,C,https://assets.nhle.com/mugs/nhl/20252026/OTT/8482092.png,https://assets.nhle.com/logos/nhl/svg/OTT_light.svg,71,ridlygreig,77.0,1285.4166666667,16.693722943723,53.91,55.13,49.44,39.72,39.82,49.94,26.84,25.91,50.88,3.27,3.31,49.65,3.2,3.05,51.24,25.91,26.0,49.91,11.86,11.34,51.11,1.63,1.73,48.61,18.73,19.54,48.94,1.18,1.43,45.24,44.84,49.35,47.6,0.81,0.74,52.17,12.17,87.21,0.994,10.74,16.01,16.29,45.93,39.72,16.29,20.49,25.77,38.73
345,8475287,Erik Haula,NSH,L,https://assets.nhle.com/mugs/nhl/20252026/NSH/8475287.png,https://assets.nhle.com/logos/nhl/svg/NSH_light.svg,56,erikhaula,81.0,1350.6,16.674074074074,56.95,62.11,47.84,41.27,47.4,46.54,26.39,31.32,45.73,2.75,3.2,46.27,3.2,3.55,47.42,26.65,30.61,46.55,11.06,13.06,45.86,1.24,1.55,44.44,20.79,23.4,47.05,1.18,1.54,43.48,49.6,53.9,47.92,0.83,0.64,56.52,10.44,89.79,1.002,9.15,11.37,10.57,49.67,46.40,19.28,16.84,21.37,47.43
346,8475794,Tyler Seguin,DAL,C,https://assets.nhle.com/mugs/nhl/20252026/DAL/8475794.png,https://assets.nhle.com/logos/nhl/svg/DAL_light.svg,91,tylerseguin,27.0,449.86666666667,16.661728395062,54.15,54.28,49.94,39.75,40.28,49.67,27.21,25.07,52.04,3.87,1.47,72.50,3.37,2.66,55.93,30.14,25.74,53.94,10.94,10.8,50.31,1.73,0.67,72.22,25.61,19.92,56.25,1.96,0.71,73.33,46.62,44.31,51.27,0.96,0.19,83.33,14.22,94.15,1.084,11.34,13.2,11.87,37.48,48.85,19.61,17.07,20.14,49.33
347,8482679,Matt Coronato,CGY,R,https://assets.nhle.com/mugs/nhl/20252026/CGY/8482679.png,https://assets.nhle.com/logos/nhl/svg/CGY_light.svg,27,mattcoronato,80.0,1331.4666666667,16.643333333333,67.5,54.57,55.3,47.95,41.05,53.87,32.13,27.62,53.77,2.88,3.06,48.48,3.74,3.25,53.54,31.81,27.98,53.2,13.52,12.84,51.28,1.31,1.35,49.15,24.39,20.19,54.72,1.26,1.32,48.84,63.79,41.98,60.31,0.85,0.52,61.90,8.98,88.91,0.979,14.78,11.49,7.93,39.61,65.08,28.43,16.72,15.28,65.05
348,8476461,Sean Couturier,PHI,C,https://assets.nhle.com/mugs/nhl/20252026/PHI/8476461.png,https://assets.nhle.com/logos/nhl/svg/PHI_light.svg,14,seancouturier,78.0,1298.8166666667,16.651495726496,50.21,59.5,45.77,36.49,42.78,46.04,24.25,26.61,47.68,2.36,3.83,38.06,2.83,3.34,45.9,24.48,29.7,45.18,11.41,12.01,48.72,0.92,1.52,37.74,17.43,23.59,42.49,1.23,1.97,38.46,40.97,54.58,42.88,0.47,1.13,29.17,9.71,85.59,0.953,8.73,12.24,18.8,40.14,31.71,15.71,17.05,30.44,34.03
349,8482146,Luke Evangelista,NSH,R,https://assets.nhle.com/mugs/nhl/20252026/NSH/8482146.png,https://assets.nhle.com/logos/nhl/svg/NSH_light.svg,77,lukeevangelista,81.0,1346.4166666667,16.622427983539,72.68,46.39,61.04,52.54,36.01,59.34,35.12,24.06,59.34,4.06,2.63,60.67,4.04,2.67,60.21,36.36,21.84,62.48,15.6,9.14,63.06,2.05,1.29,61.33,27.69,16.93,62.05,1.37,1.01,57.50,60.7,38.23,61.35,1.42,0.71,66.67,11.55,89.07,1.006,9.49,11.63,5.48,42.11,63.39,22.37,18.23,14.75,60.26
350,8482476,Emil Heineman,NYI,L,https://assets.nhle.com/mugs/nhl/20252026/NYI/8482476.png,https://assets.nhle.com/logos/nhl/svg/NYI_light.svg,51,emilheineman,82.0,1362.5166666667,16.616056910569,61.47,54.56,52.98,43.99,40.82,51.87,29.11,26.03,52.8,2.64,2.73,49.18,3.21,3.25,49.65,28.58,26.82,51.59,10.88,12.81,45.91,1.1,1.32,45.45,23.6,18.67,55.83,1.35,1.23,52.27,55.02,43.44,55.88,0.64,0.45,58.82,9.08,89.51,0.986,10.88,11.14,7.62,44.12,58.81,20.3,17.13,15.28,57.05
351,8475857,Kevin Gravel,NSH,D,https://assets.nhle.com/mugs/nhl/20252026/NSH/8475857.png,https://assets.nhle.com/logos/nhl/svg/NSH_light.svg,5,kevingravel,1.0,16.6,16.6,25.3,83.13,23.33,21.69,54.22,28.57,18.07,32.53,35.71,3.61,3.61,50.00,1.2,3.65,24.8,14.46,28.92,33.33,7.23,14.46,33.33,0.0,0.0,-,9.64,19.28,33.33,4.82,0.0,100.00,15.66,88.76,15.0,0.0,5.22,0.00,20.00,88.89,1.089,3.61,14.46,7.23,50.6,33.33,14.46,25.3,25.3,36.36
352,8478474,Lawson Crouse,UTA,L,https://assets.nhle.com/mugs/nhl/20252026/UTA/8478474.png,https://assets.nhle.com/logos/nhl/svg/UTA_light.svg?season=20252026,67,lawsoncrouse,81.0,1344.35,16.596913580247,55.79,61.46,47.58,40.44,45.26,47.19,26.78,29.14,47.89,3.35,2.99,52.82,3.18,4.01,44.21,26.24,31.6,45.37,11.83,14.42,45.07,1.56,1.79,46.67,19.22,22.91,45.62,1.55,0.83,65.00,47.9,56.15,46.03,0.64,0.84,43.48,12.50,89.74,1.022,10.31,14.51,15.93,43.69,39.29,18.66,18.88,27.23,40.66
353,8477940,Nikolaj Ehlers,CAR,L,https://assets.nhle.com/mugs/nhl/20252026/CAR/8477940.png,https://assets.nhle.com/logos/nhl/svg/CAR_light.svg,27,nikolajehlers,82.0,1360.85,16.595731707317,78.08,41.09,65.52,57.01,29.67,65.77,37.21,20.15,64.87,4.59,2.42,65.41,4.51,2.53,64.05,38.93,20.63,65.36,15.7,9.52,62.24,1.98,1.15,63.38,30.98,14.81,67.65,2.12,1.23,63.16,65.91,32.1,67.25,1.46,0.19,88.46,12.32,87.96,1.003,13.36,11.73,5.11,40.34,72.32,25.53,17.02,13.36,65.65
354,8480185,Eetu Luostarinen,FLA,C,https://assets.nhle.com/mugs/nhl/20252026/FLA/8480185.png,https://assets.nhle.com/logos/nhl/svg/FLA_light.svg,27,eetuluostarinen,73.0,1209.9,16.57397260274,56.04,54.45,50.72,40.61,39.67,50.59,25.39,24.75,50.64,2.78,3.12,47.06,3.23,3.22,50.09,27.47,25.54,51.82,12.79,11.9,51.81,1.44,1.74,45.31,19.57,18.18,51.84,1.19,1.06,52.94,46.56,48.14,49.17,0.29,0.72,28.57,10.94,87.37,0.983,9.27,15.47,12.05,42.2,43.49,17.01,20.48,20.73,45.07
355,8477429,Andrew Copp,DET,C,https://assets.nhle.com/mugs/nhl/20252026/DET/8477429.png,https://assets.nhle.com/logos/nhl/svg/DET_light.svg?season=20252026,18,andrewcopp,79.0,1309.2833333333,16.573206751055,58.89,60.12,49.48,43.12,42.02,50.65,28.92,26.81,51.89,3.21,3.21,50.00,3.41,3.19,51.63,26.95,29.37,47.84,12.33,11.5,51.73,1.24,1.56,44.26,19.49,23.83,44.99,1.53,1.22,55.56,51.83,52.82,49.53,0.93,0.79,53.85,11.09,88.03,0.991,9.85,13.15,13.47,43.58,42.24,18.79,18.42,21.63,46.49
356,8479371,Dante Fabbro,CBJ,D,https://assets.nhle.com/mugs/nhl/20252026/CBJ/8479371.png,https://assets.nhle.com/logos/nhl/svg/CBJ_light.svg,15,dantefabbro,74.0,1225.85,16.565540540541,52.91,68.67,43.52,37.15,48.21,43.52,24.37,30.69,44.27,1.57,2.99,34.41,2.46,3.41,41.97,23.89,31.81,42.88,9.64,12.92,42.73,0.69,1.17,36.84,18.99,25.19,42.98,0.78,1.57,33.33,44.96,58.68,43.38,0.28,0.92,23.53,6.43,90.27,0.967,5.73,10.87,9.54,45.37,37.50,15.08,15.56,19.53,43.56
357,8477369,Carson Soucy,NYI,D,https://assets.nhle.com/mugs/nhl/20252026/NYI/8477369.png,https://assets.nhle.com/logos/nhl/svg/NYI_light.svg,7,carsonsoucy,76.0,1255.4666666667,16.519298245614,47.5,63.37,42.84,33.93,46.21,42.34,21.31,29.87,41.64,1.86,2.77,40.21,2.31,3.27,41.4,21.94,30.06,42.19,9.08,13.05,41.04,0.81,1.24,39.53,17.14,22.68,43.04,0.83,1.27,39.39,39.35,51.22,43.45,0.62,0.83,42.86,8.74,90.72,0.995,4.97,10.8,9.41,56.87,34.55,13.62,17.01,18.02,43.05
358,8476927,Teddy Blueger,VAN,C,https://assets.nhle.com/mugs/nhl/20252026/VAN/8476927.png,https://assets.nhle.com/logos/nhl/svg/VAN_light.svg,73,teddyblueger,35.0,577.91666666667,16.511904761905,42.98,62.6,40.71,31.98,47.13,40.42,21.8,32.81,39.92,2.7,4.88,35.62,2.18,3.68,37.22,20.04,34.36,36.83,9.14,14.64,38.43,0.83,2.8,22.86,14.53,26.3,35.59,1.94,1.38,58.33,32.69,56.09,36.82,0.45,1.5,23.08,12.38,85.13,0.975,5.19,14.33,17.13,43.29,23.26,9.45,18.27,30.11,23.88
359,8475168,Matt Duchene,DAL,C,https://assets.nhle.com/mugs/nhl/20252026/DAL/8475168.png,https://assets.nhle.com/logos/nhl/svg/DAL_light.svg,95,mattduchene,57.0,941.05,16.509649122807,56.75,52.86,51.77,41.12,37.49,52.31,27.48,24.93,52.43,4.65,3.32,58.40,3.85,2.76,58.23,31.75,24.48,56.46,14.22,9.44,60.11,2.55,1.21,67.80,23.38,20.06,53.82,1.7,1.36,55.56,47.89,40.89,53.94,1.01,0.74,57.89,16.94,86.7,1.036,11.86,9.37,5.67,42.27,67.64,23.14,14.79,12.88,64.25
360,8482809,Jackson Blake,CAR,R,https://assets.nhle.com/mugs/nhl/20252026/CAR/8482809.png,https://assets.nhle.com/logos/nhl/svg/CAR_light.svg,53,jacksonblake,81.0,1336.4333333333,16.499176954733,74.48,41.8,64.05,53.56,32.01,62.59,33.4,22.09,60.19,3.59,2.51,58.82,4.27,2.61,62.06,39.51,21.46,64.8,16.3,9.7,62.69,1.93,1.17,62.32,30.95,15.68,66.37,1.68,1.14,59.57,58.56,29.57,66.45,0.52,0.32,61.54,10.75,88.62,0.994,11.85,10.82,2.65,43.5,81.73,23.75,16.3,8.58,73.47
361,8480878,Nils Lundkvist,DAL,D,https://assets.nhle.com/mugs/nhl/20252026/DAL/8480878.png,https://assets.nhle.com/logos/nhl/svg/DAL_light.svg,5,nilslundkvist,52.0,857.03333333333,16.48141025641,50.83,52.65,49.12,36.26,37.03,49.47,23.73,23.87,49.85,2.8,1.82,60.61,2.62,2.33,52.9,25.41,23.87,51.56,11.27,9.87,53.31,1.47,0.77,65.63,18.86,18.67,50.25,1.31,0.75,63.64,41.87,46.62,47.31,0.51,0.61,45.45,11.80,92.38,1.042,6.3,15.68,8.4,45.02,42.86,15.05,20.79,18.62,44.7
362,8476429,Scott Mayfield,NYI,D,https://assets.nhle.com/mugs/nhl/20252026/NYI/8476429.png,https://assets.nhle.com/logos/nhl/svg/NYI_light.svg,24,scottmayfield,80.0,1317.6833333333,16.471041666667,45.58,61.61,42.52,33.79,43.39,43.78,21.95,27.78,44.14,2.0,2.78,41.90,2.47,3.33,42.58,21.9,31.33,41.15,9.65,13.52,41.65,0.82,1.09,42.86,16.33,23.74,40.76,1.21,1.58,43.48,37.03,46.37,44.4,0.26,0.72,26.67,9.13,90.0,0.991,5.87,10.79,7.47,55.6,44.03,13.43,17.17,15.44,46.53
363,8484148,Oliver Bonk,PHI,D,https://assets.nhle.com/mugs/nhl/20252026/PHI/8484148.png,https://assets.nhle.com/logos/nhl/svg/PHI_light.svg,59,oliverbonk,1.0,16.466666666667,16.466666666667,40.08,69.23,36.67,32.79,47.37,40.91,25.51,29.15,46.67,10.93,7.29,60.00,1.66,2.83,36.95,14.57,18.22,44.44,7.29,10.93,40.00,7.29,7.29,50.00,9.72,9.72,50.0,0.0,0.0,-,42.11,63.16,40.0,5.26,0.0,100.00,42.86,75.0,1.179,14.57,3.64,3.64,76.52,80.00,14.57,7.29,7.29,66.67
364,8484911,Collin Graf,SJS,R,https://assets.nhle.com/mugs/nhl/20252026/SJS/8484911.png,https://assets.nhle.com/logos/nhl/svg/SJS_light.svg,51,collingraf,81.0,1331.8666666667,16.442798353909,42.93,66.81,39.12,31.22,48.83,39.0,20.54,31.94,39.14,2.66,3.06,46.46,2.63,3.66,41.78,22.57,32.71,40.83,10.54,14.64,41.86,1.49,1.4,51.56,16.04,24.09,39.97,0.9,1.5,37.50,32.99,62.73,34.47,0.59,0.59,50.00,12.94,90.41,1.033,8.74,10.86,13.42,39.37,39.43,14.78,14.46,25.23,36.94
365,8477955,Jared McCann,SEA,L,https://assets.nhle.com/mugs/nhl/20252026/SEA/8477955.png,https://assets.nhle.com/logos/nhl/svg/SEA_light.svg,19,jaredmccann,52.0,854.56666666667,16.433974358974,68.32,52.38,56.6,53.71,39.04,57.91,33.7,24.5,57.9,3.79,3.09,55.10,4.39,2.8,61.07,33.98,21.62,61.11,14.67,8.57,63.14,1.9,1.19,61.36,25.74,17.41,59.65,1.12,1.59,41.38,64.5,43.51,59.72,1.22,0.51,70.59,11.25,87.39,0.986,16.85,11.87,6.11,43.39,73.39,29.77,15.17,13.13,69.39
366,8475169,Evander Kane,VAN,L,https://assets.nhle.com/mugs/nhl/20252026/VAN/8475169.png,https://assets.nhle.com/logos/nhl/svg/VAN_light.svg,91,evanderkane,71.0,1165.4833333333,16.415258215962,61.21,60.18,50.42,44.48,45.05,49.68,27.9,29.7,48.44,2.78,3.24,46.15,3.37,3.45,49.39,28.83,30.53,48.57,13.75,13.44,50.57,1.49,1.29,53.70,20.11,22.79,46.88,1.03,1.3,44.12,54.51,46.62,53.9,0.67,0.89,42.86,9.96,89.08,0.99,11.79,10.4,7.41,42.32,61.39,21.62,14.11,15.7,57.93
367,8476455,Gabriel Landeskog,COL,L,https://assets.nhle.com/mugs/nhl/20252026/COL/8476455.png,https://assets.nhle.com/logos/nhl/svg/COL_light.svg,92,gabriellandeskog,60.0,984.81666666667,16.413611111111,75.0,50.93,59.55,55.32,37.47,59.62,37.65,25.04,60.06,4.69,2.01,70.00,4.68,2.58,64.48,36.68,23.46,60.99,15.41,10.72,58.97,2.01,1.22,62.26,28.35,16.98,62.54,1.79,0.57,75.86,69.87,43.91,61.41,1.85,0.44,80.77,12.46,91.97,1.044,13.59,10.97,7.19,41.25,65.40,26.69,17.12,17.61,60.25
368,8477444,Andre Burakovsky,CHI,L,https://assets.nhle.com/mugs/nhl/20252026/CHI/8477444.png,https://assets.nhle.com/logos/nhl/svg/CHI_light.svg?season=20252026,95,andreburakovsky,75.0,1231.6833333333,16.422444444444,59.72,57.04,51.15,44.23,44.18,50.03,29.33,29.72,49.67,3.02,3.65,45.26,3.24,3.13,50.84,31.13,29.72,51.16,12.18,13.35,47.71,1.51,1.56,49.21,25.27,21.82,53.66,1.43,1.95,42.31,51.15,40.67,55.71,0.56,0.7,44.44,10.30,87.7,0.98,13.25,12.08,4.04,42.33,76.62,22.94,16.32,10.47,68.66
369,8484304,Uvis Balinskis,FLA,D,https://assets.nhle.com/mugs/nhl/20252026/FLA/8484304.png,https://assets.nhle.com/logos/nhl/svg/FLA_light.svg,26,uvisbalinskis,54.0,884.05,16.371296296296,59.66,51.85,53.5,42.76,38.82,52.41,27.76,23.14,54.53,2.71,3.05,47.06,3.13,2.82,52.65,29.46,24.23,54.87,11.27,10.59,51.55,1.22,1.63,42.86,24.25,18.19,57.14,1.27,1.27,50.00,49.51,44.21,52.82,0.59,0.69,46.15,9.78,86.8,0.966,11.13,12.9,6.11,46.97,64.57,22.06,20.7,13.57,61.9
370,8476826,Yanni Gourde,TBL,C,https://assets.nhle.com/mugs/nhl/20252026/TBL/8476826.png,https://assets.nhle.com/logos/nhl/svg/TBL_light.svg,37,yannigourde,82.0,1342.0,16.365853658537,49.05,52.58,48.26,34.87,38.76,47.36,21.64,25.44,45.96,1.83,2.86,39.05,2.5,2.82,47.01,22.44,24.68,47.63,9.93,11.04,47.33,0.89,1.39,39.22,16.69,18.18,47.86,0.89,1.07,45.45,38.43,51.34,42.81,0.32,0.9,26.32,8.47,88.75,0.972,7.11,16.32,12.65,41.04,35.97,12.03,20.3,20.92,36.5
371,8483468,Jiri Kulich,BUF,C,https://assets.nhle.com/mugs/nhl/20252026/BUF/8483468.png,https://assets.nhle.com/logos/nhl/svg/BUF_light.svg,20,jirikulich,12.0,196.36666666667,16.363888888889,67.22,61.11,52.38,45.22,42.47,51.57,30.25,29.03,51.03,2.14,3.36,38.89,3.02,3.08,49.5,29.33,29.03,50.26,9.78,12.83,43.24,1.22,2.75,30.77,26.07,21.59,54.7,1.22,0.41,75.00,61.35,48.55,55.82,0.0,0.44,0.00,7.07,88.42,0.955,14.36,12.22,11.31,45.22,55.95,25.06,15.28,17.11,59.42
372,8481030,Jack St. Ivany,PIT,D,https://assets.nhle.com/mugs/nhl/20252026/PIT/8481030.png,https://assets.nhle.com/logos/nhl/svg/PIT_light.svg,6,jackstivany,20.0,326.51666666667,16.325833333333,52.74,62.48,45.77,39.14,45.02,46.51,24.07,27.93,46.29,2.76,2.21,55.56,2.36,3.07,43.47,26.46,29.59,47.21,10.47,11.76,47.11,1.1,0.74,60.00,21.32,23.77,47.28,2.21,1.47,60.00,39.81,56.54,41.32,0.0,0.53,0.00,11.45,92.11,1.036,3.12,11.39,7.9,44.65,28.33,14.15,17.82,20.03,41.4
373,8473512,Claude Giroux,OTT,R,https://assets.nhle.com/mugs/nhl/20252026/OTT/8473512.png,https://assets.nhle.com/logos/nhl/svg/OTT_light.svg,28,claudegiroux,82.0,1336.7833333333,16.302235772358,61.13,48.56,55.73,45.56,34.96,56.58,30.52,22.85,57.19,3.95,2.78,58.67,3.59,3.27,52.32,30.43,23.12,56.83,13.55,10.14,57.20,2.2,1.39,61.25,22.5,17.3,56.54,1.14,1.08,51.35,54.26,40.33,57.37,0.97,0.78,55.56,12.94,87.82,1.008,12.97,13.2,15.26,48.79,45.95,21.36,17.24,23.88,47.22
374,8479985,Cale Fleury,SEA,D,https://assets.nhle.com/mugs/nhl/20252026/SEA/8479985.png,https://assets.nhle.com/logos/nhl/svg/SEA_light.svg,8,calefleury,23.0,374.8,16.295652173913,44.02,63.87,40.8,33.78,44.34,43.24,21.61,28.5,43.13,2.24,2.24,50.00,2.12,2.72,43.82,19.69,26.89,42.27,8.8,12.01,42.31,1.44,1.44,50.00,14.51,19.85,42.24,0.21,1.07,16.67,33.53,59.2,36.16,0.92,0.0,100.00,10.37,92.13,1.025,4.0,10.57,7.84,52.83,33.78,10.09,17.77,19.69,33.87
375,8480220,Noah Cates,PHI,L,https://assets.nhle.com/mugs/nhl/20252026/PHI/8480220.png,https://assets.nhle.com/logos/nhl/svg/PHI_light.svg,27,noahcates,82.0,1331.95,16.243292682927,51.94,50.59,50.66,38.24,36.04,51.49,25.77,21.85,54.12,3.33,1.98,62.71,3.36,2.43,58.09,25.9,22.88,53.09,11.62,9.19,55.84,1.35,0.72,65.22,19.04,18.26,51.05,1.5,0.96,60.98,43.01,46.26,48.18,0.85,0.78,52.00,12.94,90.93,1.039,11.85,12.97,10.27,48.65,53.56,19.73,18.15,18.38,51.77
376,8477964,Ivan Barbashev,VGK,L,https://assets.nhle.com/mugs/nhl/20252026/VGK/8477964.png,https://assets.nhle.com/logos/nhl/svg/VGK_light.svg,49,ivanbarbashev,82.0,1331.8333333333,16.241869918699,62.08,54.96,53.04,46.27,38.92,54.31,31.04,23.7,56.71,3.83,2.57,59.86,3.3,2.61,55.8,30.59,25.95,54.1,13.15,9.37,58.40,1.98,1.26,61.11,23.25,22.1,51.26,1.2,1.08,52.63,52.12,43.21,54.68,1.11,0.65,62.96,12.34,89.16,1.015,12.39,10.77,6.04,43.52,67.24,22.98,15.5,14.1,61.97
377,8477845,Trevor van Riemsdyk,WSH,D,https://assets.nhle.com/mugs/nhl/20252026/WSH/8477845.png,https://assets.nhle.com/logos/nhl/svg/WSH_secondary_light.svg,57,trevorvanriemsdyk,68.0,1104.3,16.239705882353,50.53,64.38,43.97,36.19,44.61,44.79,23.15,28.69,44.65,2.39,2.72,46.81,2.87,3.4,45.78,25.1,29.72,45.79,12.17,13.37,47.66,1.41,1.47,49.06,17.24,21.81,44.16,0.8,0.8,50.00,39.01,55.64,41.21,0.55,0.94,36.84,10.33,90.53,1.009,3.86,11.57,9.62,47.65,28.63,11.68,19.23,19.45,37.52
378,8484223,Axel Sandin-Pellikka,DET,D,https://assets.nhle.com/mugs/nhl/20252026/DET/8484223.png,https://assets.nhle.com/logos/nhl/svg/DET_light.svg?season=20252026,44,axelsandinpellikka,68.0,1102.3333333333,16.210784313725,61.94,54.32,53.28,44.9,39.95,52.92,28.25,25.15,52.91,2.39,3.05,44.00,3.22,2.82,53.29,27.7,27.21,50.45,12.74,12.3,50.87,1.2,1.47,44.90,19.96,19.89,50.09,0.87,1.16,42.86,56.76,43.56,56.58,0.79,0.94,45.45,8.48,87.88,0.964,9.8,10.29,8.38,47.19,53.89,21.66,15.89,16.33,57.02
379,8473533,Jordan Staal,CAR,C,https://assets.nhle.com/mugs/nhl/20252026/CAR/8473533.png,https://assets.nhle.com/logos/nhl/svg/CAR_light.svg,11,jordanstaal,75.0,1214.0666666667,16.187555555556,65.04,52.83,55.18,47.15,38.8,54.86,28.86,24.96,53.63,3.26,3.51,48.18,3.51,3.41,50.74,29.5,28.37,50.98,13.05,12.7,50.67,1.38,2.03,40.58,21.94,20.89,51.23,1.32,1.25,51.28,62.82,48.76,56.3,1.07,0.71,60.00,11.30,85.94,0.972,15.42,17.69,18.73,32.12,45.15,26.0,23.33,30.25,46.22
380,8475462,Radko Gudas,ANA,D,https://assets.nhle.com/mugs/nhl/20252026/ANA/8475462.png,https://assets.nhle.com/logos/nhl/svg/ANA_light.svg,6,radkogudas,56.0,906.25,16.183035714286,62.17,64.55,49.06,44.69,46.61,48.95,27.14,29.53,47.9,2.38,3.31,41.86,2.93,3.26,47.37,28.6,33.7,45.91,12.98,13.18,49.62,1.32,1.39,48.78,20.83,27.37,43.22,0.79,1.85,30.00,48.1,50.97,48.55,0.67,0.67,50.00,8.78,88.79,0.976,5.03,11.65,7.15,53.89,41.30,13.64,17.08,16.49,45.27
381,8477919,Frederick Gaudreau,SEA,C,https://assets.nhle.com/mugs/nhl/20252026/SEA/8477919.png,https://assets.nhle.com/logos/nhl/svg/SEA_light.svg,89,frederickgaudreau,,,,,,,,,,,,,,,,,,,,,,,,,,,,,,,,,,,,,,,,,,,,,,,,,,,
382,8475768,Jaden Schwartz,SEA,L,https://assets.nhle.com/mugs/nhl/20252026/SEA/8475768.png,https://assets.nhle.com/logos/nhl/svg/SEA_light.svg,71,jadenschwartz,50.0,807.03333333333,16.140666666667,53.75,61.11,46.8,38.21,44.24,46.35,24.46,28.7,46.01,2.9,2.6,52.70,2.98,3.14,48.71,23.87,27.66,46.32,9.22,11.75,43.97,1.19,1.56,43.24,19.53,21.21,47.93,1.09,0.79,57.89,48.43,54.23,47.18,1.18,0.54,68.75,11.85,90.93,1.028,12.04,11.6,11.37,42.67,51.43,18.29,15.17,19.78,48.05
383,8484150,Hunter Brzustewicz,CGY,D,https://assets.nhle.com/mugs/nhl/20252026/CGY/8484150.png,https://assets.nhle.com/logos/nhl/svg/CGY_light.svg,48,hunterbrzustewicz,34.0,549.43333333333,16.159803921569,53.95,53.18,50.36,38.33,39.53,49.23,26.75,25.23,51.47,2.4,2.29,51.16,2.5,2.67,48.34,25.01,24.57,50.44,10.05,11.03,47.67,1.42,1.2,54.17,19.95,18.05,52.49,1.02,1.16,46.67,45.9,41.8,52.34,0.32,0.16,66.67,8.98,90.91,0.999,6.66,11.47,6.33,56.24,51.26,17.47,17.47,12.34,58.61
384,8478020,Michael Amadio,OTT,R,https://assets.nhle.com/mugs/nhl/20252026/OTT/8478020.png,https://assets.nhle.com/logos/nhl/svg/OTT_light.svg,22,michaelamadio,81.0,1305.7333333333,16.120164609054,51.01,55.42,47.93,37.86,38.51,49.58,24.81,24.49,50.33,2.89,2.71,51.64,3.0,2.7,52.6,24.12,25.87,48.25,11.07,10.57,51.17,1.7,1.42,54.41,17.4,20.4,46.03,0.8,1.16,40.63,37.7,48.19,43.89,0.53,0.6,47.06,11.67,88.93,1.006,6.2,15.58,12.18,52.06,33.75,9.79,20.49,22.24,30.56
385,8476432,Boone Jenner,CBJ,C,https://assets.nhle.com/mugs/nhl/20252026/CBJ/8476432.png,https://assets.nhle.com/logos/nhl/svg/CBJ_light.svg,22,boonejenner,67.0,1077.3166666667,16.079353233831,63.32,63.88,49.78,42.83,46.0,48.21,28.57,29.41,49.28,2.78,3.12,47.17,3.25,3.5,48.1,30.02,29.68,50.28,12.48,13.48,48.07,1.45,1.34,52.00,23.39,21.61,51.98,0.97,1.19,44.83,51.0,53.9,48.62,0.64,1.05,38.10,9.75,89.39,0.991,8.91,11.31,10.92,44.95,44.94,17.6,16.26,19.99,46.81
386,8479351,Sam Steel,DAL,C,https://assets.nhle.com/mugs/nhl/20252026/DAL/8479351.png,https://assets.nhle.com/logos/nhl/svg/DAL_light.svg,18,samsteel,73.0,1172.5333333333,16.062100456621,44.93,59.67,42.95,32.6,42.63,43.33,21.08,28.04,42.92,2.41,2.71,47.00,2.56,3.31,43.65,24.0,29.07,45.23,10.29,12.18,45.79,1.18,1.18,50.00,18.29,22.52,44.82,0.89,1.3,40.63,35.7,50.48,41.42,0.74,0.67,52.63,11.41,90.33,1.017,8.65,12.03,11.05,44.52,43.90,15.76,16.58,19.34,44.9
387,8481068,Yegor Sharangovich,CGY,C,https://assets.nhle.com/mugs/nhl/20252026/CGY/8481068.png,https://assets.nhle.com/logos/nhl/svg/CGY_light.svg,17,yegorsharangovich,78.0,1251.4333333333,16.044017094017,61.27,59.21,50.86,42.91,42.77,50.08,28.77,29.63,49.26,2.49,3.21,43.70,2.98,3.39,46.8,26.71,30.21,46.93,11.41,12.95,46.85,1.25,1.58,44.07,20.39,23.01,46.98,1.02,1.21,45.71,53.88,46.61,53.62,0.55,0.69,44.44,8.67,89.16,0.978,10.4,10.36,7.19,48.95,59.13,19.95,15.05,15.39,56.45
388,8480009,Eeli Tolvanen,SEA,R,https://assets.nhle.com/mugs/nhl/20252026/SEA/8480009.png,https://assets.nhle.com/logos/nhl/svg/SEA_light.svg,17,eelitolvanen,78.0,1251.2833333333,16.042094017094,55.72,65.98,45.78,40.13,47.47,45.81,26.18,30.35,46.31,2.78,3.6,43.61,2.79,3.67,43.18,24.55,31.07,44.14,9.11,13.38,40.51,1.05,1.68,38.60,20.59,23.59,46.6,1.02,1.15,47.06,53.05,60.26,46.82,1.32,1.39,48.72,10.62,88.15,0.988,11.12,10.93,14.05,44.21,44.19,19.04,14.67,24.6,43.63
389,8481719,Max Crozier,TBL,D,https://assets.nhle.com/mugs/nhl/20252026/TBL/8481719.png,https://assets.nhle.com/logos/nhl/svg/TBL_light.svg,24,maxcrozier,35.0,560.4,16.011428571429,53.32,50.54,51.34,38.97,37.37,51.05,24.2,25.59,48.6,2.57,2.57,50.00,2.65,2.77,48.87,25.91,23.23,52.72,11.56,11.56,50.00,1.28,1.61,44.44,19.13,15.56,55.14,1.14,1.28,47.06,44.69,45.93,49.32,0.62,0.0,100.00,10.62,89.96,1.006,7.17,9.96,6.42,50.54,52.76,17.24,14.56,14.13,54.95
390,8484210,Gabe Perreault,NYR,R,https://assets.nhle.com/mugs/nhl/20252026/NYR/8484210.png,https://assets.nhle.com/logos/nhl/svg/NYR_light.svg,94,gabeperreault,49.0,783.33333333333,15.986394557823,54.77,53.62,50.53,40.14,41.59,49.11,26.81,25.74,51.02,3.29,2.45,57.33,3.05,2.9,51.27,29.34,25.51,53.49,12.71,10.57,54.61,1.84,1.07,63.16,22.16,19.91,52.67,1.12,1.33,45.83,45.69,43.37,51.3,0.89,0.55,61.54,12.29,90.48,1.028,11.41,15.01,6.74,42.66,62.87,19.76,20.76,15.17,56.58
391,8482175,JJ Peterka,UTA,R,https://assets.nhle.com/mugs/nhl/20252026/UTA/8482175.png,https://assets.nhle.com/logos/nhl/svg/UTA_light.svg?season=20252026,10,jjpeterka,82.0,1310.7166666667,15.984349593496,64.5,49.44,56.61,46.51,36.8,55.82,29.57,23.67,55.55,3.02,2.24,57.39,3.23,2.86,53.03,30.21,24.49,55.23,12.08,9.75,55.35,1.24,1.05,54.00,24.17,19.65,55.15,1.1,1.16,48.65,57.0,37.29,60.45,1.32,0.2,86.96,10.22,90.52,1.007,13.28,12.68,5.49,44.68,70.73,21.93,16.94,11.72,65.17
392,8481527,Kaedan Korczak,VGK,D,https://assets.nhle.com/mugs/nhl/20252026/VGK/8481527.png,https://assets.nhle.com/logos/nhl/svg/VGK_light.svg,6,kaedankorczak,78.0,1245.5166666667,15.968162393162,54.53,52.75,50.83,38.63,36.42,51.48,24.47,21.87,52.81,2.55,2.5,50.48,2.5,2.23,52.87,28.13,25.05,52.9,12.28,8.86,58.09,1.49,1.3,53.45,21.13,21.58,49.47,1.03,0.71,59.26,40.85,42.45,49.04,0.42,0.97,30.00,10.43,88.55,0.99,6.46,12.04,6.55,52.99,49.63,15.56,17.2,14.16,52.35
393,8479402,Jake Bean,CGY,D,https://assets.nhle.com/mugs/nhl/20252026/CGY/8479402.png,https://assets.nhle.com/logos/nhl/svg/CGY_light.svg,24,jakebean,16.0,255.26666666667,15.954166666667,64.17,55.94,53.42,45.6,37.37,54.96,31.26,25.39,55.19,1.65,3.53,31.82,2.86,2.52,53.17,29.62,27.03,52.28,13.16,12.93,50.45,0.94,1.65,36.36,21.94,18.8,53.85,0.63,1.88,25.00,51.61,47.19,52.23,0.34,0.68,33.33,5.26,86.11,0.914,6.35,10.11,7.99,63.7,44.26,15.51,16.45,13.63,53.23
394,8481607,Albert Johansson,DET,D,https://assets.nhle.com/mugs/nhl/20252026/DET/8481607.png,https://assets.nhle.com/logos/nhl/svg/DET_light.svg?season=20252026,20,albertjohansson,82.0,1307.0666666667,15.939837398374,49.67,65.28,43.21,35.35,46.82,43.02,21.99,30.62,41.8,1.7,3.4,33.33,2.37,3.27,42.03,23.14,31.03,42.71,9.73,12.81,43.18,1.01,1.74,36.67,17.87,24.3,42.38,0.49,1.41,25.81,42.77,55.76,43.41,0.27,0.8,25.00,7.72,88.91,0.966,6.7,9.69,10.7,54.08,38.52,16.3,15.38,20.47,44.32
395,8482259,Bobby McMann,SEA,C,https://assets.nhle.com/mugs/nhl/20252026/SEA/8482259.png,https://assets.nhle.com/logos/nhl/svg/SEA_light.svg,74,bobbymcmann,78.0,1242.65,15.93141025641,58.42,61.71,48.63,43.31,46.84,48.04,28.63,29.55,49.21,3.24,3.14,50.76,2.95,3.13,48.49,26.27,29.02,47.51,11.11,11.78,48.52,1.74,1.16,60.00,20.21,22.98,46.8,1.09,1.16,48.57,51.61,50.7,50.44,0.77,1.05,42.31,11.30,89.38,1.007,10.19,12.94,8.69,43.94,53.96,17.96,18.01,18.11,49.8
396,8480887,Jordan Harris,BOS,D,https://assets.nhle.com/mugs/nhl/20252026/BOS/8480887.png,https://assets.nhle.com/logos/nhl/svg/BOS_light.svg?season=20252026,43,jordanharris,8.0,127.18333333333,15.897916666667,57.55,49.06,53.98,43.4,34.44,55.76,25.95,22.64,53.4,1.89,2.83,40.00,2.34,2.19,51.68,26.42,20.29,56.57,9.44,9.44,50.00,0.0,2.36,0.00,22.64,14.47,61.02,1.89,0.0,100.00,44.29,42.93,50.78,0.68,0.68,50.00,7.27,87.5,0.948,4.25,13.21,5.19,56.14,45.00,10.38,19.34,15.1,40.74
397,8480459,Pius Suter,STL,C,https://assets.nhle.com/mugs/nhl/20252026/STL/8480459.png,https://assets.nhle.com/logos/nhl/svg/STL_light.svg?season=20252026,22,piussuter,64.0,1017.2,15.89375,52.14,56.69,47.91,39.52,42.35,48.27,26.78,26.78,50.0,2.77,2.18,55.95,3.17,3.13,50.32,25.19,26.48,48.74,12.15,11.5,51.37,1.47,1.18,55.56,17.38,19.98,46.53,0.94,0.94,50.00,40.81,50.52,44.68,0.68,0.43,61.54,10.35,91.85,1.022,8.08,12.15,11.44,48.19,41.39,13.57,16.4,20.11,40.28
398,8484999,Ilya Protas,WSH,L,https://assets.nhle.com/mugs/nhl/20252026/WSH/8484999.png,https://assets.nhle.com/logos/nhl/svg/WSH_secondary_light.svg,62,ilyaprotas,4.0,63.566666666667,15.891666666667,68.9,50.03,57.94,47.19,36.81,56.18,33.04,23.6,58.33,3.78,1.89,66.67,4.7,2.61,64.26,40.59,25.49,61.43,16.99,12.27,58.06,2.83,0.94,75.00,31.46,17.62,64.1,1.26,1.26,50.00,58.63,40.9,58.9,0.0,0.0,-,11.43,92.0,1.034,8.5,8.5,12.27,43.42,40.91,26.43,12.27,24.54,51.85
399,8484145,Zach Benson,BUF,L,https://assets.nhle.com/mugs/nhl/20252026/BUF/8484145.png,https://assets.nhle.com/logos/nhl/svg/BUF_light.svg,6,zachbenson,65.0,1032.7,15.887692307692,62.57,51.3,54.95,46.71,37.59,55.41,30.79,24.75,55.44,4.18,2.21,65.45,3.97,2.9,57.79,31.66,26.44,54.5,15.75,11.74,57.29,2.21,1.22,64.41,21.23,19.6,51.99,1.47,0.93,61.29,49.6,39.36,55.75,1.01,0.25,80.00,13.58,91.08,1.047,10.52,13.3,8.54,45.67,55.18,19.0,17.49,15.11,55.71
400,8482659,Josh Doan,BUF,R,https://assets.nhle.com/mugs/nhl/20252026/BUF/8482659.png,https://assets.nhle.com/logos/nhl/svg/BUF_light.svg,91,joshdoan,82.0,1301.05,15.866463414634,68.34,50.41,57.55,52.16,38.32,57.65,33.16,25.0,57.02,4.24,2.95,58.97,4.26,2.76,60.63,33.48,22.32,60.0,15.77,10.28,60.53,2.26,1.43,61.25,23.61,16.05,59.53,1.66,1.54,51.92,60.48,44.5,57.61,0.8,0.27,75.00,12.80,88.19,1.01,15.4,12.73,8.99,40.81,63.14,26.24,16.56,16.69,61.12
401,8480064,Josh Norris,BUF,C,https://assets.nhle.com/mugs/nhl/20252026/BUF/8480064.png,https://assets.nhle.com/logos/nhl/svg/BUF_light.svg,9,joshnorris,44.0,697.11666666667,15.843560606061,70.58,47.94,59.55,55.43,35.03,61.27,36.15,23.58,60.52,5.16,2.5,67.42,4.94,2.63,65.31,36.49,22.38,61.99,17.39,9.9,63.72,2.5,1.38,64.44,25.48,16.64,60.49,2.52,0.69,78.57,64.27,44.26,59.22,0.99,0.5,66.67,14.29,89.42,1.037,17.13,13.0,10.16,37.78,62.78,28.06,17.9,18.94,59.71
402,8478463,Anthony Beauvillier,WSH,R,https://assets.nhle.com/mugs/nhl/20252026/WSH/8478463.png,https://assets.nhle.com/logos/nhl/svg/WSH_secondary_light.svg,72,anthonybeauvillier,82.0,1295.3666666667,15.797154471545,56.6,63.41,47.16,42.06,45.99,47.76,27.61,29.46,48.38,2.73,2.73,50.00,3.16,3.42,48.05,27.37,30.94,46.94,12.23,13.85,46.89,1.39,1.44,49.18,20.2,22.79,46.98,0.99,1.17,45.71,46.77,49.31,48.68,0.54,0.54,50.00,9.90,90.72,1.006,9.08,11.44,7.83,48.36,53.70,16.07,14.91,15.19,51.41
403,8478458,Jack Roslovic,EDM,C,https://assets.nhle.com/mugs/nhl/20252026/EDM/8478458.png,https://assets.nhle.com/logos/nhl/svg/EDM_light.svg,96,jackroslovic,69.0,1088.1333333333,15.770048309179,65.29,53.38,55.02,48.03,39.98,54.57,32.81,24.04,57.71,3.31,3.09,51.72,3.25,2.87,53.13,31.54,27.4,53.51,12.57,11.58,52.05,1.27,1.32,48.94,25.29,21.1,54.52,1.54,1.47,51.22,59.42,40.86,59.25,1.27,0.8,61.54,10.08,87.16,0.972,12.24,12.08,6.95,40.97,63.79,23.99,16.21,13.51,63.97
404,8484188,Theo Lindstein,STL,D,https://assets.nhle.com/mugs/nhl/20252026/STL/8484188.png,https://assets.nhle.com/logos/nhl/svg/STL_light.svg?season=20252026,4,theolindstein,17.0,267.93333333333,15.760784313725,56.66,53.07,51.63,38.96,37.85,50.73,28.22,24.19,53.85,2.46,1.12,68.75,2.86,2.22,56.25,27.99,24.86,52.97,10.75,11.2,48.98,1.12,0.67,62.50,22.99,18.21,55.8,1.19,0.6,66.67,43.99,44.31,49.82,0.65,0.0,100.00,8.73,95.37,1.041,7.39,14.78,8.51,50.83,46.48,15.45,19.26,18.36,45.7
405,8480950,Ilya Lyubushkin,DAL,D,https://assets.nhle.com/mugs/nhl/20252026/DAL/8480950.png,https://assets.nhle.com/logos/nhl/svg/DAL_light.svg,46,ilyalyubushkin,53.0,834.25,15.740566037736,39.92,61.92,39.19,29.2,42.29,40.85,19.99,27.55,42.06,1.87,2.45,43.33,2.1,3.0,41.2,18.48,28.77,39.12,8.34,11.58,41.88,0.86,1.01,46.15,13.52,22.92,37.11,0.96,1.15,45.45,32.41,53.4,37.77,0.31,0.83,27.27,9.35,91.12,1.005,3.6,13.02,8.77,51.14,29.07,9.49,18.77,19.35,32.92
406,8482861,Vincent Iorio,NYR,D,https://assets.nhle.com/mugs/nhl/20252026/NYR/8482861.png,https://assets.nhle.com/logos/nhl/svg/NYR_light.svg,6,vincentiorio,27.0,424.9,15.737037037037,46.74,64.53,42.01,33.33,47.31,41.33,21.89,32.48,40.26,2.4,3.11,43.59,2.23,3.62,38.17,24.57,33.18,42.54,11.16,15.67,41.58,1.55,1.41,52.38,17.89,23.35,43.38,0.75,0.94,44.44,37.53,48.95,43.4,0.41,1.43,22.22,10.97,90.43,1.014,6.5,11.72,8.19,46.32,44.23,14.4,17.23,16.24,47.0
407,8479385,Jordan Kyrou,STL,R,https://assets.nhle.com/mugs/nhl/20252026/STL/8479385.png,https://assets.nhle.com/logos/nhl/svg/STL_light.svg?season=20252026,25,jordankyrou,72.0,1132.6166666667,15.730787037037,61.4,44.13,58.18,43.97,32.84,57.24,29.98,22.51,57.11,3.28,2.7,54.87,3.45,2.27,60.33,34.17,19.34,63.86,12.71,8.0,61.38,1.43,1.48,49.09,28.61,15.12,65.43,1.77,0.78,69.44,51.8,35.66,59.23,0.77,0.69,52.63,10.95,88.0,0.99,13.35,11.92,4.4,47.84,75.22,24.42,16.42,9.64,71.7
408,8482641,Matt Kiersted,MIN,D,https://assets.nhle.com/mugs/nhl/20252026/MIN/8482641.png,https://assets.nhle.com/logos/nhl/svg/MIN_light.svg,26,mattkiersted,6.0,94.366666666667,15.727777777778,39.42,69.3,36.26,29.25,50.87,36.51,19.07,31.16,37.97,1.91,2.54,42.86,2.26,4.0,36.13,19.71,38.78,33.7,8.27,15.26,35.14,0.0,1.91,0.00,15.26,31.37,32.73,1.7,0.85,66.67,30.31,54.19,35.87,0.0,0.0,-,10.00,91.84,1.018,9.54,8.27,13.35,42.6,41.67,16.53,16.53,21.62,43.33
409,8484839,Harrison Brunicke,PIT,D,https://assets.nhle.com/mugs/nhl/20252026/PIT/8484839.png,https://assets.nhle.com/logos/nhl/svg/PIT_light.svg,45,harrisonbrunicke,9.0,141.43333333333,15.714814814815,54.73,56.85,49.05,38.18,39.03,49.45,25.45,26.3,49.18,1.7,3.39,33.33,2.97,2.85,50.97,28.0,28.42,49.62,14.42,14.85,49.28,0.85,1.7,33.33,18.1,18.1,50.0,0.57,1.7,25.00,36.77,45.96,44.44,0.61,0.61,50.00,6.67,87.1,0.938,6.36,11.03,3.82,51.33,62.50,13.58,15.27,12.73,51.61
410,8480870,Bo Groulx,TOR,C,https://assets.nhle.com/mugs/nhl/20252026/TOR/8480870.png,https://assets.nhle.com/logos/nhl/svg/TOR_light.svg,29,bogroulx,13.0,204.0,15.692307692308,36.47,84.41,30.17,27.06,63.24,29.97,17.94,39.12,31.44,3.24,2.65,55.00,1.9,5.09,27.23,16.76,44.41,27.4,7.94,16.76,32.14,0.88,1.76,33.33,11.76,36.86,24.19,1.96,0.39,83.33,28.04,79.87,25.98,1.27,0.85,60.00,18.03,93.23,1.113,4.12,13.82,15.59,42.94,20.90,8.24,17.94,28.24,22.58
411,8475718,Justin Holl,STL,D,https://assets.nhle.com/mugs/nhl/20252026/STL/8475718.png,https://assets.nhle.com/logos/nhl/svg/STL_light.svg?season=20252026,4,justinholl,9.0,141.05,15.672222222222,54.02,49.77,52.05,36.16,37.86,48.85,25.1,23.82,51.3,3.4,1.28,72.73,3.08,2.19,58.5,28.5,21.69,56.78,11.06,10.21,52.00,2.55,0.43,85.71,23.25,15.31,60.29,0.57,0.57,50.00,36.25,47.31,43.38,0.61,0.61,50.00,13.56,94.64,1.082,4.68,9.36,5.96,52.75,44.00,12.76,14.46,13.19,49.18
412,8482666,Scott Morrow,NYR,D,https://assets.nhle.com/mugs/nhl/20252026/NYR/8482666.png,https://assets.nhle.com/logos/nhl/svg/NYR_light.svg,60,scottmorrow,29.0,454.4,15.668965517241,65.49,55.99,53.91,45.55,41.46,52.35,29.18,26.14,52.74,2.24,2.38,48.57,3.5,2.8,55.58,32.35,28.26,53.38,14.66,11.62,55.78,1.19,1.45,45.00,23.59,22.18,51.54,0.53,0.53,50.00,54.93,41.77,56.8,0.76,0.57,57.14,7.69,90.91,0.986,8.05,10.04,6.21,51.89,56.48,18.35,15.71,14.79,55.38
413,8477456,J.T. Compher,DET,L,https://assets.nhle.com/mugs/nhl/20252026/DET/8477456.png,https://assets.nhle.com/logos/nhl/svg/DET_light.svg?season=20252026,37,jtcompher,82.0,1284.7166666667,15.667276422764,52.12,68.61,43.17,37.78,48.62,43.73,24.66,30.68,44.56,2.29,3.6,38.89,2.58,3.54,42.15,23.12,33.72,40.67,9.9,13.4,42.48,1.12,2.01,35.82,17.62,27.09,39.42,0.87,1.18,42.42,45.27,62.0,42.2,0.54,1.01,34.78,9.28,88.28,0.976,8.55,12.61,13.78,45.35,38.28,15.51,16.39,24.47,38.79
414,8483425,Lian Bichsel,DAL,D,https://assets.nhle.com/mugs/nhl/20252026/DAL/8483425.png,https://assets.nhle.com/logos/nhl/svg/DAL_light.svg,6,lianbichsel,50.0,783.33333333333,15.666666666667,44.43,54.84,44.75,31.02,39.37,44.07,20.07,26.58,43.02,2.14,1.91,52.83,2.25,2.69,45.52,22.06,24.51,47.37,9.65,11.41,45.82,1.23,1.23,50.00,16.54,17.46,48.65,0.71,0.41,63.64,31.75,50.45,38.63,0.44,0.44,50.00,10.69,92.8,1.035,3.98,11.11,7.74,51.63,33.99,10.19,15.47,17.92,36.24
415,8476419,Jean-Gabriel Pageau,NYI,C,https://assets.nhle.com/mugs/nhl/20252026/NYI/8476419.png,https://assets.nhle.com/logos/nhl/svg/NYI_light.svg,44,jeangabrielpageau,74.0,1159.25,15.665540540541,47.77,68.73,41.0,36.02,51.34,41.23,22.57,33.9,39.96,2.54,3.78,40.16,2.67,4.81,35.69,23.5,35.97,39.51,10.3,16.98,37.76,1.45,1.81,44.44,17.6,25.33,41.0,0.9,1.66,35.14,41.49,57.94,41.73,0.52,0.97,35.00,11.24,88.85,1.001,9.83,12.58,16.61,42.86,37.18,16.87,18.01,28.67,37.05
416,8479372,Josh Mahura,SEA,D,https://assets.nhle.com/mugs/nhl/20252026/SEA/8479372.png,https://assets.nhle.com/logos/nhl/svg/SEA_light.svg,28,joshmahura,23.0,360.21666666667,15.661594202899,42.97,70.96,37.72,31.65,49.64,38.93,20.49,33.15,38.2,2.67,2.0,57.14,1.88,2.87,39.58,18.32,28.15,39.43,7.5,11.16,40.18,1.0,1.17,46.15,14.44,22.65,38.92,1.11,0.67,62.50,36.57,66.89,35.35,1.2,0.48,71.43,13.01,93.97,1.07,5.83,10.66,8.0,55.8,42.17,12.83,16.66,19.49,39.69
417,8482097,Jack Quinn,BUF,R,https://assets.nhle.com/mugs/nhl/20252026/BUF/8482097.png,https://assets.nhle.com/logos/nhl/svg/BUF_light.svg,22,jackquinn,82.0,1283.8333333333,15.656504065041,60.85,53.51,53.21,46.31,40.85,53.14,30.42,27.9,52.16,3.6,2.62,57.89,3.54,3.12,53.19,32.2,25.38,55.93,12.9,11.64,52.57,1.4,1.45,49.18,25.74,18.32,58.42,2.06,1.12,64.71,50.83,44.49,53.33,0.81,0.41,66.67,11.83,90.62,1.024,13.51,10.28,8.51,44.87,61.36,21.45,14.63,14.82,59.15
418,8475314,Anders Lee,NYI,L,https://assets.nhle.com/mugs/nhl/20252026/NYI/8475314.png,https://assets.nhle.com/logos/nhl/svg/NYI_light.svg,72,anderslee,82.0,1282.3,15.637804878049,69.58,56.2,55.32,50.25,41.27,54.91,32.61,25.5,56.12,3.46,2.85,54.81,4.08,3.57,53.34,36.87,27.37,57.39,16.47,11.79,58.28,1.73,1.36,56.06,27.2,20.78,56.7,1.5,1.37,52.17,57.65,41.36,58.23,0.81,0.34,70.59,10.62,88.81,0.994,11.23,11.32,6.6,45.25,62.99,22.83,16.84,14.93,60.47
419,8483467,Kirill Kudryavtsev,VAN,D,https://assets.nhle.com/mugs/nhl/20252026/VAN/8483467.png,https://assets.nhle.com/logos/nhl/svg/VAN_light.svg,59,kirillkudryavtsev,3.0,46.9,15.633333333333,42.22,56.29,42.86,34.54,40.94,45.76,26.87,23.03,53.85,3.84,1.28,75.00,2.77,2.86,49.17,20.47,31.98,39.02,11.51,17.91,39.13,2.56,0.0,100.00,11.94,18.76,38.89,0.0,1.71,0.00,33.26,33.26,50.0,1.85,0.0,100.00,14.29,94.44,1.087,6.4,10.23,8.96,51.17,41.67,16.63,14.07,16.63,50.0
420,8484321,Nikolas Matinpalo,OTT,D,https://assets.nhle.com/mugs/nhl/20252026/OTT/8484321.png,https://assets.nhle.com/logos/nhl/svg/OTT_light.svg,33,nikolasmatinpalo,50.0,781.36666666667,15.627333333333,46.07,62.51,42.43,33.02,45.92,41.83,22.58,28.95,43.82,2.07,2.92,41.54,2.51,3.09,44.87,22.81,29.33,43.74,9.83,11.13,46.89,1.0,1.38,41.94,17.3,24.27,41.63,1.02,1.43,41.67,34.72,50.91,40.54,0.44,0.67,40.00,9.18,89.92,0.991,4.99,13.98,7.76,62.74,39.16,10.98,21.65,18.74,36.95
421,8482149,Cole Perfetti,WPG,C,https://assets.nhle.com/mugs/nhl/20252026/WPG/8482149.png,https://assets.nhle.com/logos/nhl/svg/WPG_light.svg,91,coleperfetti,68.0,1062.4166666667,15.623774509804,62.35,47.83,56.59,45.07,35.86,55.69,28.01,22.59,55.36,2.88,2.48,53.68,3.29,2.52,56.64,30.55,22.14,57.98,12.59,9.77,56.31,1.81,1.24,59.26,23.95,16.49,59.22,0.83,0.98,45.83,59.39,37.85,61.07,0.57,0.57,50.00,10.28,89.0,0.993,12.93,11.97,6.95,38.74,65.06,23.44,15.53,13.27,63.85
422,8475722,Jason Zucker,BUF,L,https://assets.nhle.com/mugs/nhl/20252026/BUF/8475722.png,https://assets.nhle.com/logos/nhl/svg/BUF_light.svg,17,jasonzucker,62.0,968.56666666667,15.622043010753,68.08,48.32,58.49,52.1,37.54,58.12,33.76,25.77,56.71,4.46,2.85,61.02,4.36,3.03,59.0,35.56,22.55,61.19,15.8,10.59,59.86,2.11,1.3,61.82,26.35,15.94,62.3,2.31,0.91,71.79,61.2,40.0,60.48,0.81,0.89,47.37,13.21,88.94,1.022,18.21,11.03,7.93,36.36,69.67,28.25,14.87,14.37,66.28
423,8482731,Tyson Hinds,ANA,D,https://assets.nhle.com/mugs/nhl/20252026/ANA/8482731.png,https://assets.nhle.com/logos/nhl/svg/ANA_light.svg,55,tysonhinds,6.0,93.7,15.616666666667,69.16,42.26,62.07,51.87,32.02,61.83,32.02,16.65,65.79,1.92,2.56,42.86,4.06,2.48,62.09,32.02,22.41,58.82,13.45,12.17,52.50,1.28,1.28,50.00,24.76,13.66,64.44,0.0,1.71,0.00,55.5,30.52,64.52,0.92,0.0,100.00,6.00,84.62,0.906,5.76,12.17,5.12,51.87,52.94,18.57,19.21,10.89,63.04
424,8480113,Alex Iafallo,WPG,L,https://assets.nhle.com/mugs/nhl/20252026/WPG/8480113.png,https://assets.nhle.com/logos/nhl/svg/WPG_light.svg,9,alexiafallo,79.0,1231.6333333333,15.59029535865,52.37,55.1,48.73,37.32,39.95,48.3,23.87,25.53,48.32,2.68,2.73,49.55,2.89,3.16,47.75,26.31,26.7,49.63,11.25,11.89,48.63,1.22,1.22,50.00,20.07,19.75,50.41,1.1,1.62,40.48,44.33,44.96,49.65,0.63,0.42,60.00,11.22,89.31,1.005,10.91,13.25,9.21,40.97,54.24,18.95,16.95,15.1,55.65
425,8476479,Phillip Danault,MTL,C,https://assets.nhle.com/mugs/nhl/20252026/MTL/8476479.png,https://assets.nhle.com/logos/nhl/svg/MTL_light.svg,24,phillipdanault,75.0,1167.4333333333,15.565777777778,53.6,63.73,45.69,37.11,45.54,44.9,23.69,28.94,45.02,2.21,3.65,37.72,2.83,4.06,41.03,23.49,30.89,43.19,10.64,14.9,41.65,0.77,1.85,29.41,17.13,21.31,44.56,1.03,1.3,44.12,45.58,57.24,44.33,0.67,1.19,36.00,9.33,87.39,0.967,8.84,11.46,15.93,39.21,35.68,15.06,17.17,27.7,35.22
426,8483489,Fraser Minten,BOS,C,https://assets.nhle.com/mugs/nhl/20252026/BOS/8483489.png,https://assets.nhle.com/logos/nhl/svg/BOS_light.svg?season=20252026,93,fraserminten,82.0,1275.1833333333,15.551016260163,55.66,58.06,48.94,40.7,42.3,49.04,26.21,28.33,48.06,2.78,2.31,54.63,2.84,3.36,45.74,27.01,27.38,49.65,11.62,12.89,47.41,1.36,1.32,50.88,20.51,19.32,51.5,1.07,0.75,58.62,45.67,47.1,49.23,0.88,0.54,61.90,10.59,91.86,1.025,8.75,12.56,6.92,48.7,55.86,16.7,18.77,14.35,53.79
427,8477450,Jason Dickinson,EDM,C,https://assets.nhle.com/mugs/nhl/20252026/EDM/8477450.png,https://assets.nhle.com/logos/nhl/svg/EDM_light.svg,16,jasondickinson,64.0,992.76666666667,15.511979166667,44.0,59.23,42.62,33.72,44.18,43.29,21.21,27.2,43.82,2.12,3.44,38.04,2.14,3.33,39.16,19.76,30.22,39.54,8.46,13.9,37.84,0.85,1.69,33.33,15.07,21.76,40.92,0.89,1.37,39.29,35.01,57.44,37.87,0.87,0.96,47.62,9.97,87.33,0.973,4.96,13.78,18.61,45.33,21.03,9.79,18.43,31.31,23.82
428,8480834,Ty Emberson,EDM,D,https://assets.nhle.com/mugs/nhl/20252026/EDM/8480834.png,https://assets.nhle.com/logos/nhl/svg/EDM_light.svg,49,tyemberson,72.0,1117.4666666667,15.52037037037,44.57,59.06,43.01,32.86,40.59,44.74,21.42,24.0,47.16,1.83,2.63,40.96,2.09,2.91,41.71,20.62,30.55,40.29,9.18,11.6,44.19,0.81,1.07,42.86,15.25,25.27,37.63,1.0,1.29,43.75,34.98,48.16,42.07,0.39,0.85,31.25,8.52,89.04,0.976,4.51,12.83,10.85,50.74,29.37,12.13,17.56,18.9,39.1
429,8481056,Spencer Stastney,EDM,D,https://assets.nhle.com/mugs/nhl/20252026/EDM/8481056.png,https://assets.nhle.com/logos/nhl/svg/EDM_light.svg,24,spencerstastney,66.0,1023.2166666667,15.503282828283,50.25,54.94,47.77,36.41,39.87,47.73,23.51,26.15,47.34,1.7,3.05,35.80,2.42,2.95,45.13,23.04,29.55,43.81,10.79,13.9,43.71,1.0,1.58,38.64,16.34,20.88,43.91,0.63,1.33,32.00,44.64,43.71,50.53,0.25,0.68,27.27,7.23,88.34,0.956,6.74,12.37,8.44,55.77,44.40,16.01,18.53,17.77,47.4
430,8480028,Morgan Frost,CGY,C,https://assets.nhle.com/mugs/nhl/20252026/CGY/8480028.png,https://assets.nhle.com/logos/nhl/svg/CGY_light.svg,16,morganfrost,82.0,1270.5,15.493902439024,65.36,50.96,56.19,47.74,38.16,55.58,32.26,24.98,56.35,3.49,2.88,54.81,3.74,2.97,55.74,32.11,24.94,56.29,14.17,11.33,55.56,1.89,1.61,54.05,23.93,18.13,56.89,1.13,0.94,54.55,66.71,36.15,64.85,1.02,0.41,71.43,10.83,88.47,0.993,18.32,11.81,6.42,41.65,74.05,32.68,17.24,11.95,73.23
431,8485388,Victor Eklund,NYI,R,https://assets.nhle.com/mugs/nhl/20252026/NYI/8485388.png,https://assets.nhle.com/logos/nhl/svg/NYI_light.svg,38,victoreklund,1.0,15.5,15.5,54.19,30.97,63.64,38.71,27.1,58.82,27.1,7.74,77.78,3.87,3.87,50.00,2.29,1.36,62.84,19.35,15.48,55.56,7.74,3.87,66.67,3.87,0.0,100.00,15.48,15.48,50.0,0.0,5.16,0.00,55.91,33.55,62.5,0.0,0.0,-,14.29,50.0,0.643,15.48,11.61,7.74,34.84,66.67,15.48,15.48,19.35,44.44
432,8484471,Emmitt Finnie,DET,C,https://assets.nhle.com/mugs/nhl/20252026/DET/8484471.png,https://assets.nhle.com/logos/nhl/svg/DET_light.svg?season=20252026,58,emmittfinnie,82.0,1271.0,15.5,57.78,56.32,50.64,42.2,40.88,50.8,25.87,25.96,49.91,2.64,2.88,47.86,3.16,2.88,52.31,26.72,27.33,49.43,11.9,11.19,51.53,1.42,1.27,52.63,19.76,21.53,47.87,0.69,1.2,36.67,49.64,47.05,51.34,0.75,0.82,47.83,10.22,88.91,0.991,10.24,13.64,8.92,44.56,53.45,18.03,17.32,17.84,50.26
433,8484984,Ivan Demidov,MTL,R,https://assets.nhle.com/mugs/nhl/20252026/MTL/8484984.png,https://assets.nhle.com/logos/nhl/svg/MTL_light.svg,93,ivandemidov,82.0,1270.8333333333,15.497967479675,62.09,50.61,55.09,47.5,35.88,56.96,29.65,24.13,55.14,4.91,2.83,63.41,3.99,2.95,57.5,33.24,22.0,60.17,13.69,10.06,57.65,2.03,1.32,60.56,26.06,15.93,62.07,2.27,1.13,66.67,55.24,39.55,58.27,1.7,0.82,67.57,16.56,88.26,1.048,14.97,9.06,3.35,41.97,81.70,27.29,14.26,9.16,74.87
434,8480798,Philipp Kurashev,SJS,C,https://assets.nhle.com/mugs/nhl/20252026/SJS/8480798.png,https://assets.nhle.com/logos/nhl/svg/SJS_light.svg,96,philippkurashev,43.0,666.13333333333,15.491472868217,53.86,56.02,49.02,35.4,41.61,45.96,24.95,27.47,47.59,3.15,2.7,53.85,2.49,2.93,45.99,27.47,26.66,50.75,11.08,12.34,47.31,1.89,1.53,55.26,21.86,19.1,53.37,0.96,0.72,57.14,41.63,48.92,45.98,0.78,0.52,60.00,12.64,90.16,1.028,7.03,12.34,8.29,46.57,45.88,13.78,16.03,18.46,42.74
435,8482145,Mavrik Bourque,DAL,C,https://assets.nhle.com/mugs/nhl/20252026/DAL/8482145.png,https://assets.nhle.com/logos/nhl/svg/DAL_light.svg,22,mavrikbourque,82.0,1269.9,15.486585365854,54.62,48.15,53.15,40.21,35.44,53.15,27.31,22.96,54.32,3.07,2.5,55.08,3.43,2.38,59.05,27.83,21.97,55.88,12.95,9.02,58.92,1.8,1.13,61.29,19.84,17.26,53.48,0.82,1.32,38.24,42.79,38.63,52.56,0.75,0.34,68.75,11.25,89.09,1.003,6.43,11.95,6.05,48.57,51.52,13.09,16.54,13.84,48.6
436,8482873,Topias Vilen,NJD,D,https://assets.nhle.com/mugs/nhl/20252026/NJD/8482873.png,https://assets.nhle.com/logos/nhl/svg/NJD_light.svg,38,topiasvilen,2.0,30.916666666667,15.458333333333,50.46,42.7,54.17,29.11,36.87,44.12,19.41,25.23,43.48,1.94,0.0,100.00,2.35,2.49,48.6,21.35,19.41,52.38,5.82,7.76,42.86,1.94,0.0,100.00,20.7,15.53,57.14,0.0,0.0,-,42.05,44.85,48.39,0.0,0.0,-,10.00,100.0,1.1,5.82,9.7,9.7,40.75,37.50,9.7,19.41,17.47,35.71
437,8482702,Logan Stankoven,CAR,C,https://assets.nhle.com/mugs/nhl/20252026/CAR/8482702.png,https://assets.nhle.com/logos/nhl/svg/CAR_light.svg,22,loganstankoven,81.0,1251.4666666667,15.450205761317,74.26,42.05,63.85,53.17,32.36,62.16,33.51,21.48,60.94,3.6,2.4,60.00,4.13,2.57,61.66,39.07,21.91,64.07,16.35,9.88,62.34,1.97,1.1,64.06,30.3,16.05,65.38,1.73,1.28,57.45,58.24,29.78,66.17,0.42,0.21,66.67,10.73,88.84,0.996,12.56,11.17,2.97,44.3,80.86,23.44,16.68,9.16,71.91
438,8475149,Marcus Johansson,MIN,L,https://assets.nhle.com/mugs/nhl/20252026/MIN/8475149.png,https://assets.nhle.com/logos/nhl/svg/MIN_light.svg,90,marcusjohansson,75.0,1156.6333333333,15.421777777778,61.37,58.15,51.35,45.03,42.38,51.51,29.98,27.55,52.12,3.94,2.49,61.29,3.18,2.77,53.47,28.58,27.34,51.11,12.29,10.58,53.74,1.87,1.24,60.00,21.72,22.34,49.29,1.73,0.83,67.57,51.78,49.53,51.11,0.97,0.67,59.09,13.15,90.96,1.041,9.08,12.29,8.04,42.59,53.03,18.93,17.33,17.17,52.44
439,8481617,Vasily Podkolzin,EDM,R,https://assets.nhle.com/mugs/nhl/20252026/EDM/8481617.png,https://assets.nhle.com/logos/nhl/svg/EDM_light.svg,92,vasilypodkolzin,82.0,1260.9333333333,15.377235772358,58.67,52.29,52.87,43.49,38.64,52.95,31.02,25.03,55.35,3.24,2.66,54.84,3.0,3.0,49.99,27.79,27.79,50.0,11.66,11.66,50.00,1.43,1.48,49.18,21.51,21.51,50.0,1.59,1.08,59.52,52.1,37.94,57.86,0.89,0.48,65.00,10.43,89.35,0.998,10.14,14.89,5.61,44.06,64.35,20.03,19.03,12.51,61.55
440,8478133,Jake Evans,MTL,C,https://assets.nhle.com/mugs/nhl/20252026/MTL/8478133.png,https://assets.nhle.com/logos/nhl/svg/MTL_light.svg,71,jakeevans,68.0,1044.2,15.355882352941,43.55,69.7,38.46,30.74,50.79,37.7,19.82,32.64,37.79,1.78,4.08,30.39,2.67,4.3,38.31,20.11,36.54,35.5,7.81,16.43,32.23,0.57,1.95,22.73,16.4,26.81,37.94,0.69,1.3,34.62,31.87,61.42,34.16,0.75,1.66,31.03,8.99,87.5,0.965,4.6,12.64,18.73,39.48,19.70,8.68,18.85,32.87,20.89
441,8475755,Alexander Petrovic,DAL,D,https://assets.nhle.com/mugs/nhl/20252026/DAL/8475755.png,https://assets.nhle.com/logos/nhl/svg/DAL_light.svg,36,alexpetrovic,54.0,829.06666666667,15.353086419753,47.48,61.15,43.7,33.36,43.21,43.57,24.61,28.44,46.38,2.53,2.39,51.47,2.54,2.87,46.93,23.59,27.28,46.37,11.58,11.36,50.47,1.59,1.52,51.16,16.02,21.23,43.01,0.68,0.68,50.00,35.86,53.73,40.02,0.63,0.52,54.55,10.29,91.6,1.019,4.13,10.93,7.45,51.38,35.63,10.71,15.92,17.59,37.85
442,8480874,Adam Ginning,PHI,D,https://assets.nhle.com/mugs/nhl/20252026/PHI/8480874.png,https://assets.nhle.com/logos/nhl/svg/PHI_light.svg,73,adamginning,5.0,76.7,15.34,28.94,70.4,29.13,17.99,54.76,24.73,9.39,32.86,22.22,1.56,2.35,40.00,1.16,3.31,25.95,15.65,32.86,32.26,4.69,10.17,31.58,0.0,0.0,-,14.6,30.25,32.56,2.09,2.09,50.00,23.73,63.28,27.27,0.0,1.13,0.00,16.67,92.86,1.095,4.69,8.6,4.69,61.02,50.00,11.73,14.86,14.08,45.45
443,8482126,Emil Andrae,PHI,D,https://assets.nhle.com/mugs/nhl/20252026/PHI/8482126.png,https://assets.nhle.com/logos/nhl/svg/PHI_light.svg,36,emilandrae,61.0,935.56666666667,15.337158469945,52.72,52.01,50.34,37.39,37.77,49.74,24.63,23.92,50.73,2.57,1.73,59.70,2.67,2.38,52.88,25.52,25.4,50.13,12.12,10.33,54.00,1.48,0.71,67.65,17.87,20.09,47.07,0.77,1.11,40.91,44.47,41.04,52.0,0.65,0.28,70.00,10.42,92.76,1.032,7.44,8.85,5.13,58.55,59.18,17.19,15.39,13.15,56.66
444,8482745,Mason McTavish,ANA,C,https://assets.nhle.com/mugs/nhl/20252026/ANA/8482745.png,https://assets.nhle.com/logos/nhl/svg/ANA_light.svg,83,masonmctavish,75.0,1148.9833333333,15.319777777778,73.58,55.46,57.02,54.15,41.31,56.73,33.11,26.48,55.57,3.5,3.55,49.63,4.02,3.29,55.0,35.72,29.4,54.85,15.67,11.91,56.82,1.62,1.57,50.82,26.74,23.32,53.41,1.25,1.46,46.15,64.04,40.81,61.08,1.28,1.06,54.84,10.57,86.59,0.972,13.16,11.75,5.9,43.92,69.04,24.91,16.71,13.32,65.16
445,8477435,Ryan Graves,PIT,D,https://assets.nhle.com/mugs/nhl/20252026/PIT/8477435.png,https://assets.nhle.com/logos/nhl/svg/PIT_light.svg,27,ryangraves,22.0,336.68333333333,15.303787878788,54.35,55.24,49.59,37.78,34.93,51.96,23.88,22.45,51.54,2.14,2.67,44.44,2.39,2.42,49.64,25.48,24.41,51.07,9.98,8.73,53.33,1.25,1.25,50.00,20.67,20.91,49.71,0.71,1.19,37.50,44.53,51.74,46.26,0.51,0.77,40.00,8.96,88.1,0.971,2.85,12.47,7.48,49.54,27.59,12.12,18.89,17.82,40.48
446,8482089,Jake Neighbours,STL,L,https://assets.nhle.com/mugs/nhl/20252026/STL/8482089.png,https://assets.nhle.com/logos/nhl/svg/STL_light.svg?season=20252026,63,jakeneighbours,69.0,1050.8833333333,15.230193236715,56.75,49.04,53.64,40.99,37.17,52.45,27.52,23.58,53.85,3.83,3.08,55.37,3.17,2.66,54.42,30.32,22.04,57.91,11.76,8.79,57.22,1.66,1.14,59.18,24.74,17.66,58.35,1.98,1.6,55.32,50.06,41.32,54.78,0.91,0.82,52.38,13.90,86.92,1.008,14.22,11.3,7.76,46.48,64.68,24.27,15.82,14.16,63.15
447,8482705,Cole Sillinger,CBJ,C,https://assets.nhle.com/mugs/nhl/20252026/CBJ/8482705.png,https://assets.nhle.com/logos/nhl/svg/CBJ_light.svg,4,colesillinger,81.0,1232.9,15.220987654321,57.62,61.9,48.21,42.1,44.53,48.6,28.42,29.25,49.28,2.87,2.87,50.00,2.96,2.94,50.23,26.96,28.08,48.98,11.34,11.68,49.26,1.41,1.31,51.79,20.83,21.87,48.78,1.3,1.1,54.05,47.45,53.99,46.78,0.56,0.98,36.36,10.10,90.18,1.003,9.3,12.75,9.25,46.23,50.13,16.01,17.18,19.61,44.95
448,8482187,Ronan Seeley,CAR,D,https://assets.nhle.com/mugs/nhl/20252026/CAR/8482187.png,https://assets.nhle.com/logos/nhl/svg/CAR_light.svg,91,ronanseeley,1.0,15.2,15.2,47.37,59.21,44.44,35.53,39.47,47.37,23.68,31.58,42.86,3.95,3.95,50.00,3.46,2.64,56.71,23.68,31.58,42.86,7.89,7.89,50.00,0.0,3.95,0.00,21.05,31.58,40.0,5.26,0.0,100.00,39.91,34.21,53.85,0.0,0.0,-,16.67,87.5,1.042,11.84,11.84,3.95,47.37,75.00,15.79,15.79,7.89,66.67
449,8477511,Anthony Mantha,PIT,R,https://assets.nhle.com/mugs/nhl/20252026/PIT/8477511.png,https://assets.nhle.com/logos/nhl/svg/PIT_light.svg,39,anthonymantha,81.0,1230.1666666667,15.187242798354,64.82,52.87,55.08,47.75,38.09,55.63,31.7,24.39,56.52,4.68,2.93,61.54,3.91,2.87,57.65,34.97,26.73,56.68,14.88,10.63,58.32,2.44,1.07,69.44,26.79,21.46,55.53,1.63,1.43,53.19,52.06,36.92,58.51,1.41,0.7,66.67,14.77,88.0,1.028,11.02,10.73,2.59,45.46,81.00,21.41,15.36,7.9,73.04
450,8482911,Joel Nystrom,CAR,D,https://assets.nhle.com/mugs/nhl/20252026/CAR/8482911.png,https://assets.nhle.com/logos/nhl/svg/CAR_light.svg,64,joelnystrom,38.0,577.06666666667,15.185964912281,65.5,49.18,57.12,46.27,37.85,55.01,29.32,25.58,53.41,2.6,2.81,48.08,3.55,2.66,57.13,31.5,25.27,55.49,13.62,10.71,55.98,1.14,1.66,40.74,23.84,19.41,55.13,1.52,1.11,57.89,57.22,40.25,58.71,0.45,0.45,50.00,8.87,89.02,0.979,12.27,13.62,8.11,52.3,60.20,25.06,21.52,16.12,60.86
451,8483760,Hunter McDonald,PHI,D,https://assets.nhle.com/mugs/nhl/20252026/PHI/8483760.png,https://assets.nhle.com/logos/nhl/svg/PHI_light.svg,19,huntermcdonald,1.0,15.183333333333,15.183333333333,43.47,59.28,42.31,35.57,39.52,47.37,31.61,19.76,61.54,11.86,0.0,100.00,1.62,1.7,48.68,11.86,7.9,60.0,7.9,3.95,66.67,7.9,0.0,100.00,5.27,5.27,50.0,0.0,0.0,-,45.66,68.5,40.0,5.71,0.0,100.00,37.50,100.0,1.375,11.86,0.0,7.9,86.94,60.00,15.81,3.95,11.86,57.14
452,8481721,Arseny Gritsyuk,NJD,R,https://assets.nhle.com/mugs/nhl/20252026/NJD/8481721.png,https://assets.nhle.com/logos/nhl/svg/NJD_light.svg,81,arsenygritsyuk,66.0,1001.5,15.174242424242,72.85,46.43,61.07,53.86,34.03,61.28,35.59,22.47,61.3,3.18,2.76,53.54,3.58,2.71,56.89,34.75,22.77,60.42,13.18,9.95,56.99,1.5,1.56,49.02,28.76,17.09,62.72,1.6,0.72,68.97,61.18,36.52,62.62,0.69,0.69,50.00,8.92,87.73,0.967,9.65,11.8,8.03,44.93,54.58,19.41,17.07,14.32,57.55
453,8484860,Matvei Gridin,CGY,R,https://assets.nhle.com/mugs/nhl/20252026/CGY/8484860.png,https://assets.nhle.com/logos/nhl/svg/CGY_light.svg,92,matveigridin,37.0,560.41666666667,15.146396396396,59.42,60.92,49.38,43.25,43.9,49.63,27.94,29.34,48.79,3.1,3.53,46.77,3.1,3.25,48.84,29.66,30.3,49.46,11.99,12.42,49.12,1.28,1.61,44.44,23.55,23.84,49.7,2.0,1.57,56.00,57.84,40.98,58.53,0.46,0.93,33.33,11.11,87.96,0.991,17.24,11.88,3.85,42.4,81.73,30.08,16.7,9.64,75.74
454,8479999,Casey Mittelstadt,BOS,C,https://assets.nhle.com/mugs/nhl/20252026/BOS/8479999.png,https://assets.nhle.com/logos/nhl/svg/BOS_light.svg?season=20252026,11,caseymittelstadt,71.0,1076.5333333333,15.162441314554,62.7,52.11,54.61,46.98,38.23,55.13,29.37,25.47,53.56,4.07,2.73,59.84,3.4,2.88,54.12,31.21,24.58,55.94,12.48,11.31,52.46,1.78,1.39,56.14,24.97,17.69,58.54,1.93,0.82,70.27,52.89,44.68,54.21,0.97,0.89,52.17,13.85,89.28,1.031,9.59,11.7,10.09,41.86,48.73,19.01,16.39,19.28,49.64
455,8481553,Bobby Brink,MIN,R,https://assets.nhle.com/mugs/nhl/20252026/MIN/8481553.png,https://assets.nhle.com/logos/nhl/svg/MIN_light.svg,10,bobbybrink,68.0,1030.8333333333,15.15931372549,57.91,47.79,54.79,42.2,33.06,56.07,26.66,20.9,56.06,2.74,2.27,54.65,3.54,2.39,59.74,29.04,22.0,56.9,12.92,8.5,60.33,1.28,0.99,56.41,21.5,18.0,54.42,1.63,1.16,58.33,47.42,38.09,55.46,0.25,0.5,33.33,10.26,89.14,0.994,10.88,11.99,5.35,45.34,67.03,20.55,17.0,12.46,62.26
456,8476448,William Karlsson,VGK,C,https://assets.nhle.com/mugs/nhl/20252026/VGK/8476448.png,https://assets.nhle.com/logos/nhl/svg/VGK_light.svg,71,willkarlsson,14.0,212.05,15.146428571429,58.29,59.99,49.28,40.75,39.9,50.53,28.58,26.03,52.33,1.98,2.83,41.18,3.14,2.71,53.68,25.18,29.43,46.11,9.05,10.75,45.71,1.13,2.26,33.33,21.5,24.9,46.34,0.0,0.38,0.00,49.45,48.23,50.63,0.41,0.41,50.00,6.93,89.13,0.961,5.66,10.19,12.17,49.52,31.75,14.71,15.56,20.37,41.94
457,8480849,Barrett Hayton,UTA,C,https://assets.nhle.com/mugs/nhl/20252026/UTA/8480849.png,https://assets.nhle.com/logos/nhl/svg/UTA_light.svg?season=20252026,27,barretthayton,67.0,1013.2333333333,15.122885572139,64.72,45.95,58.48,46.84,32.92,58.72,31.68,21.2,59.91,3.14,2.31,57.61,3.98,2.26,63.79,30.38,21.02,59.1,13.44,8.94,60.05,1.18,1.13,51.28,22.58,16.11,58.37,1.5,1.18,55.88,54.83,42.08,56.58,1.03,0.43,70.59,9.91,89.11,0.99,13.09,13.86,10.24,44.47,56.09,22.5,17.65,19.72,53.3
458,8484386,Dmitri Simashev,UTA,D,https://assets.nhle.com/mugs/nhl/20252026/UTA/8484386.png,https://assets.nhle.com/logos/nhl/svg/UTA_light.svg?season=20252026,26,dmitrisimashev,28.0,423.01666666667,15.107738095238,49.36,56.45,46.65,37.59,39.71,48.62,25.25,26.95,48.37,0.99,2.69,26.92,2.54,2.74,48.05,22.27,29.5,43.01,9.93,13.33,42.68,0.14,1.28,10.00,16.45,21.56,43.28,0.57,1.13,33.33,42.61,44.46,48.94,0.61,0.82,42.86,3.93,90.0,0.939,7.66,15.46,7.09,50.64,51.92,16.74,20.42,16.17,50.86
459,8482131,Donovan Sebrango,FLA,D,https://assets.nhle.com/mugs/nhl/20252026/FLA/8482131.png,https://assets.nhle.com/logos/nhl/svg/FLA_light.svg,73,donovansebrango,42.0,634.36666666667,15.103968253968,54.29,58.45,48.15,40.48,42.94,48.53,22.7,28.47,44.36,2.55,3.4,42.86,2.73,3.17,46.27,23.93,28.0,46.08,10.59,13.24,44.44,1.04,2.08,33.33,17.78,19.67,47.47,1.39,1.01,57.89,43.58,46.45,48.41,0.68,0.82,45.45,11.25,88.04,0.993,6.81,12.58,7.47,51.93,47.68,14.0,20.34,14.19,49.66
460,8480068,Ryan Poehling,ANA,C,https://assets.nhle.com/mugs/nhl/20252026/ANA/8480068.png,https://assets.nhle.com/logos/nhl/svg/ANA_light.svg,25,ryanpoehling,75.0,1130.05,15.067333333333,54.37,69.87,43.76,39.4,50.33,43.91,24.85,32.44,43.37,2.92,3.82,43.31,2.75,4.14,39.88,24.74,35.89,40.81,11.15,16.14,40.86,1.65,1.96,45.59,18.12,26.34,40.76,0.99,1.7,36.84,42.87,66.19,39.31,0.61,0.84,42.11,11.75,88.22,1.0,7.38,13.96,18.48,43.38,28.54,13.8,18.69,29.26,32.06
461,8485414,Ben Kindel,PIT,C,https://assets.nhle.com/mugs/nhl/20252026/PIT/8485414.png,https://assets.nhle.com/logos/nhl/svg/PIT_light.svg,81,benkindel,77.0,1159.8666666667,15.063203463203,65.18,52.4,55.43,47.7,37.4,56.05,32.28,23.59,57.78,3.26,2.74,54.31,3.7,2.88,56.23,34.4,27.26,55.79,14.12,11.07,56.06,1.4,1.34,50.94,27.04,21.59,55.6,1.31,0.9,59.38,52.08,39.83,56.67,1.2,0.82,59.26,10.10,88.38,0.985,10.71,11.23,6.62,45.26,61.79,19.81,15.31,12.78,60.79
462,8484994,Igor Chernyshov,SJS,L,https://assets.nhle.com/mugs/nhl/20252026/SJS/8484994.png,https://assets.nhle.com/logos/nhl/svg/SJS_light.svg,92,igorchernyshov,28.0,421.61666666667,15.057738095238,60.91,49.67,55.08,45.82,36.72,55.52,29.6,23.91,55.32,4.55,3.13,59.26,3.35,2.76,54.77,35.58,25.76,58.0,15.08,11.1,57.61,2.56,1.42,64.29,27.32,19.54,58.3,2.09,1.52,57.89,46.66,37.21,55.64,0.62,0.82,42.86,15.38,86.9,1.023,12.1,12.95,4.27,41.27,73.91,21.92,18.07,14.52,60.16
463,8479639,Dylan Coghlan,VGK,D,https://assets.nhle.com/mugs/nhl/20252026/VGK/8479639.png,https://assets.nhle.com/logos/nhl/svg/VGK_light.svg,52,dylancoghlan,3.0,45.166666666667,15.055555555556,59.78,59.78,50.0,42.51,43.84,49.23,26.57,23.91,52.63,3.99,2.66,60.00,2.7,2.92,48.01,26.57,30.55,46.51,11.96,11.96,50.00,2.66,1.33,66.67,19.48,24.8,44.0,1.77,0.0,100.00,57.56,44.13,56.6,0.0,1.92,0.00,15.00,88.89,1.039,14.61,11.96,3.99,49.15,78.57,25.24,15.94,10.63,70.37
464,8481004,Josiah Slavin,CAR,L,https://assets.nhle.com/mugs/nhl/20252026/CAR/8481004.png,https://assets.nhle.com/logos/nhl/svg/CAR_light.svg,23,josiahslavin,2.0,30.033333333333,15.016666666667,53.94,43.95,55.1,35.96,33.96,51.43,13.98,21.98,38.89,2.0,0.0,100.00,3.51,2.56,57.85,27.97,17.98,60.87,7.99,7.99,50.00,2.0,0.0,100.00,26.64,13.32,66.67,0.0,0.0,-,40.4,46.17,46.67,0.0,0.0,-,14.29,100.0,1.143,5.99,9.99,5.99,53.94,50.00,15.98,15.98,13.98,53.33
465,8484380,Wilmer Skoog,FLA,C,https://assets.nhle.com/mugs/nhl/20252026/FLA/8484380.png,https://assets.nhle.com/logos/nhl/svg/FLA_light.svg,73,wilmerskoog,3.0,45.05,15.016666666667,47.95,57.27,45.57,42.62,37.29,53.33,21.31,22.64,48.48,4.0,0.0,100.00,3.1,2.5,55.34,21.31,29.3,42.11,5.33,11.99,30.77,0.0,0.0,-,21.31,23.09,48.0,3.55,0.0,100.00,40.4,46.17,46.67,1.92,0.0,100.00,18.75,100.0,1.188,4.0,14.65,13.32,46.61,23.08,6.66,17.31,17.31,27.78
466,8480291,Skyler Brind'Amour,CAR,C,https://assets.nhle.com/mugs/nhl/20252026/CAR/8480291.png,https://assets.nhle.com/logos/nhl/svg/CAR_light.svg,76,skylerbrindamour,4.0,60.066666666667,15.016666666667,49.94,49.94,50.0,26.97,40.95,39.71,9.99,27.97,26.32,0.0,2.0,0.00,1.94,2.99,39.36,20.98,24.97,45.65,5.99,9.99,37.50,0.0,1.0,0.00,19.98,19.98,50.0,0.0,1.33,0.00,38.96,41.84,48.21,0.0,0.0,-,0.00,92.86,0.929,10.99,10.99,7.99,45.95,57.89,20.98,14.98,12.99,61.76
467,8482804,Ty Murchison,PHI,D,https://assets.nhle.com/mugs/nhl/20252026/PHI/8482804.png,https://assets.nhle.com/logos/nhl/svg/PHI_light.svg,29,tymurchison,3.0,45.016666666667,15.005555555556,30.66,41.32,42.59,22.66,23.99,48.57,12.0,14.66,45.0,2.67,1.33,66.67,1.42,1.33,51.51,15.99,23.99,40.0,6.66,6.66,50.00,1.33,0.0,100.00,12.44,23.1,35.0,1.78,1.78,50.00,26.95,25.03,51.85,0.0,0.0,-,22.22,90.91,1.131,12.0,13.33,8.0,49.32,60.00,19.99,18.66,18.66,51.72
468,8480078,Filip Chytil,VAN,C,https://assets.nhle.com/mugs/nhl/20252026/VAN/8480078.png,https://assets.nhle.com/logos/nhl/svg/VAN_light.svg,77,filipchytil,12.0,180.06666666667,15.005555555556,61.98,58.31,51.52,45.98,45.65,50.18,30.32,28.99,51.12,1.67,4.0,29.41,3.51,3.03,53.69,30.32,25.99,53.85,14.33,11.33,55.84,1.33,1.0,57.14,21.33,19.55,52.17,0.44,2.67,14.29,60.16,46.21,56.56,0.0,0.96,0.00,5.49,86.21,0.917,14.66,12.66,6.33,39.99,69.84,25.32,15.99,14.33,63.87
469,8482209,Rory Kerins,CGY,C,https://assets.nhle.com/mugs/nhl/20252026/CGY/8482209.png,https://assets.nhle.com/logos/nhl/svg/CGY_light.svg,6,rorykerins,4.0,59.983333333333,14.995833333333,61.02,66.02,48.03,40.01,48.01,45.45,31.01,31.01,50.0,0.0,1.0,0.00,2.56,2.87,47.21,30.01,31.01,49.18,11.0,8.0,57.89,0.0,0.0,-,25.34,30.68,45.24,0.0,1.33,0.00,46.24,50.57,47.76,0.0,0.0,-,0.00,96.77,0.968,7.0,14.0,7.0,47.01,50.00,18.01,17.0,14.0,56.25
470,8483678,Elias Pettersson,VAN,D,https://assets.nhle.com/mugs/nhl/20252026/VAN/8483678.png,https://assets.nhle.com/logos/nhl/svg/VAN_light.svg,25,eliaspetterssonD,70.0,1048.5166666667,14.97880952381,45.15,64.38,41.22,33.53,47.44,41.41,21.75,29.81,42.18,1.89,3.38,35.87,2.08,3.71,35.91,20.09,34.33,36.91,8.53,15.34,35.73,0.8,1.6,33.33,15.41,25.33,37.83,0.92,1.68,35.29,38.02,47.78,44.32,0.58,0.74,43.75,8.68,88.68,0.974,5.84,12.02,9.1,54.99,39.08,12.42,17.05,18.54,40.11
471,8475726,Tyler Toffoli,SJS,C,https://assets.nhle.com/mugs/nhl/20252026/SJS/8475726.png,https://assets.nhle.com/logos/nhl/svg/SJS_light.svg,73,tylertoffoli,79.0,1182.8333333333,14.972573839662,68.02,51.59,56.87,49.1,37.23,56.87,33.28,23.69,58.41,4.01,3.04,56.83,3.96,2.85,58.2,35.76,23.28,60.57,15.27,10.15,60.08,1.78,1.27,58.33,27.32,17.52,60.94,1.89,1.22,60.87,60.3,44.91,57.31,1.17,0.81,59.26,12.04,87.15,0.992,14.81,11.36,6.8,40.68,68.54,29.27,15.88,16.08,64.54
472,8476392,Adam Lowry,WPG,C,https://assets.nhle.com/mugs/nhl/20252026/WPG/8476392.png,https://assets.nhle.com/logos/nhl/svg/WPG_light.svg,17,adamlowry,70.0,1048.0,14.971428571429,49.06,58.17,45.76,35.73,43.34,45.18,22.84,26.68,46.13,1.95,3.61,35.05,2.6,3.49,42.66,23.19,29.71,43.83,10.08,13.05,43.56,1.09,1.6,40.43,17.48,22.21,44.04,0.53,1.76,23.33,42.34,54.58,43.69,0.5,0.91,35.29,8.52,86.48,0.95,7.9,14.43,18.61,43.45,29.81,13.68,18.84,27.42,33.29
473,8476422,Mike Reilly,CAR,D,https://assets.nhle.com/mugs/nhl/20252026/CAR/8476422.png,https://assets.nhle.com/logos/nhl/svg/CAR_light.svg,6,michaelreilly,42.0,628.55,14.965476190476,68.16,50.59,57.4,48.59,38.47,55.81,30.64,26.16,53.95,2.77,2.29,54.72,3.53,2.97,54.3,31.5,28.16,52.8,13.56,11.65,53.79,1.43,1.53,48.39,23.93,22.02,52.08,1.15,0.89,56.25,56.26,37.64,59.91,0.55,0.14,80.00,9.03,91.24,1.003,12.22,16.13,6.87,49.64,64.00,23.39,24.34,14.89,61.1
474,8475765,Vladimir Tarasenko,MIN,R,https://assets.nhle.com/mugs/nhl/20252026/MIN/8475765.png,https://assets.nhle.com/logos/nhl/svg/MIN_light.svg,91,vladimirtarasenko,75.0,1120.3833333333,14.938444444444,63.62,59.07,51.86,46.97,40.97,53.41,30.58,26.88,53.22,3.27,2.73,54.46,3.92,3.03,56.44,32.45,26.94,54.64,13.98,10.34,57.49,1.39,1.12,55.32,24.63,22.14,52.67,1.43,1.07,57.14,55.23,51.83,51.59,1.01,0.93,52.00,10.68,89.84,1.005,11.67,11.09,7.6,38.24,60.56,26.19,18.15,18.69,58.35
475,8476856,Mathew Dumba,PIT,D,https://assets.nhle.com/mugs/nhl/20252026/PIT/8476856.png,https://assets.nhle.com/logos/nhl/svg/PIT_light.svg,24,mattdumba,11.0,164.3,14.936363636364,54.05,65.73,45.12,38.34,43.09,47.09,25.56,27.39,48.28,1.83,4.02,31.25,2.43,2.59,48.47,22.28,31.41,41.5,10.23,10.96,48.28,0.73,2.19,25.00,16.07,27.27,37.08,0.49,1.95,20.00,48.0,53.28,47.4,1.05,0.53,66.67,7.14,85.33,0.925,3.29,9.86,7.67,51.86,30.00,14.24,17.53,16.8,45.88
476,8480075,Cameron Crotty,OTT,D,https://assets.nhle.com/mugs/nhl/20252026/OTT/8480075.png,https://assets.nhle.com/logos/nhl/svg/OTT_light.svg,5,camcrotty,6.0,89.516666666667,14.919444444444,43.57,49.6,46.76,34.85,40.22,46.43,24.13,24.13,50.0,2.68,2.68,50.00,2.9,2.05,58.59,23.46,23.46,50.0,12.06,6.03,66.67,2.01,2.01,50.00,15.19,23.24,39.53,0.0,0.89,0.00,30.98,43.57,41.56,0.97,0.0,100.00,11.11,88.89,1.0,4.02,12.74,8.04,63.68,33.33,8.71,20.78,16.09,35.14
477,8483808,Andrei Kuzmenko,LAK,L,https://assets.nhle.com/mugs/nhl/20252026/LAK/8483808.png,https://assets.nhle.com/logos/nhl/svg/LAK_light.svg,62,andreikuzmenko,52.0,775.61666666667,14.915705128205,70.01,45.64,60.54,48.5,32.95,59.54,31.87,19.8,61.68,3.33,2.17,60.56,3.98,2.32,63.13,36.28,20.96,63.38,15.63,8.43,64.95,2.01,0.85,70.27,27.54,16.71,62.24,1.13,0.93,55.00,59.0,35.2,62.63,0.67,0.56,54.55,10.44,89.06,0.995,12.53,9.52,5.11,35.74,71.05,26.53,15.7,11.68,69.43
478,8484933,Mikulas Hovorka,FLA,D,https://assets.nhle.com/mugs/nhl/20252026/FLA/8484933.png,https://assets.nhle.com/logos/nhl/svg/FLA_light.svg,96,mikulashovorka,4.0,59.633333333333,14.908333333333,43.26,62.38,40.95,29.18,46.28,38.67,21.13,30.18,41.18,3.02,5.03,37.50,1.91,3.33,36.51,23.14,29.18,44.23,5.03,16.1,23.81,1.01,4.02,20.00,24.15,17.44,58.06,2.68,1.34,66.67,26.16,46.51,36.0,0.0,0.0,-,14.29,83.33,0.976,8.05,15.09,6.04,51.31,57.14,14.09,23.14,14.09,50.0
479,8479353,Brett Howden,VGK,C,https://assets.nhle.com/mugs/nhl/20252026/VGK/8479353.png,https://assets.nhle.com/logos/nhl/svg/VGK_light.svg,21,bretthowden,58.0,863.81666666667,14.893390804598,52.3,54.94,48.77,37.44,38.27,49.45,25.14,24.24,50.91,2.43,3.2,43.21,2.57,2.75,48.39,25.01,27.58,47.56,10.97,10.42,51.30,1.32,1.81,42.22,18.71,22.88,44.99,0.74,1.2,38.10,43.44,46.45,48.33,0.8,0.7,53.33,9.67,86.82,0.965,7.99,16.53,11.88,45.5,40.21,16.67,22.16,19.87,45.63
480,8477503,Max Domi,TOR,C,https://assets.nhle.com/mugs/nhl/20252026/TOR/8477503.png,https://assets.nhle.com/logos/nhl/svg/TOR_light.svg,11,maxdomi,80.0,1190.5333333333,14.881666666667,58.86,61.69,48.83,44.1,46.47,48.69,29.84,30.39,49.54,2.62,3.63,41.94,3.29,3.22,50.5,30.19,29.73,50.38,14.16,11.99,54.14,1.46,1.71,46.03,21.37,23.65,47.46,0.94,1.81,34.15,51.03,49.94,50.54,0.66,0.58,52.94,8.78,88.06,0.968,11.04,11.89,7.61,46.16,59.19,21.07,16.73,17.14,55.15
481,8481567,Henry Thrun,TOR,D,https://assets.nhle.com/mugs/nhl/20252026/TOR/8481567.png,https://assets.nhle.com/logos/nhl/svg/TOR_light.svg,8,henrythrun,4.0,59.45,14.8625,38.35,55.51,40.86,29.27,39.36,42.65,22.2,24.22,47.83,1.01,2.02,33.33,1.39,3.0,31.65,18.17,28.26,39.13,5.05,10.09,33.33,1.01,0.0,100.00,17.49,24.22,41.94,0.0,1.35,0.00,30.61,48.11,38.89,0.0,1.46,0.00,4.55,91.67,0.962,5.05,11.1,13.12,51.47,27.78,11.1,15.14,25.23,30.56
482,8484169,Drew Fortescue,NYR,D,https://assets.nhle.com/mugs/nhl/20252026/NYR/8484169.png,https://assets.nhle.com/logos/nhl/svg/NYR_light.svg,45,drewfortescue,9.0,133.58333333333,14.842592592593,49.41,60.19,45.08,35.48,43.12,45.14,21.11,27.4,43.52,3.59,1.8,66.67,2.07,2.73,43.17,24.7,26.95,47.83,11.23,11.23,50.00,1.8,1.35,57.14,17.97,20.96,46.15,2.4,0.6,80.00,36.33,48.66,42.75,0.0,0.0,-,17.02,93.44,1.105,5.39,9.43,5.84,52.55,48.00,12.58,16.17,17.52,41.79
483,8484387,Matvei Michkov,PHI,R,https://assets.nhle.com/mugs/nhl/20252026/PHI/8484387.png,https://assets.nhle.com/logos/nhl/svg/PHI_light.svg,39,matveimichkov,81.0,1202.05,14.84012345679,62.79,48.32,56.51,45.92,33.99,57.46,30.75,21.46,58.89,3.54,2.7,56.80,3.86,2.51,60.55,33.64,23.56,58.81,15.12,8.69,63.52,1.45,1.05,58.00,24.69,19.83,55.46,1.93,1.53,55.77,52.34,33.74,60.8,0.87,0.43,66.67,11.53,87.44,0.99,15.32,10.73,3.79,50.36,80.16,26.5,14.97,9.63,73.34
484,8476921,Jordan Martinook,CAR,L,https://assets.nhle.com/mugs/nhl/20252026/CAR/8476921.png,https://assets.nhle.com/logos/nhl/svg/CAR_light.svg,48,jordanmartinook,77.0,1142.3666666667,14.835930735931,61.29,54.73,52.83,42.91,40.49,51.45,26.52,27.05,49.51,2.84,3.78,42.86,3.01,3.51,46.21,27.0,30.04,47.33,11.92,13.66,46.61,1.0,2.1,32.20,20.1,21.85,47.91,1.4,1.47,48.78,52.73,49.09,51.79,0.91,0.76,54.55,10.69,86.02,0.967,10.98,17.91,18.23,36.19,37.59,18.38,23.43,29.52,38.38
485,8480879,Jacob Bernard-Docker,DET,D,https://assets.nhle.com/mugs/nhl/20252026/DET/8480879.png,https://assets.nhle.com/logos/nhl/svg/DET_light.svg?season=20252026,25,jakebernarddocker,63.0,933.05,14.810317460317,48.42,68.61,41.37,34.34,47.91,41.75,21.99,30.74,41.71,1.54,2.25,40.68,2.17,3.13,40.99,23.02,32.54,41.44,9.07,12.35,42.34,0.96,1.29,42.86,18.61,26.92,40.87,0.77,1.03,42.86,39.85,60.47,39.72,0.0,0.28,0.00,7.02,92.68,0.997,5.72,11.32,12.09,50.35,32.13,15.3,16.14,23.28,39.67
486,8483512,Matt Savoie,EDM,C,https://assets.nhle.com/mugs/nhl/20252026/EDM/8483512.png,https://assets.nhle.com/logos/nhl/svg/EDM_light.svg,22,mattsavoie,82.0,1212.0833333333,14.781504065041,55.49,60.19,47.97,42.03,44.16,48.77,28.96,27.52,51.27,3.22,3.27,49.62,3.09,3.42,47.45,27.52,31.68,46.49,11.29,12.92,46.63,1.58,1.49,51.61,21.65,25.01,46.39,1.19,1.45,45.00,48.41,49.77,49.31,1.07,0.93,53.57,11.11,88.13,0.992,10.15,11.83,10.44,47.92,49.28,20.15,15.84,18.76,51.78
487,8483398,Declan Carlile,TBL,D,https://assets.nhle.com/mugs/nhl/20252026/TBL/8483398.png,https://assets.nhle.com/logos/nhl/svg/TBL_light.svg,72,declancarlile,42.0,620.68333333333,14.778174603175,49.11,54.04,47.61,32.96,39.15,45.71,21.17,26.2,44.69,2.42,2.51,49.02,2.1,2.57,44.99,23.88,24.55,49.3,8.99,10.44,46.27,0.97,0.97,50.00,19.85,18.82,51.33,1.16,1.68,40.91,40.91,46.36,46.88,0.7,0.42,62.50,11.42,90.41,1.018,6.38,11.21,6.38,53.55,50.00,15.85,17.88,14.02,53.07
488,8476878,Zemgus Girgensons,TBL,C,https://assets.nhle.com/mugs/nhl/20252026/TBL/8476878.png,https://assets.nhle.com/logos/nhl/svg/TBL_light.svg,28,zemgusgirgensons,74.0,1092.8,14.767567567568,46.12,55.23,45.5,33.33,40.36,45.23,20.31,26.46,43.43,1.7,2.53,40.26,2.42,3.1,43.82,21.58,26.13,45.22,8.95,11.64,43.47,0.82,1.32,38.46,16.84,19.33,46.56,0.88,0.81,52.17,35.69,55.83,38.99,0.24,0.87,21.43,8.38,90.46,0.988,7.52,19.55,14.6,41.18,34.00,11.8,23.55,23.88,33.08
489,8473507,Jeff Petry,MIN,D,https://assets.nhle.com/mugs/nhl/20252026/MIN/8473507.png,https://assets.nhle.com/logos/nhl/svg/MIN_light.svg,2,jeffpetry,67.0,989.05,14.761940298507,58.48,54.48,51.77,41.98,39.8,51.34,25.96,25.05,50.89,2.24,3.15,41.57,2.91,2.72,51.65,27.72,23.96,53.64,12.19,9.77,55.52,1.15,1.52,43.18,20.71,18.93,52.24,1.13,1.29,46.67,47.32,47.49,49.91,0.35,0.96,26.67,8.64,87.41,0.961,8.07,12.01,6.19,53.38,56.60,17.35,20.99,14.74,54.06
490,8482088,Justin Sourdif,WSH,C,https://assets.nhle.com/mugs/nhl/20252026/WSH/8482088.png,https://assets.nhle.com/logos/nhl/svg/WSH_secondary_light.svg,34,justinsourdif,78.0,1149.6333333333,14.738888888889,59.18,53.6,52.48,43.42,38.15,53.23,28.86,24.79,53.79,3.24,1.88,63.27,3.37,2.69,55.57,29.07,23.75,55.04,13.52,10.86,55.46,1.83,0.99,64.81,20.74,17.19,54.68,1.32,0.56,70.37,45.76,47.49,49.07,0.53,0.6,46.67,11.21,92.42,1.036,8.19,12.47,10.75,45.61,43.25,14.56,16.34,19.73,42.47
491,8477987,Ryan Donato,CHI,C,https://assets.nhle.com/mugs/nhl/20252026/CHI/8477987.png,https://assets.nhle.com/logos/nhl/svg/CHI_light.svg?season=20252026,8,ryandonato,82.0,1208.4,14.736585365854,56.31,53.53,51.27,42.06,40.62,50.87,26.56,26.91,49.68,2.28,2.73,45.54,2.69,2.79,49.09,25.47,25.82,49.66,11.22,11.02,50.45,1.29,1.19,52.00,19.0,19.73,49.06,0.79,1.39,36.36,48.55,45.47,51.64,0.57,0.72,44.44,8.60,89.85,0.985,8.49,11.62,8.14,46.43,51.04,15.49,16.68,16.93,47.78
492,8480144,David Kampf,WSH,C,https://assets.nhle.com/mugs/nhl/20252026/WSH/8480144.png,https://assets.nhle.com/logos/nhl/svg/WSH_secondary_light.svg,64,davidkampf,40.0,589.13333333333,14.728333333333,47.05,61.11,43.5,35.03,46.34,43.05,22.1,28.82,43.4,1.32,3.87,25.49,2.18,3.5,38.4,22.1,30.76,41.81,8.96,13.34,40.18,0.61,1.22,33.33,17.52,23.22,43.0,0.41,2.85,12.50,39.72,59.73,39.94,0.44,0.59,42.86,5.99,86.57,0.926,8.05,15.58,19.15,39.62,29.59,14.77,19.96,30.55,32.58
493,8484158,Easton Cowan,TOR,R,https://assets.nhle.com/mugs/nhl/20252026/TOR/8484158.png,https://assets.nhle.com/logos/nhl/svg/TOR_light.svg,53,eastoncowan,66.0,970.93333333333,14.711111111111,59.08,59.76,49.71,42.33,45.3,48.31,27.07,29.17,48.13,3.03,2.53,54.44,3.08,3.43,47.36,29.66,27.81,51.61,12.05,10.81,52.70,1.54,0.56,73.53,23.48,22.66,50.89,0.99,1.73,36.36,49.81,46.51,51.71,1.07,0.71,60.00,11.19,91.31,1.025,9.95,10.75,5.31,46.16,65.18,19.53,15.33,12.17,61.6
494,8479395,Dennis Cholowski,NJD,D,https://assets.nhle.com/mugs/nhl/20252026/NJD/8479395.png,https://assets.nhle.com/logos/nhl/svg/NJD_light.svg,21,dennischolowski,17.0,249.41666666667,14.671568627451,48.83,58.22,45.62,38.01,41.62,47.73,24.3,26.46,47.87,1.68,3.13,35.00,2.17,2.57,45.81,22.13,25.74,46.23,8.42,10.58,44.30,0.24,1.92,11.11,18.28,20.21,47.5,1.28,0.64,66.67,40.65,48.3,45.7,0.69,1.04,40.00,6.93,88.18,0.951,6.01,8.42,6.5,53.65,48.08,11.31,12.99,15.16,42.73
495,8477810,Joel Hanley,CGY,D,https://assets.nhle.com/mugs/nhl/20252026/CGY/8477810.png,https://assets.nhle.com/logos/nhl/svg/CGY_light.svg,44,joelhanley,68.0,996.88333333333,14.660049019608,57.9,55.07,51.25,39.78,39.18,50.38,26.9,26.78,50.11,1.75,2.71,39.19,2.39,2.86,45.52,25.94,26.42,49.54,9.15,12.94,41.42,0.6,1.5,28.57,22.39,17.98,55.47,1.28,1.12,53.33,51.38,41.82,55.13,0.26,0.52,33.33,6.49,89.89,0.964,7.1,10.23,8.0,66.27,47.01,18.72,15.83,13.66,57.81
496,8483472,Maveric Lamoureux,UTA,D,https://assets.nhle.com/mugs/nhl/20252026/UTA/8483472.png,https://assets.nhle.com/logos/nhl/svg/UTA_light.svg?season=20252026,10,mavericlamoureux,5.0,73.266666666667,14.653333333333,54.05,63.06,46.15,39.31,40.95,48.98,22.93,27.02,45.9,4.09,0.82,83.33,2.0,2.61,43.35,22.11,29.48,42.86,9.01,9.83,47.83,0.82,0.82,50.00,17.47,26.21,40.0,1.09,0.0,100.00,46.13,43.77,51.32,3.55,0.0,100.00,17.86,96.97,1.148,4.09,4.91,4.91,65.51,45.45,9.01,10.65,11.46,44.0
497,8478042,Viktor Arvidsson,BOS,L,https://assets.nhle.com/mugs/nhl/20252026/BOS/8478042.png,https://assets.nhle.com/logos/nhl/svg/BOS_light.svg?season=20252026,33,viktorarvidsson,69.0,1007.3333333333,14.599033816425,66.41,54.02,55.14,49.56,39.13,55.88,31.39,25.91,54.78,4.53,2.32,66.09,3.82,3.03,55.7,33.18,25.43,56.61,14.18,11.97,54.21,2.14,1.13,65.45,25.33,17.95,58.53,1.99,0.87,69.44,54.55,46.12,54.19,1.03,0.6,63.16,14.42,91.03,1.055,11.02,12.51,9.95,40.86,52.56,20.31,17.45,19.06,51.59
498,8477953,Kasperi Kapanen,EDM,R,https://assets.nhle.com/mugs/nhl/20252026/EDM/8477953.png,https://assets.nhle.com/logos/nhl/svg/EDM_light.svg,42,kasperikapanen,41.0,598.21666666667,14.590650406504,48.14,60.28,44.4,36.91,40.52,47.67,25.17,25.07,50.1,2.41,2.41,50.00,2.28,2.91,43.87,21.76,30.19,41.89,8.22,12.04,40.59,0.7,1.2,36.84,18.05,24.21,42.72,1.87,0.67,73.68,41.0,47.52,46.32,0.43,1.01,30.00,9.56,90.4,1.0,7.52,13.74,7.42,45.84,50.34,13.84,18.35,15.45,47.26
499,8482055,Drew O'Connor,VAN,L,https://assets.nhle.com/mugs/nhl/20252026/VAN/8482055.png,https://assets.nhle.com/logos/nhl/svg/VAN_light.svg,18,drewoconnor,82.0,1196.3,14.589024390244,53.57,59.68,47.3,39.32,44.34,47.0,23.57,28.54,45.24,2.31,3.86,37.40,2.65,3.42,43.62,25.13,31.65,44.26,11.79,14.19,45.37,1.15,1.96,37.10,17.79,23.27,43.32,1.0,1.67,37.50,46.29,43.32,51.66,0.51,0.8,38.89,9.79,86.47,0.963,9.38,12.19,6.42,49.25,59.37,15.6,16.65,13.29,53.99
500,8477018,Ben Hutton,VGK,D,https://assets.nhle.com/mugs/nhl/20252026/VGK/8477018.png,https://assets.nhle.com/logos/nhl/svg/VGK_light.svg,17,benhutton,55.0,802.25,14.586363636364,56.47,54.75,50.77,40.16,38.29,51.19,25.65,23.86,51.81,2.92,2.77,51.32,2.66,2.38,52.83,27.6,25.5,51.97,12.19,10.47,53.80,1.94,1.72,53.06,20.54,20.04,50.61,0.8,0.6,57.14,47.86,42.46,52.99,0.54,0.86,38.46,11.37,88.4,0.998,9.42,10.4,4.86,52.95,65.97,19.89,15.78,10.84,64.72
501,8484392,Felix Unger Sorum,CAR,R,https://assets.nhle.com/mugs/nhl/20252026/CAR/8484392.png,https://assets.nhle.com/logos/nhl/svg/CAR_light.svg,36,felixungersorum,1.0,14.583333333333,14.583333333333,24.69,41.14,37.5,24.69,24.69,50.0,16.46,16.46,50.0,4.11,0.0,100.00,1.09,1.57,40.98,12.34,20.57,37.5,4.11,4.11,50.00,0.0,0.0,-,10.97,21.94,33.33,5.49,0.0,100.00,23.77,41.6,36.36,0.0,0.0,-,25.00,100.0,1.25,4.11,4.11,4.11,57.6,50.00,8.23,20.57,12.34,40.0
502,8481711,Matias Maccelli,TOR,L,https://assets.nhle.com/mugs/nhl/20252026/TOR/8481711.png,https://assets.nhle.com/logos/nhl/svg/TOR_light.svg,63,matiasmaccelli,71.0,1034.1,14.564788732394,57.56,55.35,50.98,44.44,40.67,52.22,29.01,27.85,51.02,3.19,3.83,45.45,3.35,2.89,53.73,31.51,27.39,53.5,13.93,11.26,55.30,1.68,1.86,47.54,23.44,21.51,52.15,1.32,1.7,43.59,48.86,42.16,53.68,0.75,0.67,52.94,11.00,86.25,0.973,11.14,11.6,5.34,46.01,67.61,23.09,16.01,12.59,64.72
503,8485395,James Hagens,BOS,C,https://assets.nhle.com/mugs/nhl/20252026/BOS/8485395.png,https://assets.nhle.com/logos/nhl/svg/BOS_light.svg?season=20252026,44,jameshagens,2.0,29.1,14.55,47.42,53.61,46.94,37.11,35.05,51.43,20.62,18.56,52.63,2.06,0.0,100.00,1.49,1.28,53.83,14.43,24.74,36.84,4.12,8.25,33.33,0.0,0.0,-,13.75,21.99,38.46,0.0,0.0,-,59.56,47.65,55.56,2.98,0.0,100.00,10.00,100.0,1.1,8.25,26.8,4.12,37.11,66.67,18.56,30.93,16.49,52.94
504,8474567,Zach Bogosian,MIN,D,https://assets.nhle.com/mugs/nhl/20252026/MIN/8474567.png,https://assets.nhle.com/logos/nhl/svg/MIN_light.svg,24,zachbogosian,41.0,596.31666666667,14.544308943089,51.11,64.5,44.21,37.23,48.2,43.58,23.85,31.69,42.93,2.62,2.21,54.17,2.6,3.13,45.45,22.84,32.7,41.12,10.46,12.38,45.81,1.21,0.8,60.00,16.5,27.1,37.85,0.54,1.21,30.77,40.4,48.11,45.65,1.02,0.73,58.33,10.97,93.02,1.04,4.13,8.45,5.23,54.33,44.09,13.58,15.6,14.59,48.21
505,8479026,Philippe Myers,TOR,D,https://assets.nhle.com/mugs/nhl/20252026/TOR/8479026.png,https://assets.nhle.com/logos/nhl/svg/TOR_light.svg,51,philippemyers,39.0,567.18333333333,14.543162393162,45.81,68.55,40.06,34.06,50.25,40.4,20.63,32.79,38.61,2.12,3.91,35.09,1.86,3.39,35.43,19.78,33.43,37.18,7.3,14.49,33.50,0.85,1.9,30.77,16.64,25.25,39.73,1.27,1.69,42.86,40.49,55.01,42.4,0.46,1.07,30.00,10.26,88.06,0.983,5.92,11.32,9.41,59.13,38.62,11.53,15.34,18.51,38.38
506,8475343,Nic Dowd,VGK,C,https://assets.nhle.com/mugs/nhl/20252026/VGK/8475343.png,https://assets.nhle.com/logos/nhl/svg/VGK_light.svg,26,nicdowd,75.0,1090.65,14.542,46.43,66.46,41.13,32.9,46.93,41.21,20.74,30.59,40.41,1.43,2.92,32.91,2.17,3.64,37.35,20.68,31.63,39.54,8.75,13.42,39.45,0.72,1.43,33.33,15.92,24.28,39.6,0.44,0.88,33.33,35.36,65.4,35.09,0.48,1.19,28.57,6.90,90.47,0.974,4.24,15.07,19.75,44.18,17.66,7.92,19.09,31.41,20.14
507,8484759,Carter Yakemchuk,OTT,D,https://assets.nhle.com/mugs/nhl/20252026/OTT/8484759.png,https://assets.nhle.com/logos/nhl/svg/OTT_light.svg,26,carteryakemchuk,4.0,58.133333333333,14.533333333333,63.99,65.02,49.6,46.44,47.48,49.45,22.71,28.9,44.0,4.13,3.1,57.14,3.8,3.46,52.32,28.9,27.87,50.91,15.48,13.42,53.57,1.03,3.1,25.00,17.89,19.27,48.15,2.75,0.0,100.00,67.09,47.71,58.44,1.49,0.0,100.00,18.18,89.29,1.075,23.74,10.32,4.13,52.64,85.19,32.0,13.42,8.26,79.49
508,8475791,Taylor Hall,CAR,L,https://assets.nhle.com/mugs/nhl/20252026/CAR/8475791.png,https://assets.nhle.com/logos/nhl/svg/CAR_light.svg,71,taylorhall,80.0,1162.3666666667,14.529583333333,73.56,43.26,62.97,52.34,33.14,61.23,32.67,21.42,60.4,3.56,2.63,57.50,4.07,2.62,60.79,37.89,22.76,62.47,16.52,10.01,62.26,1.96,1.29,60.32,28.49,17.0,62.63,1.51,1.31,53.66,59.5,30.35,66.22,0.6,0.22,72.73,10.90,87.71,0.986,13.32,11.77,3.61,45.37,78.66,24.73,18.17,9.55,72.14
509,8482177,Marat Khusnutdinov,BOS,C,https://assets.nhle.com/mugs/nhl/20252026/BOS/8482177.png,https://assets.nhle.com/logos/nhl/svg/BOS_light.svg?season=20252026,92,maratkhusnutdinov,77.0,1116.5,14.5,53.04,58.79,47.43,38.05,43.74,46.52,24.24,28.86,45.65,2.96,2.85,50.93,2.59,3.47,42.72,24.29,29.02,45.56,9.94,13.33,42.73,1.29,1.45,47.06,19.13,20.92,47.76,1.43,0.93,60.61,45.18,48.75,48.1,0.78,1.01,43.48,12.20,90.13,1.023,9.73,12.31,8.92,46.86,52.16,17.14,17.47,18.27,48.41
510,8473604,Jonathan Toews,WPG,C,https://assets.nhle.com/mugs/nhl/20252026/WPG/8473604.png,https://assets.nhle.com/logos/nhl/svg/WPG_light.svg,19,jonathantoews,82.0,1188.1166666667,14.489227642276,59.59,52.57,53.13,43.38,38.73,52.83,27.78,24.44,53.19,2.32,2.68,46.46,3.26,2.93,52.62,28.18,25.25,52.74,12.78,9.9,56.35,1.41,1.11,56.00,20.54,20.47,50.08,0.47,1.41,25.00,60.03,41.43,59.17,0.66,0.44,60.00,8.36,89.05,0.974,15.25,11.62,8.33,43.23,64.67,25.35,16.36,15.4,62.21
511,8481618,Alex Newhook,MTL,C,https://assets.nhle.com/mugs/nhl/20252026/MTL/8481618.png,https://assets.nhle.com/logos/nhl/svg/MTL_light.svg,15,alexnewhook,42.0,608.35,14.484523809524,46.95,60.46,43.71,34.82,44.58,43.85,21.4,28.9,42.55,3.75,3.06,55.07,2.52,3.51,41.8,23.97,30.28,44.18,8.98,13.12,40.63,1.38,1.78,43.75,19.99,22.88,46.63,2.1,1.05,66.67,40.74,45.45,47.27,1.0,0.71,58.33,17.51,89.42,1.069,10.65,11.14,6.51,45.76,62.07,18.25,16.27,14.4,55.89
512,8480835,Jack Drury,COL,C,https://assets.nhle.com/mugs/nhl/20252026/COL/8480835.png,https://assets.nhle.com/logos/nhl/svg/COL_light.svg,18,jackdrury,82.0,1187.25,14.478658536585,61.25,56.2,52.15,43.16,41.24,51.14,28.2,26.23,51.81,2.32,2.78,45.54,2.74,3.16,46.43,26.89,26.48,50.38,10.46,11.52,47.59,1.01,1.26,44.44,21.9,19.95,52.33,1.01,1.28,44.12,51.32,52.7,49.33,0.58,0.8,42.11,8.24,89.4,0.976,7.02,11.62,13.64,50.54,33.99,14.05,16.88,24.76,36.2
513,8478831,Kevin Stenlund,UTA,C,https://assets.nhle.com/mugs/nhl/20252026/UTA/8478831.png,https://assets.nhle.com/logos/nhl/svg/UTA_light.svg?season=20252026,82,kevinstenlund,80.0,1158.2833333333,14.478541666667,45.38,68.12,39.98,31.86,47.92,39.94,18.96,30.67,38.2,1.66,3.57,31.68,2.23,4.21,34.64,18.8,33.88,35.69,7.36,15.44,32.27,0.62,1.81,25.53,15.26,24.59,38.3,0.69,1.38,33.33,37.94,65.25,36.77,0.45,0.97,31.58,8.74,88.34,0.971,7.72,13.21,22.79,43.15,25.30,12.64,17.46,37.87,25.03
514,8482775,Oliver Kapanen,MTL,C,https://assets.nhle.com/mugs/nhl/20252026/MTL/8482775.png,https://assets.nhle.com/logos/nhl/svg/MTL_light.svg,91,oliverkapanen,82.0,1186.95,14.475,47.77,66.88,41.67,36.35,47.26,43.47,23.25,31.69,42.32,3.08,3.24,48.80,2.76,3.79,42.09,23.96,33.01,42.06,10.11,15.16,40.00,1.36,1.52,47.37,18.47,23.79,43.7,1.28,1.68,43.18,40.96,52.5,43.83,0.88,0.58,60.00,13.26,89.79,1.031,11.42,9.3,7.28,48.68,61.08,18.1,14.36,14.81,54.99
515,8482713,Mackie Samoskevich,FLA,R,https://assets.nhle.com/mugs/nhl/20252026/FLA/8482713.png,https://assets.nhle.com/logos/nhl/svg/FLA_light.svg,11,mackiesamoskevich,77.0,1114.1666666667,14.469696969697,73.13,44.1,62.38,53.21,33.5,61.37,31.66,22.35,58.62,2.85,2.26,55.79,4.06,2.63,60.64,35.49,20.52,63.37,15.62,9.42,62.37,1.4,1.18,54.17,26.5,14.79,64.17,1.44,0.93,60.61,59.9,37.65,61.4,0.54,0.39,58.33,9.01,89.88,0.989,11.42,13.41,6.46,46.53,63.86,20.95,19.33,13.19,61.36
516,8480831,Alec Regula,EDM,D,https://assets.nhle.com/mugs/nhl/20252026/EDM/8480831.png,https://assets.nhle.com/logos/nhl/svg/EDM_light.svg,75,alecregula,29.0,419.6,14.468965517241,51.48,62.49,45.17,39.61,43.33,47.76,26.45,28.31,48.3,1.29,4.29,23.08,2.79,2.98,48.32,24.74,33.6,42.4,11.73,11.58,50.31,1.14,3.15,26.67,17.35,29.36,37.14,0.0,0.95,0.00,45.03,43.99,50.58,0.21,0.62,25.00,4.86,84.85,0.897,5.43,11.01,7.01,51.91,43.68,15.59,18.16,15.01,50.93
517,8478462,Nicolas Roy,COL,C,https://assets.nhle.com/mugs/nhl/20252026/COL/8478462.png,https://assets.nhle.com/logos/nhl/svg/COL_light.svg,10,nicolasroy,74.0,1070.0,14.459459459459,52.37,64.54,44.8,36.67,47.1,43.78,23.66,31.4,42.97,2.64,2.75,48.96,2.62,3.55,42.43,25.46,30.84,45.22,10.09,14.02,41.86,1.35,1.29,51.06,20.49,22.43,47.74,1.12,1.27,46.88,41.88,54.27,43.56,0.65,0.4,61.54,11.14,91.25,1.024,6.56,10.88,12.73,50.8,34.01,12.17,16.04,22.65,34.94
518,8478047,Michael Bunting,DAL,L,https://assets.nhle.com/mugs/nhl/20252026/DAL/8478047.png,https://assets.nhle.com/logos/nhl/svg/DAL_light.svg,58,michaelbunting,74.0,1068.6666666667,14.441441441441,65.8,52.94,55.41,46.54,40.42,53.52,29.59,27.79,51.57,3.2,3.59,47.11,3.39,2.88,54.09,30.32,24.31,55.5,12.86,10.11,55.99,1.52,1.8,45.76,23.28,18.94,55.14,1.35,1.35,50.00,58.71,44.36,56.96,0.89,1.05,45.83,10.82,87.07,0.979,11.45,9.54,4.94,48.23,69.86,22.96,14.88,13.42,63.12
519,8484186,Ryan Leonard,WSH,R,https://assets.nhle.com/mugs/nhl/20252026/WSH/8484186.png,https://assets.nhle.com/logos/nhl/svg/WSH_secondary_light.svg,9,ryanleonard,75.0,1081.0166666667,14.413555555556,63.33,55.28,53.39,47.12,38.96,54.74,30.25,24.64,55.11,3.83,2.39,61.61,3.76,3.09,54.87,31.58,27.36,53.58,13.65,11.88,53.48,1.72,1.05,62.00,23.9,20.65,53.65,2.0,0.81,71.05,54.6,42.09,56.47,0.88,0.64,57.89,12.66,90.32,1.03,10.66,13.65,7.27,43.07,59.44,20.92,17.82,14.1,59.75
520,8474612,Travis Hamonic,DET,D,https://assets.nhle.com/mugs/nhl/20252026/DET/8474612.png,https://assets.nhle.com/logos/nhl/svg/DET_light.svg?season=20252026,52,travishamonic,26.0,373.83333333333,14.378205128205,50.88,74.15,40.69,37.08,51.84,41.7,23.11,32.9,41.26,1.28,3.53,26.67,2.23,3.46,39.27,21.19,38.36,35.58,7.86,11.56,40.50,0.8,1.6,33.33,17.76,35.74,33.2,0.21,1.71,11.11,46.37,58.42,44.25,0.23,0.93,20.00,5.56,89.27,0.948,4.65,11.72,11.4,56.98,29.00,14.12,17.49,22.47,38.6
521,8482074,Connor Zary,CGY,C,https://assets.nhle.com/mugs/nhl/20252026/CGY/8482074.png,https://assets.nhle.com/logos/nhl/svg/CGY_light.svg,47,connorzary,74.0,1063.3,14.368918918919,61.28,51.74,54.22,42.94,38.26,52.88,29.62,24.66,54.57,2.48,2.48,50.00,3.08,2.68,53.53,28.55,25.51,52.82,11.79,11.12,51.48,1.24,0.85,59.46,22.35,19.19,53.8,0.9,1.5,37.50,49.72,41.81,54.32,0.73,0.33,69.23,8.38,89.93,0.983,8.86,11.34,7.84,49.04,53.04,18.4,16.59,15.29,54.61
522,8481006,Tyler Tucker,STL,D,https://assets.nhle.com/mugs/nhl/20252026/STL/8481006.png,https://assets.nhle.com/logos/nhl/svg/STL_light.svg?season=20252026,75,tylertucker,69.0,990.86666666667,14.36038647343,50.14,54.86,47.75,37.0,41.3,47.25,24.16,25.92,48.25,2.85,4.3,39.83,2.47,2.85,46.48,24.89,26.34,48.58,10.11,11.81,46.13,1.09,2.24,32.73,19.7,19.38,50.41,1.61,1.29,55.56,38.75,44.87,46.34,0.79,1.57,33.33,11.78,83.41,0.952,5.63,12.23,8.17,53.41,40.79,12.78,17.62,15.02,45.97
523,8476872,Scott Laughton,LAK,C,https://assets.nhle.com/mugs/nhl/20252026/LAK/8476872.png,https://assets.nhle.com/logos/nhl/svg/LAK_light.svg,21,scottlaughton,64.0,918.66666666667,14.354166666667,45.85,70.73,39.33,34.75,50.62,40.7,22.53,33.83,39.98,1.96,2.94,40.00,2.65,3.69,41.82,19.4,33.44,36.71,9.08,14.43,38.61,0.98,1.11,46.88,13.76,25.34,35.19,0.7,1.39,33.33,34.15,68.4,33.3,0.57,0.85,40.00,8.70,91.31,1.0,3.33,12.93,23.32,48.13,12.50,6.99,17.83,36.51,16.07
524,8484164,Dalibor Dvorsky,STL,R,https://assets.nhle.com/mugs/nhl/20252026/STL/8484164.png,https://assets.nhle.com/logos/nhl/svg/STL_light.svg?season=20252026,15,dalibordvorsky,71.0,1018.0666666667,14.33896713615,55.1,50.15,52.35,40.08,36.25,52.51,27.88,24.05,53.69,2.77,2.24,55.29,2.8,2.42,53.61,26.29,23.34,52.97,9.96,10.25,49.27,1.06,1.0,51.43,21.77,17.44,55.51,1.41,1.02,58.06,51.76,41.03,55.78,0.94,0.68,57.89,9.94,90.69,1.006,14.85,12.44,6.31,44.97,70.19,23.93,15.97,12.49,65.7
525,8484428,Charles Alexis Legault,CAR,D,https://assets.nhle.com/mugs/nhl/20252026/CAR/8484428.png,https://assets.nhle.com/logos/nhl/svg/CAR_light.svg,62,charlesalexislegault,12.0,171.53333333333,14.294444444444,58.41,49.67,54.05,41.97,36.03,53.81,25.53,25.53,50.0,2.45,1.05,70.00,2.67,2.91,47.85,25.88,25.53,50.34,8.74,10.84,44.64,0.7,0.7,50.00,22.85,19.59,53.85,1.87,0.0,100.00,49.01,39.91,55.11,0.0,0.51,0.00,9.59,95.89,1.055,7.7,15.04,8.05,54.92,48.89,17.84,25.18,16.09,52.58
526,8478438,Tommy Novak,PIT,C,https://assets.nhle.com/mugs/nhl/20252026/PIT/8478438.png,https://assets.nhle.com/logos/nhl/svg/PIT_light.svg,18,thomasnovak,82.0,1171.0666666667,14.281300813008,62.61,54.62,53.41,46.73,39.25,54.35,29.05,24.95,53.8,3.48,2.82,55.28,3.46,2.71,56.08,34.89,26.85,56.51,15.32,11.12,57.95,1.59,1.02,60.78,26.1,20.97,55.44,1.91,1.57,54.90,47.81,40.11,54.38,0.67,0.81,45.00,11.99,88.71,1.007,10.4,10.66,4.56,50.36,69.52,20.8,15.68,10.3,66.89
527,8476525,Colin Miller,WPG,D,https://assets.nhle.com/mugs/nhl/20252026/WPG/8476525.png,https://assets.nhle.com/logos/nhl/svg/WPG_light.svg,6,colinmiller,18.0,256.95,14.275,55.34,57.91,48.87,39.93,43.43,47.9,24.75,29.42,45.69,1.63,3.04,35.00,2.44,3.31,42.41,24.52,32.92,42.68,9.11,14.24,39.00,0.7,0.93,42.86,20.55,24.91,45.21,1.25,1.56,44.44,49.58,40.81,54.85,0.0,1.35,0.00,6.60,89.68,0.963,5.84,11.91,7.24,51.84,44.64,17.28,15.18,14.01,55.22
528,8481554,Kaapo Kakko,SEA,R,https://assets.nhle.com/mugs/nhl/20252026/SEA/8481554.png,https://assets.nhle.com/logos/nhl/svg/SEA_light.svg,84,kaapokakko,65.0,926.73333333333,14.257435897436,57.56,57.04,50.23,42.34,42.28,50.04,27.84,27.0,50.77,3.56,1.94,64.71,2.93,2.83,50.82,25.57,26.54,49.07,10.42,10.94,48.79,1.75,1.04,62.79,20.2,20.8,49.26,1.73,0.78,68.97,55.92,43.67,56.15,0.75,0.37,66.67,12.79,92.81,1.056,16.25,14.05,5.63,46.36,74.26,25.51,17.55,12.56,67.01
529,8482111,Justin Barron,NSH,D,https://assets.nhle.com/mugs/nhl/20252026/NSH/8482111.png,https://assets.nhle.com/logos/nhl/svg/NSH_light.svg,72,justinbarron,52.0,741.01666666667,14.250320512821,56.92,54.98,50.87,40.24,40.0,50.15,24.53,26.15,48.4,2.35,2.59,47.54,2.89,2.76,51.18,26.56,25.1,51.41,10.93,11.01,49.82,1.13,1.54,42.42,20.84,18.79,52.59,1.19,0.97,55.00,47.25,48.54,49.33,0.47,0.47,50.00,9.57,90.09,0.997,6.23,11.17,6.56,55.14,48.73,15.55,18.7,17.49,47.06
530,8479671,Mathieu Olivier,CBJ,R,https://assets.nhle.com/mugs/nhl/20252026/CBJ/8479671.png,https://assets.nhle.com/logos/nhl/svg/CBJ_light.svg,24,mathieuolivier,61.0,867.93333333333,14.228415300546,56.41,62.56,47.41,42.72,43.83,49.36,28.07,28.97,49.21,3.11,2.42,56.25,3.09,2.94,51.25,26.2,27.72,48.59,12.51,10.3,54.85,1.31,0.9,59.38,18.25,23.23,44.0,1.29,1.2,51.85,45.63,56.02,44.89,1.1,0.8,57.89,11.08,91.65,1.027,7.6,13.83,10.16,45.76,42.80,14.1,18.25,20.74,40.48
531,8480084,Nick DeSimone,UTA,D,https://assets.nhle.com/mugs/nhl/20252026/UTA/8480084.png,https://assets.nhle.com/logos/nhl/svg/UTA_light.svg?season=20252026,57,nickdesimone,40.0,568.51666666667,14.212916666667,58.68,51.19,53.41,40.95,35.36,53.67,25.43,22.59,52.97,2.53,2.22,53.33,2.67,2.14,55.55,27.02,23.43,53.56,11.29,8.76,56.32,1.37,1.06,56.52,20.97,19.56,51.74,0.56,1.27,30.77,48.63,41.46,53.98,1.07,0.3,77.78,9.96,90.19,1.001,6.12,12.03,7.28,57.31,45.67,16.25,17.73,15.41,51.33
532,8480848,Ty Dellandrea,SJS,C,https://assets.nhle.com/mugs/nhl/20252026/SJS/8480848.png,https://assets.nhle.com/logos/nhl/svg/SJS_light.svg,10,tydellandrea,46.0,652.71666666667,14.189492753623,37.6,79.15,32.2,25.92,56.72,31.37,17.28,36.95,31.86,1.47,4.69,23.88,1.93,4.28,31.12,17.28,39.16,30.62,8.73,16.09,35.19,1.01,2.21,31.43,11.4,30.76,27.03,0.37,1.84,16.67,30.01,71.97,29.43,0.27,1.59,14.29,8.51,87.31,0.958,6.34,10.48,19.49,42.93,24.56,9.74,14.06,31.62,23.56
533,8481600,Tobias Bjornfot,FLA,D,https://assets.nhle.com/mugs/nhl/20252026/FLA/8481600.png,https://assets.nhle.com/logos/nhl/svg/FLA_light.svg,22,tobiasbjornfot,19.0,269.41666666667,14.179824561404,50.55,53.45,48.61,34.74,37.86,47.85,19.15,23.16,45.26,2.67,2.67,50.00,2.62,2.68,49.48,23.16,27.84,45.41,8.69,10.24,45.88,1.34,1.56,46.15,19.3,23.46,45.14,1.19,0.89,57.14,37.64,41.18,47.76,0.64,0.64,50.00,13.95,88.46,1.024,6.24,13.14,6.9,51.22,47.46,12.69,20.49,16.48,43.51
534,8483890,Braeden Bowman,VGK,R,https://assets.nhle.com/mugs/nhl/20252026/VGK/8483890.png,https://assets.nhle.com/logos/nhl/svg/VGK_light.svg,42,braedenbowman,54.0,763.08333333333,14.131172839506,59.84,52.52,53.25,44.19,38.45,53.47,29.41,22.8,56.33,3.22,3.93,45.05,3.43,2.55,57.32,31.53,24.3,56.48,15.02,9.44,61.41,2.2,1.89,53.85,22.02,19.81,52.63,0.73,1.47,33.33,49.29,43.27,53.25,0.68,1.14,37.50,10.96,82.76,0.937,13.05,10.77,6.45,46.23,66.94,23.59,16.04,12.82,64.79
535,8482807,Ethan Del Mastro,CHI,D,https://assets.nhle.com/mugs/nhl/20252026/CHI/8482807.png,https://assets.nhle.com/logos/nhl/svg/CHI_light.svg?season=20252026,38,ethandelmastro,19.0,268.48333333333,14.130701754386,44.92,57.43,43.89,33.07,42.68,43.66,22.12,28.38,43.81,0.67,3.35,16.67,1.63,3.22,33.63,18.33,32.18,36.28,6.7,12.96,34.09,0.22,2.01,10.00,15.49,25.63,37.68,0.6,1.19,33.33,41.0,45.19,47.57,0.0,0.65,0.00,3.03,88.19,0.912,3.35,8.94,9.83,54.31,25.42,10.73,13.41,19.22,35.82
536,8477931,Tomas Nosek,FLA,L,https://assets.nhle.com/mugs/nhl/20252026/FLA/8477931.png,https://assets.nhle.com/logos/nhl/svg/FLA_light.svg,92,tomasnosek,21.0,296.4,14.114285714286,43.93,61.54,41.65,30.36,45.95,39.79,16.19,30.36,34.78,1.01,3.85,20.83,2.25,3.94,36.29,18.22,31.38,36.73,7.09,16.8,29.66,0.4,1.42,22.22,14.84,19.43,43.31,0.27,1.89,12.50,33.92,53.22,38.93,0.58,1.46,28.57,6.25,87.33,0.936,8.3,12.35,16.19,41.7,33.88,14.37,16.6,23.08,38.38
537,8481572,Ville Heinola,WPG,D,https://assets.nhle.com/mugs/nhl/20252026/WPG/8481572.png,https://assets.nhle.com/logos/nhl/svg/WPG_light.svg,14,villeheinola,5.0,70.5,14.1,68.09,46.81,59.26,52.77,36.6,59.05,36.6,22.98,61.43,1.7,1.7,50.00,3.91,2.98,56.79,36.6,24.68,59.72,12.77,14.47,46.88,1.7,0.85,66.67,31.77,13.62,70.0,0.0,0.0,-,60.24,38.11,61.25,0.0,1.23,0.00,4.65,92.59,0.972,11.06,12.77,10.21,47.66,52.00,22.13,17.02,15.32,59.09
538,8477839,Conor Sheary,NYR,L,https://assets.nhle.com/mugs/nhl/20252026/NYR/8477839.png,https://assets.nhle.com/logos/nhl/svg/NYR_light.svg,43,conorsheary,62.0,874.05,14.097580645161,57.66,56.84,50.36,40.36,40.78,49.75,25.47,26.57,48.94,2.13,1.92,52.54,2.79,2.71,50.76,28.14,26.57,51.44,12.01,10.37,53.68,1.24,0.89,58.06,21.51,21.6,49.89,0.92,0.73,55.56,46.7,47.0,49.84,0.3,0.69,30.00,8.36,92.76,1.011,9.68,12.08,8.17,52.03,54.23,15.65,16.27,16.96,48.0
539,8477851,Jordan Oesterle,NSH,D,https://assets.nhle.com/mugs/nhl/20252026/NSH/8477851.png,https://assets.nhle.com/logos/nhl/svg/NSH_light.svg,82,jordanoesterle,1.0,14.083333333333,14.083333333333,46.86,59.64,44.0,34.08,51.12,40.0,21.3,34.08,38.46,0.0,4.26,0.00,3.1,2.2,58.48,42.6,25.56,62.5,17.04,8.52,66.67,0.0,0.0,-,34.08,22.72,60.0,0.0,5.68,0.00,18.46,43.08,30.0,0.0,0.0,-,0.00,87.5,0.875,8.52,12.78,0.0,55.38,100.00,12.78,12.78,4.26,75.0
540,8476469,Joel Armia,LAK,R,https://assets.nhle.com/mugs/nhl/20252026/LAK/8476469.png,https://assets.nhle.com/logos/nhl/svg/LAK_light.svg,40,joelarmia,67.0,942.15,14.061940298507,53.94,57.57,48.37,39.1,41.71,48.38,26.24,27.58,48.76,2.17,2.48,46.58,2.83,2.88,49.6,24.33,27.45,46.99,9.93,12.04,45.22,1.27,1.21,51.28,19.19,20.55,48.29,0.68,1.02,40.00,45.07,48.94,47.95,0.37,0.74,33.33,8.25,90.99,0.992,8.66,12.55,9.3,49.16,48.23,16.24,18.09,19.17,45.86
541,8477446,Michael McCarron,MIN,C,https://assets.nhle.com/mugs/nhl/20252026/MIN/8477446.png,https://assets.nhle.com/logos/nhl/svg/MIN_light.svg,47,michaelmccarron,79.0,1108.4833333333,14.031434599156,45.14,62.41,41.97,33.94,45.79,42.57,22.03,30.58,41.87,1.46,3.84,27.55,2.41,3.52,40.63,20.51,30.31,40.36,10.01,12.88,43.74,0.6,1.79,25.00,14.0,23.24,37.6,0.58,2.02,22.22,33.46,60.75,35.52,0.47,0.7,40.00,6.63,87.43,0.941,3.41,12.4,18.51,46.33,15.56,9.31,17.54,33.18,21.91
542,8476981,Josh Anderson,MTL,R,https://assets.nhle.com/mugs/nhl/20252026/MTL/8476981.png,https://assets.nhle.com/logos/nhl/svg/MTL_light.svg,17,joshanderson,72.0,1009.6166666667,14.022453703704,46.83,67.21,41.06,32.21,48.37,39.97,20.68,29.83,40.94,2.26,3.8,37.25,2.7,4.08,39.84,22.11,34.59,38.99,8.44,16.28,34.13,0.65,2.14,23.40,18.22,24.41,42.75,1.19,1.35,46.88,35.37,56.48,38.5,0.77,0.94,45.00,10.92,87.25,0.982,5.59,12.48,14.92,44.04,27.25,9.81,18.84,26.33,27.14
543,8481593,Jayden Struble,MTL,D,https://assets.nhle.com/mugs/nhl/20252026/MTL/8481593.png,https://assets.nhle.com/logos/nhl/svg/MTL_light.svg,47,jaydenstruble,59.0,827.06666666667,14.018079096045,52.45,53.39,49.55,37.87,38.45,49.62,22.56,25.39,47.05,2.61,2.32,52.94,2.57,2.89,47.07,26.77,25.39,51.32,9.72,12.04,44.67,1.31,1.23,51.43,22.73,17.8,56.09,1.35,1.16,53.85,42.75,40.87,51.13,0.42,0.31,57.14,11.58,90.86,1.024,6.67,10.01,4.14,50.85,61.74,15.96,15.52,11.46,58.2
544,8483500,Noah Ostlund,BUF,C,https://assets.nhle.com/mugs/nhl/20252026/BUF/8483500.png,https://assets.nhle.com/logos/nhl/svg/BUF_light.svg,86,noahostlund,60.0,838.13333333333,13.968888888889,57.7,50.54,53.31,43.02,35.87,54.54,28.78,23.27,55.3,3.22,1.86,63.38,2.76,2.44,53.07,25.56,22.12,53.6,10.38,8.59,54.72,1.65,0.79,67.65,20.24,18.04,52.87,1.34,0.95,58.33,51.29,42.5,54.69,0.72,0.31,70.00,11.19,92.0,1.032,13.17,12.24,6.59,48.39,66.67,22.69,16.39,13.39,62.9
545,8481716,Dmitri Voronkov,CBJ,L,https://assets.nhle.com/mugs/nhl/20252026/CBJ/8481716.png,https://assets.nhle.com/logos/nhl/svg/CBJ_light.svg,10,dmitrivoronkov,63.0,878.21666666667,13.939947089947,71.12,52.13,57.71,52.06,38.12,57.73,33.89,24.73,57.81,3.69,2.6,58.70,3.95,2.68,59.56,34.57,23.57,59.46,14.48,10.45,58.08,1.64,1.16,58.54,26.78,17.49,60.49,1.18,1.18,50.00,65.03,41.65,60.96,1.68,0.2,89.47,10.89,89.5,1.004,17.83,13.66,5.12,40.04,77.68,29.99,18.92,12.09,71.27
546,8475762,Derek Forbort,VAN,D,https://assets.nhle.com/mugs/nhl/20252026/VAN/8475762.png,https://assets.nhle.com/logos/nhl/svg/VAN_light.svg,27,derekforbort,2.0,27.866666666667,13.933333333333,17.22,55.98,23.53,12.92,36.6,26.09,10.77,23.68,31.25,2.15,2.15,50.00,0.76,3.76,16.87,12.92,36.6,26.09,2.15,12.92,14.29,0.0,0.0,-,14.35,31.58,31.25,2.87,0.0,100.00,9.33,43.54,17.65,0.0,3.11,0.00,20.00,90.91,1.109,8.61,10.77,15.07,49.52,36.36,12.92,15.07,23.68,35.29
547,8477938,Haydn Fleury,WPG,D,https://assets.nhle.com/mugs/nhl/20252026/WPG/8477938.png,https://assets.nhle.com/logos/nhl/svg/WPG_light.svg,24,haydnfleury,38.0,529.23333333333,13.927192982456,43.99,64.74,40.46,32.88,49.2,40.06,21.09,31.4,40.17,1.81,4.87,27.12,2.26,3.7,37.88,20.07,33.78,37.26,9.52,12.58,43.08,1.13,2.15,34.48,14.06,28.27,33.21,0.6,2.72,18.18,41.27,52.89,43.83,0.16,0.98,14.29,8.60,84.48,0.931,5.67,8.84,7.94,55.89,41.67,13.26,12.92,15.76,45.7
548,8480980,Connor Dewar,PIT,C,https://assets.nhle.com/mugs/nhl/20252026/PIT/8480980.png,https://assets.nhle.com/logos/nhl/svg/PIT_light.svg,19,connordewar,78.0,1086.1,13.924358974359,48.78,66.07,42.47,35.74,47.95,42.71,22.71,30.33,42.81,2.76,3.04,47.62,2.61,3.57,42.28,23.37,31.88,42.3,10.05,13.87,42.03,1.27,1.49,46.00,17.75,24.01,42.5,1.25,1.03,54.84,31.52,69.58,31.18,0.48,1.12,30.00,12.17,89.98,1.021,2.15,12.6,23.92,41.71,8.26,5.75,16.68,36.35,13.65
549,8482715,Ryan Ufko,NSH,D,https://assets.nhle.com/mugs/nhl/20252026/NSH/8482715.png,https://assets.nhle.com/logos/nhl/svg/NSH_light.svg,12,ryanufko,18.0,249.9,13.883333333333,57.62,59.3,49.28,41.3,44.9,47.91,27.61,31.21,46.94,3.36,2.64,56.00,2.88,3.07,48.39,27.37,27.61,49.78,12.24,11.76,51.00,2.16,1.2,64.29,20.17,21.13,48.84,0.64,0.64,50.00,53.06,47.17,52.94,1.04,1.39,42.86,12.17,91.54,1.037,7.2,8.16,4.32,54.5,62.50,20.17,14.41,12.73,61.31
550,8481167,Brayden Pachal,CGY,D,https://assets.nhle.com/mugs/nhl/20252026/CGY/8481167.png,https://assets.nhle.com/logos/nhl/svg/CGY_light.svg,94,braydenpachal,39.0,541.15,13.875641025641,56.32,64.53,46.61,40.25,45.79,46.78,27.05,27.39,49.69,2.33,2.77,45.65,2.64,3.13,45.76,26.5,30.49,46.5,12.2,11.31,51.89,1.0,1.66,37.50,19.07,25.58,42.72,1.18,1.03,53.33,47.89,49.65,49.1,0.64,0.48,57.14,8.61,89.88,0.985,6.32,9.42,7.65,67.19,45.24,17.63,14.86,15.19,53.72
551,8481481,Blake Lizotte,PIT,C,https://assets.nhle.com/mugs/nhl/20252026/PIT/8481481.png,https://assets.nhle.com/logos/nhl/svg/PIT_light.svg,46,blakelizotte,55.0,763.1,13.874545454545,52.76,64.16,45.12,37.43,45.6,45.08,23.19,28.86,44.56,2.28,2.52,47.54,2.67,3.41,43.91,25.0,31.53,44.23,10.93,14.39,43.17,0.79,1.26,38.46,18.77,22.85,45.09,0.84,0.73,53.33,32.82,64.85,33.6,0.57,1.02,35.71,9.83,91.28,1.011,1.57,12.5,22.96,45.52,6.41,4.87,16.83,33.89,12.58
552,8480001,Urho Vaakanainen,NYR,D,https://assets.nhle.com/mugs/nhl/20252026/NYR/8480001.png,https://assets.nhle.com/logos/nhl/svg/NYR_light.svg,18,urhovaakanainen,34.0,471.08333333333,13.855392156863,52.09,56.3,48.06,35.28,41.14,46.17,20.63,26.49,43.78,2.04,2.42,45.71,2.07,2.68,43.6,23.82,27.26,46.63,8.79,11.34,43.67,0.89,1.02,46.67,20.04,21.23,48.56,1.36,1.19,53.33,38.45,47.65,44.66,0.18,0.74,20.00,9.88,90.87,1.007,2.55,8.66,8.28,61.01,23.53,8.92,13.5,17.45,33.82
553,8480855,Jack McBain,UTA,C,https://assets.nhle.com/mugs/nhl/20252026/UTA/8480855.png,https://assets.nhle.com/logos/nhl/svg/UTA_light.svg?season=20252026,22,jackmcbain,75.0,1038.5,13.846666666667,60.03,61.94,49.22,40.96,45.35,47.46,25.65,29.75,46.3,2.89,3.24,47.17,3.29,3.61,47.63,27.73,31.43,46.88,13.87,13.52,50.63,1.5,1.73,46.43,18.49,23.88,43.64,0.77,1.39,35.71,48.57,52.74,47.94,0.92,0.67,57.89,11.26,89.13,1.004,9.07,14.04,11.44,52.92,44.23,16.12,17.91,20.51,44.01
554,8481013,Jonatan Berggren,STL,R,https://assets.nhle.com/mugs/nhl/20252026/STL/8481013.png,https://assets.nhle.com/logos/nhl/svg/STL_light.svg?season=20252026,29,jonatanberggren,51.0,704.91666666667,13.821895424837,58.99,48.94,54.65,41.62,38.22,52.13,27.41,24.51,52.79,2.64,2.64,50.00,2.65,2.4,52.52,26.3,23.83,52.46,10.13,9.87,50.64,0.94,0.85,52.38,21.56,18.61,53.67,1.36,1.36,50.00,52.74,39.47,57.2,0.98,1.11,47.06,9.63,89.24,0.989,11.32,10.89,7.32,47.32,60.73,19.83,14.47,15.24,56.55
555,8481591,Samuel Poulin,PIT,R,https://assets.nhle.com/mugs/nhl/20252026/PIT/8481591.png,https://assets.nhle.com/logos/nhl/svg/PIT_light.svg,88,samuelpoulin,,,,,,,,,,,,,,,,,,,,,,,,,,,,,,,,,,,,,,,,,,,,,,,,,,,
556,8478454,Noah Juulsen,PHI,D,https://assets.nhle.com/mugs/nhl/20252026/PHI/8478454.png,https://assets.nhle.com/logos/nhl/svg/PHI_light.svg,47,noahjuulsen,52.0,718.45,13.816346153846,42.09,58.54,41.83,30.4,42.34,41.79,20.46,24.72,45.29,2.42,3.01,44.62,2.01,2.96,40.4,21.38,28.23,43.1,8.94,10.77,45.34,0.75,0.84,47.37,16.59,23.27,41.62,1.89,1.89,50.00,33.41,47.77,41.16,0.36,1.09,25.00,11.84,87.84,0.997,7.43,9.52,6.68,65.72,52.66,15.87,16.2,13.61,53.82
557,8483524,Shane Wright,SEA,C,https://assets.nhle.com/mugs/nhl/20252026/SEA/8483524.png,https://assets.nhle.com/logos/nhl/svg/SEA_light.svg,51,shanewright,74.0,1021.3166666667,13.801576576577,57.1,56.46,50.28,42.65,39.42,51.97,27.67,25.5,52.04,2.82,1.64,63.16,3.2,2.48,56.33,26.79,23.91,52.84,11.69,9.69,54.67,1.35,0.88,60.53,20.13,18.96,51.5,1.17,0.39,75.00,51.08,45.48,52.9,0.85,0.59,58.82,10.19,93.55,1.037,16.21,11.16,3.99,49.76,80.23,24.67,14.04,9.93,71.31
558,8483464,Marco Kasper,DET,C,https://assets.nhle.com/mugs/nhl/20252026/DET/8483464.png,https://assets.nhle.com/logos/nhl/svg/DET_light.svg?season=20252026,92,marcokasper,81.0,1117.35,13.794444444444,57.35,60.09,48.83,42.91,42.8,50.06,27.06,28.35,48.84,1.83,3.49,34.34,3.12,3.02,50.79,27.12,29.21,48.14,11.81,12.14,49.33,1.02,1.77,36.54,20.41,22.77,47.26,0.72,1.22,37.04,47.31,50.03,48.61,0.31,0.93,25.00,6.75,87.69,0.944,9.08,11.71,8.97,50.42,50.30,14.5,15.73,18.1,44.48
559,8476480,Vladislav Namestnikov,WPG,C,https://assets.nhle.com/mugs/nhl/20252026/WPG/8476480.png,https://assets.nhle.com/logos/nhl/svg/WPG_light.svg,7,vladislavnamestnikov,60.0,826.6,13.776666666667,56.18,52.63,51.63,41.01,37.45,52.27,26.78,24.39,52.34,1.67,2.69,38.33,3.14,2.63,54.35,26.2,24.46,51.72,12.34,10.16,54.84,1.02,1.45,41.18,18.49,19.07,49.23,0.29,1.16,20.00,51.17,44.25,53.63,0.42,0.52,44.44,6.23,88.99,0.952,11.98,13.86,7.55,47.25,61.34,18.8,18.87,14.3,56.8
560,8477998,Warren Foegele,OTT,L,https://assets.nhle.com/mugs/nhl/20252026/OTT/8477998.png,https://assets.nhle.com/logos/nhl/svg/OTT_light.svg,37,warrenfoegele,68.0,936.68333333333,13.774754901961,55.41,59.7,48.14,40.29,43.94,47.83,25.11,28.25,47.06,2.11,2.37,47.14,2.79,2.94,48.7,24.6,27.48,47.23,10.57,11.21,48.53,0.77,0.9,46.15,18.7,21.69,46.3,1.02,0.94,52.17,47.56,55.52,46.14,0.74,1.02,42.11,8.42,91.61,1.0,8.58,11.79,10.06,51.05,46.05,15.89,17.49,20.69,43.43
561,8475799,Nino Niederreiter,WPG,R,https://assets.nhle.com/mugs/nhl/20252026/WPG/8475799.png,https://assets.nhle.com/logos/nhl/svg/WPG_light.svg,62,ninoniederreiter,61.0,839.91666666667,13.76912568306,58.22,47.0,55.33,42.93,33.79,55.96,28.57,21.14,57.47,2.07,2.14,49.15,3.31,2.28,59.22,27.43,22.65,54.78,12.14,9.07,57.24,1.14,1.07,51.61,20.38,18.1,52.97,0.57,0.76,42.86,49.63,39.11,55.93,0.52,0.72,41.67,7.25,89.86,0.971,9.72,13.64,8.86,45.29,52.31,16.0,18.86,15.07,51.49
562,8484214,Luca Pinelli,CBJ,C,https://assets.nhle.com/mugs/nhl/20252026/CBJ/8484214.png,https://assets.nhle.com/logos/nhl/svg/CBJ_light.svg,53,lucapinelli,3.0,41.3,13.766666666667,62.47,55.21,53.09,47.94,40.68,54.1,36.32,30.51,54.35,1.45,2.91,33.33,3.85,3.26,54.13,40.68,29.06,58.33,17.43,15.98,52.17,1.45,2.91,33.33,30.99,17.43,64.0,0.0,0.0,-,35.67,31.48,53.13,0.0,0.0,-,4.00,90.48,0.945,11.62,10.17,4.36,46.49,72.73,17.43,14.53,8.72,66.67
563,8481522,Peyton Krebs,BUF,C,https://assets.nhle.com/mugs/nhl/20252026/BUF/8481522.png,https://assets.nhle.com/logos/nhl/svg/BUF_light.svg,19,peytonkrebs,82.0,1128.65,13.764024390244,55.98,60.98,47.86,41.52,44.92,48.03,26.9,27.91,49.08,3.3,2.55,56.36,3.0,2.97,50.27,25.57,27.7,48.0,10.42,11.38,47.80,1.54,1.17,56.86,20.2,21.76,48.14,1.49,1.35,52.50,45.38,55.67,44.91,0.46,0.46,50.00,12.25,90.86,1.031,9.62,15.26,11.11,46.09,46.41,14.78,19.24,20.47,41.93
564,8481575,Lassi Thomson,OTT,D,https://assets.nhle.com/mugs/nhl/20252026/OTT/8481575.png,https://assets.nhle.com/logos/nhl/svg/OTT_light.svg,60,lassithomson,11.0,151.2,13.745454545455,59.52,54.37,52.26,44.84,40.87,52.31,30.16,25.4,54.29,3.57,2.38,60.00,3.34,2.67,55.55,26.19,23.41,52.8,12.3,10.71,53.45,1.19,1.59,42.86,18.52,16.93,52.24,2.12,0.53,80.00,52.16,47.57,52.3,1.15,0.57,66.67,11.84,90.63,1.025,9.92,11.9,5.56,57.54,64.10,15.87,17.86,15.08,51.28
565,8483768,Victor Mancini,VAN,D,https://assets.nhle.com/mugs/nhl/20252026/VAN/8483768.png,https://assets.nhle.com/logos/nhl/svg/VAN_light.svg,90,victormancini,24.0,329.63333333333,13.734722222222,42.41,69.9,37.76,29.67,50.6,36.96,20.02,34.22,36.91,1.64,4.37,27.27,2.0,3.51,36.24,19.84,36.95,34.94,9.28,14.74,38.64,0.91,2.0,31.25,14.08,29.61,32.22,0.97,2.67,26.67,38.65,49.95,43.62,0.0,0.53,0.00,8.18,87.23,0.954,8.74,7.1,5.82,53.33,60.00,16.75,10.01,15.11,52.57
566,8484287,Cole McWard,NYI,D,https://assets.nhle.com/mugs/nhl/20252026/NYI/8484287.png,https://assets.nhle.com/logos/nhl/svg/NYI_light.svg,4,colemcward,3.0,41.2,13.733333333333,36.41,77.18,32.05,33.5,53.88,38.33,26.21,39.32,40.0,4.37,2.91,60.00,1.96,3.92,33.35,17.48,34.95,33.33,10.19,18.93,35.00,1.46,2.91,33.33,9.71,21.36,31.25,3.88,0.0,100.00,29.45,56.8,34.15,0.0,0.0,-,16.67,92.59,1.093,2.91,11.65,5.83,48.06,33.33,5.83,18.93,13.11,30.77
567,8480990,Declan Chisholm,WSH,D,https://assets.nhle.com/mugs/nhl/20252026/WSH/8480990.png,https://assets.nhle.com/logos/nhl/svg/WSH_secondary_light.svg,47,declanchisholm,26.0,356.86666666667,13.725641025641,56.49,61.2,48.0,38.5,44.22,46.54,25.22,24.88,50.34,2.69,2.52,51.61,2.75,3.3,45.41,27.24,29.25,48.21,11.26,14.46,43.79,1.85,1.68,52.38,21.3,19.73,51.91,0.9,1.12,44.44,41.77,48.33,46.36,0.24,0.0,100.00,10.67,89.86,1.005,3.19,9.58,6.05,53.13,34.55,11.26,16.31,13.95,44.67
568,8478569,Noel Acciari,PIT,C,https://assets.nhle.com/mugs/nhl/20252026/PIT/8478569.png,https://assets.nhle.com/logos/nhl/svg/PIT_light.svg,52,noelacciari,67.0,918.41666666667,13.707711442786,46.71,69.12,40.33,33.32,48.87,40.54,21.3,30.64,41.01,2.74,3.46,44.21,2.62,3.7,41.5,22.34,33.32,40.14,10.06,14.24,41.40,1.31,1.96,40.00,16.38,25.44,39.17,1.13,0.96,54.17,30.57,73.32,29.43,0.38,1.13,25.00,12.88,88.7,1.016,2.81,10.65,26.0,40.18,9.75,5.75,14.37,40.31,12.48
569,8475191,Reilly Smith,VGK,R,https://assets.nhle.com/mugs/nhl/20252026/VGK/8475191.png,https://assets.nhle.com/logos/nhl/svg/VGK_light.svg,19,reillysmith,69.0,944.15,13.683333333333,55.41,57.13,49.24,39.72,41.43,48.94,26.63,25.36,51.22,2.22,3.11,41.67,2.55,3.01,45.92,26.56,28.09,48.6,10.55,12.07,46.63,0.95,1.78,34.88,21.35,21.35,50.0,0.93,0.68,57.89,44.61,44.98,49.8,0.83,1.19,40.91,8.35,87.72,0.961,7.5,13.15,7.56,51.67,49.79,15.57,18.62,15.32,50.41
570,8485702,Maxim Shabanov,NYI,R,https://assets.nhle.com/mugs/nhl/20252026/NYI/8485702.png,https://assets.nhle.com/logos/nhl/svg/NYI_light.svg,49,maximshabanov,,,,,,,,,,,,,,,,,,,,,,,,,,,,,,,,,,,,,,,,,,,,,,,,,,,
571,8477426,Nick Paul,TBL,L,https://assets.nhle.com/mugs/nhl/20252026/TBL/8477426.png,https://assets.nhle.com/logos/nhl/svg/TBL_light.svg,20,nickpaul,51.0,697.73333333333,13.681045751634,57.01,50.13,53.21,39.47,36.55,51.92,25.8,25.02,50.76,2.15,3.01,41.67,2.87,2.59,52.61,26.83,23.56,53.24,11.52,10.23,52.96,1.2,1.38,46.67,20.41,17.77,53.45,0.57,1.38,29.41,51.8,44.34,53.88,0.75,0.75,50.00,8.33,87.97,0.963,12.81,12.98,11.27,39.38,53.21,20.38,18.32,19.0,51.75
572,8481599,Victor Soderstrom,BOS,D,https://assets.nhle.com/mugs/nhl/20252026/BOS/8481599.png,https://assets.nhle.com/logos/nhl/svg/BOS_light.svg?season=20252026,29,victorsoderstrom,8.0,109.41666666667,13.677083333333,51.0,68.0,42.86,35.64,46.61,43.33,21.39,25.77,45.35,3.29,1.65,66.67,2.14,3.54,37.69,23.03,34.55,40.0,9.87,14.26,40.91,1.1,0.55,66.67,17.55,27.05,39.34,2.19,0.73,75.00,47.52,53.07,47.24,0.79,0.79,50.00,15.38,93.62,1.09,9.32,10.97,6.03,48.26,60.71,22.48,16.45,14.81,60.29
573,8470621,Corey Perry,TBL,R,https://assets.nhle.com/mugs/nhl/20252026/TBL/8470621.png,https://assets.nhle.com/logos/nhl/svg/TBL_light.svg,90,coreyperry,72.0,984.3,13.670833333333,67.6,52.3,56.38,47.79,39.01,55.06,29.56,25.05,54.13,3.78,2.38,61.39,3.92,2.87,57.69,33.53,24.32,57.96,14.87,9.63,60.70,1.95,0.98,66.67,24.87,19.59,55.94,1.46,0.65,69.23,57.06,40.24,58.64,0.97,0.79,55.00,12.78,90.51,1.033,12.74,9.33,3.54,45.11,78.28,23.53,15.06,11.28,67.6
574,8482178,Ian Moore,ANA,D,https://assets.nhle.com/mugs/nhl/20252026/ANA/8482178.png,https://assets.nhle.com/logos/nhl/svg/ANA_light.svg,3,ianmoore,67.0,915.73333333333,13.667661691542,56.81,56.94,49.94,41.15,40.36,50.48,25.88,24.18,51.7,1.77,2.82,38.57,2.6,2.87,47.47,25.49,27.91,47.73,10.81,11.07,49.40,0.66,0.85,43.48,19.57,22.45,46.57,0.7,1.75,28.57,48.08,50.63,48.71,0.85,0.95,47.37,6.84,88.35,0.952,8.19,11.99,10.81,55.17,43.10,15.99,17.69,19.39,45.19
575,8474568,Luke Schenn,BUF,D,https://assets.nhle.com/mugs/nhl/20252026/BUF/8474568.png,https://assets.nhle.com/logos/nhl/svg/BUF_light.svg,2,lukeschenn,50.0,683.23333333333,13.664666666667,45.4,66.3,40.64,31.18,47.86,39.44,19.5,29.51,39.78,1.84,3.78,32.81,2.14,3.38,38.85,20.29,32.76,38.25,8.34,12.82,39.42,1.14,1.58,41.94,15.92,26.58,37.47,0.47,2.11,18.18,39.07,55.05,41.51,0.51,0.89,36.36,9.46,87.2,0.967,5.01,10.01,10.36,55.41,32.57,11.94,16.16,19.76,37.67
576,8481523,Kirby Dach,MTL,C,https://assets.nhle.com/mugs/nhl/20252026/MTL/8481523.png,https://assets.nhle.com/logos/nhl/svg/MTL_light.svg,77,kirbydach,37.0,505.31666666667,13.657207207207,54.03,52.72,50.61,38.47,36.81,51.1,25.88,22.8,53.17,3.21,2.85,52.94,2.76,2.56,51.92,23.98,25.65,48.33,10.57,10.81,49.44,1.66,1.07,60.87,17.89,19.79,47.48,0.95,1.74,35.29,46.99,39.28,54.47,1.2,0.69,63.64,12.39,87.5,0.999,9.14,14.72,6.77,44.65,57.46,16.27,20.07,14.49,52.9
577,8480074,Alexandre Texier,MTL,L,https://assets.nhle.com/mugs/nhl/20252026/MTL/8480074.png,https://assets.nhle.com/logos/nhl/svg/MTL_light.svg,85,alexandretexier,51.0,696.35,13.653921568627,61.26,52.56,53.82,42.56,37.39,53.23,26.62,23.87,52.73,2.58,1.64,61.22,3.12,2.77,52.92,28.43,27.4,50.93,12.06,11.63,50.91,1.21,0.78,60.87,21.83,21.02,50.94,1.15,0.8,58.82,48.66,41.07,54.23,0.75,0.25,75.00,9.71,93.14,1.028,8.79,14.22,6.89,44.55,56.04,16.03,18.7,15.68,50.54
578,8483466,Kevin Korchinski,CHI,D,https://assets.nhle.com/mugs/nhl/20252026/CHI/8483466.png,https://assets.nhle.com/logos/nhl/svg/CHI_light.svg?season=20252026,14,kevinkorchinski,13.0,177.28333333333,13.637179487179,42.98,49.41,46.52,31.81,37.57,45.85,19.29,27.08,41.61,2.03,3.72,35.29,1.88,2.36,44.4,18.61,23.69,44.0,8.12,10.49,43.64,1.02,2.71,27.27,13.99,17.6,44.29,1.35,0.9,60.00,44.0,42.53,50.85,0.0,0.49,0.00,10.53,86.25,0.968,8.8,9.81,6.77,54.83,56.52,20.31,15.57,15.91,56.07
579,8477416,Oliver Bjorkstrand,TBL,R,https://assets.nhle.com/mugs/nhl/20252026/TBL/8477416.png,https://assets.nhle.com/logos/nhl/svg/TBL_light.svg,28,oliverbjorkstrand,80.0,1090.9,13.63625,65.07,44.17,59.57,47.25,32.01,59.61,31.02,21.62,58.93,3.47,2.31,60.00,3.82,2.11,64.4,32.34,18.21,63.98,13.09,8.14,61.66,1.98,0.88,69.23,25.67,13.42,65.67,1.1,0.95,53.57,57.52,38.77,59.74,0.95,0.87,52.17,11.17,89.31,1.005,14.85,12.05,5.89,37.51,71.62,24.09,16.23,10.73,69.19
580,8482737,Zachary Bolduc,MTL,R,https://assets.nhle.com/mugs/nhl/20252026/MTL/8482737.png,https://assets.nhle.com/logos/nhl/svg/MTL_light.svg,76,zacharybolduc,78.0,1063.25,13.63141025641,58.52,51.46,53.21,42.61,35.49,54.55,26.64,23.36,53.27,2.88,2.48,53.68,3.39,2.64,56.26,29.68,23.7,55.6,12.36,10.44,54.21,1.19,1.19,50.00,23.1,17.68,56.64,1.43,1.13,55.88,47.44,40.35,54.04,0.9,0.49,64.71,10.81,89.37,1.002,10.72,12.58,7.22,41.25,59.75,18.23,17.49,14.73,55.31
581,8484230,Otto Stenberg,STL,C,https://assets.nhle.com/mugs/nhl/20252026/STL/8484230.png,https://assets.nhle.com/logos/nhl/svg/STL_light.svg?season=20252026,28,ottostenberg,32.0,435.8,13.61875,47.36,58.24,44.85,32.77,42.68,43.43,19.83,28.22,41.26,1.79,1.79,50.00,2.23,2.78,44.48,21.62,28.09,43.49,7.3,11.43,38.97,0.69,0.96,41.67,19.09,22.21,46.22,0.73,0.55,57.14,39.18,51.31,43.3,0.6,0.6,50.00,9.03,93.66,1.027,8.54,12.39,10.46,53.28,44.93,15.01,16.93,19.69,43.25
582,8479996,Cody Glass,NJD,C,https://assets.nhle.com/mugs/nhl/20252026/NJD/8479996.png,https://assets.nhle.com/logos/nhl/svg/NJD_light.svg,12,codyglass,70.0,952.96666666667,13.61380952381,54.78,53.64,50.52,39.41,38.85,50.36,26.38,25.88,50.48,2.71,2.71,50.00,2.59,2.93,46.85,25.12,26.25,48.9,9.95,11.33,46.75,1.39,1.13,55.00,20.23,19.9,50.42,1.09,1.26,46.43,49.02,44.74,52.28,0.73,0.82,47.06,10.26,89.54,0.998,11.21,13.73,13.47,46.15,45.41,18.51,18.83,22.48,45.16
583,8474102,David Perron,DET,L,https://assets.nhle.com/mugs/nhl/20252026/DET/8474102.png,https://assets.nhle.com/logos/nhl/svg/DET_light.svg?season=20252026,57,davidperron,65.0,882.06666666667,13.570256410256,58.98,45.3,56.56,43.26,31.83,57.61,27.89,21.63,56.32,2.92,2.72,51.81,3.21,2.19,59.48,28.98,18.5,61.03,12.31,7.82,61.15,0.95,1.29,42.42,22.22,14.24,60.95,1.54,0.82,65.38,49.81,37.93,56.77,1.18,1.18,50.00,10.49,87.42,0.979,11.5,12.92,5.65,55.3,67.06,17.89,16.53,11.29,61.31
584,8478109,Victor Olofsson,CGY,L,https://assets.nhle.com/mugs/nhl/20252026/CGY/8478109.png,https://assets.nhle.com/logos/nhl/svg/CGY_light.svg,95,victorolofsson,78.0,1057.7666666667,13.561111111111,71.53,47.25,60.22,52.3,34.66,60.14,35.68,22.07,61.79,2.78,1.99,58.33,3.54,2.27,60.98,32.96,21.1,60.97,12.59,8.85,58.73,1.3,1.08,54.76,27.15,16.34,62.43,1.13,0.76,60.00,65.96,39.9,62.31,0.74,0.41,64.29,7.79,91.0,0.988,12.65,11.97,6.64,47.82,65.59,23.37,15.88,14.52,61.68
585,8485467,Luke Haymes,TOR,C,https://assets.nhle.com/mugs/nhl/20252026/TOR/8485467.png,https://assets.nhle.com/logos/nhl/svg/TOR_light.svg,43,lukehaymes,4.0,54.216666666667,13.554166666667,46.48,50.91,47.73,39.84,36.52,52.17,23.24,27.67,45.65,2.21,5.53,28.57,1.77,2.27,43.86,17.71,25.45,41.03,8.85,7.75,53.33,0.0,2.21,0.00,11.8,23.61,33.33,0.0,4.43,0.00,46.36,43.16,51.79,3.2,0.0,100.00,9.52,80.0,0.895,4.43,12.17,5.53,55.33,44.44,9.96,14.39,8.85,52.94
586,8478891,Mason Appleton,DET,C,https://assets.nhle.com/mugs/nhl/20252026/DET/8478891.png,https://assets.nhle.com/logos/nhl/svg/DET_light.svg?season=20252026,22,masonappleton,65.0,879.06666666667,13.524102564103,47.5,64.5,42.41,33.24,46.41,41.73,21.43,28.74,42.72,1.71,2.59,39.68,2.27,3.35,40.34,20.07,32.56,38.13,8.67,13.38,39.32,0.61,1.16,34.62,15.2,25.57,37.28,0.82,1.46,36.00,40.52,53.04,43.31,0.59,0.49,54.55,7.96,90.97,0.989,8.33,12.49,10.65,49.21,43.88,13.79,16.72,19.38,41.56
587,8482475,Egor Chinakhov,PIT,R,https://assets.nhle.com/mugs/nhl/20252026/PIT/8482475.png,https://assets.nhle.com/logos/nhl/svg/PIT_light.svg,59,egorchinakhov,,,,,,,,,,,,,,,,,,,,,,,,,,,,,,,,,,,,,,,,,,,,,,,,,,,
588,8483690,Noah Laba,NYR,C,https://assets.nhle.com/mugs/nhl/20252026/NYR/8483690.png,https://assets.nhle.com/logos/nhl/svg/NYR_light.svg,42,noahlaba,74.0,996.85,13.470945945946,48.51,61.03,44.29,33.83,41.89,44.67,21.01,27.39,43.41,2.11,2.23,48.61,2.37,3.01,44.02,23.17,27.45,45.78,9.99,11.62,46.24,1.38,1.08,56.10,17.58,21.11,45.44,0.8,0.64,55.56,39.38,52.43,42.9,0.17,0.96,15.38,10.03,91.87,1.019,7.7,10.89,9.99,55.98,43.54,13.48,15.89,18.48,42.18
589,8484221,Calum Ritchie,NYI,C,https://assets.nhle.com/mugs/nhl/20252026/NYI/8484221.png,https://assets.nhle.com/logos/nhl/svg/NYI_light.svg,64,calumritchie,65.0,875.3,13.466153846154,61.21,53.74,53.25,45.31,39.96,53.14,28.86,24.75,53.84,2.6,2.54,50.67,3.5,3.55,49.6,29.96,22.62,56.98,13.23,11.38,53.76,1.17,1.23,48.57,22.3,14.99,59.8,1.28,0.91,58.33,58.62,42.18,58.15,0.69,0.5,58.33,9.03,89.75,0.988,14.46,11.65,4.39,44.42,76.73,26.32,17.14,10.56,71.38
590,8484142,Denver Barkey,PHI,C,https://assets.nhle.com/mugs/nhl/20252026/PHI/8484142.png,https://assets.nhle.com/logos/nhl/svg/PHI_light.svg,86,denverbarkey,43.0,576.51666666667,13.407364341085,58.7,47.35,55.35,44.86,31.95,58.4,29.14,21.54,57.49,2.81,2.91,49.09,3.55,2.0,63.95,31.74,21.75,59.34,13.95,8.53,62.04,1.35,0.94,59.09,23.73,17.62,57.38,1.39,1.67,45.45,45.55,39.24,53.72,0.6,1.05,36.36,9.64,86.47,0.961,10.51,12.18,8.22,47.46,56.11,18.94,17.38,15.19,55.49
591,8480891,Michael Kesselring,BUF,D,https://assets.nhle.com/mugs/nhl/20252026/BUF/8480891.png,https://assets.nhle.com/logos/nhl/svg/BUF_light.svg,7,michaelkesselring,34.0,455.41666666667,13.394607843137,55.73,64.29,46.43,42.16,45.06,48.34,25.3,30.17,45.61,2.37,2.63,47.37,2.47,2.74,47.39,24.24,28.33,46.12,10.67,11.86,47.37,1.32,1.19,52.63,18.09,21.96,45.18,0.35,1.23,22.22,46.81,53.28,46.77,0.95,0.76,55.56,9.38,91.27,1.006,5.4,11.2,9.22,55.07,36.94,15.94,16.73,16.6,48.99
592,8482742,Zachary L'Heureux,NSH,L,https://assets.nhle.com/mugs/nhl/20252026/NSH/8482742.png,https://assets.nhle.com/logos/nhl/svg/NSH_light.svg,68,zacharylheureux,25.0,334.76666666667,13.390666666667,50.0,65.96,43.12,36.92,48.39,43.28,23.12,29.57,43.88,1.61,1.61,50.00,2.69,3.37,44.42,24.02,30.29,44.22,10.57,12.73,45.38,1.08,0.72,60.00,17.92,23.42,43.35,0.48,0.72,40.00,40.65,63.17,39.15,0.26,0.52,33.33,6.98,94.55,1.015,5.2,14.16,11.83,49.11,30.53,12.9,18.64,25.27,33.8
593,8476438,Brandon Saad,VGK,L,https://assets.nhle.com/mugs/nhl/20252026/VGK/8476438.png,https://assets.nhle.com/logos/nhl/svg/VGK_light.svg,20,brandonsaad,49.0,655.86666666667,13.385034013605,57.82,61.02,48.65,41.99,43.27,49.25,26.71,26.35,50.34,1.65,2.74,37.50,2.72,2.87,48.6,27.17,29.46,47.98,12.26,11.34,51.94,0.82,1.46,36.00,19.88,24.15,45.15,0.73,0.73,50.00,49.29,51.93,48.69,0.4,1.06,27.27,6.16,89.58,0.957,8.69,13.72,10.25,47.02,45.89,17.38,18.48,19.12,47.62
594,8483448,Isaiah George,NYI,D,https://assets.nhle.com/mugs/nhl/20252026/NYI/8483448.png,https://assets.nhle.com/logos/nhl/svg/NYI_light.svg,36,isaiahgeorge,4.0,53.483333333333,13.370833333333,33.66,62.82,34.88,26.92,41.51,39.34,21.32,28.05,43.18,3.37,2.24,60.00,1.63,3.01,35.14,14.58,25.8,36.11,4.49,12.34,26.67,2.24,2.24,50.00,13.46,17.95,42.86,0.0,0.0,-,35.65,48.61,42.31,1.62,0.0,100.00,15.79,92.0,1.078,2.24,12.34,12.34,56.09,15.38,7.85,21.32,23.56,25.0
595,8480995,Pontus Holmberg,TBL,R,https://assets.nhle.com/mugs/nhl/20252026/TBL/8480995.png,https://assets.nhle.com/logos/nhl/svg/TBL_light.svg,29,pontusholmberg,70.0,934.41666666667,13.34880952381,55.67,47.2,54.12,40.0,34.67,53.57,24.98,22.67,52.43,2.25,2.25,50.00,2.8,2.07,57.53,26.2,20.16,56.51,11.81,8.09,59.35,1.22,0.96,55.88,19.18,16.1,54.37,0.86,0.86,50.00,43.5,49.44,46.81,0.46,0.83,35.71,9.00,90.08,0.991,8.6,20.23,11.37,40.58,43.09,13.36,24.53,20.35,39.62
596,8483630,Pavol Regenda,SJS,L,https://assets.nhle.com/mugs/nhl/20252026/SJS/8483630.png,https://assets.nhle.com/logos/nhl/svg/SJS_light.svg,84,pavolregenda,24.0,320.36666666667,13.348611111111,60.12,51.32,53.95,41.39,38.77,51.64,29.03,26.22,52.54,4.12,4.12,50.00,3.38,2.99,53.09,30.71,26.03,54.13,14.05,11.99,53.96,3.0,0.94,76.19,22.22,18.73,54.27,1.5,2.5,37.50,41.66,46.53,47.24,0.0,1.62,0.00,14.19,84.29,0.985,7.12,12.17,8.99,49.63,44.19,12.92,18.17,19.48,39.88
597,8476374,Sean Kuraly,BOS,C,https://assets.nhle.com/mugs/nhl/20252026/BOS/8476374.png,https://assets.nhle.com/logos/nhl/svg/BOS_light.svg?season=20252026,52,seankuraly,82.0,1093.0,13.329268292683,50.83,68.89,42.46,36.51,49.73,42.33,23.55,31.78,42.56,1.81,3.51,34.02,2.4,4.29,35.89,21.68,33.98,38.95,9.11,16.03,36.24,0.93,1.37,40.48,16.76,23.93,41.19,0.73,1.46,33.33,37.51,65.5,36.41,0.48,1.51,24.00,7.69,88.95,0.966,3.95,12.41,19.32,42.43,16.98,8.67,18.23,32.44,21.09
598,8480058,Pierre-Olivier Joseph,VAN,D,https://assets.nhle.com/mugs/nhl/20252026/VAN/8480058.png,https://assets.nhle.com/logos/nhl/svg/VAN_light.svg,7,pierreolivierjoseph,,,,,,,,,,,,,,,,,,,,,,,,,,,,,,,,,,,,,,,,,,,,,,,,,,,
599,8484829,Justin Hryckowian,DAL,C,https://assets.nhle.com/mugs/nhl/20252026/DAL/8484829.png,https://assets.nhle.com/logos/nhl/svg/DAL_light.svg,49,justinhryckowian,81.0,1077.2666666667,13.299588477366,44.22,51.19,46.35,32.53,36.09,47.4,22.11,22.22,49.87,2.45,2.45,50.00,2.82,2.69,51.19,22.56,23.89,48.56,11.25,10.08,52.74,1.62,1.39,53.70,15.08,18.42,45.01,0.59,0.74,44.44,34.43,43.77,44.03,0.48,0.64,42.86,11.08,88.97,1.001,5.74,12.03,8.86,52.63,39.31,11.58,17.04,16.43,41.35
600,8483525,Danila Yurov,MIN,R,https://assets.nhle.com/mugs/nhl/20252026/MIN/8483525.png,https://assets.nhle.com/logos/nhl/svg/MIN_light.svg,22,danilayurov,73.0,970.71666666667,13.297488584475,52.6,57.73,47.68,39.19,41.23,48.73,26.64,28.68,48.16,2.78,2.78,50.00,2.69,2.48,52.08,26.15,27.13,49.07,11.06,9.58,53.59,1.36,1.17,53.66,20.11,23.41,46.21,1.07,1.48,41.94,42.5,48.57,46.67,0.89,0.62,58.82,10.44,90.3,1.007,8.41,10.88,5.81,46.11,59.13,18.67,17.99,14.28,56.66
601,8476458,Ryan Strome,CGY,C,https://assets.nhle.com/mugs/nhl/20252026/CGY/8476458.png,https://assets.nhle.com/logos/nhl/svg/CGY_light.svg,22,ryanstrome,52.0,691.25,13.293269230769,61.37,54.68,52.88,43.31,40.8,51.5,28.12,26.82,51.18,3.04,3.39,47.30,2.96,2.72,52.11,29.42,26.82,52.31,12.07,10.42,53.67,1.65,1.74,48.72,23.15,21.87,51.41,1.39,1.62,46.15,50.28,43.13,53.83,0.38,0.5,42.86,10.80,87.38,0.982,11.72,12.76,7.2,49.74,61.93,21.09,19.1,15.02,58.41
602,8473994,Jamie Benn,DAL,L,https://assets.nhle.com/mugs/nhl/20252026/DAL/8473994.png,https://assets.nhle.com/logos/nhl/svg/DAL_light.svg,14,jamiebenn,60.0,797.35,13.289166666667,52.82,53.5,49.68,38.3,36.35,51.31,25.96,23.48,52.51,4.14,2.41,63.22,3.27,2.69,54.91,28.52,23.93,54.38,12.27,9.71,55.82,2.11,0.98,68.29,21.67,18.96,53.33,1.71,1.2,58.62,46.19,43.8,51.33,0.76,0.54,58.33,15.94,89.74,1.057,12.04,11.89,8.05,50.04,59.93,22.65,18.44,14.97,60.2
603,8482062,Cole Smith,VGK,R,https://assets.nhle.com/mugs/nhl/20252026/VGK/8482062.png,https://assets.nhle.com/logos/nhl/svg/VGK_light.svg,22,colesmith,63.0,836.75,13.281746031746,47.76,57.01,45.59,34.92,42.09,45.34,22.59,27.61,45.0,1.58,3.59,30.56,2.65,3.21,45.2,23.88,28.9,45.24,10.83,13.55,44.41,0.5,2.08,19.44,17.4,20.46,45.96,0.76,1.34,36.36,31.38,54.79,36.42,0.62,0.73,46.15,6.98,87.01,0.94,4.02,15.99,18.57,45.1,17.78,7.74,21.01,29.69,20.69
604,8478508,Yakov Trenin,MIN,C,https://assets.nhle.com/mugs/nhl/20252026/MIN/8478508.png,https://assets.nhle.com/logos/nhl/svg/MIN_light.svg,13,yakovtrenin,82.0,1089.1,13.281707317073,47.98,66.05,42.08,35.97,46.88,43.42,24.02,30.74,43.86,2.59,2.42,51.65,2.63,3.27,44.55,24.02,32.61,42.41,10.47,12.73,45.13,1.27,1.05,54.76,18.07,26.52,40.53,0.88,1.03,46.15,35.33,55.07,39.08,0.88,0.88,50.00,10.78,92.11,1.029,4.35,9.59,9.42,46.17,31.60,11.35,15.81,20.66,35.46
605,8482660,Kent Johnson,CBJ,C,https://assets.nhle.com/mugs/nhl/20252026/CBJ/8482660.png,https://assets.nhle.com/logos/nhl/svg/CBJ_light.svg,91,kentjohnson,76.0,1006.2833333333,13.240570175439,66.66,51.99,56.18,46.69,37.8,55.26,31.18,23.19,57.35,2.92,2.74,51.58,3.47,2.46,58.54,31.42,24.03,56.67,12.7,10.67,54.34,1.37,1.31,51.11,24.96,17.81,58.36,1.27,1.19,51.61,57.88,42.29,57.78,0.69,0.69,50.00,9.37,88.17,0.975,12.34,11.45,6.44,43.17,65.71,21.58,15.92,13.71,61.15
606,8474641,Adam Henrique,EDM,C,https://assets.nhle.com/mugs/nhl/20252026/EDM/8474641.png,https://assets.nhle.com/logos/nhl/svg/EDM_light.svg,19,adamhenrique,65.0,860.43333333333,13.237435897436,48.67,60.74,44.49,34.45,40.17,46.17,21.97,24.34,47.44,1.67,3.07,35.29,2.55,3.01,45.81,22.17,29.08,43.27,9.97,11.09,47.35,0.77,1.32,36.67,16.27,23.99,40.42,0.74,1.3,36.36,39.69,57.01,41.04,0.5,1.11,31.25,7.62,87.39,0.95,7.74,12.55,18.76,44.7,29.21,13.25,15.62,29.57,30.94
607,8477407,Anthony Duclair,NYI,L,https://assets.nhle.com/mugs/nhl/20252026/NYI/8477407.png,https://assets.nhle.com/logos/nhl/svg/NYI_light.svg,11,anthonyduclair,62.0,818.71666666667,13.205107526882,57.02,61.19,48.23,41.55,44.26,48.42,27.48,28.87,48.76,3.08,2.2,58.33,2.96,3.56,45.39,27.92,29.9,48.29,12.09,14.44,45.58,1.17,1.1,51.61,21.11,20.62,50.59,2.05,1.17,63.64,50.49,47.85,51.35,0.53,0.32,62.50,11.20,92.39,1.036,12.39,13.34,5.72,43.82,68.42,21.4,17.88,13.04,62.13
608,8483499,Liam Ohgren,VAN,L,https://assets.nhle.com/mugs/nhl/20252026/VAN/8483499.png,https://assets.nhle.com/logos/nhl/svg/VAN_light.svg,92,liamohgren,69.0,908.76666666667,13.170531400966,46.94,63.12,42.65,32.88,47.54,40.89,22.25,30.7,42.02,1.72,3.17,35.14,1.89,3.21,36.99,20.34,31.82,38.99,7.39,13.01,36.25,0.66,1.72,27.78,17.25,25.09,40.75,0.79,1.32,37.50,40.25,48.73,45.23,0.57,0.67,46.15,7.72,89.68,0.974,8.91,12.08,6.14,50.18,59.21,14.99,16.31,15.32,49.46
609,8480842,Filip Hallander,PIT,C,https://assets.nhle.com/mugs/nhl/20252026/PIT/8480842.png,https://assets.nhle.com/logos/nhl/svg/PIT_light.svg,11,filiphallander,13.0,170.85,13.142307692308,61.46,66.02,48.21,41.79,47.41,46.85,30.2,31.96,48.59,3.16,1.4,69.23,3.58,3.58,50.0,32.66,35.82,47.69,15.45,11.94,56.41,1.05,0.35,75.00,22.94,31.84,41.88,1.4,0.94,60.00,48.19,49.2,49.48,1.52,0.51,75.00,10.47,95.6,1.061,9.13,12.29,7.73,53.03,54.17,16.51,17.21,16.51,50.0
610,8484220,David Reinbacher,MTL,D,https://assets.nhle.com/mugs/nhl/20252026/MTL/8484220.png,https://assets.nhle.com/logos/nhl/svg/MTL_light.svg,64,davidreinbacher,2.0,26.283333333333,13.141666666667,43.37,43.37,50.0,25.11,31.96,44.0,18.26,27.39,40.0,2.28,2.28,50.00,1.77,2.11,45.58,18.26,20.55,47.06,11.41,11.41,50.00,0.0,2.28,0.00,9.13,12.18,42.86,3.04,0.0,100.00,49.46,26.38,65.22,0.0,0.0,-,12.50,91.67,1.042,4.57,6.85,2.28,68.48,66.67,20.55,11.41,6.85,75.0
611,8480871,Adam Boqvist,NYI,D,https://assets.nhle.com/mugs/nhl/20252026/NYI/8480871.png,https://assets.nhle.com/logos/nhl/svg/NYI_light.svg,34,adamboqvist,28.0,366.68333333333,13.095833333333,50.89,63.82,44.37,36.98,45.33,44.93,23.73,30.6,43.67,1.8,2.95,37.93,2.84,3.11,47.72,25.53,31.58,44.7,11.62,14.07,45.22,0.98,1.8,35.29,18.54,23.34,44.27,0.87,1.31,40.00,45.62,45.14,50.26,0.24,0.24,50.00,7.59,90.37,0.98,9.16,10.8,4.91,56.94,65.12,20.29,18.16,10.47,65.96
612,8482201,Gage Goncalves,TBL,C,https://assets.nhle.com/mugs/nhl/20252026/TBL/8482201.png,https://assets.nhle.com/logos/nhl/svg/TBL_light.svg,93,gagegoncalves,74.0,968.6,13.089189189189,57.3,47.7,54.57,41.32,35.49,53.79,26.39,22.98,53.45,3.9,2.23,63.64,3.17,2.15,59.52,28.87,21.87,56.9,12.33,7.93,60.86,2.23,0.93,70.59,22.05,18.58,54.27,1.4,1.4,50.00,46.53,40.8,53.28,0.89,0.36,71.43,14.79,90.3,1.051,12.51,13.01,5.51,46.52,69.42,19.02,17.47,11.58,62.15
613,8481178,Egor Zamula,CBJ,D,https://assets.nhle.com/mugs/nhl/20252026/CBJ/8481178.png,https://assets.nhle.com/logos/nhl/svg/CBJ_light.svg,6,egorzamula,33.0,431.21666666667,13.067171717172,49.26,55.24,47.14,34.79,38.68,47.35,23.24,24.35,48.83,2.64,2.09,55.88,2.04,2.68,43.31,21.98,27.69,44.26,7.93,11.13,41.61,1.25,0.83,60.00,18.74,22.08,45.91,1.48,0.74,66.67,39.79,40.2,49.75,0.4,1.0,28.57,11.38,91.43,1.028,5.7,12.66,5.15,54.4,52.56,14.33,18.92,11.97,54.5
614,8483686,Adam Engstrom,MTL,D,https://assets.nhle.com/mugs/nhl/20252026/MTL/8483686.png,https://assets.nhle.com/logos/nhl/svg/MTL_light.svg,42,adamengstrom,15.0,195.78333333333,13.052222222222,51.79,50.26,50.75,36.78,37.39,49.59,21.76,25.44,46.1,2.76,2.15,56.25,2.53,2.88,46.75,24.52,23.29,51.28,10.73,9.81,52.24,0.61,0.61,50.00,18.39,17.98,50.56,1.23,1.23,50.00,47.81,36.74,56.54,1.77,0.44,80.00,12.68,91.57,1.042,10.42,8.58,4.29,54.24,70.83,22.68,15.02,10.42,68.52
615,8477541,Dakota Mermis,TOR,D,https://assets.nhle.com/mugs/nhl/20252026/TOR/8477541.png,https://assets.nhle.com/logos/nhl/svg/TOR_light.svg,3,dakotamermis,11.0,143.3,13.027272727273,51.08,61.97,45.19,37.68,45.22,45.45,24.28,28.89,45.67,1.26,2.51,33.33,2.47,2.84,46.53,23.03,27.63,45.45,10.05,9.21,52.17,0.42,1.26,25.00,17.31,24.56,41.33,0.56,1.67,25.00,41.13,53.22,43.59,0.6,0.0,100.00,5.17,91.3,0.965,5.02,10.05,5.44,69.5,48.00,12.98,13.82,12.98,50.0
616,8480828,Michael Callahan,BOS,D,https://assets.nhle.com/mugs/nhl/20252026/BOS/8480828.png,https://assets.nhle.com/logos/nhl/svg/BOS_light.svg?season=20252026,79,michaelcallahan,5.0,64.95,12.99,53.58,48.96,52.25,43.42,30.48,58.75,33.26,21.25,61.02,2.77,4.62,37.50,2.82,2.99,48.54,23.09,28.64,44.64,10.16,13.86,42.31,1.85,2.77,40.00,17.24,19.71,46.67,1.23,2.46,33.33,44.03,37.36,54.1,0.0,0.0,-,8.33,78.26,0.866,2.77,13.86,10.16,59.12,21.43,14.78,22.17,15.7,48.48
617,8476897,Oskar Sundqvist,STL,C,https://assets.nhle.com/mugs/nhl/20252026/STL/8476897.png,https://assets.nhle.com/logos/nhl/svg/STL_light.svg?season=20252026,70,oskarsundqvist,52.0,674.21666666667,12.965705128205,39.6,66.3,37.39,28.66,46.63,38.06,18.33,29.63,38.22,1.96,4.09,32.35,2.13,3.24,39.68,17.18,30.17,36.28,7.83,13.35,36.97,0.89,2.4,27.03,12.46,22.43,35.71,0.59,1.31,31.25,33.55,64.14,34.34,0.9,0.9,50.00,10.68,86.19,0.969,6.85,14.15,18.51,47.34,27.02,10.77,18.51,29.63,26.65
618,8484203,Bradly Nadeau,CAR,L,https://assets.nhle.com/mugs/nhl/20252026/CAR/8484203.png,https://assets.nhle.com/logos/nhl/svg/CAR_light.svg,29,bradlynadeau,12.0,155.53333333333,12.961111111111,64.81,48.61,57.14,43.21,34.33,55.72,23.53,22.76,50.83,2.31,1.54,60.00,2.91,2.99,49.33,30.09,24.3,55.32,10.42,12.34,45.76,0.77,1.16,40.00,26.23,15.95,62.2,1.54,0.0,100.00,61.29,33.43,64.71,0.56,0.0,100.00,9.84,93.22,1.031,13.89,11.57,5.4,44.75,72.00,24.69,16.2,13.5,64.65
619,8484800,Berkly Catton,SEA,C,https://assets.nhle.com/mugs/nhl/20252026/SEA/8484800.png,https://assets.nhle.com/logos/nhl/svg/SEA_light.svg,27,berklycatton,66.0,853.75,12.935606060606,56.22,58.05,49.2,42.24,41.39,50.5,26.42,26.49,49.93,2.39,2.6,47.89,2.69,2.86,48.51,25.65,26.21,49.46,9.91,11.53,46.23,1.12,1.34,45.71,20.99,19.58,51.73,1.03,1.12,47.83,51.67,44.36,53.81,0.71,0.3,70.00,9.04,90.19,0.992,14.69,10.96,3.16,52.57,82.28,23.47,13.77,9.0,72.29
620,8480188,Fabian Zetterlund,OTT,L,https://assets.nhle.com/mugs/nhl/20252026/OTT/8480188.png,https://assets.nhle.com/logos/nhl/svg/OTT_light.svg,20,fabianzetterlund,82.0,1058.6,12.909756097561,63.65,50.5,55.76,46.02,35.59,56.39,30.1,22.44,57.28,3.12,2.61,54.46,3.34,2.49,57.31,31.0,24.09,56.28,13.21,9.98,56.97,1.42,1.25,53.19,23.73,18.82,55.77,1.44,1.44,50.00,55.26,40.03,57.99,0.9,0.41,68.75,10.36,88.38,0.987,12.75,13.77,4.99,58.15,71.88,18.82,18.02,11.73,61.6
621,8475220,Marcus Foligno,MIN,L,https://assets.nhle.com/mugs/nhl/20252026/MIN/8475220.png,https://assets.nhle.com/logos/nhl/svg/MIN_light.svg,17,marcusfoligno,56.0,719.33333333333,12.845238095238,53.63,65.64,44.97,39.04,45.88,45.97,25.77,29.19,46.89,1.58,2.92,35.19,2.68,3.21,45.52,25.11,30.86,44.86,10.26,12.43,45.22,0.83,1.5,35.71,19.8,24.58,44.61,0.44,1.22,26.67,39.88,62.17,39.08,0.6,0.72,45.45,6.15,90.0,0.961,4.67,11.18,12.85,44.04,26.67,11.68,17.6,23.86,32.86
622,8484197,Oliver Moore,CHI,C,https://assets.nhle.com/mugs/nhl/20252026/CHI/8484197.png,https://assets.nhle.com/logos/nhl/svg/CHI_light.svg?season=20252026,11,olivermoore,51.0,658.2,12.905882352941,52.32,54.06,49.19,39.84,40.93,49.32,24.07,26.71,47.4,2.28,3.28,40.98,2.55,2.57,49.82,25.52,24.52,51.0,10.03,10.48,48.89,1.09,1.46,42.86,20.66,18.72,52.47,0.97,1.58,38.10,47.93,42.79,52.83,0.66,0.79,45.45,9.47,87.71,0.972,12.12,11.03,7.47,51.23,61.86,20.51,16.32,14.22,59.06
623,8476292,Ondrej Palat,NYI,L,https://assets.nhle.com/mugs/nhl/20252026/NYI/8476292.png,https://assets.nhle.com/logos/nhl/svg/NYI_light.svg,81,ondrejpalat,80.0,1025.5833333333,12.819791666667,57.51,55.52,50.88,41.36,39.14,51.38,28.26,25.74,52.33,2.75,3.16,46.53,2.77,2.86,49.2,26.91,26.5,50.38,10.65,11.17,48.79,1.35,1.17,53.49,21.69,20.44,51.48,1.01,1.87,35.14,50.2,45.29,52.57,0.76,0.68,52.94,9.73,87.73,0.975,10.82,12.87,8.89,51.07,54.90,18.72,17.84,15.91,54.05
624,8485402,Michael Misa,SJS,C,https://assets.nhle.com/mugs/nhl/20252026/SJS/8485402.png,https://assets.nhle.com/logos/nhl/svg/SJS_light.svg,77,michaelmisa,45.0,576.48333333333,12.810740740741,58.91,54.33,52.02,40.49,41.01,49.68,28.0,26.85,51.04,3.23,2.91,52.54,3.05,2.75,52.55,28.52,27.16,51.21,13.43,11.45,53.97,2.08,1.25,62.50,20.12,20.95,48.99,1.11,1.39,44.44,46.6,44.65,51.07,0.45,0.75,37.50,11.52,89.15,1.007,10.2,10.3,6.77,48.5,60.12,16.65,14.68,15.82,51.28
625,8480289,Morgan Barron,WPG,C,https://assets.nhle.com/mugs/nhl/20252026/WPG/8480289.png,https://assets.nhle.com/logos/nhl/svg/WPG_light.svg,36,morganbarron,65.0,832.0,12.8,47.16,68.0,40.95,35.34,50.12,41.35,22.28,30.94,41.87,2.09,2.88,42.03,2.5,4.03,38.26,22.5,34.9,39.2,10.24,15.36,40.00,1.3,1.08,54.55,16.35,26.06,38.55,0.48,1.54,23.81,35.73,65.94,35.14,0.63,0.94,40.00,9.39,90.68,1.001,5.34,14.35,21.71,43.7,19.73,8.58,18.97,32.16,21.06
626,8477021,Alexander Kerfoot,UTA,C,https://assets.nhle.com/mugs/nhl/20252026/UTA/8477021.png,https://assets.nhle.com/logos/nhl/svg/UTA_light.svg?season=20252026,14,alexkerfoot,34.0,434.73333333333,12.786274509804,53.55,56.45,48.68,36.3,40.3,47.39,19.87,27.47,41.98,2.76,3.86,41.67,2.64,3.09,46.02,24.57,26.36,48.24,8.56,11.73,42.18,0.97,1.93,33.33,21.35,19.51,52.25,1.29,1.1,53.85,42.26,54.62,43.62,0.8,1.4,36.36,13.89,85.93,0.998,8.42,12.42,14.63,56.31,36.53,12.97,16.98,24.29,34.81
627,8482067,Connor Mackey,NYR,D,https://assets.nhle.com/mugs/nhl/20252026/NYR/8482067.png,https://assets.nhle.com/logos/nhl/svg/NYR_light.svg,12,connormackey,3.0,38.35,12.783333333333,45.37,50.07,47.54,35.98,42.24,46.0,18.77,29.73,38.71,0.0,4.69,0.00,1.75,2.86,38.01,17.21,26.6,39.29,7.82,12.52,38.46,0.0,1.56,0.00,12.52,18.77,40.0,0.0,2.09,0.00,45.2,42.94,51.28,0.0,0.0,-,0.00,84.21,0.842,0.0,10.95,9.39,59.45,0.00,9.39,12.52,21.9,30.0
628,8482470,Ilya Solovyov,PIT,D,https://assets.nhle.com/mugs/nhl/20252026/PIT/8482470.png,https://assets.nhle.com/logos/nhl/svg/PIT_light.svg,7,ilyasolovyov,30.0,382.4,12.746666666667,64.96,55.23,54.05,48.01,36.87,56.56,30.28,26.05,53.76,3.14,3.29,48.78,3.25,2.57,55.88,32.64,24.48,57.14,14.91,10.98,57.58,1.57,2.2,41.67,23.64,17.99,56.78,1.46,1.26,53.85,48.27,46.01,51.2,0.68,0.23,75.00,10.36,87.35,0.977,5.18,13.18,6.12,54.76,45.83,13.65,20.08,15.69,46.52
629,8482758,Ville Koivunen,PIT,R,https://assets.nhle.com/mugs/nhl/20252026/PIT/8482758.png,https://assets.nhle.com/logos/nhl/svg/PIT_light.svg,41,villekoivunen,39.0,496.76666666667,12.737606837607,67.03,47.23,58.67,46.02,33.58,57.81,28.75,20.9,57.91,1.93,2.54,43.24,3.12,2.38,56.69,32.85,20.77,61.26,12.44,8.82,58.52,0.97,1.33,42.11,27.22,15.94,63.06,1.29,1.29,50.00,56.53,39.78,58.7,0.0,0.17,0.00,6.72,87.86,0.946,9.9,12.8,4.11,48.43,70.69,19.57,14.74,9.54,67.22
630,8479619,Michael Carcone,UTA,L,https://assets.nhle.com/mugs/nhl/20252026/UTA/8479619.png,https://assets.nhle.com/logos/nhl/svg/UTA_light.svg?season=20252026,53,michaelcarcone,79.0,1005.3,12.725316455696,71.14,48.05,59.69,49.66,35.69,58.18,30.14,22.38,57.39,2.86,2.21,56.47,3.77,2.64,58.85,31.39,23.04,57.68,14.74,10.56,58.25,1.37,1.31,51.11,22.2,16.63,57.17,1.03,0.95,52.00,59.83,41.38,59.11,0.95,0.26,78.57,9.50,90.13,0.996,9.61,15.94,8.42,50.73,53.31,16.89,20.17,16.29,50.9
631,8480448,Parker Kelly,COL,C,https://assets.nhle.com/mugs/nhl/20252026/COL/8480448.png,https://assets.nhle.com/logos/nhl/svg/COL_light.svg,17,parkerkelly,82.0,1041.6166666667,12.702642276423,57.49,59.68,49.07,39.46,42.74,48.0,26.67,26.38,50.27,2.59,3.05,45.92,2.51,3.48,41.95,25.69,28.74,47.2,10.37,12.67,45.00,1.32,1.61,45.10,20.43,21.43,48.81,0.92,0.92,50.00,44.93,54.17,45.34,0.75,1.08,40.91,9.72,88.43,0.981,6.28,11.69,13.59,53.86,31.59,12.27,17.17,23.96,33.86
632,8478502,Dennis Gilbert,OTT,D,https://assets.nhle.com/mugs/nhl/20252026/OTT/8478502.png,https://assets.nhle.com/logos/nhl/svg/OTT_light.svg,44,dennisgilbert,8.0,101.5,12.6875,51.43,53.79,48.88,39.01,33.1,54.1,26.6,20.1,56.96,1.77,1.77,50.00,3.31,2.31,58.9,26.6,32.51,45.0,13.0,13.6,48.89,0.59,0.59,50.00,18.13,25.22,41.82,0.79,1.58,33.33,38.42,40.13,48.91,0.85,0.0,100.00,6.67,91.18,0.978,6.5,12.41,7.09,62.66,47.83,16.55,17.73,17.73,48.28
633,8474679,Gustav Nyquist,WPG,R,https://assets.nhle.com/mugs/nhl/20252026/WPG/8474679.png,https://assets.nhle.com/logos/nhl/svg/WPG_light.svg,14,gustavnyquist,51.0,646.61666666667,12.678758169935,59.11,53.08,52.69,43.52,38.69,52.93,28.58,24.68,53.66,2.04,2.04,50.00,3.16,2.62,54.66,26.45,25.05,51.35,11.04,11.41,49.17,1.21,0.84,59.09,20.54,18.19,53.04,0.49,1.11,30.77,58.97,41.82,58.51,0.67,0.54,55.56,7.14,91.73,0.989,13.73,12.81,5.57,47.32,71.15,21.53,17.26,12.62,63.04
634,8484185,Nick Lardis,CHI,L,https://assets.nhle.com/mugs/nhl/20252026/CHI/8484185.png,https://assets.nhle.com/logos/nhl/svg/CHI_light.svg?season=20252026,76,nicklardis,41.0,519.51666666667,12.671138211382,51.28,52.09,49.61,38.11,39.38,49.18,25.29,24.72,50.58,2.19,3.81,36.54,2.39,2.89,45.33,24.72,27.72,47.14,8.89,13.4,39.90,1.15,2.31,33.33,21.1,19.09,52.49,0.77,1.39,35.71,45.71,36.7,55.47,0.67,0.33,66.67,8.68,84.58,0.933,12.94,12.13,6.01,48.97,68.29,20.9,18.48,11.32,64.87
635,8481582,Nick Robertson,TOR,L,https://assets.nhle.com/mugs/nhl/20252026/TOR/8481582.png,https://assets.nhle.com/logos/nhl/svg/TOR_light.svg,14,nickrobertson,78.0,987.51666666667,12.66047008547,54.86,60.7,47.48,40.83,45.02,47.56,26.37,29.65,47.07,2.73,3.1,46.88,2.81,3.05,47.94,26.86,27.34,49.55,12.15,11.73,50.89,1.46,1.58,48.00,19.6,20.82,48.5,0.97,1.3,42.86,45.72,50.73,47.41,0.79,0.53,60.00,10.37,89.55,0.999,8.63,12.39,6.8,50.49,55.91,15.25,17.68,15.55,49.51
636,8479638,Justin Brazeau,PIT,R,https://assets.nhle.com/mugs/nhl/20252026/PIT/8479638.png,https://assets.nhle.com/logos/nhl/svg/PIT_light.svg,16,justinbrazeau,64.0,809.9,12.6546875,58.08,55.34,51.21,43.12,40.52,51.55,27.56,25.78,51.67,3.7,2.82,56.82,3.31,2.84,53.86,30.37,28.08,51.96,13.78,11.63,54.23,1.7,0.96,63.89,22.13,21.93,50.22,1.28,1.88,40.63,45.59,41.95,52.08,1.5,0.64,70.00,13.44,89.08,1.025,9.78,12.15,4.15,51.93,70.21,17.78,17.56,10.89,62.02
637,8479992,Michael Rasmussen,DET,C,https://assets.nhle.com/mugs/nhl/20252026/DET/8479992.png,https://assets.nhle.com/logos/nhl/svg/DET_light.svg?season=20252026,27,michaelrasmussen,64.0,809.6,12.65,47.28,68.4,40.87,33.28,46.69,41.61,20.6,29.13,41.43,1.41,2.96,32.20,2.43,3.35,41.98,22.83,32.46,41.29,10.23,11.93,46.15,0.59,1.41,29.63,16.8,27.37,38.03,0.79,1.19,40.00,38.54,61.45,38.54,0.32,0.96,25.00,6.83,89.82,0.967,9.41,12.75,14.67,49.21,39.08,14.75,17.27,24.16,37.9
638,8473422,Nick Foligno,MIN,L,https://assets.nhle.com/mugs/nhl/20252026/MIN/8473422.png,https://assets.nhle.com/logos/nhl/svg/MIN_light.svg,71,nickfoligno,54.0,683.08333333333,12.649691358025,48.66,54.37,47.23,35.4,39.26,47.41,22.31,23.8,48.38,2.55,2.37,51.79,2.47,2.73,47.55,22.66,26.09,46.49,9.66,9.93,49.33,1.14,0.79,59.09,17.33,21.55,44.58,1.52,1.52,50.00,39.84,50.88,43.92,0.38,0.63,37.50,11.42,90.04,1.015,6.94,11.95,13.26,47.78,34.35,13.88,16.78,23.89,36.74
639,8479661,Tanner Jeannot,BOS,L,https://assets.nhle.com/mugs/nhl/20252026/BOS/8479661.png,https://assets.nhle.com/logos/nhl/svg/BOS_light.svg?season=20252026,84,tannerjeannot,77.0,973.5,12.642857142857,54.11,64.78,45.52,38.15,46.53,45.05,23.3,30.45,43.35,1.85,2.71,40.54,2.54,3.65,41.05,23.61,30.14,43.92,10.66,14.73,41.99,0.92,1.36,40.54,17.26,20.54,45.65,0.74,0.66,52.94,44.42,53.24,45.49,0.53,1.25,30.00,7.94,91.09,0.99,6.04,15.35,9.68,48.32,38.43,11.96,21.33,19.17,38.42
640,8483731,Alex Bump,PHI,L,https://assets.nhle.com/mugs/nhl/20252026/PHI/8483731.png,https://assets.nhle.com/logos/nhl/svg/PHI_light.svg,20,alexbump,17.0,214.9,12.641176470588,51.37,55.56,48.04,38.81,41.04,48.6,22.62,23.45,49.09,2.51,1.68,60.00,3.2,2.18,59.52,25.13,23.45,51.72,12.28,7.54,61.97,0.84,0.56,60.00,17.12,21.22,44.66,1.86,1.49,55.56,44.36,45.17,49.55,0.4,0.0,100.00,11.11,92.86,1.04,11.45,12.84,6.14,53.33,65.08,19.54,18.15,13.96,58.33
641,8480355,Mark Kastelic,BOS,C,https://assets.nhle.com/mugs/nhl/20252026/BOS/8480355.png,https://assets.nhle.com/logos/nhl/svg/BOS_light.svg?season=20252026,47,markkastelic,82.0,1034.75,12.618902439024,49.93,69.64,41.76,35.66,50.39,41.44,21.69,32.36,40.13,1.97,3.13,38.64,2.38,4.17,36.31,21.57,32.99,39.53,9.34,16.41,36.26,0.99,1.22,44.74,16.31,22.11,42.45,0.7,1.47,32.14,40.62,64.16,38.77,0.67,1.17,36.36,9.09,90.32,0.994,6.26,15.6,19.77,42.97,24.05,10.96,21.4,32.07,25.47
642,8479339,Patrik Laine,MTL,L,https://assets.nhle.com/mugs/nhl/20252026/MTL/8479339.png,https://assets.nhle.com/logos/nhl/svg/MTL_light.svg,92,patriklaine,5.0,63.033333333333,12.606666666667,53.31,55.21,49.12,28.56,35.22,44.78,14.28,23.8,37.5,0.95,3.81,20.00,2.05,3.17,39.21,21.89,23.8,47.92,7.62,8.57,47.06,0.95,1.9,33.33,19.04,20.31,48.39,0.0,1.27,0.00,50.87,42.62,54.41,0.0,1.37,0.00,6.67,84.0,0.907,4.76,6.66,5.71,52.35,45.45,12.37,12.37,14.28,46.43
643,8481609,Vladislav Kolyachonok,BOS,D,https://assets.nhle.com/mugs/nhl/20252026/BOS/8481609.png,https://assets.nhle.com/logos/nhl/svg/BOS_light.svg?season=20252026,18,vladislavkolyachonok,13.0,163.03333333333,12.541025641026,51.52,54.84,48.44,34.59,39.38,46.77,23.19,25.76,47.37,1.84,1.1,62.50,2.29,2.1,52.21,23.19,19.51,54.31,11.41,6.99,62.00,1.1,0.37,75.00,15.7,16.68,48.48,0.49,0.49,50.00,47.31,49.44,48.9,0.53,0.53,50.00,7.94,95.71,1.037,5.52,9.2,6.62,60.72,45.45,15.09,11.78,14.72,50.62
644,8482516,Matthew Kessel,STL,D,https://assets.nhle.com/mugs/nhl/20252026/STL/8482516.png,https://assets.nhle.com/logos/nhl/svg/STL_light.svg?season=20252026,4,mattkessel,29.0,363.56666666667,12.536781609195,43.73,53.97,44.76,32.84,39.11,45.64,20.46,25.58,44.44,1.98,1.82,52.17,1.86,2.38,43.85,18.65,23.27,44.49,7.92,10.56,42.86,0.5,0.83,37.50,14.3,16.94,45.77,1.32,0.88,60.00,41.0,42.43,49.14,0.72,0.48,60.00,9.68,92.9,1.026,8.42,12.21,6.11,53.8,57.95,14.36,17.16,12.54,53.37
645,8479525,Ross Colton,COL,C,https://assets.nhle.com/mugs/nhl/20252026/COL/8479525.png,https://assets.nhle.com/logos/nhl/svg/COL_light.svg,79,rosscolton,73.0,913.8,12.517808219178,76.17,51.08,59.86,55.88,36.64,60.4,36.64,23.18,61.25,3.02,2.36,56.10,3.65,2.42,60.2,35.52,23.31,60.38,13.99,9.98,58.36,1.44,0.98,59.46,28.72,17.77,61.77,1.23,0.79,60.87,62.69,45.71,57.83,0.76,1.04,42.11,8.24,89.8,0.98,9.0,13.13,9.26,53.38,49.28,18.45,19.37,19.7,48.36
646,8484794,Michael Brandsegg-Nygård,DET,R,https://assets.nhle.com/mugs/nhl/20252026/DET/8484794.png,https://assets.nhle.com/logos/nhl/svg/DET_light.svg?season=20252026,28,michaelbrandseggnygard,14.0,175.23333333333,12.516666666667,69.51,45.88,60.24,47.59,28.76,62.33,28.42,15.75,64.34,1.03,2.4,30.00,2.92,1.88,60.88,28.08,21.23,56.94,12.67,7.88,61.67,0.68,1.03,40.00,20.54,17.8,53.57,0.46,1.37,25.00,68.25,40.56,62.73,0.0,0.49,0.00,3.61,84.78,0.884,9.24,15.41,9.24,47.94,50.00,18.15,19.17,17.8,50.48
647,8481024,Linus Karlsson,VAN,C,https://assets.nhle.com/mugs/nhl/20252026/VAN/8481024.png,https://assets.nhle.com/logos/nhl/svg/VAN_light.svg,94,linuskarlsson,79.0,988.61666666667,12.514135021097,62.03,50.07,55.33,45.28,36.72,55.22,29.07,24.58,54.19,3.22,4.19,43.44,3.54,2.74,56.41,30.77,25.13,55.05,15.11,10.92,58.04,1.52,2.06,42.37,20.88,18.94,52.44,1.54,1.7,47.50,48.65,39.89,54.95,0.79,1.14,40.91,11.06,82.96,0.94,10.62,11.9,6.8,53.89,60.98,17.6,15.17,14.2,55.34
648,8476925,Colton Sissons,VGK,C,https://assets.nhle.com/mugs/nhl/20252026/VGK/8476925.png,https://assets.nhle.com/logos/nhl/svg/VGK_light.svg,15,coltonsissons,66.0,824.81666666667,12.497222222222,47.5,58.78,44.7,34.63,42.34,44.99,23.21,25.82,47.33,1.45,2.69,35.09,2.17,2.91,42.64,21.97,26.92,44.94,9.53,10.48,47.64,0.73,1.6,31.25,16.59,21.92,43.07,0.48,0.87,35.71,38.14,55.16,40.88,0.53,0.63,45.45,6.27,89.58,0.958,6.4,14.55,17.02,47.79,27.33,11.42,18.99,26.99,29.73
649,8478233,Andrew Mangiapane,CHI,L,https://assets.nhle.com/mugs/nhl/20252026/CHI/8478233.png,https://assets.nhle.com/logos/nhl/svg/CHI_light.svg?season=20252026,26,andrewmangiapane,62.0,774.03333333333,12.484408602151,52.87,54.96,49.03,37.13,39.61,48.38,24.03,26.05,47.99,2.25,4.11,35.37,2.42,2.88,45.71,24.19,27.29,46.99,10.31,12.09,46.02,1.01,2.48,28.89,18.5,20.26,47.73,1.14,1.65,40.74,46.47,44.9,50.86,0.56,0.45,55.56,9.35,84.23,0.936,10.0,13.33,7.21,48.91,58.11,16.2,17.29,15.35,51.35
650,8475763,Kevin Hayes,PIT,R,https://assets.nhle.com/mugs/nhl/20252026/PIT/8475763.png,https://assets.nhle.com/logos/nhl/svg/PIT_light.svg,13,kevinhayes,28.0,349.26666666667,12.47380952381,55.83,48.1,53.72,42.26,36.08,53.95,28.0,23.36,54.52,3.09,2.92,51.43,3.15,2.51,55.7,29.2,21.3,57.82,13.57,9.62,58.52,1.89,1.2,61.11,20.84,15.58,57.23,1.6,0.69,70.00,42.68,44.42,49.0,0.0,1.74,0.00,11.04,87.5,0.985,8.76,13.06,7.73,48.1,53.13,16.84,17.52,14.95,52.97
651,8484388,Daniil But,UTA,L,https://assets.nhle.com/mugs/nhl/20252026/UTA/8484388.png,https://assets.nhle.com/logos/nhl/svg/UTA_light.svg?season=20252026,50,daniilbut,29.0,361.61666666667,12.469540229885,69.36,48.28,58.96,47.79,33.68,58.66,31.36,23.89,56.76,2.49,1.83,57.69,4.22,1.99,67.95,32.52,22.07,59.57,16.59,8.13,67.11,1.49,1.0,60.00,21.24,18.58,53.33,0.44,0.88,33.33,52.73,37.39,58.51,0.96,0.24,80.00,7.94,92.36,1.003,9.96,11.12,6.47,52.43,60.61,20.57,15.43,11.95,63.27
652,8482117,Lukas Reichel,BOS,L,https://assets.nhle.com/mugs/nhl/20252026/BOS/8482117.png,https://assets.nhle.com/logos/nhl/svg/BOS_light.svg?season=20252026,76,lukasreichel,29.0,361.01666666667,12.448850574713,53.85,63.32,45.96,39.06,47.86,44.93,23.27,30.91,42.94,2.99,3.32,47.37,2.62,3.12,45.66,26.59,28.59,48.19,9.81,13.96,41.26,1.33,1.33,50.00,22.38,19.5,53.44,1.77,1.77,50.00,43.93,52.33,45.64,0.48,0.96,33.33,12.86,89.25,1.021,8.81,12.46,5.82,50.36,60.23,15.62,17.78,12.3,55.95
653,8478413,Jordan Greenway,BUF,L,https://assets.nhle.com/mugs/nhl/20252026/BUF/8478413.png,https://assets.nhle.com/logos/nhl/svg/BUF_light.svg,12,jordangreenway,40.0,497.8,12.445,41.7,70.87,37.04,31.46,49.9,38.67,20.97,31.34,40.09,1.21,2.77,30.30,2.22,3.63,37.99,17.24,30.61,36.02,7.11,13.38,34.71,0.6,1.57,27.78,13.5,22.98,37.0,0.8,0.8,50.00,34.99,67.9,34.01,0.0,0.7,0.00,5.75,91.15,0.969,5.79,16.99,14.58,51.1,28.40,9.16,20.97,23.87,27.74
654,8476988,Matt Benning,TOR,D,https://assets.nhle.com/mugs/nhl/20252026/TOR/8476988.png,https://assets.nhle.com/logos/nhl/svg/TOR_light.svg,33,mattbenning,1.0,12.433333333333,12.433333333333,43.43,67.56,39.13,28.95,33.78,46.15,24.13,24.13,50.0,0.0,0.0,-,3.81,0.86,81.52,24.13,24.13,50.0,14.48,4.83,75.00,0.0,0.0,-,12.87,25.74,33.33,0.0,0.0,-,27.88,69.71,28.57,0.0,0.0,-,0.00,100.0,1.0,0.0,19.3,9.65,72.39,0.00,4.83,24.13,19.3,20.0
655,8478421,A.J. Greer,FLA,L,https://assets.nhle.com/mugs/nhl/20252026/FLA/8478421.png,https://assets.nhle.com/logos/nhl/svg/FLA_light.svg,18,ajgreer,78.0,969.46666666667,12.42905982906,58.55,52.73,52.61,42.33,39.24,51.9,25.99,24.88,51.09,3.22,2.72,54.17,2.94,2.91,50.25,27.91,25.68,52.08,11.64,11.76,49.74,1.55,1.79,46.30,21.7,18.57,53.89,1.4,0.83,62.96,46.84,42.55,52.4,0.8,0.45,64.29,12.38,89.05,1.014,10.58,12.75,7.61,51.74,58.16,18.32,18.38,15.22,54.61
656,8482094,Daemon Hunt,MIN,D,https://assets.nhle.com/mugs/nhl/20252026/MIN/8482094.png,https://assets.nhle.com/logos/nhl/svg/MIN_light.svg,48,daemonhunt,32.0,397.71666666667,12.428645833333,41.79,74.07,36.07,30.78,52.05,37.16,19.31,32.13,37.54,1.66,3.17,34.38,2.05,3.41,37.54,19.61,34.55,36.21,8.0,12.82,38.41,0.6,1.36,30.77,15.49,28.97,34.84,1.01,1.61,38.46,33.12,64.5,33.93,0.44,0.87,33.33,8.59,90.14,0.987,5.43,9.96,8.6,56.27,38.71,12.97,17.8,19.61,39.81
657,8479370,Tyson Jost,NSH,C,https://assets.nhle.com/mugs/nhl/20252026/NSH/8479370.png,https://assets.nhle.com/logos/nhl/svg/NSH_light.svg,17,tysonjost,69.0,856.53333333333,12.413526570048,51.14,59.96,46.03,36.01,44.62,44.66,24.8,30.61,44.75,1.68,3.78,30.77,2.33,3.35,41.02,24.24,29.21,45.35,10.02,14.22,41.33,1.12,2.38,32.00,18.96,19.99,48.68,0.47,0.84,35.71,40.68,52.82,43.51,0.3,1.11,21.43,6.78,87.64,0.944,5.32,9.74,10.3,51.91,34.08,13.24,15.83,21.58,38.03
658,8480806,Isac Lundeström,CBJ,C,https://assets.nhle.com/mugs/nhl/20252026/CBJ/8480806.png,https://assets.nhle.com/logos/nhl/svg/CBJ_light.svg,21,isaclundestrom,68.0,842.2,12.385294117647,42.82,62.34,40.72,30.49,45.31,40.23,20.52,28.07,42.23,1.85,2.78,40.00,1.91,3.09,38.18,18.59,29.85,38.38,6.34,11.83,34.90,1.0,0.71,58.33,16.34,24.03,40.47,0.76,1.42,34.78,35.71,54.95,39.39,0.31,1.34,18.75,9.03,90.1,0.991,6.06,12.04,10.97,54.07,35.56,10.69,16.96,21.8,32.89
659,8480840,Oskar Bäck,DAL,C,https://assets.nhle.com/mugs/nhl/20252026/DAL/8480840.png,https://assets.nhle.com/logos/nhl/svg/DAL_light.svg,10,oskarback,72.0,889.83333333333,12.358796296296,37.69,55.56,40.42,27.31,38.97,41.2,18.81,24.34,43.59,1.96,2.56,43.28,2.04,3.26,38.48,17.06,26.97,38.74,8.63,12.2,41.42,1.21,1.15,51.43,11.24,19.69,36.34,0.54,1.08,33.33,29.41,53.28,35.57,0.49,0.88,35.71,10.39,89.47,0.999,4.25,12.68,15.17,50.98,21.88,8.43,18.0,25.42,24.9
660,8475848,Brendan Gallagher,MTL,R,https://assets.nhle.com/mugs/nhl/20252026/MTL/8475848.png,https://assets.nhle.com/logos/nhl/svg/MTL_light.svg,7,brendangallagher,77.0,951.0,12.350649350649,61.83,52.68,53.99,44.16,36.97,54.43,29.09,23.47,55.34,2.84,2.33,54.88,3.45,2.82,55.05,28.39,25.43,52.75,12.56,11.86,51.42,1.39,1.51,47.83,21.11,18.09,53.86,1.09,0.67,61.90,52.13,40.46,56.3,0.82,0.36,69.23,9.76,90.05,0.998,10.09,12.37,7.44,48.2,57.55,16.28,17.48,15.27,51.6
661,8475784,Jeff Skinner,SJS,L,https://assets.nhle.com/mugs/nhl/20252026/SJS/8475784.png,https://assets.nhle.com/logos/nhl/svg/SJS_light.svg,53,jeffskinner,32.0,394.95,12.3421875,58.79,58.03,50.33,41.17,43.9,48.39,28.71,29.47,49.35,3.34,3.19,51.16,3.23,2.79,53.68,30.84,25.22,55.01,14.28,10.63,57.32,1.82,1.97,48.00,22.08,19.45,53.17,1.62,0.81,66.67,44.11,50.69,46.53,0.44,0.66,40.00,11.64,89.18,1.008,9.42,10.18,9.57,49.37,49.60,16.41,13.82,18.38,47.16
662,8484180,Samuel Honzek,CGY,L,https://assets.nhle.com/mugs/nhl/20252026/CGY/8484180.png,https://assets.nhle.com/logos/nhl/svg/CGY_light.svg,29,samuelhonzek,18.0,222.15,12.341666666667,55.37,57.53,49.04,40.51,40.24,50.17,27.82,27.28,50.49,2.7,2.97,47.62,2.51,2.47,50.38,20.53,24.31,45.78,10.8,11.61,48.19,1.08,1.89,36.36,12.96,16.93,43.37,0.36,1.08,25.00,49.55,60.86,44.88,1.56,0.39,80.00,9.71,89.11,0.988,7.29,14.85,17.56,52.67,29.35,14.58,20.53,29.17,33.33
663,8484241,Matthew Wood,NSH,R,https://assets.nhle.com/mugs/nhl/20252026/NSH/8484241.png,https://assets.nhle.com/logos/nhl/svg/NSH_light.svg,71,mattwood,71.0,874.8,12.321126760563,61.93,54.46,53.21,44.92,42.59,51.33,29.49,28.26,51.07,3.77,2.95,56.12,3.2,3.04,51.26,29.84,26.13,53.31,12.35,11.93,50.85,2.06,1.71,54.55,23.32,18.93,55.19,1.55,0.82,65.38,55.28,42.8,56.36,0.79,0.89,47.06,12.79,89.56,1.024,12.41,8.16,3.64,49.86,77.35,22.5,13.85,11.32,66.53
664,8483699,Angus Booth,LAK,D,https://assets.nhle.com/mugs/nhl/20252026/LAK/8483699.png,https://assets.nhle.com/logos/nhl/svg/LAK_light.svg,81,angusbooth,1.0,12.3,12.3,34.15,82.93,29.17,29.27,48.78,37.5,19.51,29.27,40.0,4.88,0.0,100.00,2.07,3.25,38.98,19.51,29.27,40.0,14.63,24.39,37.50,4.88,0.0,100.00,6.5,6.5,50.0,0.0,0.0,-,14.09,84.55,14.29,0.0,0.0,-,25.00,100.0,1.25,4.88,9.76,19.51,63.41,20.00,4.88,9.76,39.02,11.11
665,8481754,Nikita Nesterenko,ANA,C,https://assets.nhle.com/mugs/nhl/20252026/ANA/8481754.png,https://assets.nhle.com/logos/nhl/svg/ANA_light.svg,13,nikitanesterenko,29.0,355.45,12.256896551724,53.51,61.27,46.62,38.99,41.36,48.53,23.8,28.02,45.93,2.03,2.87,41.38,2.56,2.87,47.16,22.45,30.05,42.77,9.12,12.83,41.54,1.18,1.52,43.75,17.78,22.96,43.65,0.68,1.13,37.50,45.35,51.93,46.62,0.24,0.49,33.33,8.51,89.76,0.983,7.76,15.36,12.66,50.3,38.02,14.35,19.07,18.91,43.15
666,8478841,Colton White,NJD,D,https://assets.nhle.com/mugs/nhl/20252026/NJD/8478841.png,https://assets.nhle.com/logos/nhl/svg/NJD_light.svg,6,coltonwhite,23.0,281.88333333333,12.255797101449,47.47,53.21,47.15,34.7,37.89,47.8,25.54,25.54,50.0,2.13,1.7,55.56,2.12,2.33,47.68,22.35,21.92,50.48,8.94,9.58,48.28,1.28,0.64,66.67,17.88,16.46,52.07,0.85,0.85,50.00,41.51,46.43,47.2,0.31,0.61,33.33,8.33,93.33,1.017,6.39,11.71,7.66,57.47,45.45,14.26,17.03,13.84,50.76
667,8478057,Dakota Joshua,TOR,C,https://assets.nhle.com/mugs/nhl/20252026/TOR/8478057.png,https://assets.nhle.com/logos/nhl/svg/TOR_light.svg,81,dakotajosh,55.0,673.65,12.248181818182,49.34,64.75,43.25,34.91,47.65,42.29,22.18,31.35,41.43,2.49,2.94,45.90,2.42,3.04,44.32,23.6,28.41,45.38,10.33,10.78,48.95,0.89,1.69,34.48,17.69,23.51,42.94,1.31,1.19,52.38,36.79,58.28,38.7,0.77,0.39,66.67,11.24,90.63,1.019,3.83,17.55,11.22,52.28,25.44,9.98,22.8,20.31,32.94
668,8483573,Ethen Frank,WSH,R,https://assets.nhle.com/mugs/nhl/20252026/WSH/8483573.png,https://assets.nhle.com/logos/nhl/svg/WSH_secondary_light.svg,53,ethenfrank,62.0,758.68333333333,12.236827956989,60.66,56.39,51.82,44.6,38.75,53.51,29.81,25.23,54.17,3.32,1.98,62.69,3.77,2.68,58.47,31.48,25.39,55.35,16.45,9.96,62.28,1.82,1.03,63.89,20.03,20.56,49.35,0.84,0.74,53.33,46.26,48.21,48.97,1.26,0.57,68.75,11.14,92.16,1.033,8.3,13.76,11.55,48.24,41.83,14.63,17.87,18.11,44.69
669,8483752,Dominic James,TBL,C,https://assets.nhle.com/mugs/nhl/20252026/TBL/8483752.png,https://assets.nhle.com/logos/nhl/svg/TBL_light.svg,17,dominicjames,43.0,526.18333333333,12.236821705426,57.81,47.55,54.87,40.59,35.46,53.37,26.23,23.95,52.27,2.62,1.94,57.50,2.91,2.19,57.09,29.08,21.21,57.82,10.83,9.58,53.07,1.6,0.57,73.68,24.33,15.51,61.07,0.76,1.06,41.67,46.78,40.19,53.79,0.49,0.82,37.50,10.00,91.9,1.019,11.52,11.86,6.04,45.16,65.58,17.33,16.19,11.74,59.61
670,8479383,Boris Katchouk,TBL,L,https://assets.nhle.com/mugs/nhl/20252026/TBL/8479383.png,https://assets.nhle.com/logos/nhl/svg/TBL_light.svg,61,boriskatchouk,3.0,36.566666666667,12.188888888889,59.07,44.3,57.14,45.94,32.82,58.33,27.89,16.41,62.96,1.64,1.64,50.00,4.42,3.65,54.78,37.74,14.77,71.88,21.33,3.28,86.67,1.64,0.0,100.00,21.88,15.31,58.82,0.0,0.0,-,30.81,42.66,41.94,0.0,2.37,0.00,5.88,90.0,0.959,14.77,13.13,8.2,44.3,64.29,19.69,14.77,9.85,66.67
671,8485251,Kai Uchacz,VGK,C,https://assets.nhle.com/mugs/nhl/20252026/VGK/8485251.png,https://assets.nhle.com/logos/nhl/svg/VGK_light.svg,77,kaiuchacz,3.0,36.55,12.183333333333,36.11,55.81,39.29,29.55,34.47,46.15,21.34,27.91,43.33,1.64,3.28,33.33,1.8,1.94,48.13,19.7,21.34,48.0,11.49,6.57,63.64,1.64,0.0,100.00,10.94,19.7,35.71,0.0,2.19,0.00,37.94,47.42,44.44,0.0,2.37,0.00,7.69,88.24,0.959,8.21,9.85,6.57,60.74,55.56,19.7,19.7,9.85,66.67
672,8484177,Lenni Hameenaho,NJD,R,https://assets.nhle.com/mugs/nhl/20252026/NJD/8484177.png,https://assets.nhle.com/logos/nhl/svg/NJD_light.svg,29,lennihameenaho,33.0,401.98333333333,12.181313131313,57.76,56.87,50.39,43.88,40.0,52.31,28.06,26.57,51.37,2.24,2.69,45.45,2.61,2.83,47.99,25.67,27.31,48.45,10.15,9.7,51.13,1.04,0.6,63.64,20.7,23.48,46.85,1.39,1.59,46.67,52.82,47.22,52.8,0.22,1.08,16.67,7.98,89.89,0.979,9.55,13.43,12.54,47.17,43.24,16.72,17.61,22.09,43.08
673,8481577,Philip Tomasino,PIT,R,https://assets.nhle.com/mugs/nhl/20252026/PIT/8481577.png,https://assets.nhle.com/logos/nhl/svg/PIT_light.svg,62,philiptomasino,9.0,109.55,12.172222222222,51.48,58.6,46.77,32.31,38.89,45.38,18.62,27.38,40.48,1.1,1.64,40.00,2.09,2.2,48.73,24.1,25.19,48.89,8.22,8.76,48.39,0.0,0.55,0.00,21.18,21.91,49.15,0.73,0.73,50.00,45.09,49.84,47.5,0.79,0.79,50.00,5.88,94.0,0.999,7.12,12.6,4.93,46.55,59.09,13.69,16.43,9.86,58.14
674,8479533,Joona Koppanen,PIT,L,https://assets.nhle.com/mugs/nhl/20252026/PIT/8479533.png,https://assets.nhle.com/logos/nhl/svg/PIT_light.svg,15,joonakoppanen,13.0,157.8,12.138461538462,49.81,61.6,44.71,33.84,44.49,43.2,18.63,30.04,38.28,1.52,2.66,36.36,2.17,3.49,38.36,20.15,31.94,38.69,9.51,16.73,36.23,0.38,2.28,14.29,14.2,20.28,41.18,0.51,0.51,50.00,40.64,59.32,40.66,0.55,0.0,100.00,8.16,91.14,0.993,4.18,12.17,18.63,47.91,18.33,8.37,17.49,28.14,22.92
675,8478476,Kyle Capobianco,DAL,D,https://assets.nhle.com/mugs/nhl/20252026/DAL/8478476.png,https://assets.nhle.com/logos/nhl/svg/DAL_light.svg,20,kylecapobianco,33.0,400.4,12.133333333333,53.65,53.05,50.28,39.11,37.31,51.18,25.47,25.47,50.0,2.85,2.7,51.35,2.84,2.49,53.28,26.52,25.62,50.86,12.44,10.79,53.55,1.8,1.5,54.55,18.78,19.78,48.7,0.6,1.6,27.27,44.81,41.34,52.01,0.87,0.0,100.00,11.18,89.41,1.006,7.04,10.04,4.35,59.49,61.84,15.13,14.99,12.29,55.19
676,8483505,Matthew Poitras,BOS,C,https://assets.nhle.com/mugs/nhl/20252026/BOS/8483505.png,https://assets.nhle.com/logos/nhl/svg/BOS_light.svg?season=20252026,51,mattpoitras,3.0,36.35,12.116666666667,62.72,54.47,53.52,39.61,37.96,51.06,33.01,24.76,57.14,1.65,0.0,100.00,2.27,3.36,40.29,33.01,18.16,64.52,11.55,14.86,43.75,1.65,0.0,100.00,28.61,4.4,86.67,0.0,0.0,-,38.15,54.84,41.03,0.0,0.0,-,5.00,100.0,1.05,9.9,21.46,9.9,37.96,50.00,13.2,24.76,21.46,38.1
677,8483503,Owen Pickering,PIT,D,https://assets.nhle.com/mugs/nhl/20252026/PIT/8483503.png,https://assets.nhle.com/logos/nhl/svg/PIT_light.svg,38,owenpickering,4.0,48.383333333333,12.095833333333,54.56,62.0,46.81,39.68,47.12,45.71,31.0,32.24,49.02,2.48,6.2,28.57,2.42,3.13,43.6,27.28,28.52,48.89,9.92,14.88,40.00,1.24,3.72,25.00,23.15,18.19,56.0,0.0,1.65,0.00,41.2,55.53,42.59,1.79,1.79,50.00,8.00,80.77,0.888,6.2,16.12,9.92,58.28,38.46,16.12,22.32,16.12,50.0
678,8480813,Joseph Veleno,MTL,C,https://assets.nhle.com/mugs/nhl/20252026/MTL/8480813.png,https://assets.nhle.com/logos/nhl/svg/MTL_light.svg,90,josephveleno,,,,,,,,,,,,,,,,,,,,,,,,,,,,,,,,,,,,,,,,,,,,,,,,,,,
679,8480007,Jonas Rondbjerg,VGK,R,https://assets.nhle.com/mugs/nhl/20252026/VGK/8480007.png,https://assets.nhle.com/logos/nhl/svg/VGK_light.svg,46,jonasrondbjerg,4.0,48.316666666667,12.079166666667,47.19,52.16,47.5,36.01,40.98,46.77,24.84,26.08,48.78,2.48,4.97,33.33,2.85,2.4,54.32,23.59,28.56,45.24,13.66,8.69,61.11,2.48,0.0,100.00,13.25,26.49,33.33,0.0,1.66,0.00,37.67,41.26,47.73,0.0,5.38,0.00,10.00,80.95,0.91,9.93,14.9,4.97,54.64,66.67,13.66,19.87,12.42,52.38
680,8482768,Fedor Svechkov,NSH,C,https://assets.nhle.com/mugs/nhl/20252026/NSH/8482768.png,https://assets.nhle.com/logos/nhl/svg/NSH_light.svg,9,fedorsvechkov,70.0,845.36666666667,12.076666666667,55.08,56.43,49.4,38.26,43.08,47.03,25.55,28.6,47.18,2.2,2.77,44.29,2.53,2.96,46.08,25.98,28.18,47.97,11.14,12.42,47.29,1.42,1.56,47.62,19.78,21.01,48.49,0.66,0.66,50.00,45.72,45.72,50.0,0.41,1.03,28.57,8.61,90.32,0.989,7.1,10.22,4.26,53.16,62.50,17.67,16.61,14.41,55.09
681,8485512,Tim Washe,ANA,C,https://assets.nhle.com/mugs/nhl/20252026/ANA/8485512.png,https://assets.nhle.com/logos/nhl/svg/ANA_light.svg,42,timwashe,39.0,470.03333333333,12.052136752137,46.98,62.8,42.79,34.34,44.55,43.53,19.91,27.57,41.94,1.4,3.32,29.73,2.29,3.51,39.43,20.81,31.53,39.76,9.83,12.51,44.00,0.38,1.66,18.75,14.64,25.36,36.6,0.51,1.19,30.00,38.54,59.56,39.29,0.74,1.11,40.00,7.05,87.96,0.95,7.02,11.87,18.89,52.21,27.09,11.62,16.08,29.49,28.26
682,8479388,Riley Stillman,EDM,D,https://assets.nhle.com/mugs/nhl/20252026/EDM/8479388.png,https://assets.nhle.com/logos/nhl/svg/EDM_light.svg,61,rileystillman,4.0,48.133333333333,12.033333333333,38.64,56.09,40.79,28.67,47.37,37.7,21.19,29.92,41.46,2.49,1.25,66.67,1.92,3.61,34.65,22.44,31.16,41.86,7.48,13.71,35.29,2.49,1.25,66.67,19.94,23.27,46.15,0.0,0.0,-,25.21,43.21,36.84,0.0,0.0,-,11.76,95.83,1.076,3.74,13.71,14.96,58.59,20.00,11.22,19.94,21.19,34.62
683,8482691,Aatu Räty,VAN,C,https://assets.nhle.com/mugs/nhl/20252026/VAN/8482691.png,https://assets.nhle.com/logos/nhl/svg/VAN_light.svg,54,aaturaty,66.0,793.4,12.021212121212,52.33,60.8,46.26,37.74,44.84,45.7,22.08,27.83,44.24,1.74,2.5,41.07,2.38,3.32,41.77,24.43,29.95,44.92,9.83,13.46,42.21,1.06,1.36,43.75,19.46,21.98,46.96,0.5,0.71,41.67,48.5,56.04,46.39,0.33,0.66,33.33,7.88,91.03,0.989,10.13,10.36,23.22,48.32,30.39,18.15,13.39,32.14,36.09
684,8483709,Abram Wiebe,CGY,D,https://assets.nhle.com/mugs/nhl/20252026/CGY/8483709.png,https://assets.nhle.com/logos/nhl/svg/CGY_light.svg,52,abramwiebe,4.0,48.083333333333,12.020833333333,48.67,68.63,41.49,34.94,54.9,38.89,23.71,36.19,39.58,1.25,1.25,50.00,2.28,4.68,32.79,23.71,47.42,33.33,9.98,26.2,27.59,1.25,1.25,50.00,18.3,28.28,39.29,0.0,0.0,-,37.85,39.65,48.84,0.0,0.0,-,5.26,96.55,1.018,13.73,8.73,7.49,56.15,64.71,28.7,12.48,13.73,67.65
685,8483460,David Jiricek,PHI,D,https://assets.nhle.com/mugs/nhl/20252026/PHI/8483460.png,https://assets.nhle.com/logos/nhl/svg/PHI_light.svg,5,davidjiricek,26.0,312.4,12.015384615385,56.08,69.33,44.72,40.91,51.09,44.47,26.7,33.61,44.27,2.3,2.69,46.15,2.69,4.0,40.22,28.23,36.3,43.75,11.72,16.33,41.78,1.15,1.54,42.86,22.02,26.63,45.26,1.02,0.77,57.14,41.61,54.1,43.48,0.55,0.55,50.00,8.63,92.0,1.006,5.19,9.41,9.22,53.39,36.00,14.4,14.6,20.74,40.98
686,8480281,Alexey Toropchenko,STL,R,https://assets.nhle.com/mugs/nhl/20252026/STL/8480281.png,https://assets.nhle.com/logos/nhl/svg/STL_light.svg?season=20252026,13,alexeitoropchenko,65.0,779.53333333333,11.992820512821,37.48,65.73,36.32,27.02,46.95,36.52,17.86,28.86,38.22,1.46,3.54,29.23,2.0,3.45,36.76,16.09,30.56,34.49,7.54,13.78,35.38,0.85,1.92,30.56,11.39,22.37,33.74,0.21,1.23,14.29,28.68,59.7,32.45,0.56,1.0,35.71,8.19,87.73,0.959,4.85,16.24,15.93,51.57,23.33,8.16,19.63,25.71,24.09
687,8477573,Nathan Walker,STL,L,https://assets.nhle.com/mugs/nhl/20252026/STL/8477573.png,https://assets.nhle.com/logos/nhl/svg/STL_light.svg?season=20252026,26,nathanwalker,46.0,551.53333333333,11.989855072464,42.1,59.29,41.52,31.33,40.69,43.5,21.0,25.78,44.88,2.28,4.24,35.00,2.06,2.87,41.72,19.15,26.44,42.0,9.46,11.75,44.62,1.09,2.5,30.30,12.91,19.58,39.73,0.58,1.6,26.67,31.9,53.27,37.45,0.94,0.79,54.55,10.88,83.54,0.944,5.44,14.03,11.53,53.63,32.05,9.68,18.71,20.23,32.36
688,8478472,Mathieu Joseph,LAK,R,https://assets.nhle.com/mugs/nhl/20252026/LAK/8478472.png,https://assets.nhle.com/logos/nhl/svg/LAK_light.svg,21,mathieujoseph,51.0,611.36666666667,11.987581699346,45.64,53.0,46.27,31.8,36.02,46.89,20.61,24.54,45.65,1.57,2.94,34.78,2.0,2.37,45.73,21.69,22.96,48.57,9.23,10.01,47.96,0.88,1.77,33.33,16.62,17.27,49.03,0.52,0.92,36.36,35.72,47.63,42.86,0.28,0.71,28.57,7.62,88.0,0.956,6.97,14.72,8.05,55.65,46.41,11.68,19.82,16.39,41.61
689,8482751,Ryan Winterton,SEA,C,https://assets.nhle.com/mugs/nhl/20252026/SEA/8482751.png,https://assets.nhle.com/logos/nhl/svg/SEA_light.svg,26,ryanwinterton,68.0,814.58333333333,11.979166666667,45.45,65.92,40.81,33.81,48.39,41.13,21.51,30.72,41.18,2.21,3.24,40.54,2.34,3.23,42.01,21.07,29.02,42.06,9.13,13.11,41.06,1.33,1.33,50.00,15.91,21.21,42.86,0.59,1.47,28.57,34.9,61.6,36.16,0.64,1.17,35.29,10.27,89.45,0.997,7.37,13.55,12.37,51.12,37.31,10.68,16.94,20.26,34.52
690,8481789,Tye Kartye,NYR,L,https://assets.nhle.com/mugs/nhl/20252026/NYR/8481789.png,https://assets.nhle.com/logos/nhl/svg/NYR_light.svg,24,tyekartye,64.0,765.63333333333,11.963020833333,46.86,61.99,43.05,31.66,44.43,41.61,20.06,30.72,39.51,2.35,4.0,37.04,2.13,3.33,39.01,21.32,28.6,42.7,7.52,12.7,37.21,1.02,1.96,34.21,18.39,21.21,46.44,1.04,1.57,40.00,35.66,56.03,38.89,0.68,1.25,35.29,11.72,86.99,0.987,5.09,13.79,14.5,53.6,26.00,8.86,17.87,22.8,27.97
691,8483487,Rutger McGroarty,PIT,R,https://assets.nhle.com/mugs/nhl/20252026/PIT/8483487.png,https://assets.nhle.com/logos/nhl/svg/PIT_light.svg,2,rutgermcgroarty,24.0,287.06666666667,11.961111111111,60.82,47.86,55.96,42.64,33.65,55.89,28.01,22.16,55.83,2.51,3.14,44.44,2.7,2.71,49.98,26.13,28.22,48.08,9.82,11.29,46.53,0.84,1.67,33.33,21.74,22.57,49.06,1.67,1.39,54.55,53.74,32.61,62.24,0.6,0.6,50.00,8.96,85.85,0.948,7.73,14.21,6.06,51.83,56.06,16.51,16.72,11.29,59.4
692,8483570,Ben Meyers,SEA,C,https://assets.nhle.com/mugs/nhl/20252026/SEA/8483570.png,https://assets.nhle.com/logos/nhl/svg/SEA_light.svg,59,benmeyers,52.0,620.78333333333,11.938141025641,43.98,66.21,39.91,32.67,48.62,40.19,20.78,32.38,39.09,2.13,4.35,32.84,2.33,3.31,41.28,21.65,28.71,42.99,9.28,12.56,42.48,1.06,2.22,32.35,16.5,21.52,43.39,0.9,1.42,38.89,29.04,69.8,29.38,0.56,1.54,26.67,10.23,86.57,0.968,3.67,14.59,20.88,48.62,14.96,5.8,17.59,29.0,16.67
693,8482206,Ethan Cardwell,SJS,R,https://assets.nhle.com/mugs/nhl/20252026/SJS/8482206.png,https://assets.nhle.com/logos/nhl/svg/SJS_light.svg,56,ethancardwell,7.0,83.516666666667,11.930952380952,50.29,66.09,43.21,33.05,53.16,38.33,19.4,35.92,35.06,1.44,3.59,28.57,2.18,4.18,34.3,24.43,35.2,40.96,6.47,18.68,25.71,0.0,2.87,0.00,23.95,22.03,52.08,0.96,0.96,50.00,30.09,51.89,36.71,1.04,0.0,100.00,7.41,90.0,0.974,5.03,7.18,9.34,60.35,35.00,12.93,10.78,21.55,37.5
694,8479705,Jeffrey Viel,ANA,L,https://assets.nhle.com/mugs/nhl/20252026/ANA/8479705.png,https://assets.nhle.com/logos/nhl/svg/ANA_light.svg,25,jeffreyviel,45.0,536.85,11.93,70.08,59.23,54.19,51.75,41.46,55.52,31.63,25.82,55.06,2.79,3.02,48.08,3.6,3.13,53.45,33.19,29.39,53.04,14.42,12.85,52.87,1.01,0.89,52.94,25.03,22.05,53.16,1.64,2.09,44.00,54.24,47.62,53.25,0.81,0.81,50.00,8.83,88.31,0.971,8.72,16.76,8.27,48.28,51.32,16.76,21.57,18.55,47.47
695,8482634,Alex Steeves,BOS,C,https://assets.nhle.com/mugs/nhl/20252026/BOS/8482634.png,https://assets.nhle.com/logos/nhl/svg/BOS_light.svg?season=20252026,21,alexsteeves,43.0,512.9,11.927906976744,59.19,56.5,51.16,43.28,38.72,52.78,29.95,26.91,52.67,3.39,2.46,58.00,3.08,2.62,54.1,28.31,24.92,53.19,12.75,9.83,56.48,1.87,0.94,66.67,20.74,20.12,50.76,0.78,0.94,45.45,45.79,47.48,49.09,1.18,1.01,53.85,11.33,90.87,1.022,9.83,14.74,9.59,46.44,50.60,17.31,19.65,17.31,50.0
696,8484797,Konsta Helenius,BUF,C,https://assets.nhle.com/mugs/nhl/20252026/BUF/8484797.png,https://assets.nhle.com/logos/nhl/svg/BUF_light.svg,94,konstahelenius,9.0,107.18333333333,11.909259259259,62.7,45.9,57.73,47.02,35.27,57.14,33.03,26.87,55.14,2.8,2.24,55.56,3.07,2.6,54.15,27.99,20.71,57.47,12.88,11.76,52.27,1.68,1.12,60.00,20.15,11.94,62.79,0.75,0.75,50.00,46.9,33.96,58.0,0.81,0.81,50.00,8.47,91.67,1.001,7.84,13.99,5.04,48.14,60.87,15.11,15.67,7.84,65.85
697,8476867,Brendan Gaunce,CBJ,C,https://assets.nhle.com/mugs/nhl/20252026/CBJ/8476867.png,https://assets.nhle.com/logos/nhl/svg/CBJ_light.svg,50,brendangaunce,25.0,297.56666666667,11.902666666667,52.43,65.13,44.6,35.89,45.17,44.28,22.38,29.84,42.86,2.22,3.63,37.93,2.44,3.25,42.84,22.18,30.65,41.98,8.07,10.69,43.01,0.81,0.81,50.00,18.82,26.62,41.42,1.34,2.96,31.25,40.19,62.62,39.09,0.58,0.87,40.00,9.91,87.84,0.977,6.05,11.09,18.35,46.78,24.79,8.87,14.92,30.25,22.68
698,8476278,Colin Blackwell,DAL,C,https://assets.nhle.com/mugs/nhl/20252026/DAL/8476278.png,https://assets.nhle.com/logos/nhl/svg/DAL_light.svg,15,colinblackwell,70.0,832.48333333333,11.892619047619,40.0,58.74,40.51,27.03,41.23,39.6,17.8,26.31,40.36,1.73,2.81,38.10,1.79,3.45,34.12,18.02,29.05,38.28,8.43,12.11,41.05,1.15,1.51,43.24,12.78,22.58,36.14,0.67,1.25,35.00,31.54,54.45,36.68,0.1,0.52,16.67,9.72,89.32,0.99,4.4,11.82,14.2,52.61,23.64,9.3,16.87,22.99,28.79
699,8478904,Steven Lorentz,TOR,C,https://assets.nhle.com/mugs/nhl/20252026/TOR/8478904.png,https://assets.nhle.com/logos/nhl/svg/TOR_light.svg,18,stevenlorentz,71.0,842.46666666667,11.865727699531,40.67,73.14,35.73,30.91,54.77,36.08,20.37,35.68,36.34,2.07,3.63,36.25,2.07,4.16,33.27,17.38,35.82,32.66,7.76,15.6,33.23,1.0,1.5,40.00,12.82,26.97,32.22,1.04,1.9,35.48,30.35,68.62,30.67,0.41,1.03,28.57,10.14,89.82,1.0,2.92,15.53,18.87,47.57,13.40,6.69,20.16,29.63,18.43
700,8477406,Mattias Janmark,EDM,C,https://assets.nhle.com/mugs/nhl/20252026/EDM/8477406.png,https://assets.nhle.com/logos/nhl/svg/EDM_light.svg,13,mattiasjanmark,43.0,509.88333333333,11.857751937984,42.95,65.19,39.72,30.48,46.6,39.54,20.83,29.89,41.07,1.18,3.29,26.32,2.32,3.68,38.63,20.71,35.66,36.74,10.36,15.89,39.46,0.71,1.77,28.57,13.81,26.36,34.38,0.31,1.57,16.67,30.43,47.08,39.25,0.34,0.51,40.00,5.65,88.98,0.946,5.06,14.0,11.89,50.6,29.86,9.88,17.65,20.71,32.31
701,8477425,Miles Wood,CBJ,L,https://assets.nhle.com/mugs/nhl/20252026/CBJ/8477425.png,https://assets.nhle.com/logos/nhl/svg/CBJ_light.svg,11,mileswood,54.0,640.25,11.856481481481,53.6,67.19,44.38,37.58,50.7,42.57,24.18,31.02,43.8,2.06,3.28,38.60,2.47,3.11,44.24,25.77,31.21,45.23,10.4,10.87,48.90,1.5,0.75,66.67,20.49,27.11,43.04,0.5,2.0,20.00,42.23,60.51,41.11,0.27,1.35,16.67,8.53,89.43,0.98,7.12,11.53,9.47,52.76,42.94,13.59,17.06,21.74,38.46
702,8479336,Carl Grundstrom,PHI,R,https://assets.nhle.com/mugs/nhl/20252026/PHI/8479336.png,https://assets.nhle.com/logos/nhl/svg/PHI_light.svg,91,carlgrundstrom,47.0,557.01666666667,11.851418439716,44.49,58.06,43.38,30.7,40.61,43.05,18.74,23.91,43.94,2.48,2.37,51.11,2.08,2.76,42.92,21.11,27.58,43.36,8.83,10.45,45.81,0.97,0.97,50.00,16.37,22.84,41.76,1.29,1.44,47.37,35.94,46.68,43.5,0.78,0.47,62.50,13.22,90.09,1.033,6.89,13.36,7.54,53.43,47.76,12.6,18.31,14.54,46.43
703,8479390,Taylor Raddysh,NYR,R,https://assets.nhle.com/mugs/nhl/20252026/NYR/8479390.png,https://assets.nhle.com/logos/nhl/svg/NYR_light.svg,14,taylorraddysh,68.0,805.33333333333,11.843137254902,51.18,62.28,45.11,35.31,44.03,44.51,22.87,28.76,44.3,2.16,2.24,49.15,2.43,3.08,44.15,22.43,27.04,45.33,10.13,11.7,46.42,1.19,1.19,50.00,16.39,20.46,44.47,0.79,0.4,66.67,41.43,54.56,43.16,0.43,0.97,30.77,9.45,92.23,1.017,5.66,10.95,9.76,56.92,36.71,10.5,15.5,18.33,36.43
704,8475714,Calle Jarnkrok,TOR,C,https://assets.nhle.com/mugs/nhl/20252026/TOR/8475714.png,https://assets.nhle.com/logos/nhl/svg/TOR_light.svg,19,callejarnkrok,56.0,663.0,11.839285714286,37.92,72.31,34.4,27.96,53.67,34.26,18.37,34.48,34.76,1.27,3.8,25.00,1.62,4.2,27.88,16.02,35.57,31.05,6.43,15.93,28.74,0.54,1.54,26.09,12.79,26.18,32.82,0.6,1.93,23.81,30.07,69.02,30.34,0.26,1.18,18.18,6.90,88.98,0.959,3.62,15.57,17.56,47.78,17.09,8.24,18.73,29.14,22.03
705,8480003,Jesper Boqvist,FLA,C,https://assets.nhle.com/mugs/nhl/20252026/FLA/8480003.png,https://assets.nhle.com/logos/nhl/svg/FLA_light.svg,70,jesperboqvist,73.0,863.51666666667,11.82899543379,49.96,55.66,47.3,36.2,39.67,47.71,22.17,24.74,47.26,1.6,2.71,37.10,2.48,2.78,47.19,22.17,25.5,46.5,9.59,11.05,46.46,0.97,1.32,42.42,16.77,19.27,46.53,0.46,1.11,29.41,43.46,47.07,48.0,0.4,0.8,33.33,7.21,89.04,0.963,10.35,15.22,8.62,52.46,54.58,17.72,20.84,15.84,52.8
706,8478366,Frank Vatrano,ANA,R,https://assets.nhle.com/mugs/nhl/20252026/ANA/8478366.png,https://assets.nhle.com/logos/nhl/svg/ANA_light.svg,77,frankvatrano,50.0,591.11666666667,11.822333333333,57.55,62.93,47.77,41.41,45.88,47.44,27.71,29.03,48.84,1.83,3.35,35.29,2.69,3.4,44.17,25.07,33.39,42.88,10.66,14.31,42.68,1.12,1.83,37.93,19.22,25.44,43.03,0.68,1.22,35.71,48.09,48.97,49.55,0.15,0.88,14.29,6.59,88.46,0.951,10.45,12.08,10.66,50.75,49.52,17.05,16.75,17.86,48.84
707,8477952,Robby Fabbri,MIN,C,https://assets.nhle.com/mugs/nhl/20252026/MIN/8477952.png,https://assets.nhle.com/logos/nhl/svg/MIN_light.svg,21,robbyfabbri,21.0,247.96666666667,11.807936507937,45.49,56.62,44.55,35.09,40.89,46.18,23.71,27.1,46.67,1.69,2.66,38.89,2.14,2.44,46.69,22.74,26.62,46.08,9.19,11.61,44.19,0.97,1.69,36.36,18.07,20.0,47.46,0.97,0.65,60.00,35.3,45.44,43.72,0.0,0.7,0.00,7.14,90.18,0.973,6.29,12.58,8.23,51.3,43.33,11.61,15.97,15.73,42.48
708,8479977,Kailer Yamamoto,UTA,R,https://assets.nhle.com/mugs/nhl/20252026/UTA/8479977.png,https://assets.nhle.com/logos/nhl/svg/UTA_light.svg?season=20252026,56,kaileryamamoto,59.0,695.98333333333,11.796327683616,56.04,49.23,53.24,40.17,34.48,53.81,25.26,21.72,53.76,3.19,2.24,58.73,2.65,2.29,53.59,24.57,22.67,52.01,11.81,8.53,58.05,1.47,1.21,54.84,17.01,18.85,47.44,1.15,1.03,52.63,45.7,39.85,53.42,1.12,0.37,75.00,12.63,89.68,1.023,9.48,13.88,8.1,52.42,53.92,15.17,18.28,15.43,49.58
709,8484938,Arttu Hyry,DAL,R,https://assets.nhle.com/mugs/nhl/20252026/DAL/8484938.png,https://assets.nhle.com/logos/nhl/svg/DAL_light.svg,25,arttuhyry,20.0,235.51666666667,11.775833333333,40.0,59.36,40.26,30.06,43.56,40.83,19.36,28.53,40.43,2.04,3.31,38.10,2.06,3.5,37.07,16.81,30.57,35.48,8.92,14.78,37.63,1.02,1.53,40.00,10.53,21.06,33.33,1.02,1.02,50.00,32.38,56.67,36.36,0.37,1.47,20.00,10.53,88.39,0.989,5.86,11.97,17.83,51.97,24.73,12.48,17.32,29.3,29.88
710,8475231,Casey Cizikas,NYI,C,https://assets.nhle.com/mugs/nhl/20252026/NYI/8475231.png,https://assets.nhle.com/logos/nhl/svg/NYI_light.svg,53,caseycizikas,81.0,953.2,11.767901234568,47.08,60.49,43.77,33.55,41.86,44.49,22.22,27.07,45.08,1.7,2.33,42.19,2.32,3.26,41.57,21.34,29.27,42.16,9.69,13.41,41.96,0.69,1.07,39.29,15.53,21.15,42.33,0.92,1.01,47.83,38.46,49.46,43.74,0.27,0.73,27.27,7.65,91.4,0.99,7.18,13.66,11.08,53.38,39.31,12.9,19.07,19.01,40.43
711,8476474,Stefan Noesen,NJD,R,https://assets.nhle.com/mugs/nhl/20252026/NJD/8476474.png,https://assets.nhle.com/logos/nhl/svg/NJD_light.svg,11,stefannoesen,38.0,446.66666666667,11.754385964912,62.33,51.18,54.91,44.73,37.75,54.23,32.91,26.19,55.68,1.75,2.42,41.94,3.76,2.62,58.91,29.69,21.63,57.85,13.03,10.07,56.40,0.81,1.34,37.50,22.21,15.4,59.05,0.9,0.9,50.00,56.27,43.27,56.53,0.39,0.58,40.00,5.31,90.77,0.961,11.28,13.97,7.25,51.18,60.87,21.09,18.67,13.57,60.85
712,8474037,James van Riemsdyk,DET,L,https://assets.nhle.com/mugs/nhl/20252026/DET/8474037.png,https://assets.nhle.com/logos/nhl/svg/DET_light.svg?season=20252026,21,jamesvanriemsdyk,72.0,846.16666666667,11.752314814815,67.43,55.73,54.75,49.78,40.35,55.23,30.56,26.73,53.34,3.33,2.84,54.02,4.04,3.03,57.19,35.45,24.68,58.96,17.09,9.93,63.25,2.13,0.64,76.92,24.49,19.67,55.46,1.32,1.42,48.28,55.92,48.24,53.69,0.31,1.02,23.08,10.90,89.39,1.003,12.55,10.57,7.87,50.13,61.46,21.2,14.89,16.1,56.84
713,8476889,Radek Faksa,DAL,C,https://assets.nhle.com/mugs/nhl/20252026/DAL/8476889.png,https://assets.nhle.com/logos/nhl/svg/DAL_light.svg,12,radekfaksa,58.0,680.61666666667,11.734770114943,34.65,58.27,37.29,23.36,39.67,37.06,15.78,26.18,37.61,1.59,3.0,34.62,1.75,3.27,34.85,14.63,28.21,34.16,8.11,11.9,40.53,1.15,1.59,41.94,8.7,21.74,28.57,0.35,1.18,23.08,25.98,58.19,30.86,0.25,0.76,25.00,10.06,88.55,0.986,3.44,11.99,18.16,52.19,15.92,7.67,17.01,28.39,21.27
714,8484136,Max Sasson,VAN,C,https://assets.nhle.com/mugs/nhl/20252026/VAN/8484136.png,https://assets.nhle.com/logos/nhl/svg/VAN_light.svg,63,maxsasson,66.0,773.45,11.718939393939,53.99,53.91,50.04,37.86,40.26,48.46,23.04,27.0,46.05,2.09,3.1,40.30,2.31,2.94,44.05,23.19,28.47,44.89,10.16,12.49,44.86,1.24,2.02,38.10,17.38,21.31,44.92,0.72,0.62,53.85,45.27,38.77,53.87,0.34,0.9,27.27,9.09,88.51,0.976,7.14,13.58,4.11,60.66,63.45,12.88,17.53,10.08,56.08
715,8479941,Justin Danforth,BUF,R,https://assets.nhle.com/mugs/nhl/20252026/BUF/8479941.png,https://assets.nhle.com/logos/nhl/svg/BUF_light.svg,15,justindanforth,4.0,46.816666666667,11.704166666667,34.6,79.46,30.34,19.22,53.83,26.32,11.53,37.17,23.68,0.0,2.56,0.00,0.84,3.49,19.34,7.69,33.32,18.75,5.13,11.53,30.77,0.0,1.28,0.00,3.42,29.05,10.53,0.0,1.71,0.00,40.73,81.45,33.33,0.0,0.0,-,0.00,93.1,0.931,12.82,7.69,15.38,55.11,45.45,21.79,11.53,26.91,44.74
716,8483476,Jonathan Lekkerimäki,VAN,R,https://assets.nhle.com/mugs/nhl/20252026/VAN/8483476.png,https://assets.nhle.com/logos/nhl/svg/VAN_light.svg,88,jonathanlekkerimaki,13.0,151.81666666667,11.678205128205,49.01,62.05,44.13,34.78,45.45,43.35,20.55,29.64,40.94,1.19,2.37,33.33,2.49,3.0,45.39,22.53,30.04,42.86,6.72,12.65,34.69,0.4,0.79,33.33,21.08,23.19,47.62,1.05,1.05,50.00,51.95,42.81,54.82,0.0,0.0,-,5.77,92.0,0.978,13.04,9.09,2.37,50.98,84.62,24.11,12.65,7.11,77.22
717,8479362,Riley Tufte,BOS,L,https://assets.nhle.com/mugs/nhl/20252026/BOS/8479362.png,https://assets.nhle.com/logos/nhl/svg/BOS_light.svg?season=20252026,10,rileytufte,4.0,46.683333333333,11.670833333333,73.26,77.12,48.72,62.98,52.7,54.44,44.98,23.13,66.04,1.29,1.29,50.00,4.4,3.13,58.48,32.13,33.42,49.02,16.71,12.85,56.52,1.29,1.29,50.00,20.56,27.42,42.86,0.0,0.0,-,51.98,72.4,41.79,0.0,0.0,-,2.86,94.44,0.973,2.57,9.0,7.71,52.7,25.00,7.71,12.85,20.56,27.27
718,8484234,Aydar Suniev,CGY,L,https://assets.nhle.com/mugs/nhl/20252026/CGY/8484234.png,https://assets.nhle.com/logos/nhl/svg/CGY_light.svg,61,aydarsuniev,6.0,69.733333333333,11.622222222222,46.46,47.32,49.54,31.84,36.14,46.84,23.23,21.51,51.92,1.72,1.72,50.00,2.08,2.75,42.99,23.23,23.23,50.0,7.74,10.33,42.86,0.0,1.72,0.00,20.65,17.21,54.55,0.0,0.0,-,36.04,41.01,46.77,2.49,0.0,100.00,7.41,92.0,0.994,11.19,10.33,3.44,58.51,76.47,19.79,18.07,12.91,60.53
719,8483482,Tristan Luneau,ANA,D,https://assets.nhle.com/mugs/nhl/20252026/ANA/8483482.png,https://assets.nhle.com/logos/nhl/svg/ANA_light.svg,67,tristanluneau,1.0,11.616666666667,11.616666666667,118.79,36.15,76.67,77.47,25.82,75.0,46.48,10.33,81.82,10.33,0.0,100.00,4.78,2.0,70.47,41.32,20.66,66.67,10.33,15.49,40.00,5.16,0.0,100.00,41.32,6.89,85.71,0.0,0.0,-,119.37,22.38,84.21,7.46,0.0,100.00,22.22,100.0,1.222,10.33,10.33,10.33,51.65,50.00,25.82,25.82,15.49,62.5
720,8477979,Nicolas Aube-Kubel,MIN,R,https://assets.nhle.com/mugs/nhl/20252026/MIN/8477979.png,https://assets.nhle.com/logos/nhl/svg/MIN_light.svg,16,nicolasaubekubel,6.0,69.7,11.616666666667,58.54,72.31,44.74,43.04,51.65,45.45,30.13,37.02,44.87,2.58,1.72,60.00,2.72,3.03,47.27,30.13,29.27,50.72,12.05,11.19,51.85,0.86,0.86,50.00,24.1,24.1,50.0,1.15,0.0,100.00,47.25,57.2,45.24,1.24,1.24,50.00,8.57,95.35,1.039,5.16,9.47,10.33,48.21,33.33,18.94,13.77,13.77,57.89
721,8478434,Keegan Kolesar,VGK,R,https://assets.nhle.com/mugs/nhl/20252026/VGK/8478434.png,https://assets.nhle.com/logos/nhl/svg/VGK_light.svg,55,keegankolesar,82.0,946.05,11.537195121951,50.36,54.04,48.24,35.9,38.05,48.54,23.21,23.21,50.0,1.84,2.85,39.19,2.5,2.59,49.14,23.28,26.64,46.63,10.34,10.91,48.66,1.01,1.14,47.06,17.25,20.97,45.13,0.59,1.61,26.92,40.12,44.43,47.45,0.37,0.73,33.33,7.92,87.7,0.956,6.53,17.63,10.85,52.07,37.59,12.43,23.4,19.09,39.44
722,8484262,Travis Mitchell,NYI,D,https://assets.nhle.com/mugs/nhl/20252026/NYI/8484262.png,https://assets.nhle.com/logos/nhl/svg/NYI_light.svg,34,travismitch,9.0,103.83333333333,11.537037037037,37.56,61.83,37.79,28.89,44.49,39.37,17.91,27.16,39.74,1.73,1.73,50.00,1.52,2.76,35.41,16.18,28.89,35.9,5.2,12.13,30.00,0.58,0.58,50.00,14.64,22.34,39.58,1.54,0.77,66.67,39.23,44.24,47.0,0.0,0.83,0.00,9.68,93.62,1.033,10.98,19.65,4.62,47.96,70.37,21.96,24.27,10.98,66.67
723,8482072,Jack Ahcan,COL,D,https://assets.nhle.com/mugs/nhl/20252026/COL/8482072.png,https://assets.nhle.com/logos/nhl/svg/COL_light.svg,47,jackahcan,11.0,126.85,11.531818181818,71.9,49.19,59.38,52.03,37.84,57.89,35.95,21.76,62.3,2.84,1.89,60.00,3.81,2.41,61.25,40.2,26.01,60.71,16.55,10.41,61.40,1.89,0.95,66.67,31.53,20.81,60.24,1.26,0.63,66.67,47.83,36.89,56.45,0.0,0.68,0.00,7.89,91.3,0.992,3.31,13.72,8.99,56.29,26.92,12.77,18.45,17.97,41.54
724,8481535,Nils Hoglander,VAN,L,https://assets.nhle.com/mugs/nhl/20252026/VAN/8481535.png,https://assets.nhle.com/logos/nhl/svg/VAN_light.svg,21,nilshoglander,38.0,437.83333333333,11.521929824561,54.4,52.62,50.83,37.41,39.74,48.49,23.3,25.22,48.02,1.37,1.92,41.67,2.38,2.87,45.39,26.45,26.72,49.74,10.96,11.65,48.48,1.23,1.1,52.94,20.65,20.1,50.67,0.18,0.55,25.00,47.11,38.2,55.22,0.0,0.59,0.00,5.88,92.39,0.983,11.65,10.28,5.34,53.86,68.55,18.91,13.02,12.61,60.0
725,8482765,Isak Rosen,WPG,R,https://assets.nhle.com/mugs/nhl/20252026/WPG/8482765.png,https://assets.nhle.com/logos/nhl/svg/WPG_light.svg,27,isakrosen,37.0,425.66666666667,11.504504504505,54.83,56.24,49.37,41.02,38.34,51.69,25.37,23.12,52.33,2.26,2.4,48.48,2.78,2.72,50.56,26.22,24.53,51.67,9.16,9.16,50.00,1.27,1.13,52.94,22.74,20.49,52.61,1.13,1.32,46.15,50.49,46.22,52.21,0.2,0.2,50.00,8.89,89.63,0.985,12.97,13.39,5.36,49.05,70.77,21.99,18.18,11.98,64.73
726,8481077,John Leonard,DET,L,https://assets.nhle.com/mugs/nhl/20252026/DET/8481077.png,https://assets.nhle.com/logos/nhl/svg/DET_light.svg?season=20252026,43,johnleonard,11.0,126.51666666667,11.501515151515,56.91,62.6,47.62,42.68,44.58,48.91,24.66,24.66,50.0,1.9,2.37,44.44,3.14,2.96,51.51,28.45,30.35,48.39,11.86,14.23,45.45,0.95,1.42,40.00,22.13,21.5,50.72,1.26,1.26,50.00,50.01,49.32,50.34,0.0,0.0,-,7.69,90.38,0.981,10.43,10.43,10.43,54.06,50.00,19.44,13.75,17.07,53.25
727,8482698,Tristan Broz,PIT,C,https://assets.nhle.com/mugs/nhl/20252026/PIT/8482698.png,https://assets.nhle.com/logos/nhl/svg/PIT_light.svg,26,tristanbroz,1.0,11.5,11.5,36.52,78.26,31.82,20.87,62.61,25.0,15.65,46.96,25.0,0.0,5.22,0.00,0.56,3.47,13.93,20.87,26.09,44.44,0.0,15.65,0.00,0.0,5.22,0.00,27.83,13.91,66.67,0.0,0.0,-,30.14,75.36,28.57,0.0,0.0,-,0.00,88.89,0.889,10.43,5.22,0.0,62.61,100.00,20.87,10.43,5.22,80.0
728,8482168,Maxim Groshev,TBL,D,https://assets.nhle.com/mugs/nhl/20252026/TBL/8482168.png,https://assets.nhle.com/logos/nhl/svg/TBL_light.svg,52,maximgroshev,2.0,23.0,11.5,41.74,96.52,30.19,33.91,73.04,31.71,26.09,54.78,32.26,2.61,0.0,100.00,2.64,7.9,25.01,26.09,49.57,34.48,7.83,31.3,20.00,2.61,0.0,100.00,24.35,24.35,50.0,0.0,0.0,-,18.84,82.9,18.52,0.0,0.0,-,10.00,100.0,1.1,0.0,10.43,18.26,49.57,0.00,5.22,13.04,33.91,13.33
729,8482125,Alexander Holtz,VGK,R,https://assets.nhle.com/mugs/nhl/20252026/VGK/8482125.png,https://assets.nhle.com/logos/nhl/svg/VGK_light.svg,10,alexholtz,28.0,321.46666666667,11.480952380952,50.58,59.17,46.09,35.28,41.44,45.99,21.28,26.69,44.36,2.61,2.99,46.67,2.61,2.44,51.66,24.08,26.69,47.43,11.57,9.15,55.86,1.49,1.31,53.33,16.67,23.39,41.61,0.75,1.49,33.33,41.79,47.72,46.69,0.81,0.81,50.00,12.28,88.81,1.011,9.33,11.2,6.35,51.33,59.52,16.98,16.61,15.3,52.6
730,8482703,Colton Dach,EDM,C,https://assets.nhle.com/mugs/nhl/20252026/EDM/8482703.png,https://assets.nhle.com/logos/nhl/svg/EDM_light.svg,34,coltondach,61.0,700.15,11.477868852459,49.53,50.73,49.4,36.25,37.88,48.9,21.77,25.88,45.68,1.54,2.66,36.73,2.16,2.55,45.83,22.28,22.8,49.43,8.57,11.23,43.29,0.77,1.29,37.50,18.28,15.43,54.24,0.91,0.57,61.54,42.71,43.32,49.64,0.12,1.36,8.33,7.09,89.74,0.968,7.63,13.97,7.37,53.05,50.86,13.97,18.42,14.05,49.85
731,8481569,Marshall Warren,NYI,D,https://assets.nhle.com/mugs/nhl/20252026/NYI/8481569.png,https://assets.nhle.com/logos/nhl/svg/NYI_light.svg,41,marshallwarren,8.0,91.816666666667,11.477083333333,51.62,53.59,49.07,37.25,41.17,47.5,23.53,25.49,48.0,1.96,1.96,50.00,2.69,2.58,51.0,28.1,25.49,52.44,10.46,9.15,53.33,1.31,0.0,100.00,23.53,21.78,51.92,0.87,2.61,25.00,43.42,47.2,47.92,0.0,0.0,-,8.33,92.31,1.006,12.42,13.72,5.88,54.89,67.86,20.26,18.3,13.72,59.62
732,8478874,Adam Gaudette,SJS,R,https://assets.nhle.com/mugs/nhl/20252026/SJS/8478874.png,https://assets.nhle.com/logos/nhl/svg/SJS_light.svg,81,adamgaudette,66.0,757.28333333333,11.47398989899,51.5,58.71,46.73,35.57,41.91,45.91,23.61,28.76,45.08,2.77,2.93,48.61,2.64,2.57,50.73,25.2,27.02,48.25,11.81,11.33,51.03,1.82,1.43,56.10,17.85,20.92,46.05,0.95,1.06,47.37,40.86,52.42,43.8,0.34,0.8,30.00,11.74,89.81,1.016,8.87,13.31,10.54,48.33,45.71,14.82,18.46,21.63,40.65
733,8474189,Lars Eller,OTT,C,https://assets.nhle.com/mugs/nhl/20252026/OTT/8474189.png,https://assets.nhle.com/logos/nhl/svg/OTT_light.svg,20,larseller,68.0,778.43333333333,11.447549019608,50.41,57.73,46.61,35.22,40.54,46.49,23.51,26.13,47.36,2.47,2.7,47.76,2.4,2.86,45.59,24.74,25.51,49.23,9.33,9.63,49.19,0.92,1.31,41.38,20.55,21.17,49.26,1.13,1.44,44.00,41.53,57.11,42.1,1.0,0.45,69.23,10.49,89.68,1.002,10.02,12.56,16.88,53.49,37.25,14.26,17.34,26.44,35.04
734,8481186,Logan O'Connor,COL,R,https://assets.nhle.com/mugs/nhl/20252026/COL/8481186.png,https://assets.nhle.com/logos/nhl/svg/COL_light.svg,25,loganoconnor,13.0,148.78333333333,11.444871794872,59.28,52.02,53.26,45.17,39.52,53.33,31.46,24.2,56.52,0.81,1.21,40.00,2.75,2.72,50.26,26.21,24.2,52.0,11.69,10.08,53.70,0.0,0.81,0.00,19.36,18.82,50.7,0.54,0.0,100.00,41.36,44.27,48.3,0.58,0.58,50.00,2.56,95.0,0.976,6.05,10.08,10.49,55.65,36.59,8.87,15.32,20.57,30.14
735,8483756,Jared Wright,LAK,R,https://assets.nhle.com/mugs/nhl/20252026/LAK/8483756.png,https://assets.nhle.com/logos/nhl/svg/LAK_light.svg,25,jaredwright,23.0,262.91666666667,11.43115942029,59.79,58.42,50.58,43.82,38.8,53.04,29.21,23.73,55.17,1.83,1.83,50.00,3.25,2.1,60.74,28.53,23.51,54.82,16.66,8.44,66.36,1.14,0.91,55.56,15.82,20.08,44.07,0.61,0.3,66.67,42.19,58.35,41.97,0.33,0.99,25.00,6.25,92.31,0.986,3.42,10.95,14.15,57.97,19.48,9.36,17.34,24.87,27.33
736,8480762,Eric Robinson,CAR,L,https://assets.nhle.com/mugs/nhl/20252026/CAR/8480762.png,https://assets.nhle.com/logos/nhl/svg/CAR_light.svg,50,ericrobinson,67.0,765.66666666667,11.427860696517,62.14,51.17,54.84,44.75,36.83,54.85,28.52,23.12,55.24,2.43,2.51,49.21,3.03,2.78,52.2,29.31,25.31,53.66,14.18,11.68,54.85,1.18,1.41,45.45,20.17,18.18,52.59,0.84,1.25,40.00,52.18,42.67,55.01,0.79,0.11,87.50,8.52,89.15,0.977,12.3,16.93,8.93,42.86,57.93,22.33,22.41,18.02,55.34
737,8476393,Nick Cousins,OTT,C,https://assets.nhle.com/mugs/nhl/20252026/OTT/8476393.png,https://assets.nhle.com/logos/nhl/svg/OTT_light.svg,21,nickcousins,81.0,925.28333333333,11.423251028807,54.86,50.71,51.97,39.36,35.28,52.74,25.29,20.56,55.16,2.33,1.82,56.25,2.63,2.22,54.22,25.87,21.53,54.58,11.22,9.14,55.10,1.17,1.1,51.43,19.54,16.51,54.2,1.04,0.52,66.67,41.59,42.15,49.66,0.56,0.47,54.55,9.23,91.17,1.004,7.72,15.24,5.58,63.42,58.05,11.35,19.45,11.93,48.75
738,8482964,Arber Xhekaj,MTL,D,https://assets.nhle.com/mugs/nhl/20252026/MTL/8482964.png,https://assets.nhle.com/logos/nhl/svg/MTL_light.svg,72,arberxhekaj,65.0,742.46666666667,11.422564102564,48.0,55.6,46.33,33.62,38.71,46.48,19.88,25.29,44.01,1.94,2.91,40.00,2.04,2.88,41.47,21.01,27.07,43.7,8.16,11.56,41.39,0.73,1.45,33.33,17.13,20.69,45.3,1.08,1.4,43.48,40.74,38.87,51.17,0.58,0.58,50.00,9.76,88.5,0.983,5.17,11.15,4.12,54.39,55.65,13.74,17.05,11.07,55.37
739,8485405,Brady Martin,NSH,C,https://assets.nhle.com/mugs/nhl/20252026/NSH/8485405.png,https://assets.nhle.com/logos/nhl/svg/NSH_light.svg,44,bradymartin,3.0,34.25,11.416666666667,52.55,49.05,51.72,38.54,35.04,52.38,19.27,31.53,37.93,3.5,3.5,50.00,2.99,1.87,61.47,28.03,21.02,57.14,8.76,5.26,62.50,1.75,3.5,33.33,25.69,21.02,55.0,0.0,0.0,-,43.02,48.08,47.22,2.53,0.0,100.00,18.18,88.89,1.071,19.27,14.01,0.0,35.04,100.00,22.77,22.77,14.01,61.9
740,8483696,Cole O'Hara,NSH,R,https://assets.nhle.com/mugs/nhl/20252026/NSH/8483696.png,https://assets.nhle.com/logos/nhl/svg/NSH_light.svg,19,coleohara,1.0,11.383333333333,11.383333333333,31.63,79.06,28.57,10.54,52.71,16.67,10.54,42.17,20.0,5.27,0.0,100.00,0.85,1.69,33.47,26.35,15.81,62.5,0.0,0.0,-,0.0,0.0,-,35.14,21.08,62.5,7.03,0.0,100.00,22.84,76.13,23.08,0.0,0.0,-,50.00,100.0,1.5,0.0,26.35,15.81,36.9,0.00,15.81,26.35,36.9,30.0
741,8480829,Jesperi Kotkaniemi,CAR,C,https://assets.nhle.com/mugs/nhl/20252026/CAR/8480829.png,https://assets.nhle.com/logos/nhl/svg/CAR_light.svg,82,jesperikotkaniemi,42.0,476.73333333333,11.350793650794,59.4,48.96,54.82,40.02,33.86,54.17,25.17,22.65,52.63,2.64,2.14,55.26,2.33,2.37,49.64,25.67,22.28,53.54,9.82,10.19,49.06,1.38,1.13,55.00,21.14,16.11,56.76,1.01,1.17,46.15,57.63,40.54,58.7,0.73,0.18,80.00,10.50,90.56,1.011,14.47,15.1,7.43,41.41,66.09,25.67,20.89,15.61,62.2
742,8476624,Barclay Goodrow,SJS,C,https://assets.nhle.com/mugs/nhl/20252026/SJS/8476624.png,https://assets.nhle.com/logos/nhl/svg/SJS_light.svg,23,barclaygoodrow,82.0,930.5,11.34756097561,38.3,69.64,35.48,26.5,49.65,34.8,17.6,34.76,33.62,1.23,4.06,23.17,2.04,3.81,34.83,18.38,31.47,36.87,8.83,13.15,40.18,0.9,1.42,38.89,12.72,24.42,34.26,0.26,1.89,12.00,28.22,66.87,29.68,0.19,1.68,10.00,6.96,88.31,0.953,6.0,14.77,14.25,48.88,29.62,9.48,19.99,26.7,26.2
743,8478046,Danton Heinen,CBJ,L,https://assets.nhle.com/mugs/nhl/20252026/CBJ/8478046.png,https://assets.nhle.com/logos/nhl/svg/CBJ_light.svg,58,dantonheinen,46.0,521.63333333333,11.339855072464,56.82,51.53,52.44,41.52,35.66,53.8,26.11,22.08,54.18,2.65,1.84,58.97,2.91,1.91,60.31,26.69,21.39,55.5,10.81,8.63,55.62,1.15,1.04,52.63,21.16,17.02,55.42,1.38,0.46,75.00,44.53,50.84,46.69,0.5,0.5,50.00,10.13,91.67,1.018,7.59,12.88,11.62,50.27,39.52,13.34,16.56,20.24,39.73
744,8483733,Nikita Grebenkin,PHI,R,https://assets.nhle.com/mugs/nhl/20252026/PHI/8483733.png,https://assets.nhle.com/logos/nhl/svg/PHI_light.svg,17,nikitagrebenkin,55.0,620.76666666667,11.286666666667,50.16,53.06,48.6,34.31,37.41,47.84,22.81,23.1,49.68,1.93,2.61,42.55,2.25,2.56,46.76,24.16,25.71,48.45,9.57,11.31,45.83,0.58,1.55,27.27,19.46,19.2,50.33,1.29,0.9,58.82,38.81,42.02,48.01,0.56,0.56,50.00,8.47,88.7,0.972,7.44,16.04,6.57,50.36,53.10,13.43,20.01,16.33,45.13
745,8480853,Liam Foudy,NYI,C,https://assets.nhle.com/mugs/nhl/20252026/NYI/8480853.png,https://assets.nhle.com/logos/nhl/svg/NYI_light.svg,43,liamfoudy,1.0,11.283333333333,11.283333333333,31.91,53.18,37.5,10.64,47.86,18.18,10.64,31.91,25.0,0.0,0.0,-,0.3,3.99,6.89,10.64,26.59,28.57,0.0,10.64,0.00,0.0,0.0,-,14.18,21.27,40.0,0.0,0.0,-,38.4,38.4,50.0,0.0,0.0,-,0.00,100.0,1.0,0.0,0.0,5.32,69.13,0.00,5.32,5.32,10.64,33.33
746,8482896,Tyson Kozak,BUF,C,https://assets.nhle.com/mugs/nhl/20252026/BUF/8482896.png,https://assets.nhle.com/logos/nhl/svg/BUF_light.svg,48,tysonkozak,46.0,518.7,11.276086956522,42.8,71.26,37.53,30.08,49.97,37.57,20.59,30.88,40.0,1.62,2.31,41.18,2.03,3.28,38.29,18.28,32.74,35.83,8.1,13.3,37.84,0.81,1.27,38.89,13.57,25.91,34.38,0.62,0.77,44.44,33.08,71.01,31.78,0.33,0.5,40.00,7.87,92.51,1.004,5.9,18.51,17.93,48.35,24.76,9.02,23.71,28.69,23.93
747,8479359,Beck Malenstyn,BUF,L,https://assets.nhle.com/mugs/nhl/20252026/BUF/8479359.png,https://assets.nhle.com/logos/nhl/svg/BUF_light.svg,29,beckmalenstyn,81.0,910.26666666667,11.237860082305,42.84,66.44,39.2,31.57,46.47,40.46,21.75,27.75,43.94,1.78,2.44,42.19,2.1,3.36,38.52,18.65,29.66,38.61,8.63,12.72,40.43,1.12,1.45,43.59,13.36,22.59,37.16,0.35,0.88,28.57,31.51,61.7,33.81,0.48,0.48,50.00,8.18,91.21,0.994,4.35,17.93,14.96,50.56,22.53,6.59,21.69,22.61,22.57
748,8483669,Adam Sykora,NYR,L,https://assets.nhle.com/mugs/nhl/20252026/NYR/8483669.png,https://assets.nhle.com/logos/nhl/svg/NYR_light.svg,38,adamsykora,11.0,122.91666666667,11.174242424242,50.28,58.58,46.19,33.19,39.05,45.95,20.01,23.43,46.07,2.44,2.44,50.00,2.14,3.02,41.45,24.89,27.34,47.66,10.74,11.72,47.83,1.95,1.95,50.00,18.87,20.83,47.54,0.0,0.65,0.00,45.13,43.72,50.79,0.71,0.0,100.00,12.20,89.58,1.018,10.25,14.16,9.27,47.35,52.50,17.08,19.53,13.18,56.45
749,8477380,Jonny Brodzinski,NYR,C,https://assets.nhle.com/mugs/nhl/20252026/NYR/8477380.png,https://assets.nhle.com/logos/nhl/svg/NYR_light.svg,76,jonnybrodzinski,55.0,614.45,11.171818181818,55.56,57.12,49.31,39.55,41.4,48.85,25.0,25.97,49.04,1.95,1.86,51.28,2.86,2.62,52.15,26.76,25.29,51.41,11.82,12.11,49.39,1.17,0.98,54.55,19.92,17.58,53.13,0.78,0.78,50.00,44.71,44.85,49.92,0.28,0.42,40.00,7.81,92.86,1.007,7.42,11.23,6.74,56.64,52.41,14.45,17.19,16.11,47.28
750,8482993,Avery Hayes,PIT,R,https://assets.nhle.com/mugs/nhl/20252026/PIT/8482993.png,https://assets.nhle.com/logos/nhl/svg/PIT_light.svg,85,averyhayes,16.0,178.7,11.16875,49.02,59.43,45.2,35.25,42.31,45.45,20.48,28.2,42.07,2.35,3.69,38.89,2.65,2.86,48.04,26.52,27.53,49.07,12.09,10.74,52.94,1.34,2.01,40.00,19.25,22.38,46.24,1.34,2.24,37.50,36.86,48.5,43.18,0.0,0.0,-,11.48,86.9,0.984,8.73,14.1,4.03,49.69,68.42,16.12,19.14,12.42,56.47
751,8476873,Mark Jankowski,CAR,L,https://assets.nhle.com/mugs/nhl/20252026/CAR/8476873.png,https://assets.nhle.com/logos/nhl/svg/CAR_light.svg,77,markjankowski,68.0,758.28333333333,11.151225490196,62.03,49.37,55.68,43.6,33.07,56.86,27.22,20.65,56.86,2.45,2.06,54.39,3.23,2.49,56.49,28.56,23.74,54.61,13.85,11.32,55.03,1.11,1.19,48.28,19.62,16.56,54.23,1.16,0.84,57.89,56.23,42.97,56.68,0.69,0.34,66.67,9.01,90.04,0.99,14.48,15.98,10.92,44.79,57.01,23.34,22.08,19.7,54.23
752,8481725,Elmer Soderblom,PIT,L,https://assets.nhle.com/mugs/nhl/20252026/PIT/8481725.png,https://assets.nhle.com/logos/nhl/svg/PIT_light.svg,25,elmersoderblom,59.0,655.48333333333,11.10988700565,51.9,58.4,47.05,36.89,40.46,47.69,23.16,26.0,47.11,1.83,2.11,46.51,2.66,2.82,48.49,25.9,28.47,47.64,12.81,11.81,52.04,1.28,1.19,51.85,17.45,22.21,44.0,0.24,0.98,20.00,38.74,50.11,43.6,0.53,0.26,66.67,7.91,91.9,0.998,7.6,12.72,10.62,49.15,41.71,12.72,16.93,19.59,39.38
753,8474090,Brendan Smith,CBJ,D,https://assets.nhle.com/mugs/nhl/20252026/CBJ/8474090.png,https://assets.nhle.com/logos/nhl/svg/CBJ_light.svg,7,brendansmith,15.0,166.16666666667,11.077777777778,45.5,57.41,44.21,30.33,41.16,42.42,21.3,28.16,43.07,1.81,2.53,41.67,2.03,2.48,44.98,18.42,28.53,39.23,7.58,10.11,42.86,0.72,0.36,66.67,14.44,24.55,37.04,0.96,2.89,25.00,43.29,39.64,52.2,0.52,0.0,100.00,8.47,91.03,0.995,8.67,10.83,7.58,55.97,53.33,15.53,16.61,14.8,51.19
754,8479520,Brandon Duhaime,WSH,L,https://assets.nhle.com/mugs/nhl/20252026/WSH/8479520.png,https://assets.nhle.com/logos/nhl/svg/WSH_secondary_light.svg,24,brandonduhaime,82.0,907.63333333333,11.068699186992,45.81,65.78,41.05,32.26,45.15,41.67,20.43,27.83,42.33,1.39,2.58,35.00,2.39,3.25,42.37,21.15,30.21,41.18,9.98,12.1,45.21,0.66,1.26,34.48,14.9,24.15,38.15,0.44,1.06,29.41,31.99,64.36,33.2,0.48,0.76,38.46,6.80,90.74,0.975,4.03,14.94,19.17,53.55,17.38,7.27,19.83,28.36,20.41
755,8484160,Nate Danielson,DET,C,https://assets.nhle.com/mugs/nhl/20252026/DET/8484160.png,https://assets.nhle.com/logos/nhl/svg/DET_light.svg?season=20252026,29,nathandannyson,28.0,309.48333333333,11.052976190476,61.26,53.9,53.2,46.34,38.58,54.57,28.31,25.98,52.14,2.71,2.52,51.85,3.92,2.76,58.71,31.41,26.56,54.18,16.09,11.44,58.45,1.74,0.97,64.29,20.42,20.16,50.32,0.78,1.03,42.86,48.45,42.85,53.07,0.56,0.84,40.00,9.59,90.3,0.999,10.86,14.15,8.72,50.79,55.45,15.7,19.58,14.73,51.59
756,8479365,Trent Frederic,EDM,C,https://assets.nhle.com/mugs/nhl/20252026/EDM/8479365.png,https://assets.nhle.com/logos/nhl/svg/EDM_light.svg,10,trentfrederic,74.0,816.9,11.039189189189,48.77,54.2,47.36,36.06,37.24,49.2,23.8,22.92,50.94,1.32,2.42,35.29,2.55,2.4,51.54,23.14,26.22,46.88,11.24,10.06,52.76,0.59,0.88,40.00,15.86,21.54,42.41,0.69,1.37,33.33,40.42,44.03,47.86,0.32,0.74,30.00,5.56,89.42,0.95,8.59,14.4,9.03,48.7,48.75,13.37,19.32,16.53,44.72
757,8486056,Tyson Gross,CGY,C,https://assets.nhle.com/mugs/nhl/20252026/CGY/8486056.png,https://assets.nhle.com/logos/nhl/svg/CGY_light.svg,39,tysongross,6.0,66.15,11.025,39.0,69.84,35.83,31.75,54.42,36.84,24.49,35.37,40.91,2.72,4.54,37.50,2.48,5.67,30.42,20.86,38.1,35.38,9.07,20.86,30.30,1.81,3.63,33.33,15.72,22.98,40.63,0.0,0.0,-,26.2,55.03,32.26,1.31,1.31,50.00,11.11,87.18,0.983,6.35,8.16,18.14,59.86,25.93,11.79,11.79,26.3,30.95
758,8481093,Rafael Harvey-Pinard,PIT,L,https://assets.nhle.com/mugs/nhl/20252026/PIT/8481093.png,https://assets.nhle.com/logos/nhl/svg/PIT_light.svg,48,rafaelharveypinard,1.0,11.016666666667,11.016666666667,38.12,38.12,50.0,32.68,32.68,50.0,21.79,27.23,44.44,5.45,0.0,100.00,1.87,3.22,36.77,16.34,21.79,42.86,16.34,16.34,50.00,5.45,0.0,100.00,0.0,7.26,0.0,0.0,0.0,-,47.2,31.47,60.0,0.0,0.0,-,25.00,100.0,1.25,10.89,32.68,10.89,32.68,50.00,10.89,38.12,21.79,33.33
759,8484242,Brayden Yager,WPG,C,https://assets.nhle.com/mugs/nhl/20252026/WPG/8484242.png,https://assets.nhle.com/logos/nhl/svg/WPG_light.svg,29,braydenyager,3.0,32.966666666667,10.988888888889,43.68,56.42,43.64,38.22,43.68,46.67,20.02,32.76,37.93,1.82,3.64,33.33,2.28,2.3,49.83,23.66,23.66,50.0,7.28,7.28,50.00,0.0,1.82,0.00,21.84,21.84,50.0,2.43,0.0,100.00,28.92,47.32,37.93,0.0,2.63,0.00,9.09,88.89,0.98,5.46,16.38,5.46,61.88,50.00,9.1,18.2,10.92,45.45
760,8484305,Zach Metsa,BUF,D,https://assets.nhle.com/mugs/nhl/20252026/BUF/8484305.png,https://assets.nhle.com/logos/nhl/svg/BUF_light.svg,73,zachmetsa,43.0,471.61666666667,10.967829457364,49.36,60.56,44.91,36.39,43.76,45.4,24.3,27.61,46.81,3.18,1.27,71.43,2.26,2.82,44.42,21.63,28.12,43.48,9.8,10.43,48.43,1.91,0.76,71.43,15.78,23.58,40.09,1.36,0.51,72.73,42.45,54.21,43.92,0.37,0.18,66.67,13.09,95.39,1.085,6.74,13.49,8.52,46.18,44.17,14.63,18.83,17.56,45.45
761,8481477,Nico Sturm,MIN,C,https://assets.nhle.com/mugs/nhl/20252026/MIN/8481477.png,https://assets.nhle.com/logos/nhl/svg/MIN_light.svg,78,nicosturm,49.0,536.16666666667,10.942176870748,44.31,74.42,37.32,34.47,52.93,39.44,21.93,33.57,39.52,1.79,3.02,37.21,2.8,4.07,40.72,21.37,38.94,35.44,9.51,16.67,36.32,0.67,1.79,27.27,15.82,29.69,34.75,0.45,1.19,27.27,33.14,62.88,34.51,0.81,0.48,62.50,8.16,91.0,0.992,2.8,8.5,17.35,52.37,13.89,9.85,14.44,29.21,25.21
762,8476994,Vinnie Hinostroza,FLA,C,https://assets.nhle.com/mugs/nhl/20252026/FLA/8476994.png,https://assets.nhle.com/logos/nhl/svg/FLA_light.svg,18,vinniehinostroza,65.0,710.95,10.937692307692,54.43,64.81,45.65,37.47,48.02,43.83,23.55,31.06,43.12,2.53,3.12,44.78,2.52,3.46,42.09,25.07,31.9,44.0,9.96,14.6,40.55,0.76,2.11,26.47,20.14,23.07,46.61,1.35,0.68,66.67,43.88,53.15,45.23,0.98,0.73,57.14,10.75,89.95,1.007,7.09,10.72,7.43,48.02,48.84,13.0,16.29,17.89,42.08
763,8475760,Nick Bjugstad,NJD,C,https://assets.nhle.com/mugs/nhl/20252026/NJD/8475760.png,https://assets.nhle.com/logos/nhl/svg/NJD_light.svg,72,nickbjugstad,61.0,667.18333333333,10.937431693989,45.86,61.06,42.89,35.07,43.71,44.52,21.94,26.17,45.61,1.53,2.97,34.00,2.27,2.99,43.15,21.67,29.77,42.13,9.8,12.23,44.49,0.63,1.53,29.17,15.83,23.38,40.37,0.84,1.44,36.84,37.54,52.61,41.64,0.39,0.52,42.86,6.97,88.66,0.956,7.82,15.11,11.87,49.73,39.73,13.31,19.51,19.51,40.55
764,8479591,Michael Eyssimont,BOS,C,https://assets.nhle.com/mugs/nhl/20252026/BOS/8479591.png,https://assets.nhle.com/logos/nhl/svg/BOS_light.svg?season=20252026,81,michaeleyssimont,56.0,610.93333333333,10.909523809524,66.49,58.63,53.14,47.93,42.43,53.04,31.13,27.7,52.92,2.46,2.36,51.02,3.29,2.81,53.94,29.36,25.44,53.58,13.06,10.51,55.42,1.47,0.79,65.22,21.74,19.9,52.2,0.65,0.92,41.67,52.06,51.78,50.14,0.71,1.13,38.46,7.89,91.49,0.994,8.05,14.24,9.33,50.19,46.33,13.55,20.62,17.68,43.4
765,8481070,Hugh McGing,STL,L,https://assets.nhle.com/mugs/nhl/20252026/STL/8481070.png,https://assets.nhle.com/logos/nhl/svg/STL_light.svg?season=20252026,56,hughmcging,3.0,32.616666666667,10.872222222222,42.31,60.71,41.07,33.11,45.99,41.86,20.24,36.79,35.48,3.68,3.68,50.00,1.63,3.33,32.83,16.56,23.91,40.91,3.68,14.72,20.00,0.0,3.68,0.00,17.17,12.26,58.33,4.91,0.0,100.00,47.83,50.49,48.65,0.0,0.0,-,18.18,90.0,1.082,9.2,18.4,3.68,60.71,71.43,18.4,25.75,11.04,62.5
766,8481712,Matěj  Blümel,BOS,R,https://assets.nhle.com/mugs/nhl/20252026/BOS/8481712.png,https://assets.nhle.com/logos/nhl/svg/BOS_light.svg?season=20252026,13,matejblumel,4.0,43.466666666667,10.866666666667,56.6,57.98,49.4,45.55,41.41,52.38,35.89,26.23,57.78,4.14,4.14,50.00,3.49,3.51,49.85,34.51,27.61,55.56,13.8,12.42,52.63,2.76,4.14,40.00,27.61,20.25,57.69,1.84,0.0,100.00,43.87,53.83,44.9,0.0,0.0,-,11.54,84.21,0.957,12.42,8.28,12.42,35.89,50.00,26.23,12.42,24.85,51.35
767,8480196,Jacob Bryson,WPG,D,https://assets.nhle.com/mugs/nhl/20252026/WPG/8480196.png,https://assets.nhle.com/logos/nhl/svg/WPG_light.svg,78,jakebryson,50.0,543.15,10.863,51.37,59.76,46.22,36.56,44.08,45.34,23.42,29.72,44.07,2.43,3.53,40.74,2.49,2.66,48.35,25.3,26.18,49.14,11.27,10.16,52.58,1.44,1.88,43.33,18.71,21.36,46.69,0.74,1.77,29.41,40.37,51.7,43.85,0.64,0.48,57.14,10.38,88.1,0.985,4.97,13.92,8.73,57.22,36.29,13.59,19.88,15.47,46.77
768,8484406,Ty Mueller,VAN,C,https://assets.nhle.com/mugs/nhl/20252026/VAN/8484406.png,https://assets.nhle.com/logos/nhl/svg/VAN_light.svg,39,tymueller,6.0,65.133333333333,10.855555555556,43.3,50.67,46.08,31.32,39.61,44.16,19.34,27.64,41.18,1.84,0.92,66.67,2.17,2.25,49.11,23.03,20.27,53.19,11.98,11.05,52.00,1.84,0.92,66.67,14.74,12.28,54.55,0.0,0.0,-,37.26,45.24,45.16,0.0,0.0,-,9.52,96.67,1.062,11.05,11.98,7.37,48.82,60.00,18.42,15.66,15.66,54.05
769,8483452,Hunter Haight,MIN,C,https://assets.nhle.com/mugs/nhl/20252026/MIN/8483452.png,https://assets.nhle.com/logos/nhl/svg/MIN_light.svg,37,hunterhaight,9.0,97.533333333333,10.837037037037,54.75,62.75,46.6,41.22,43.68,48.55,30.76,24.61,55.56,1.23,4.31,22.22,3.5,2.99,53.94,25.84,33.83,43.3,11.07,12.92,46.15,0.0,2.46,0.00,19.69,27.89,41.38,0.82,0.82,50.00,46.21,47.1,49.52,0.89,1.78,33.33,4.00,82.5,0.865,9.23,8.61,4.31,54.14,68.18,21.53,17.22,12.3,63.64
770,8476871,Tanner Pearson,BUF,L,https://assets.nhle.com/mugs/nhl/20252026/BUF/8476871.png,https://assets.nhle.com/logos/nhl/svg/BUF_light.svg,70,tannerpearson,56.0,606.61666666667,10.83244047619,49.26,64.09,43.46,36.99,45.2,45.01,24.33,29.18,45.47,2.37,2.37,50.00,2.49,3.09,44.6,21.96,30.17,42.13,10.19,12.76,44.40,1.19,0.99,54.55,15.69,23.21,40.34,0.66,1.19,35.71,38.43,58.29,39.73,0.86,0.71,54.55,9.76,91.86,1.016,5.74,15.13,13.25,54.89,30.21,9.79,18.99,21.86,30.94
771,8481532,Alex Turcotte,LAK,C,https://assets.nhle.com/mugs/nhl/20252026/LAK/8481532.png,https://assets.nhle.com/logos/nhl/svg/LAK_light.svg,15,alexturcotte,62.0,671.18333333333,10.825537634409,66.33,52.3,55.92,46.57,37.1,55.66,30.04,23.87,55.72,1.88,2.59,42.00,3.24,2.38,57.64,32.81,24.76,56.99,15.47,10.37,59.86,1.34,1.25,51.72,23.12,19.19,54.65,0.36,1.07,25.00,53.2,40.29,56.91,0.39,0.77,33.33,6.25,89.14,0.954,8.85,11.53,6.08,55.07,59.28,19.22,18.42,14.93,56.28
772,8483471,Brad Lambert,WPG,C,https://assets.nhle.com/mugs/nhl/20252026/WPG/8483471.png,https://assets.nhle.com/logos/nhl/svg/WPG_light.svg,93,bradlambert,25.0,270.15,10.806,54.86,51.97,51.35,41.53,37.53,52.53,26.65,23.1,53.57,1.78,2.44,42.11,2.84,2.52,52.93,24.43,27.76,46.81,9.55,11.33,45.74,0.89,0.67,57.14,19.84,21.91,47.52,1.18,1.48,44.44,51.01,42.03,54.83,0.0,0.96,0.00,6.67,89.42,0.961,9.77,11.77,3.78,54.86,72.13,16.44,15.32,11.77,58.27
773,8481518,Nolan Foote,FLA,L,https://assets.nhle.com/mugs/nhl/20252026/FLA/8481518.png,https://assets.nhle.com/logos/nhl/svg/FLA_light.svg,25,nolanfoote,12.0,129.51666666667,10.793055555556,56.98,57.91,49.6,37.99,40.3,48.52,24.09,28.26,46.02,1.39,3.24,30.00,3.0,2.95,50.44,24.09,26.87,47.27,11.12,13.43,45.28,0.46,1.85,20.00,17.3,17.91,49.12,0.62,1.24,33.33,43.5,44.83,49.24,0.67,0.67,50.00,5.77,88.52,0.943,6.02,11.12,11.12,55.13,35.14,16.68,15.29,18.07,48.0
774,8485385,Braeden Cootes,VAN,C,https://assets.nhle.com/mugs/nhl/20252026/VAN/8485385.png,https://assets.nhle.com/logos/nhl/svg/VAN_light.svg,80,braedencootes,3.0,32.333333333333,10.777777777778,38.97,79.79,32.81,27.84,55.67,33.33,18.56,37.11,33.33,0.0,3.71,0.00,0.81,4.69,14.73,9.28,42.68,17.86,0.0,18.56,0.00,0.0,0.0,-,12.37,32.16,27.78,0.0,2.47,0.00,45.57,53.61,45.95,0.0,2.68,0.00,0.00,90.0,0.9,5.57,9.28,3.71,63.09,60.00,14.85,11.13,9.28,61.54
775,8479550,Tanner Laczynski,VGK,C,https://assets.nhle.com/mugs/nhl/20252026/VGK/8479550.png,https://assets.nhle.com/logos/nhl/svg/VGK_light.svg,28,tannerlaczynski,10.0,107.7,10.77,55.15,55.71,49.75,37.88,39.55,48.92,26.18,27.3,48.96,3.34,3.34,50.00,2.18,2.32,48.41,23.4,25.63,47.73,9.47,9.47,50.00,0.56,1.67,25.00,18.57,21.54,46.3,2.97,1.49,66.67,48.28,49.09,49.59,0.8,0.8,50.00,12.77,87.76,1.005,6.13,13.37,7.24,54.6,45.83,13.37,17.27,16.16,45.28
776,8485493,David Tomasek,EDM,R,https://assets.nhle.com/mugs/nhl/20252026/EDM/8485493.png,https://assets.nhle.com/logos/nhl/svg/EDM_light.svg,86,davidtomasek,22.0,236.68333333333,10.758333333333,61.6,49.94,55.23,46.14,34.98,56.88,31.69,20.79,60.39,3.55,3.04,53.85,3.8,2.29,62.38,28.14,21.8,56.35,14.7,9.38,61.05,2.28,1.52,60.00,17.91,16.56,51.96,1.35,1.35,50.00,53.83,39.18,57.87,0.37,0.73,33.33,11.20,85.37,0.966,13.69,12.17,5.58,44.11,71.05,23.07,18.25,12.42,65.0
777,8479387,Keaton Middleton,COL,D,https://assets.nhle.com/mugs/nhl/20252026/COL/8479387.png,https://assets.nhle.com/logos/nhl/svg/COL_light.svg,67,keatonmiddleton,3.0,32.266666666667,10.755555555556,31.61,40.91,43.59,14.88,33.47,30.77,9.3,20.45,31.25,1.86,3.72,33.33,1.2,3.26,26.87,11.16,29.75,27.27,5.58,18.6,23.08,0.0,3.72,0.00,7.44,14.88,33.33,2.48,0.0,100.00,10.74,26.86,28.57,0.0,0.0,-,20.00,81.82,1.018,1.86,11.16,9.3,48.35,16.67,3.72,22.31,14.88,20.0
778,8477478,William Carrier,CAR,L,https://assets.nhle.com/mugs/nhl/20252026/CAR/8477478.png,https://assets.nhle.com/logos/nhl/svg/CAR_light.svg,28,willcarrier,70.0,752.76666666667,10.75380952381,67.03,45.51,59.56,45.83,32.12,58.79,28.61,21.36,57.26,2.79,2.39,53.85,2.84,2.04,58.16,29.97,21.12,58.66,14.27,9.17,60.88,1.36,1.04,56.67,20.94,15.94,56.77,1.49,1.17,56.00,59.06,40.18,59.51,0.46,0.69,40.00,9.75,88.81,0.986,12.91,20.09,10.76,43.92,54.55,22.08,27.26,19.53,53.07
779,8481715,Hunter Skinner,STL,D,https://assets.nhle.com/mugs/nhl/20252026/STL/8481715.png,https://assets.nhle.com/logos/nhl/svg/STL_light.svg?season=20252026,57,hunterskinner,1.0,10.75,10.75,27.91,50.23,35.71,22.33,39.07,36.36,22.33,27.91,44.44,11.16,5.58,66.67,1.39,2.74,33.58,16.74,22.33,42.86,5.58,11.16,33.33,0.0,0.0,-,14.88,14.88,50.0,7.44,7.44,50.00,16.12,32.25,33.33,8.06,0.0,100.00,50.00,80.0,1.3,5.58,22.33,0.0,61.4,100.00,5.58,33.49,0.0,100.0
780,8483766,David Spacek,MIN,D,https://assets.nhle.com/mugs/nhl/20252026/MIN/8483766.png,https://assets.nhle.com/logos/nhl/svg/MIN_light.svg,82,davidspacek,2.0,21.5,10.75,27.91,117.21,19.23,27.91,75.35,27.03,16.74,44.65,27.27,2.79,5.58,33.33,1.13,3.18,26.16,11.16,53.02,17.39,2.79,11.16,20.00,2.79,2.79,50.00,11.16,55.81,16.67,0.0,3.72,0.00,40.31,116.9,25.64,0.0,0.0,-,16.67,87.5,1.042,5.58,11.16,13.95,50.23,28.57,16.74,19.53,27.91,37.5
781,8482802,Carter Mazur,DET,L,https://assets.nhle.com/mugs/nhl/20252026/DET/8482802.png,https://assets.nhle.com/logos/nhl/svg/DET_light.svg?season=20252026,34,cartermazur,8.0,85.583333333333,10.697916666667,48.37,58.19,45.39,32.95,39.96,45.19,23.84,27.34,46.58,1.4,3.51,28.57,2.25,3.25,40.93,21.03,25.24,45.45,9.11,14.02,39.39,0.0,2.1,0.00,15.89,14.96,51.52,1.87,0.93,66.67,36.46,51.65,41.38,0.0,1.01,0.00,5.88,87.18,0.931,7.01,14.02,14.02,52.58,33.33,11.22,17.53,17.53,39.02
782,8482785,Justin Robidas,CAR,C,https://assets.nhle.com/mugs/nhl/20252026/CAR/8482785.png,https://assets.nhle.com/logos/nhl/svg/CAR_light.svg,46,justinrobidas,2.0,21.366666666667,10.683333333333,64.59,50.55,56.1,42.12,36.51,53.57,28.08,16.85,62.5,2.81,2.81,50.00,1.49,1.24,54.71,25.27,16.85,60.0,5.62,2.81,66.67,0.0,0.0,-,26.21,18.72,58.33,0.0,3.74,0.00,60.84,52.73,53.57,4.06,0.0,100.00,10.00,83.33,0.933,16.85,25.27,5.62,33.7,75.00,28.08,30.89,19.66,58.82
783,8481032,Paul Cotter,NJD,L,https://assets.nhle.com/mugs/nhl/20252026/NJD/8481032.png,https://assets.nhle.com/logos/nhl/svg/NJD_light.svg,47,paulcotter,79.0,843.55,10.677848101266,48.72,59.46,45.04,34.92,42.96,44.84,21.84,27.24,44.49,1.42,3.13,31.25,2.18,2.87,43.17,20.56,28.31,42.07,8.68,12.45,41.08,0.92,1.85,33.33,15.84,21.15,42.82,0.47,1.23,27.78,43.05,48.19,47.18,0.21,0.41,33.33,6.51,88.51,0.95,9.67,10.88,6.61,52.35,59.39,16.07,16.22,14.94,51.83
784,8474149,Evgenii Dadonov,NJD,L,https://assets.nhle.com/mugs/nhl/20252026/NJD/8474149.png,https://assets.nhle.com/logos/nhl/svg/NJD_light.svg,33,evgenydadonov,24.0,255.71666666667,10.654861111111,54.2,64.99,45.47,37.07,47.87,43.65,23.23,29.09,44.39,1.17,2.35,33.33,2.25,3.1,42.02,25.11,30.27,45.34,10.32,12.9,44.44,0.47,1.41,25.00,19.71,23.15,45.99,0.63,1.25,33.33,46.43,50.16,48.07,0.34,0.0,100.00,5.05,91.94,0.97,11.03,9.85,6.34,54.44,63.51,16.89,13.14,15.49,52.17
785,8481133,Cole Reinhardt,FLA,L,https://assets.nhle.com/mugs/nhl/20252026/FLA/8481133.png,https://assets.nhle.com/logos/nhl/svg/FLA_light.svg,29,colereinhardt,59.0,628.3,10.649152542373,44.21,56.53,43.89,32.18,41.06,43.94,20.82,25.4,45.04,2.1,2.29,47.83,1.94,2.62,42.6,17.95,26.64,40.26,8.4,11.17,42.93,0.95,1.15,45.45,12.73,20.63,38.17,0.89,1.02,46.67,40.14,46.35,46.41,0.69,0.55,55.56,10.09,90.98,1.011,6.68,12.61,7.07,52.62,48.61,12.13,17.86,14.8,45.04
786,8483609,Adam Klapka,CGY,R,https://assets.nhle.com/mugs/nhl/20252026/CGY/8483609.png,https://assets.nhle.com/logos/nhl/svg/CGY_light.svg,43,adamklapka,79.0,840.78333333333,10.642827004219,56.02,58.52,48.91,37.96,40.39,48.45,23.62,26.62,47.02,2.0,2.64,43.08,2.4,3.16,43.15,24.83,27.47,47.48,10.56,11.63,47.59,1.0,1.5,40.00,19.03,21.12,47.39,0.86,0.95,47.37,45.25,47.11,49.0,0.52,0.21,71.43,8.46,90.08,0.985,7.49,11.63,6.85,58.23,52.24,14.27,16.48,14.27,50.0
787,8477034,Jaycob Megna,VGK,D,https://assets.nhle.com/mugs/nhl/20252026/VGK/8477034.png,https://assets.nhle.com/logos/nhl/svg/VGK_light.svg,88,jaycobmegna,4.0,42.483333333333,10.620833333333,38.13,46.61,45.0,29.66,39.54,42.86,16.95,19.77,46.15,0.0,7.06,0.00,1.71,3.83,30.93,19.77,29.66,40.0,7.06,16.95,29.41,0.0,5.65,0.00,16.95,16.95,50.0,0.0,0.0,-,30.6,36.72,45.45,0.0,2.04,0.00,0.00,64.29,0.643,2.82,7.06,11.3,55.08,20.00,8.47,12.71,16.95,33.33
788,8481560,Arthur Kaliyev,OTT,R,https://assets.nhle.com/mugs/nhl/20252026/OTT/8481560.png,https://assets.nhle.com/logos/nhl/svg/OTT_light.svg,34,arthurkaliyev,2.0,21.216666666667,10.608333333333,110.29,67.87,61.9,76.36,50.9,60.0,48.08,39.59,54.84,5.66,0.0,100.00,5.64,4.34,56.5,50.9,36.76,58.06,22.62,22.62,50.00,0.0,0.0,-,37.71,18.85,66.67,3.77,0.0,100.00,89.87,57.19,61.11,4.08,0.0,100.00,11.76,100.0,1.118,16.97,11.31,5.66,45.25,75.00,19.8,14.14,16.97,53.85
789,8482153,Brendan Brisson,NYR,C,https://assets.nhle.com/mugs/nhl/20252026/NYR/8482153.png,https://assets.nhle.com/logos/nhl/svg/NYR_light.svg,91,brendanbrisson,3.0,31.766666666667,10.588888888889,49.11,37.78,56.52,35.89,18.89,65.52,24.55,18.89,56.52,1.89,3.78,33.33,2.2,1.43,60.57,18.89,11.33,62.5,9.44,5.67,62.50,1.89,0.0,100.00,12.59,7.56,62.5,0.0,0.0,-,46.38,32.74,58.62,0.0,5.46,0.00,7.69,80.0,0.877,11.33,11.33,7.56,45.33,60.00,13.22,15.11,17.0,43.75
790,8483567,Georgii Merkulov,BOS,C,https://assets.nhle.com/mugs/nhl/20252026/BOS/8483567.png,https://assets.nhle.com/logos/nhl/svg/BOS_light.svg?season=20252026,49,georgiimerkulov,1.0,10.583333333333,10.583333333333,51.02,73.7,40.91,39.69,62.36,38.89,17.01,34.02,33.33,0.0,5.67,0.00,3.18,2.97,51.66,22.68,28.35,44.44,11.34,11.34,50.00,0.0,0.0,-,15.12,22.68,40.0,0.0,7.56,0.00,32.76,65.51,33.33,0.0,0.0,-,0.00,83.33,0.833,11.34,11.34,0.0,56.69,100.00,17.01,17.01,5.67,75.0
791,8483497,Jani Nyman,SEA,R,https://assets.nhle.com/mugs/nhl/20252026/SEA/8483497.png,https://assets.nhle.com/logos/nhl/svg/SEA_light.svg,38,janinyman,28.0,295.9,10.567857142857,56.98,57.79,49.65,41.97,41.97,50.0,27.78,28.59,49.28,2.03,2.43,45.45,2.8,2.88,49.28,23.52,25.55,47.93,10.14,11.76,46.30,1.42,1.42,50.00,17.84,18.38,49.25,0.54,0.54,50.00,56.53,45.11,55.62,0.29,0.88,25.00,7.30,91.49,0.988,15.61,10.95,3.04,52.92,83.70,24.33,14.6,8.52,74.07
792,8484509,Josh Samanski,EDM,C,https://assets.nhle.com/mugs/nhl/20252026/EDM/8484509.png,https://assets.nhle.com/logos/nhl/svg/EDM_light.svg,81,joshsamanski,24.0,253.33333333333,10.555555555556,46.42,48.79,48.76,32.45,32.68,49.82,20.13,19.42,50.9,2.61,2.13,55.00,2.0,2.19,47.66,23.21,22.97,50.26,9.47,10.66,47.06,1.18,1.89,38.46,18.32,16.42,52.73,1.26,0.32,80.00,35.92,40.71,46.88,0.68,0.0,100.00,12.94,89.02,1.02,9.0,13.5,8.53,59.92,51.35,14.92,18.0,14.92,50.0
793,8482172,Landon Slaggert,CHI,L,https://assets.nhle.com/mugs/nhl/20252026/CHI/8482172.png,https://assets.nhle.com/logos/nhl/svg/CHI_light.svg?season=20252026,84,landonslaggert,53.0,559.38333333333,10.554402515723,38.08,58.89,39.27,28.32,42.9,39.76,17.16,26.6,39.22,1.39,2.04,40.63,1.78,3.58,33.18,18.13,30.57,37.22,8.04,15.12,34.72,0.54,0.97,35.71,13.44,20.59,39.5,1.14,1.14,50.00,29.44,46.32,38.85,0.0,0.31,0.00,8.13,92.34,1.005,6.65,15.02,8.37,56.1,44.29,10.3,19.74,15.34,40.17
794,8482132,Brett Berard,NYR,L,https://assets.nhle.com/mugs/nhl/20252026/NYR/8482132.png,https://assets.nhle.com/logos/nhl/svg/NYR_light.svg,37,brettberard,13.0,137.05,10.542307692308,52.1,63.48,45.08,35.9,39.84,47.4,18.83,28.46,39.81,0.88,1.31,40.00,2.54,2.65,48.92,25.83,25.39,50.43,10.51,11.38,48.00,0.0,0.44,0.00,20.43,18.68,52.24,1.17,0.58,66.67,37.94,50.59,42.86,0.0,0.63,0.00,4.65,95.38,1.0,4.38,10.94,5.25,66.11,45.45,9.19,16.64,15.32,37.5
795,8476822,Luke Glendening,PHI,C,https://assets.nhle.com/mugs/nhl/20252026/PHI/8476822.png,https://assets.nhle.com/logos/nhl/svg/PHI_light.svg,41,lukeglendening,70.0,737.65,10.537857142857,39.04,74.91,34.26,28.88,52.38,35.54,18.87,34.81,35.15,1.38,3.33,29.31,1.71,4.09,29.52,15.05,34.57,30.33,7.32,14.8,33.09,0.65,1.55,29.63,10.3,26.35,28.11,0.54,1.63,25.00,37.71,72.02,34.37,0.35,0.82,30.00,7.33,90.42,0.977,9.19,12.53,23.18,47.99,28.39,14.07,17.65,33.84,29.37
796,8482167,Bogdan Trineyev,WSH,R,https://assets.nhle.com/mugs/nhl/20252026/WSH/8482167.png,https://assets.nhle.com/logos/nhl/svg/WSH_secondary_light.svg,87,bogdantrineyev,2.0,21.05,10.525,68.41,42.76,61.54,54.16,31.35,63.33,37.05,22.8,61.9,0.0,0.0,-,2.26,1.7,57.06,25.65,14.25,64.29,8.55,0.0,100.00,0.0,0.0,-,22.8,19.0,54.55,0.0,0.0,-,57.64,45.29,56.0,0.0,0.0,-,0.00,100.0,1.0,5.7,19.95,8.55,54.16,40.00,14.25,25.65,11.4,55.56
797,8481237,Kyle MacLean,NYI,C,https://assets.nhle.com/mugs/nhl/20252026/NYI/8481237.png,https://assets.nhle.com/logos/nhl/svg/NYI_light.svg,32,kylemaclean,59.0,620.65,10.519491525424,48.24,55.49,46.51,35.58,37.32,48.81,22.72,23.01,49.68,1.35,1.93,41.18,2.41,2.68,47.4,21.65,26.49,44.98,10.15,11.89,46.05,0.58,0.97,37.50,15.34,19.46,44.07,0.77,0.77,50.00,41.05,42.59,49.08,0.28,0.56,33.33,5.96,91.6,0.976,7.54,14.6,7.73,50.17,49.37,14.02,20.69,15.18,48.01
798,8479022,Rodrigo Abols,PHI,C,https://assets.nhle.com/mugs/nhl/20252026/PHI/8479022.png,https://assets.nhle.com/logos/nhl/svg/PHI_light.svg,18,rodrigoabols,42.0,441.03333333333,10.500793650794,43.4,60.81,41.64,30.07,41.49,42.02,19.05,24.08,44.16,1.9,2.72,41.18,1.95,2.96,39.75,18.23,30.07,37.75,7.75,12.11,39.04,0.82,1.5,35.29,13.97,23.94,36.84,1.09,1.27,46.15,38.52,45.98,45.58,0.39,0.39,50.00,10.00,88.7,0.987,4.35,13.6,7.75,57.41,35.96,11.16,20.54,15.37,42.05
799,8475842,Sam Carrick,BUF,C,https://assets.nhle.com/mugs/nhl/20252026/BUF/8475842.png,https://assets.nhle.com/logos/nhl/svg/BUF_light.svg,10,samcarrick,73.0,764.33333333333,10.470319634703,49.69,63.98,43.72,34.7,45.45,43.29,21.19,28.81,42.39,2.04,2.59,44.07,2.4,3.12,43.49,22.06,30.77,41.75,10.44,13.03,44.48,1.18,1.33,46.88,15.49,23.65,39.57,0.52,0.94,35.71,37.08,56.81,39.49,0.45,0.79,36.36,9.63,91.01,1.006,4.47,13.03,16.01,54.95,21.84,8.01,17.11,25.75,23.72
800,8481043,Cole Koepke,WPG,L,https://assets.nhle.com/mugs/nhl/20252026/WPG/8481043.png,https://assets.nhle.com/logos/nhl/svg/WPG_light.svg,45,colekoepke,66.0,690.26666666667,10.458585858586,45.9,68.15,40.24,34.33,50.85,40.31,22.69,32.94,40.78,1.74,2.87,37.74,2.15,4.1,34.36,20.34,35.2,36.62,9.04,15.56,36.75,1.04,0.87,54.55,15.07,26.19,36.52,0.58,2.09,21.74,37.04,65.54,36.11,0.38,0.63,37.50,7.66,91.29,0.99,5.65,13.73,18.95,46.59,22.97,9.39,17.91,28.68,24.66
801,8481556,John Beecher,CGY,C,https://assets.nhle.com/mugs/nhl/20252026/CGY/8481556.png,https://assets.nhle.com/logos/nhl/svg/CGY_light.svg,17,johnbeecher,35.0,365.2,10.434285714286,45.51,80.18,36.21,30.89,54.87,36.02,20.21,38.77,34.26,1.31,3.12,29.63,1.76,4.6,27.68,20.04,40.42,33.15,7.72,16.92,31.33,0.99,1.48,40.00,16.43,31.33,34.4,0.22,1.53,12.50,32.99,64.79,33.74,0.24,0.47,33.33,6.50,91.95,0.985,3.45,13.31,9.36,63.25,26.92,8.21,17.09,20.54,28.57
802,8483465,Joakim Kemell,NSH,R,https://assets.nhle.com/mugs/nhl/20252026/NSH/8483465.png,https://assets.nhle.com/logos/nhl/svg/NSH_light.svg,25,joakimkemell,16.0,166.56666666667,10.410416666667,47.55,73.84,39.17,33.86,52.59,39.17,22.69,32.42,41.18,2.52,2.52,50.00,2.11,3.1,40.54,21.25,34.58,38.06,7.56,11.53,39.62,1.08,1.8,37.50,18.25,30.74,37.25,1.92,0.0,100.00,35.9,69.2,34.16,0.0,1.04,0.00,11.11,92.22,1.033,7.56,13.33,10.81,46.47,41.18,15.13,17.65,25.94,36.84
803,8477903,Garnet Hathaway,PHI,R,https://assets.nhle.com/mugs/nhl/20252026/PHI/8477903.png,https://assets.nhle.com/logos/nhl/svg/PHI_light.svg,21,garnethathaway,66.0,686.56666666667,10.402525252525,38.98,57.42,40.44,27.44,37.93,41.98,16.52,22.72,42.09,1.14,2.18,34.21,1.75,2.51,41.0,16.95,24.99,40.42,8.04,9.53,45.77,0.61,0.96,38.89,11.89,20.62,36.56,0.35,1.28,21.43,34.97,51.25,40.56,0.38,0.38,50.00,6.88,90.38,0.973,6.47,13.81,11.36,57.77,36.27,11.36,20.01,19.05,37.36
804,8483771,Sandis Vilmanis,FLA,L,https://assets.nhle.com/mugs/nhl/20252026/FLA/8483771.png,https://assets.nhle.com/logos/nhl/svg/FLA_light.svg,95,sandisvilmanis,19.0,197.55,10.397368421053,54.97,47.99,53.39,40.39,37.36,51.95,25.21,21.56,53.9,2.13,2.73,43.75,2.54,2.45,50.91,26.42,22.78,53.7,11.24,8.2,57.81,0.91,1.21,42.86,20.25,19.44,51.02,1.62,1.62,50.00,45.63,41.68,52.26,0.0,0.44,0.00,8.43,87.32,0.958,14.27,15.19,4.25,47.68,77.05,20.35,19.13,10.02,67.0
805,8483463,Aleksanteri Kaskimaki,STL,C,https://assets.nhle.com/mugs/nhl/20252026/STL/8483463.png,https://assets.nhle.com/logos/nhl/svg/STL_light.svg?season=20252026,41,aleksanterikaskimaki,5.0,51.966666666667,10.393333333333,43.87,56.57,43.68,33.48,38.1,46.77,25.4,26.56,48.89,1.15,8.08,12.50,1.4,3.23,30.33,13.86,28.86,32.43,3.46,16.16,17.65,0.0,6.93,0.00,13.86,16.93,45.0,1.54,1.54,50.00,51.7,38.36,57.41,0.0,0.0,-,4.55,69.57,0.741,10.39,8.08,8.08,57.73,56.25,24.25,12.7,13.86,63.64
806,8481641,Joel Kiviranta,COL,L,https://assets.nhle.com/mugs/nhl/20252026/COL/8481641.png,https://assets.nhle.com/logos/nhl/svg/COL_light.svg,22,joelkiviranta,51.0,529.06666666667,10.37385620915,62.49,50.35,55.38,44.0,35.5,55.35,29.03,22.45,56.39,2.27,1.7,57.14,2.89,2.24,56.33,27.44,21.21,56.41,10.66,8.62,55.29,1.02,0.91,52.94,22.38,16.78,57.14,1.06,0.45,70.00,51.27,47.01,52.17,0.66,0.66,50.00,7.81,92.42,1.002,7.48,14.29,10.09,58.74,42.58,12.93,20.19,18.94,40.57
807,8477463,Steven Santini,TBL,D,https://assets.nhle.com/mugs/nhl/20252026/TBL/8477463.png,https://assets.nhle.com/logos/nhl/svg/TBL_light.svg,16,stevensantini,12.0,124.01666666667,10.334722222222,43.06,51.28,45.64,27.09,38.7,41.18,18.87,24.19,43.82,1.94,1.45,57.14,1.66,2.23,42.73,20.32,20.8,49.41,6.77,5.32,56.00,0.48,0.0,100.00,18.06,20.64,46.67,1.94,1.29,60.00,30.05,48.92,38.05,0.0,0.7,0.00,10.26,94.0,1.043,6.77,18.38,6.77,47.9,50.00,11.61,27.09,13.55,46.15
808,8483455,Isaac Howard,EDM,L,https://assets.nhle.com/mugs/nhl/20252026/EDM/8483455.png,https://assets.nhle.com/logos/nhl/svg/EDM_light.svg,53,isaachoward,29.0,299.01666666667,10.31091954023,50.77,61.0,45.42,37.32,42.14,46.97,24.68,23.48,51.25,1.81,3.01,37.50,2.18,2.57,45.89,19.26,29.1,39.83,8.03,10.23,43.96,0.8,0.6,57.14,14.98,25.15,37.33,0.54,1.34,28.57,50.14,44.64,52.91,0.58,2.03,22.22,7.32,87.18,0.945,10.23,10.23,4.01,53.17,71.83,15.65,14.45,11.24,58.21
809,8481732,Andre Lee,LAK,L,https://assets.nhle.com/mugs/nhl/20252026/LAK/8481732.png,https://assets.nhle.com/logos/nhl/svg/LAK_light.svg,47,andrelee,7.0,71.983333333333,10.283333333333,55.01,43.34,55.93,33.34,31.67,51.28,20.0,20.0,50.0,1.67,3.33,33.33,2.36,1.93,55.04,28.34,24.17,53.97,15.0,10.0,60.00,0.83,0.83,50.00,17.78,18.89,48.48,1.11,3.33,25.00,34.92,31.3,52.73,0.0,0.0,-,8.33,83.33,0.917,7.5,10.0,7.5,52.51,50.00,15.0,15.84,13.34,52.94
810,8484901,Jacob Quillan,TOR,C,https://assets.nhle.com/mugs/nhl/20252026/TOR/8484901.png,https://assets.nhle.com/logos/nhl/svg/TOR_light.svg,26,jakequillan,23.0,236.2,10.269565217391,36.58,66.81,35.38,26.42,50.8,34.21,17.02,31.75,34.9,1.52,4.06,27.27,1.62,3.67,30.58,13.97,34.8,28.65,6.35,16.26,28.09,0.51,1.52,25.00,10.16,24.72,29.13,0.68,2.71,20.00,25.68,55.04,31.82,0.73,0.73,50.00,8.96,87.2,0.962,1.78,14.48,7.87,58.43,18.42,8.13,21.08,17.78,31.37
811,8482781,Carson Lambos,MIN,D,https://assets.nhle.com/mugs/nhl/20252026/MIN/8482781.png,https://assets.nhle.com/logos/nhl/svg/MIN_light.svg,28,carsonlambos,1.0,10.266666666667,10.266666666667,64.29,52.6,55.0,52.6,23.38,69.23,35.06,23.38,60.0,5.84,0.0,100.00,2.62,1.13,69.8,46.75,23.38,66.67,11.69,0.0,100.00,5.84,0.0,100.00,46.75,31.17,60.0,0.0,0.0,-,42.21,42.21,50.0,0.0,0.0,-,16.67,100.0,1.167,0.0,11.69,11.69,75.97,0.00,17.53,11.69,11.69,60.0
812,8482451,Mikael Pyyhtia,CBJ,L,https://assets.nhle.com/mugs/nhl/20252026/CBJ/8482451.png,https://assets.nhle.com/logos/nhl/svg/CBJ_light.svg,82,mikaelpyyhtia,5.0,51.3,10.26,71.35,58.48,54.95,49.12,39.77,55.26,23.39,24.56,48.78,1.17,3.51,25.00,2.74,3.42,44.45,28.07,28.07,50.0,10.53,15.2,40.91,0.0,2.34,0.00,23.39,17.15,57.69,1.56,0.0,100.00,67.58,60.82,52.63,0.0,1.69,0.00,5.00,85.71,0.907,5.85,11.7,10.53,51.46,35.71,14.04,11.7,23.39,37.5
813,8476907,Mackenzie MacEachern,VAN,L,https://assets.nhle.com/mugs/nhl/20252026/VAN/8476907.png,https://assets.nhle.com/logos/nhl/svg/VAN_light.svg,20,mackenziemaceachern,8.0,81.466666666667,10.183333333333,48.61,64.81,42.86,33.88,47.87,41.44,19.89,27.25,42.19,3.68,3.68,50.00,1.56,3.06,33.77,16.2,28.72,36.07,8.1,16.2,33.33,2.21,2.95,42.86,10.8,16.69,39.29,1.96,0.98,66.67,50.0,56.38,47.0,0.0,0.0,-,18.52,86.49,1.05,8.84,13.99,10.31,58.18,46.15,11.05,18.41,18.41,37.5
814,8482103,Ozzy Wiesblatt,NSH,C,https://assets.nhle.com/mugs/nhl/20252026/NSH/8482103.png,https://assets.nhle.com/logos/nhl/svg/NSH_light.svg,89,ozzywiesblatt,40.0,407.28333333333,10.182083333333,47.29,57.01,45.34,32.12,43.61,42.41,21.21,28.87,42.35,2.36,3.68,39.02,2.3,3.04,43.02,24.01,26.22,47.8,11.34,11.93,48.73,1.33,1.47,47.37,16.89,19.05,46.99,0.98,1.57,38.46,31.28,54.47,36.48,0.43,1.49,22.22,11.11,87.24,0.984,5.01,14.0,10.9,49.65,31.48,9.43,19.74,24.45,27.83
815,8482118,Sam Colangelo,ANA,R,https://assets.nhle.com/mugs/nhl/20252026/ANA/8482118.png,https://assets.nhle.com/logos/nhl/svg/ANA_light.svg,12,samcolangelo,9.0,91.6,10.177777777778,51.75,62.88,45.14,32.1,49.78,39.2,19.0,35.37,34.94,1.31,3.28,28.57,1.9,3.36,36.06,19.0,32.75,36.71,7.21,12.45,36.67,1.31,2.62,33.33,15.72,27.07,36.73,0.0,0.87,0.00,45.41,46.36,49.48,0.0,0.0,-,6.90,90.74,0.976,12.45,9.17,8.52,58.95,59.38,19.0,17.03,16.38,53.7
816,8481028,Martin Pospisil,CGY,C,https://assets.nhle.com/mugs/nhl/20252026/CGY/8481028.png,https://assets.nhle.com/logos/nhl/svg/CGY_light.svg,76,martinpospisil,22.0,223.3,10.15,50.25,54.28,48.07,36.27,41.65,46.55,24.72,27.68,47.18,1.07,2.42,30.77,2.03,2.98,40.44,20.42,25.53,44.44,6.18,12.9,32.39,0.27,1.07,20.00,18.99,16.84,53.0,1.07,1.79,37.50,43.86,45.41,49.13,0.0,0.0,-,4.35,91.26,0.956,6.72,14.78,7.25,63.14,48.08,14.24,20.69,13.7,50.96
817,8482859,Zack Ostapchuk,SJS,C,https://assets.nhle.com/mugs/nhl/20252026/SJS/8482859.png,https://assets.nhle.com/logos/nhl/svg/SJS_light.svg,63,zackostapchuk,59.0,595.58333333333,10.094632768362,40.4,62.76,39.16,28.21,43.92,39.11,18.03,30.12,37.45,1.41,3.63,28.00,2.0,3.18,38.68,19.04,28.51,40.04,8.76,11.99,42.23,0.91,1.21,42.86,13.7,22.03,38.35,0.54,2.42,18.18,32.3,58.93,35.41,0.15,0.87,14.29,7.82,87.96,0.958,6.45,17.03,14.71,49.46,30.48,10.88,22.06,26.09,29.43
818,8483553,Marc Gatcomb,NYI,C,https://assets.nhle.com/mugs/nhl/20252026/NYI/8483553.png,https://assets.nhle.com/logos/nhl/svg/NYI_light.svg,17,marcgatcomb,49.0,494.26666666667,10.087074829932,50.5,51.11,49.7,37.39,34.72,51.85,24.28,20.15,54.64,1.34,1.7,44.00,2.5,2.06,54.76,22.09,21.85,50.28,11.65,9.35,55.49,0.73,0.97,42.86,13.92,16.67,45.5,0.49,0.65,42.86,44.36,42.78,50.91,0.35,0.35,50.00,5.50,91.57,0.971,8.01,15.66,7.77,51.47,50.77,15.42,22.58,14.08,52.26
819,8477401,John Hayden,SEA,C,https://assets.nhle.com/mugs/nhl/20252026/SEA/8477401.png,https://assets.nhle.com/logos/nhl/svg/SEA_light.svg,15,johnhayden,3.0,30.233333333333,10.077777777778,27.78,55.57,33.33,19.85,33.74,37.04,11.91,23.81,33.33,0.0,1.98,0.00,0.98,1.88,34.15,7.94,21.83,26.67,0.0,5.95,0.00,0.0,0.0,-,10.58,21.17,33.33,0.0,2.65,0.00,22.93,45.87,33.33,0.0,0.0,-,0.00,91.67,0.917,1.98,23.81,11.91,45.64,14.29,1.98,27.78,19.85,9.09
820,8481161,Jake Christiansen,CBJ,D,https://assets.nhle.com/mugs/nhl/20252026/CBJ/8481161.png,https://assets.nhle.com/logos/nhl/svg/CBJ_light.svg,2,jakechristiansen,40.0,401.75,10.04375,57.95,60.04,49.11,40.32,41.82,49.09,24.79,27.48,47.43,1.19,2.54,32.00,2.46,3.01,44.91,25.09,27.78,47.46,10.75,12.84,45.57,0.6,1.49,28.57,19.12,19.91,48.98,0.8,1.0,44.44,46.38,47.89,49.2,0.0,0.43,0.00,4.82,90.76,0.956,6.27,9.41,6.57,53.76,48.84,13.14,14.49,16.13,44.9
821,8481655,Cole Schwindt,FLA,R,https://assets.nhle.com/mugs/nhl/20252026/FLA/8481655.png,https://assets.nhle.com/logos/nhl/svg/FLA_light.svg,79,coleschwindt,29.0,291.1,10.037931034483,44.52,50.7,46.75,32.98,36.89,47.2,19.99,22.88,46.63,2.89,3.09,48.28,2.39,2.41,49.82,23.7,22.26,51.57,9.28,8.45,52.33,1.03,1.44,41.67,19.24,18.41,51.09,1.65,1.1,60.00,30.67,46.15,39.92,0.89,1.19,42.86,14.43,86.49,1.009,11.75,14.63,7.63,52.77,60.64,15.87,21.23,15.46,50.66
822,8477454,Adam Erne,DAL,L,https://assets.nhle.com/mugs/nhl/20252026/DAL/8477454.png,https://assets.nhle.com/logos/nhl/svg/DAL_light.svg,73,adamerne,45.0,450.3,10.006666666667,42.37,51.43,45.17,29.05,35.18,45.23,18.25,21.85,45.51,1.87,1.73,51.85,2.3,2.2,51.16,19.32,23.05,45.6,10.53,8.93,54.11,1.07,0.93,53.33,11.73,18.83,38.37,0.89,0.89,50.00,35.41,46.19,43.4,0.19,0.19,50.00,10.22,92.07,1.023,6.26,14.26,7.2,57.03,46.53,11.86,20.25,17.72,40.09
823,8482747,Brennan Othmann,CGY,L,https://assets.nhle.com/mugs/nhl/20252026/CGY/8482747.png,https://assets.nhle.com/logos/nhl/svg/CGY_light.svg,78,brennanothmann,19.0,190.03333333333,10.001754385965,50.2,71.67,41.19,32.52,49.89,39.46,20.52,33.15,38.24,2.53,5.05,33.33,2.31,3.66,38.75,24.63,35.36,41.05,11.05,14.84,42.68,1.58,2.21,41.67,18.1,27.36,39.81,1.26,2.95,30.00,36.03,51.08,41.36,0.0,0.91,0.00,12.31,84.76,0.971,7.26,12.63,6.31,63.46,53.49,12.95,17.37,14.52,47.13
824,8481491,Noah Philp,CAR,C,https://assets.nhle.com/mugs/nhl/20252026/CAR/8481491.png,https://assets.nhle.com/logos/nhl/svg/CAR_light.svg,15,noahphilp,17.0,169.03333333333,9.943137254902,36.56,64.6,36.14,26.27,46.85,35.92,19.17,34.08,36.0,1.06,4.26,20.00,1.46,4.01,26.67,15.97,35.85,30.82,6.03,15.97,27.42,0.35,2.48,12.50,13.25,26.5,33.33,0.47,0.47,50.00,31.28,51.78,37.65,0.51,2.05,20.00,5.56,87.5,0.931,5.68,13.13,12.78,50.76,30.77,8.87,17.04,25.2,26.04
825,8483447,Conor Geekie,TBL,C,https://assets.nhle.com/mugs/nhl/20252026/TBL/8483447.png,https://assets.nhle.com/logos/nhl/svg/TBL_light.svg,94,conorgeekie,14.0,138.5,9.8928571428571,51.99,63.25,45.11,35.52,48.52,42.27,25.13,26.43,48.74,2.17,3.47,38.46,1.83,3.55,34.02,19.93,32.49,38.02,8.66,13.0,40.00,1.3,2.17,37.50,15.02,25.99,36.62,0.0,0.58,0.00,51.31,52.56,49.4,1.25,0.63,66.67,8.62,86.89,0.955,12.56,12.13,7.36,52.42,63.04,19.93,15.16,14.3,58.23
826,8480245,Olle Lycksell,OTT,R,https://assets.nhle.com/mugs/nhl/20252026/OTT/8480245.png,https://assets.nhle.com/logos/nhl/svg/OTT_light.svg,15,ollelycksell,7.0,69.133333333333,9.8761904761905,47.73,61.62,43.65,29.51,40.79,41.98,23.43,29.51,44.26,2.6,4.34,37.50,1.57,2.28,40.78,26.9,30.38,46.97,7.81,9.55,45.00,1.74,1.74,50.00,25.46,27.77,47.83,1.16,2.31,33.33,31.34,46.38,40.32,0.0,1.25,0.00,11.11,85.29,0.964,10.41,11.28,0.87,60.75,92.31,12.15,14.75,5.21,70.0
827,8477996,Juho Lammikko,NJD,C,https://assets.nhle.com/mugs/nhl/20252026/NJD/8477996.png,https://assets.nhle.com/logos/nhl/svg/NJD_light.svg,83,juholammikko,24.0,237.0,9.875,44.81,61.01,42.34,31.65,44.05,41.81,22.28,29.37,43.14,1.27,2.28,35.71,1.92,2.68,41.69,17.22,26.08,39.77,7.59,10.13,42.86,1.01,0.76,57.14,12.83,21.27,37.62,0.0,1.69,0.00,40.96,52.66,43.75,0.37,0.37,50.00,5.68,92.24,0.979,7.59,12.91,8.35,54.68,47.62,15.19,19.24,14.43,51.28
828,8482525,Ryan Tverberg,TOR,C,https://assets.nhle.com/mugs/nhl/20252026/TOR/8482525.png,https://assets.nhle.com/logos/nhl/svg/TOR_light.svg,77,ryantverberg,2.0,19.733333333333,9.8666666666667,36.49,54.73,40.0,30.41,39.53,43.48,18.24,12.16,60.0,3.04,0.0,100.00,1.75,1.68,51.01,12.16,12.16,50.0,3.04,6.08,33.33,3.04,0.0,100.00,12.16,8.11,60.0,0.0,0.0,-,39.53,57.09,40.91,0.0,0.0,-,16.67,100.0,1.167,3.04,21.28,3.04,54.73,50.00,12.16,33.45,6.08,66.67
829,8477993,Justin Kirkland,CGY,C,https://assets.nhle.com/mugs/nhl/20252026/CGY/8477993.png,https://assets.nhle.com/logos/nhl/svg/CGY_light.svg,23,justinkirkland,20.0,196.45,9.8225,52.84,61.7,46.13,35.12,39.7,46.94,21.99,26.57,45.28,1.83,2.44,42.86,2.05,2.92,41.21,22.6,30.24,42.77,9.47,10.08,48.44,0.92,1.22,42.86,17.51,26.88,39.45,0.81,1.22,40.00,38.38,49.85,43.5,0.44,0.44,50.00,8.33,90.8,0.991,2.44,10.08,11.91,66.28,17.02,8.86,15.58,17.1,34.12
830,8482749,Joshua Roy,MTL,R,https://assets.nhle.com/mugs/nhl/20252026/MTL/8482749.png,https://assets.nhle.com/logos/nhl/svg/MTL_light.svg,N/A,joshroy,3.0,29.366666666667,9.7888888888889,57.21,44.95,56.0,36.78,30.65,54.55,30.65,24.52,55.56,2.04,2.04,50.00,2.42,2.06,54.11,22.47,18.39,55.0,6.13,10.22,37.50,2.04,2.04,50.00,21.79,10.9,66.67,0.0,0.0,-,47.22,32.46,59.26,0.0,0.0,-,6.67,91.67,0.983,8.17,18.39,10.22,38.82,44.44,10.22,26.56,18.39,35.71
831,8484135,Parker Ford,WPG,C,https://assets.nhle.com/mugs/nhl/20252026/WPG/8484135.png,https://assets.nhle.com/logos/nhl/svg/WPG_light.svg,25,parkerford,15.0,146.25,9.75,43.9,65.64,40.07,31.59,44.72,41.4,19.28,25.85,42.73,1.64,2.46,40.00,2.02,3.9,34.1,18.87,32.0,37.1,7.38,16.82,30.51,1.23,0.82,60.00,15.32,20.24,43.08,0.55,1.64,25.00,36.74,55.11,40.0,0.0,0.59,0.00,8.51,90.48,0.99,4.51,9.85,9.44,58.26,32.35,8.21,13.95,17.64,31.75
832,8477527,Ross Johnston,ANA,L,https://assets.nhle.com/mugs/nhl/20252026/ANA/8477527.png,https://assets.nhle.com/logos/nhl/svg/ANA_light.svg,49,rossjohnston,62.0,604.11666666667,9.7438172043011,52.94,57.51,47.93,36.65,40.22,47.67,22.05,26.62,45.31,2.68,2.68,50.00,2.47,2.75,47.28,24.23,29.1,45.44,9.34,11.82,44.13,1.59,1.49,51.61,19.86,23.04,46.3,0.79,1.32,37.50,41.17,48.49,45.92,0.72,0.29,71.43,12.16,89.93,1.021,9.14,12.91,11.92,50.26,43.40,14.1,17.28,20.86,40.34
833,8479291,Kevin Rooney,UTA,C,https://assets.nhle.com/mugs/nhl/20252026/UTA/8479291.png,https://assets.nhle.com/logos/nhl/svg/UTA_light.svg?season=20252026,25,kevinrooney,1.0,9.7333333333333,9.7333333333333,49.32,36.99,57.14,36.99,30.82,54.55,24.66,18.49,57.14,6.16,0.0,100.00,1.56,1.14,57.79,24.66,18.49,57.14,6.16,12.33,33.33,0.0,0.0,-,24.66,8.22,75.0,8.22,0.0,100.00,35.62,71.23,33.33,0.0,0.0,-,25.00,100.0,1.25,18.49,0.0,18.49,49.32,50.00,18.49,12.33,36.99,33.33
834,8479944,Zachary Aston-Reese,CBJ,L,https://assets.nhle.com/mugs/nhl/20252026/CBJ/8479944.png,https://assets.nhle.com/logos/nhl/svg/CBJ_light.svg,21,zacharyastonreese,,,,,,,,,,,,,,,,,,,,,,,,,,,,,,,,,,,,,,,,,,,,,,,,,,,
835,8482090,Jack Finley,STL,C,https://assets.nhle.com/mugs/nhl/20252026/STL/8482090.png,https://assets.nhle.com/logos/nhl/svg/STL_light.svg?season=20252026,37,jackfinley,44.0,427.2,9.7090909090909,44.66,57.3,43.8,31.46,43.68,41.87,20.65,25.84,44.41,1.26,1.69,42.86,2.42,3.21,42.97,18.96,26.26,41.93,9.41,12.36,43.23,0.7,0.84,45.45,12.73,18.54,40.72,0.0,0.75,0.00,37.94,59.04,39.12,0.61,0.41,60.00,6.12,93.48,0.996,9.41,16.43,19.8,47.61,32.21,14.19,20.79,30.34,31.86
836,8479316,Luke Kunin,FLA,C,https://assets.nhle.com/mugs/nhl/20252026/FLA/8479316.png,https://assets.nhle.com/logos/nhl/svg/FLA_light.svg,71,lukekunin,62.0,600.16666666667,9.6801075268817,44.89,66.18,40.41,32.19,46.59,40.86,20.49,31.59,39.35,2.0,3.4,37.04,2.0,3.34,37.4,18.49,29.09,38.87,8.5,12.8,39.91,1.0,2.0,33.33,13.33,21.73,38.02,0.67,0.67,50.00,40.29,58.19,40.91,0.72,1.3,35.71,9.76,89.24,0.99,9.8,13.7,10.9,50.69,47.34,15.7,18.59,21.19,42.55
837,8483546,Marshall Rifai,TOR,D,https://assets.nhle.com/mugs/nhl/20252026/TOR/8483546.png,https://assets.nhle.com/logos/nhl/svg/TOR_light.svg,83,marshallrifai,1.0,9.6666666666667,9.6666666666667,62.07,99.31,38.46,31.03,74.48,29.41,24.83,49.66,33.33,6.21,6.21,50.00,1.27,3.71,25.46,24.83,43.45,36.36,12.41,18.62,40.00,0.0,0.0,-,16.55,33.1,33.33,8.28,8.28,50.00,44.83,80.69,35.71,0.0,0.0,-,25.00,87.5,1.125,6.21,0.0,6.21,74.48,50.00,6.21,0.0,12.41,33.33
838,8483513,Reid Schaefer,NSH,L,https://assets.nhle.com/mugs/nhl/20252026/NSH/8483513.png,https://assets.nhle.com/logos/nhl/svg/NSH_light.svg,49,reidschaefer,47.0,453.15,9.6414893617021,47.8,64.61,42.52,32.44,46.21,41.25,20.92,30.19,40.93,1.19,2.78,30.00,2.17,2.93,42.56,21.71,30.19,41.84,10.86,12.84,45.81,0.4,1.59,20.00,14.48,23.13,38.5,0.18,1.06,14.29,39.59,57.38,40.83,0.96,0.57,62.50,5.70,90.79,0.965,6.89,15.23,8.74,50.58,44.07,14.7,19.86,22.24,39.78
839,8483491,Ivan Miroshnichenko,WSH,L,https://assets.nhle.com/mugs/nhl/20252026/WSH/8483491.png,https://assets.nhle.com/logos/nhl/svg/WSH_secondary_light.svg,63,ivanmiroshnichenko,13.0,125.33333333333,9.6410256410256,51.22,60.32,45.92,37.82,40.69,48.17,19.15,24.41,43.96,2.39,1.91,55.56,2.52,1.84,57.84,20.59,23.94,46.24,9.1,6.7,57.58,0.0,1.44,0.00,15.32,22.98,40.0,1.28,0.64,66.67,38.72,53.24,42.11,2.07,0.0,100.00,12.50,92.16,1.047,5.27,14.84,7.66,55.53,40.74,9.1,18.67,16.28,35.85
840,8484403,Florian Xhekaj,MTL,L,https://assets.nhle.com/mugs/nhl/20252026/MTL/8484403.png,https://assets.nhle.com/logos/nhl/svg/MTL_light.svg,63,florianxhekaj,5.0,47.983333333333,9.5966666666667,36.26,60.02,37.66,22.51,40.01,36.0,16.26,23.76,40.63,1.25,2.5,33.33,1.21,2.06,36.98,16.26,30.01,35.14,5.0,8.75,36.36,0.0,2.5,0.00,15.01,28.34,34.62,0.0,0.0,-,32.51,41.54,43.9,1.81,0.0,100.00,7.69,89.47,0.972,10.0,21.26,7.5,40.01,57.14,12.5,26.26,16.26,43.48
841,8478424,Jansen Harkins,ANA,C,https://assets.nhle.com/mugs/nhl/20252026/ANA/8478424.png,https://assets.nhle.com/logos/nhl/svg/ANA_light.svg,10,jansenharkins,44.0,421.98333333333,9.5905303030303,55.03,56.87,49.17,39.53,40.81,49.2,24.17,26.59,47.62,1.42,2.27,38.46,2.58,2.63,49.45,23.75,28.29,45.63,10.66,11.37,48.39,0.85,1.14,42.86,17.44,22.56,43.6,0.19,1.33,12.50,45.39,46.62,49.33,0.41,0.21,66.67,5.88,91.44,0.973,8.82,12.51,10.66,55.59,45.26,15.21,16.92,18.77,44.77
842,8482070,Mitchell Chaffee,TBL,R,https://assets.nhle.com/mugs/nhl/20252026/TBL/8482070.png,https://assets.nhle.com/logos/nhl/svg/TBL_light.svg,26,mitchchaffee,11.0,105.16666666667,9.5606060606061,56.48,45.64,55.31,39.37,34.23,53.49,23.96,20.54,53.85,0.57,1.71,25.00,3.59,2.11,62.98,26.81,17.12,61.04,14.26,8.56,62.50,0.57,0.57,50.00,16.74,11.41,59.46,0.0,0.76,0.00,43.68,41.2,51.46,0.0,0.82,0.00,2.38,91.67,0.94,11.41,14.83,4.56,51.35,71.43,15.4,19.4,9.7,61.36
843,8479393,Noah Gregor,FLA,L,https://assets.nhle.com/mugs/nhl/20252026/FLA/8479393.png,https://assets.nhle.com/logos/nhl/svg/FLA_light.svg,73,noahgregor,37.0,353.71666666667,9.5599099099099,48.0,56.66,45.87,33.42,38.68,46.35,21.03,26.29,44.44,2.04,3.56,36.36,2.46,2.79,46.86,20.02,26.29,43.22,8.48,12.21,40.98,1.19,2.04,36.84,15.38,18.77,45.03,0.23,1.58,12.50,41.16,45.57,47.46,0.98,0.49,66.67,9.68,86.45,0.961,11.2,14.42,8.65,52.08,56.41,19.0,19.85,15.94,54.37
844,8484149,Gavin Brindley,COL,C,https://assets.nhle.com/mugs/nhl/20252026/COL/8484149.png,https://assets.nhle.com/logos/nhl/svg/COL_light.svg,54,gavinbrindley,56.0,534.88333333333,9.5514880952381,63.49,49.36,56.26,44.87,35.9,55.56,30.96,21.99,58.47,2.8,2.58,52.08,3.04,2.73,52.69,29.5,23.33,55.84,11.22,10.66,51.28,1.46,1.35,52.00,24.38,16.9,59.06,0.9,1.05,46.15,54.44,40.67,57.24,0.97,0.65,60.00,9.06,88.27,0.973,9.98,12.56,6.51,51.71,60.54,16.71,18.62,14.92,52.84
845,8476425,Joseph LaBate,VAN,C,https://assets.nhle.com/mugs/nhl/20252026/VAN/8476425.png,https://assets.nhle.com/logos/nhl/svg/VAN_light.svg,14,josephlabate,1.0,9.5333333333333,9.5333333333333,62.94,88.11,41.67,44.06,50.35,46.67,18.88,25.17,42.86,0.0,6.29,0.00,2.85,2.69,51.38,31.47,31.47,50.0,18.88,18.88,50.00,0.0,0.0,-,16.78,16.78,50.0,0.0,8.39,0.00,45.45,81.82,35.71,0.0,0.0,-,0.00,75.0,0.75,6.29,6.29,0.0,88.11,100.00,6.29,6.29,12.59,33.33
846,8482192,Isaak Phillips,WPG,D,https://assets.nhle.com/mugs/nhl/20252026/WPG/8482192.png,https://assets.nhle.com/logos/nhl/svg/WPG_light.svg,3,isaakphillips,3.0,28.55,9.5166666666667,33.63,56.74,37.21,16.81,39.93,29.63,12.61,18.91,40.0,0.0,0.0,-,0.72,1.4,33.99,6.3,21.02,23.08,0.0,4.2,0.00,0.0,0.0,-,8.41,22.42,27.27,0.0,0.0,-,42.5,72.85,36.84,0.0,0.0,-,0.00,100.0,1.0,10.51,8.41,16.81,50.44,38.46,14.71,8.41,21.02,41.18
847,8482652,Walker Duehr,WPG,R,https://assets.nhle.com/mugs/nhl/20252026/WPG/8482652.png,https://assets.nhle.com/logos/nhl/svg/WPG_light.svg,71,walkerduehr,3.0,28.5,9.5,46.32,58.95,44.0,33.68,46.32,42.11,18.95,29.47,39.13,0.0,2.11,0.00,2.16,2.11,50.54,18.95,21.05,47.37,8.42,8.42,50.00,0.0,0.0,-,14.04,16.84,45.45,0.0,0.0,-,54.74,57.78,48.65,0.0,3.04,0.00,0.00,92.86,0.929,10.53,14.74,6.32,61.05,62.50,21.05,18.95,14.74,58.82
848,8482623,Josh Dunne,BUF,C,https://assets.nhle.com/mugs/nhl/20252026/BUF/8482623.png,https://assets.nhle.com/logos/nhl/svg/BUF_light.svg,40,joshdunne,34.0,322.16666666667,9.4754901960784,49.17,54.57,47.4,35.94,37.99,48.61,24.21,22.53,51.79,1.12,2.61,30.00,2.35,2.46,48.87,22.35,20.86,51.72,10.99,8.94,55.14,0.74,1.49,33.33,15.15,15.89,48.8,0.25,0.74,25.00,35.51,52.19,40.49,0.27,0.81,25.00,4.62,88.43,0.93,4.28,17.69,12.11,51.03,26.14,5.77,22.16,21.05,21.53
849,8483406,Taylor Ward,LAK,R,https://assets.nhle.com/mugs/nhl/20252026/LAK/8483406.png,https://assets.nhle.com/logos/nhl/svg/LAK_light.svg,17,taylorward,36.0,340.88333333333,9.4689814814815,63.36,58.96,51.8,42.77,38.55,52.6,23.23,26.05,47.14,1.94,1.94,50.00,2.84,2.39,54.29,30.1,25.7,53.94,12.14,10.38,53.91,0.7,0.53,57.14,23.94,20.42,53.97,1.41,0.7,66.67,43.73,49.83,46.74,0.25,1.27,16.67,8.33,92.57,1.009,4.4,11.79,6.16,61.6,41.67,7.74,17.07,14.08,35.48
850,8481726,Adam Edstrom,NYR,C,https://assets.nhle.com/mugs/nhl/20252026/NYR/8481726.png,https://assets.nhle.com/logos/nhl/svg/NYR_light.svg,84,adamedstrom,35.0,331.13333333333,9.4609523809524,54.18,62.33,46.5,37.33,45.12,45.27,23.74,32.07,42.53,2.17,1.99,52.17,2.39,2.78,46.27,23.92,26.82,47.14,11.78,10.33,53.28,0.91,0.91,50.00,16.19,21.99,42.41,0.97,0.48,66.67,43.71,55.75,43.95,0.52,1.05,33.33,9.16,93.79,1.029,5.8,12.14,9.42,60.88,38.10,10.69,15.4,19.03,35.98
851,8482663,Dylan Duke,TBL,L,https://assets.nhle.com/mugs/nhl/20252026/TBL/8482663.png,https://assets.nhle.com/logos/nhl/svg/TBL_light.svg,53,dylanduke,1.0,9.3666666666667,9.3666666666667,32.03,57.65,35.71,19.22,57.65,25.0,12.81,38.43,25.0,0.0,6.41,0.00,1.16,6.15,15.85,6.41,38.43,14.29,6.41,32.03,16.67,0.0,0.0,-,0.0,8.54,0.0,0.0,0.0,-,64.77,27.76,70.0,0.0,9.25,0.00,0.00,83.33,0.833,25.62,6.41,6.41,51.25,80.00,32.03,6.41,6.41,83.33
852,8482874,Jacob Melanson,SEA,R,https://assets.nhle.com/mugs/nhl/20252026/SEA/8482874.png,https://assets.nhle.com/logos/nhl/svg/SEA_light.svg,63,jakemelanson,36.0,337.2,9.3666666666667,52.14,54.63,48.83,38.08,38.26,49.88,23.49,26.16,47.31,1.96,3.56,35.48,2.54,2.56,49.82,24.38,22.42,52.09,11.92,12.1,49.63,1.07,1.96,35.29,16.61,13.76,54.69,0.47,0.95,33.33,33.93,49.35,40.74,0.77,1.29,37.50,8.33,86.39,0.947,3.74,19.4,7.65,54.98,32.81,7.12,22.06,13.88,33.9
853,8479293,Brandon Tanev,UTA,L,https://assets.nhle.com/mugs/nhl/20252026/UTA/8479293.png,https://assets.nhle.com/logos/nhl/svg/UTA_light.svg?season=20252026,13,brandontanev,56.0,524.06666666667,9.3583333333333,49.69,55.76,47.12,35.15,38.35,47.82,21.07,25.07,45.66,1.03,2.86,26.47,2.32,2.78,45.57,22.33,25.99,46.21,9.73,12.02,44.74,0.69,1.14,37.50,16.79,18.62,47.41,0.15,1.37,10.00,39.19,46.47,45.75,0.17,0.99,14.29,4.89,88.58,0.935,8.36,15.8,9.39,60.79,47.10,12.94,21.07,19.69,39.65
854,8481592,Jakob Pelletier,TBL,L,https://assets.nhle.com/mugs/nhl/20252026/TBL/8481592.png,https://assets.nhle.com/logos/nhl/svg/TBL_light.svg,22,jakobpelletier,5.0,46.716666666667,9.3433333333333,43.67,38.53,53.13,32.11,28.26,53.19,19.27,19.27,50.0,0.0,1.28,0.00,1.48,1.8,45.06,17.98,11.56,60.87,6.42,6.42,50.00,0.0,0.0,-,15.41,6.85,69.23,0.0,0.0,-,51.94,35.25,59.57,0.0,1.86,0.00,0.00,93.33,0.933,17.98,17.98,10.27,50.09,63.64,26.97,24.4,14.13,65.63
855,8484821,Sam Morton,CGY,C,https://assets.nhle.com/mugs/nhl/20252026/CGY/8484821.png,https://assets.nhle.com/logos/nhl/svg/CGY_light.svg,45,sammorton,3.0,28.0,9.3333333333333,47.14,60.0,44.0,32.14,40.71,44.12,23.57,27.86,45.83,0.0,2.14,0.00,1.82,1.92,48.61,17.14,21.43,44.44,4.29,2.14,66.67,0.0,0.0,-,17.14,25.71,40.0,0.0,0.0,-,24.76,55.71,30.77,0.0,3.1,0.00,0.00,92.31,0.923,0.0,21.43,8.57,53.57,0.00,2.14,34.29,15.0,12.5
856,8475795,Dylan McIlrath,WSH,D,https://assets.nhle.com/mugs/nhl/20252026/WSH/8475795.png,https://assets.nhle.com/logos/nhl/svg/WSH_secondary_light.svg,52,dylanmcilrath,13.0,121.06666666667,9.3128205128205,40.64,56.99,41.62,27.75,37.67,42.42,17.35,25.28,40.7,0.5,0.99,33.33,2.28,2.36,49.17,19.82,23.29,45.98,11.89,10.41,53.33,0.0,0.99,0.00,10.57,17.18,38.1,0.66,0.0,100.00,26.49,55.12,32.46,0.0,0.0,-,2.86,96.08,0.989,3.47,14.87,12.39,50.55,21.88,10.41,21.31,23.29,30.88
857,8484793,Sacha Boisvert,CHI,C,https://assets.nhle.com/mugs/nhl/20252026/CHI/8484793.png,https://assets.nhle.com/logos/nhl/svg/CHI_light.svg?season=20252026,90,sachaboisvert,7.0,64.716666666667,9.2452380952381,37.08,50.06,42.55,27.81,36.16,43.48,15.76,24.11,39.53,1.85,2.78,40.00,1.56,2.19,41.5,17.62,25.03,41.3,9.27,10.2,47.62,0.0,1.85,0.00,11.13,19.78,36.0,1.24,1.24,50.00,33.48,42.85,43.86,1.34,0.0,100.00,11.76,88.46,1.002,6.49,20.4,4.64,51.92,58.33,11.13,25.03,12.05,48.0
858,8484168,Oscar Fisker Molgaard,SEA,C,https://assets.nhle.com/mugs/nhl/20252026/SEA/8484168.png,https://assets.nhle.com/logos/nhl/svg/SEA_light.svg,78,oscarfiskermolgaard,13.0,120.06666666667,9.2358974358974,54.47,50.47,51.9,36.98,33.48,52.48,23.99,20.49,53.93,1.0,0.0,100.00,2.51,1.99,55.74,23.99,21.49,52.75,10.49,9.0,53.85,1.0,0.0,100.00,17.99,16.66,51.92,0.0,0.0,-,41.14,50.53,44.88,0.0,0.0,-,4.17,100.0,1.042,11.49,17.49,11.49,46.97,50.00,14.49,20.49,17.99,44.62
859,8483395,Arshdeep Bains,VAN,L,https://assets.nhle.com/mugs/nhl/20252026/VAN/8483395.png,https://assets.nhle.com/logos/nhl/svg/VAN_light.svg,13,arshdeepbains,28.0,257.76666666667,9.2059523809524,54.0,56.8,48.74,39.34,40.27,49.42,25.37,28.4,47.19,1.86,2.33,44.44,2.75,2.62,51.25,26.3,28.4,48.09,13.04,11.17,53.85,1.63,1.4,53.85,17.69,22.97,43.51,0.0,0.93,0.00,39.34,39.34,50.0,0.34,0.34,50.00,7.34,91.8,0.991,7.91,13.97,2.33,61.92,77.27,12.57,16.53,7.68,62.07
860,8482787,Nikita Chibrikov,WPG,R,https://assets.nhle.com/mugs/nhl/20252026/WPG/8482787.png,https://assets.nhle.com/logos/nhl/svg/WPG_light.svg,90,nikitachibrikov,11.0,101.1,9.1909090909091,46.88,53.41,46.75,31.45,35.61,46.9,15.43,21.36,41.94,2.37,2.37,50.00,1.31,1.87,41.28,17.8,24.33,42.25,5.93,6.53,47.62,0.59,0.59,50.00,15.83,23.74,40.0,0.79,0.0,100.00,49.72,36.0,58.0,1.71,2.57,40.00,15.38,88.89,1.043,14.24,14.84,6.53,52.23,68.57,18.4,17.21,9.5,65.96
861,8483424,Owen Beck,MTL,C,https://assets.nhle.com/mugs/nhl/20252026/MTL/8483424.png,https://assets.nhle.com/logos/nhl/svg/MTL_light.svg,62,owenbeck,15.0,137.83333333333,9.1888888888889,53.11,48.75,52.14,37.87,31.78,54.38,24.81,21.77,53.27,2.18,0.44,83.33,2.45,2.24,52.23,23.51,22.2,51.43,9.58,10.01,48.89,0.44,0.44,50.00,18.57,16.25,53.33,1.16,0.0,100.00,45.9,35.21,56.59,1.26,0.0,100.00,8.77,98.0,1.068,11.32,12.19,4.35,53.11,72.22,17.85,16.11,13.06,57.75
862,8476952,Dominic Toninato,CHI,C,https://assets.nhle.com/mugs/nhl/20252026/CHI/8476952.png,https://assets.nhle.com/logos/nhl/svg/CHI_light.svg?season=20252026,25,dominictoninato,8.0,73.233333333333,9.1541666666667,56.53,43.42,56.56,38.51,32.77,54.02,25.4,18.84,57.41,0.82,0.82,50.00,2.2,1.82,54.78,20.48,22.94,47.17,9.01,7.37,55.00,0.0,0.0,-,15.29,20.76,42.42,1.09,1.09,50.00,47.34,34.32,57.97,0.0,0.0,-,3.23,95.65,0.989,9.01,9.83,7.37,58.99,55.00,13.93,13.11,13.93,50.0
863,8482877,Jaroslav Chmelar,NYR,R,https://assets.nhle.com/mugs/nhl/20252026/NYR/8482877.png,https://assets.nhle.com/logos/nhl/svg/NYR_light.svg,49,jaroslavchmelar,28.0,256.23333333333,9.1511904761905,51.28,56.67,47.51,35.59,39.1,47.65,23.88,25.29,48.57,2.11,2.34,47.37,2.53,2.43,51.01,25.06,23.42,51.69,11.94,9.37,56.04,1.4,1.17,54.55,17.48,18.73,48.28,0.62,1.25,33.33,40.93,47.69,46.18,0.34,0.34,50.00,8.82,90.74,0.996,7.96,13.82,5.62,55.5,58.62,13.35,18.97,13.58,49.57
864,8477070,Liam O'Brien,UTA,C,https://assets.nhle.com/mugs/nhl/20252026/UTA/8477070.png,https://assets.nhle.com/logos/nhl/svg/UTA_light.svg?season=20252026,38,liamobrien,38.0,347.61666666667,9.1478070175439,52.13,57.82,47.41,36.25,39.7,47.73,21.4,26.24,44.93,1.04,2.07,33.33,2.3,2.82,44.9,24.34,27.27,47.16,11.05,12.08,47.76,0.35,0.86,28.57,17.72,20.25,46.67,0.23,1.15,16.67,43.13,43.88,49.57,0.75,0.5,60.00,4.84,92.11,0.969,10.36,15.88,7.94,56.1,56.60,15.88,20.37,16.92,48.42
865,8479644,Matt Luff,STL,R,https://assets.nhle.com/mugs/nhl/20252026/STL/8479644.png,https://assets.nhle.com/logos/nhl/svg/STL_light.svg?season=20252026,25,mattluff,5.0,45.666666666667,9.1333333333333,45.99,52.55,46.67,34.16,40.73,45.61,23.65,28.91,45.0,1.31,3.94,25.00,1.73,2.18,44.29,26.28,19.71,57.14,7.88,9.2,46.15,0.0,2.63,0.00,24.53,14.01,63.64,1.75,1.75,50.00,36.06,43.65,45.24,0.0,0.0,-,5.56,86.36,0.919,9.2,10.51,7.88,61.75,53.85,15.77,15.77,11.82,57.14
866,8484958,Maxim Tsyplakov,NJD,R,https://assets.nhle.com/mugs/nhl/20252026/NJD/8484958.png,https://assets.nhle.com/logos/nhl/svg/NJD_light.svg,72,maximtsyplakov,49.0,446.91666666667,9.1207482993197,52.09,52.22,49.94,38.8,36.38,51.61,23.63,21.48,52.38,1.21,3.49,25.71,2.4,2.43,49.65,22.55,26.31,46.15,9.4,12.35,43.21,0.54,2.55,17.39,17.54,18.62,48.51,0.72,0.9,44.44,43.44,40.53,51.73,0.19,0.39,33.33,5.11,83.75,0.889,8.46,13.83,6.18,52.22,57.80,15.17,18.12,12.62,54.59
867,8483432,Luca Del Bel Belluz,CBJ,C,https://assets.nhle.com/mugs/nhl/20252026/CBJ/8483432.png,https://assets.nhle.com/logos/nhl/svg/CBJ_light.svg,93,lucadelbelbelluz,14.0,127.36666666667,9.097619047619,48.99,63.12,43.7,35.8,42.87,45.51,23.08,26.85,46.23,0.94,1.88,33.33,1.96,2.52,43.75,19.31,27.32,41.41,6.6,10.36,38.89,0.47,0.0,100.00,16.96,22.61,42.86,0.0,1.26,0.00,41.51,57.84,41.78,0.68,1.36,33.33,4.08,92.98,0.971,8.48,10.36,8.01,51.82,51.43,13.19,12.25,19.31,40.58
868,8479066,Ryan Lomberg,CGY,L,https://assets.nhle.com/mugs/nhl/20252026/CGY/8479066.png,https://assets.nhle.com/logos/nhl/svg/CGY_light.svg,94,ryanlomberg,57.0,515.53333333333,9.0444444444444,55.17,60.99,47.49,38.29,39.92,48.96,23.16,25.37,47.72,1.63,2.09,43.75,2.02,2.77,42.16,23.04,29.79,43.61,9.08,12.57,41.94,0.81,1.16,41.18,18.62,22.97,44.78,0.62,0.93,40.00,44.55,46.57,48.89,0.5,0.34,60.00,7.04,91.74,0.988,4.31,12.8,6.17,61.33,41.11,9.54,16.76,13.97,40.59
869,8481564,Ryan Johnson,BUF,D,https://assets.nhle.com/mugs/nhl/20252026/BUF/8481564.png,https://assets.nhle.com/logos/nhl/svg/BUF_light.svg,33,ryanjohnsonD,3.0,27.0,9.0,53.33,75.56,41.38,40.0,51.11,43.9,24.44,33.33,42.31,2.22,2.22,50.00,3.76,3.38,52.68,28.89,35.56,44.83,24.44,17.78,57.89,2.22,2.22,50.00,5.93,23.7,20.0,0.0,0.0,-,22.47,51.36,30.43,0.0,0.0,-,9.09,93.33,1.024,2.22,13.33,13.33,46.67,14.29,6.67,15.56,20.0,25.0
870,8484779,Jett Luchanko,PHI,C,https://assets.nhle.com/mugs/nhl/20252026/PHI/8484779.png,https://assets.nhle.com/logos/nhl/svg/PHI_light.svg,77,jettluchanko,4.0,35.866666666667,8.9666666666667,33.46,41.82,44.44,25.09,26.77,48.39,16.73,18.4,47.62,0.0,5.02,0.00,1.82,2.12,46.2,21.75,18.4,54.17,8.36,11.71,41.67,0.0,5.02,0.00,17.84,8.92,66.67,0.0,0.0,-,26.58,33.83,44.0,0.0,0.0,-,0.00,72.73,0.727,6.69,11.71,1.67,55.2,80.00,15.06,18.4,5.02,75.0
871,8478211,Dryden Hunt,CGY,L,https://assets.nhle.com/mugs/nhl/20252026/CGY/8478211.png,https://assets.nhle.com/logos/nhl/svg/CGY_light.svg,15,drydenhunt,3.0,26.8,8.9333333333333,51.49,67.16,43.4,38.06,38.06,50.0,24.63,24.63,50.0,0.0,6.72,0.00,2.99,1.92,60.89,26.87,22.39,54.55,13.43,6.72,66.67,0.0,2.24,0.00,17.91,20.9,46.15,0.0,5.97,0.00,38.81,80.85,32.43,0.0,0.0,-,0.00,72.73,0.727,6.72,4.48,13.43,53.73,33.33,11.19,6.72,31.34,26.32
872,8477508,Curtis Lazar,EDM,C,https://assets.nhle.com/mugs/nhl/20252026/EDM/8477508.png,https://assets.nhle.com/logos/nhl/svg/EDM_light.svg,20,curtislazar,45.0,401.38333333333,8.9196296296296,45.14,62.18,42.06,32.44,45.29,41.73,21.38,28.7,42.69,1.64,2.99,35.48,2.22,3.0,42.59,21.68,30.64,41.43,10.91,12.86,45.91,1.05,2.09,33.33,14.35,23.72,37.7,0.6,0.8,42.86,36.49,55.28,39.76,0.22,0.43,33.33,7.69,89.58,0.973,7.32,14.95,24.22,50.67,23.22,11.96,19.28,34.53,25.72
873,8477947,Sonny Milano,WSH,L,https://assets.nhle.com/mugs/nhl/20252026/WSH/8477947.png,https://assets.nhle.com/logos/nhl/svg/WSH_secondary_light.svg,15,sonnymilano,31.0,275.38333333333,8.8833333333333,61.01,49.89,55.01,44.67,35.95,55.41,30.94,25.06,55.25,3.05,2.61,53.85,3.6,2.51,58.87,32.9,22.66,59.22,13.07,9.59,57.69,1.09,1.53,41.67,26.44,17.43,60.26,1.74,0.58,75.00,45.95,38.71,54.28,0.94,0.94,50.00,9.86,89.57,0.994,10.02,11.77,4.36,53.82,69.70,16.78,15.25,8.93,65.25
874,8480825,Patrick Giles,SJS,R,https://assets.nhle.com/mugs/nhl/20252026/SJS/8480825.png,https://assets.nhle.com/logos/nhl/svg/SJS_light.svg,54,patgiles,3.0,26.6,8.8666666666667,42.86,65.41,39.58,22.56,47.37,32.26,20.3,29.32,40.91,2.26,2.26,50.00,1.31,4.15,23.92,18.05,27.07,40.0,6.77,15.79,30.00,2.26,2.26,50.00,15.04,15.04,50.0,0.0,0.0,-,29.32,68.42,30.0,0.0,0.0,-,11.11,92.31,1.034,4.51,9.02,15.79,56.39,22.22,9.02,11.28,27.07,25.0
875,8478967,Lane Pederson,PHI,C,https://assets.nhle.com/mugs/nhl/20252026/PHI/8478967.png,https://assets.nhle.com/logos/nhl/svg/PHI_light.svg,29,lanepederson,5.0,44.316666666667,8.8633333333333,29.79,59.57,33.33,16.25,41.97,27.91,8.12,20.31,28.57,1.35,1.35,50.00,0.8,2.4,24.97,8.12,20.31,28.57,5.42,10.83,33.33,1.35,1.35,50.00,3.61,12.64,22.22,0.0,0.0,-,25.42,52.8,32.5,0.0,0.0,-,16.67,93.33,1.1,5.42,12.19,5.42,56.86,50.00,9.48,18.95,13.54,41.18
876,8481704,Juuso Parssinen,NYR,C,https://assets.nhle.com/mugs/nhl/20252026/NYR/8481704.png,https://assets.nhle.com/logos/nhl/svg/NYR_light.svg,71,juusoparssinen,20.0,176.88333333333,8.8441666666667,43.76,56.65,43.58,28.49,41.72,40.58,16.96,28.15,37.59,2.37,1.02,70.00,1.54,2.25,40.54,19.67,20.01,49.57,7.8,7.8,50.00,1.36,0.0,100.00,15.83,16.28,49.3,0.9,0.45,66.67,35.28,51.45,40.68,0.49,0.98,33.33,14.00,96.39,1.104,7.8,10.85,4.75,65.13,62.16,12.55,15.6,14.93,45.68
877,8482148,Hendrix Lapierre,WSH,C,https://assets.nhle.com/mugs/nhl/20252026/WSH/8482148.png,https://assets.nhle.com/logos/nhl/svg/WSH_secondary_light.svg,22,hendrixlapierre,74.0,653.71666666667,8.834009009009,60.94,51.21,54.34,42.59,34.88,54.98,26.34,22.85,53.54,2.39,2.39,50.00,3.21,2.47,56.51,30.2,24.05,55.67,13.4,9.45,58.63,0.73,1.47,33.33,22.4,19.46,53.51,1.22,0.73,62.50,44.15,41.23,51.71,1.06,0.53,66.67,9.06,89.56,0.986,6.88,11.93,6.61,55.16,51.02,12.57,15.42,11.75,51.7
878,8480259,Ben Jones,MIN,C,https://assets.nhle.com/mugs/nhl/20252026/MIN/8480259.png,https://assets.nhle.com/logos/nhl/svg/MIN_light.svg,18,benjones,28.0,247.28333333333,8.8315476190476,48.04,75.95,38.75,35.67,54.11,39.73,23.54,34.7,40.42,1.21,3.64,25.00,2.14,3.11,40.75,19.17,32.03,37.44,9.22,14.8,38.38,1.21,1.94,38.46,13.26,22.97,36.61,0.0,0.97,0.00,38.9,73.25,34.69,0.0,1.4,0.00,5.15,89.51,0.947,2.67,10.43,11.65,53.87,18.64,8.25,15.77,25.72,24.29
879,8482408,Jeff Malott,LAK,L,https://assets.nhle.com/mugs/nhl/20252026/LAK/8482408.png,https://assets.nhle.com/logos/nhl/svg/LAK_light.svg,39,jeffmalott,58.0,511.5,8.8189655172414,64.52,58.77,52.33,45.04,38.94,53.63,26.74,25.69,51.01,2.11,3.28,39.13,3.07,2.45,55.66,32.38,27.45,54.12,14.9,10.79,57.99,0.7,1.29,35.29,23.3,22.21,51.2,1.41,1.41,50.00,44.22,48.97,47.45,0.51,1.36,27.27,7.89,87.21,0.951,5.51,12.43,5.51,59.59,50.00,11.61,18.65,14.43,44.59
880,8477971,Andreas Englund,NSH,D,https://assets.nhle.com/mugs/nhl/20252026/NSH/8477971.png,https://assets.nhle.com/logos/nhl/svg/NSH_light.svg,24,andreasenglund,3.0,26.45,8.8166666666667,68.05,31.76,68.18,52.17,24.95,67.65,22.68,18.15,55.56,0.0,2.27,0.00,3.81,1.91,66.53,27.22,15.88,63.16,13.61,6.81,66.67,0.0,0.0,-,18.15,12.1,60.0,0.0,0.0,-,49.15,39.32,55.56,0.0,3.28,0.00,0.00,87.5,0.875,4.54,18.15,9.07,54.44,33.33,13.61,27.22,18.15,42.86
881,8481848,Jacob Gaucher,PHI,C,https://assets.nhle.com/mugs/nhl/20252026/PHI/8481848.png,https://assets.nhle.com/logos/nhl/svg/PHI_light.svg,78,jakegaucher,4.0,35.233333333333,8.8083333333333,49.39,45.98,51.79,35.76,25.54,58.33,27.25,15.33,64.0,0.0,1.7,0.00,1.63,2.07,44.1,18.73,23.84,44.0,8.51,11.92,41.67,0.0,1.7,0.00,13.62,15.89,46.15,0.0,0.0,-,51.66,34.44,60.0,0.0,0.0,-,0.00,88.89,0.889,10.22,8.51,6.81,57.9,60.00,17.03,17.03,13.62,55.56
882,8479421,Jacob Moverare,LAK,D,https://assets.nhle.com/mugs/nhl/20252026/LAK/8479421.png,https://assets.nhle.com/logos/nhl/svg/LAK_light.svg,43,jakemoverare,15.0,131.7,8.78,81.55,60.14,57.56,53.76,37.81,58.71,32.8,23.69,58.06,1.37,3.19,30.00,3.44,2.42,58.73,41.91,25.97,61.74,20.05,9.11,68.75,0.46,1.37,25.00,29.16,22.48,56.47,1.21,1.82,40.00,56.59,50.01,53.09,0.0,0.66,0.00,4.17,86.54,0.907,6.83,9.57,5.47,56.49,55.56,17.31,15.95,14.12,55.07
883,8483728,Jared Davidson,MTL,C,https://assets.nhle.com/mugs/nhl/20252026/MTL/8483728.png,https://assets.nhle.com/logos/nhl/svg/MTL_light.svg,49,jareddavidson,10.0,87.166666666667,8.7166666666667,52.31,59.89,46.63,35.11,41.3,45.95,22.72,22.03,50.77,1.38,4.13,25.00,2.38,2.49,48.84,24.09,26.85,47.3,6.88,9.64,41.67,0.69,1.38,33.33,22.94,22.94,50.0,0.92,3.67,20.00,44.74,42.75,51.14,0.0,0.0,-,6.06,81.25,0.873,8.26,11.7,5.51,55.76,60.00,13.08,15.14,14.46,47.5
884,8475253,Garrett Wilson,PHI,L,https://assets.nhle.com/mugs/nhl/20252026/PHI/8475253.png,https://assets.nhle.com/logos/nhl/svg/PHI_light.svg,10,garrettwilson,3.0,26.033333333333,8.6777777777778,27.66,53.01,34.29,23.05,39.18,37.04,18.44,27.66,40.0,2.3,2.3,50.00,2.11,2.24,48.55,9.22,27.66,25.0,9.22,9.22,50.00,0.0,0.0,-,0.0,24.58,0.0,0.0,3.07,0.00,33.29,46.61,41.67,3.33,0.0,100.00,12.50,91.67,1.042,11.52,18.44,6.91,53.01,62.50,13.83,20.74,11.52,54.55
885,8482496,Nils Aman,VAN,C,https://assets.nhle.com/mugs/nhl/20252026/VAN/8482496.png,https://assets.nhle.com/logos/nhl/svg/VAN_light.svg,88,nilsaman,2.0,17.316666666667,8.6583333333333,51.97,79.69,39.47,41.58,27.72,60.0,20.79,17.32,54.55,3.46,3.46,50.00,2.06,1.78,53.67,27.72,38.11,42.11,10.39,10.39,50.00,0.0,0.0,-,23.1,36.96,38.46,4.62,4.62,50.00,40.04,55.05,42.11,0.0,0.0,-,16.67,80.0,0.967,6.93,3.46,0.0,69.3,100.00,6.93,3.46,6.93,50.0
886,8483675,Kenny Connors,LAK,C,https://assets.nhle.com/mugs/nhl/20252026/LAK/8483675.png,https://assets.nhle.com/logos/nhl/svg/LAK_light.svg,34,kennyconnors,2.0,17.316666666667,8.6583333333333,79.69,86.62,47.92,65.83,55.44,54.29,48.51,24.25,66.67,0.0,3.46,0.00,4.89,3.24,60.13,34.65,55.44,38.46,27.72,10.39,72.73,0.0,0.0,-,9.24,60.06,13.33,0.0,4.62,0.00,45.04,60.06,42.86,0.0,0.0,-,0.00,85.71,0.857,10.39,6.93,10.39,65.83,50.00,13.86,6.93,17.32,44.44
887,8479414,Nathan Bastian,DAL,R,https://assets.nhle.com/mugs/nhl/20252026/DAL/8479414.png,https://assets.nhle.com/logos/nhl/svg/DAL_light.svg,11,nathanbastian,36.0,311.2,8.6444444444444,45.5,50.9,47.2,34.13,35.67,48.9,21.98,23.71,48.1,2.31,1.54,60.00,2.54,2.32,52.23,21.59,23.14,48.28,11.76,10.41,53.04,1.54,0.96,61.54,13.11,16.97,43.59,1.03,0.51,66.67,36.76,42.61,46.32,0.0,0.28,0.00,10.53,93.5,1.04,6.36,10.03,5.98,60.54,51.56,11.38,16.39,15.62,42.14
888,8482460,Matt Rempe,NYR,C,https://assets.nhle.com/mugs/nhl/20252026/NYR/8482460.png,https://assets.nhle.com/logos/nhl/svg/NYR_light.svg,73,mattrempe,26.0,223.8,8.6076923076923,59.25,55.23,51.76,38.87,40.21,49.15,22.79,25.47,47.22,1.88,2.68,41.18,2.63,2.14,55.17,26.54,24.66,51.83,12.6,8.85,58.75,0.8,1.07,42.86,18.59,21.09,46.85,1.43,2.14,40.00,41.05,46.47,46.9,0.0,0.0,-,8.24,89.47,0.977,5.9,11.8,7.51,57.91,44.00,9.92,16.09,15.28,39.36
889,8481065,Angus Crookshank,NJD,C,https://assets.nhle.com/mugs/nhl/20252026/NJD/8481065.png,https://assets.nhle.com/logos/nhl/svg/NJD_light.svg,28,anguscrookshank,8.0,68.85,8.60625,43.57,67.97,39.06,29.63,46.19,39.08,15.69,30.5,33.96,1.74,0.87,66.67,1.09,3.17,25.55,9.59,27.89,25.58,4.36,12.2,26.32,0.87,0.0,100.00,6.97,20.92,25.0,1.16,1.16,50.00,50.35,55.39,47.62,0.0,0.0,-,11.11,97.14,1.083,9.59,5.23,8.71,54.9,52.38,17.43,8.71,20.04,46.51
890,8478043,Sam Lafferty,CHI,C,https://assets.nhle.com/mugs/nhl/20252026/CHI/8478043.png,https://assets.nhle.com/logos/nhl/svg/CHI_light.svg?season=20252026,18,samlafferty,29.0,266.05,9.1741379310345,38.11,42.85,47.08,26.61,33.15,44.53,17.59,21.2,45.35,1.58,2.03,43.75,1.38,1.96,41.36,15.56,18.04,46.31,6.99,8.8,44.29,1.35,1.35,50.00,11.43,12.33,48.1,0.3,0.9,25.00,34.2,38.76,46.88,0.0,0.0,-,8.97,90.43,0.994,7.67,12.4,4.06,55.93,65.38,12.18,17.14,10.37,54.0
891,8481517,Brett Leason,WSH,R,https://assets.nhle.com/mugs/nhl/20252026/WSH/8481517.png,https://assets.nhle.com/logos/nhl/svg/WSH_secondary_light.svg,17,brettleason,6.0,51.483333333333,8.5805555555556,54.78,31.47,63.51,41.96,26.8,61.02,19.81,19.81,50.0,0.0,2.33,0.00,2.72,2.17,55.61,23.31,10.49,68.97,5.83,8.16,41.67,0.0,2.33,0.00,23.31,3.11,88.24,0.0,0.0,-,53.87,38.72,58.18,0.0,0.0,-,0.00,88.24,0.882,5.83,9.32,12.82,55.94,31.25,15.15,15.15,22.14,40.63
892,8483841,Xavier Parent,NJD,C,https://assets.nhle.com/mugs/nhl/20252026/NJD/8483841.png,https://assets.nhle.com/logos/nhl/svg/NJD_light.svg,67,xavierparent,5.0,42.866666666667,8.5733333333333,51.79,78.38,39.78,36.39,55.99,39.39,19.6,37.79,34.15,1.4,2.8,33.33,1.33,4.01,24.87,12.6,33.59,27.27,4.2,15.4,21.43,1.4,1.4,50.00,11.2,24.26,31.58,0.0,1.87,0.00,66.72,54.59,55.0,0.0,0.0,-,7.14,92.59,0.997,7.0,4.2,8.4,60.19,45.45,18.2,8.4,19.6,48.15
893,8481534,Raphael Lavoie,VGK,C,https://assets.nhle.com/mugs/nhl/20252026/VGK/8481534.png,https://assets.nhle.com/logos/nhl/svg/VGK_light.svg,36,raphaellavoie,1.0,8.5666666666667,8.5666666666667,77.04,49.03,61.11,35.02,49.03,41.67,14.01,28.02,33.33,0.0,0.0,-,1.46,3.82,27.6,21.01,21.01,50.0,7.0,7.0,50.00,0.0,0.0,-,18.68,18.68,50.0,0.0,0.0,-,80.93,50.58,61.54,0.0,0.0,-,0.00,100.0,1.0,21.01,7.0,7.0,49.03,75.00,21.01,21.01,14.01,60.0
894,8475235,Nicolas Deslauriers,CAR,L,https://assets.nhle.com/mugs/nhl/20252026/CAR/8475235.png,https://assets.nhle.com/logos/nhl/svg/CAR_light.svg,44,nicolasdeslauriers,31.0,264.96666666667,8.547311827957,45.29,48.91,48.08,31.7,32.38,49.47,19.25,20.83,48.02,0.91,1.59,36.36,2.02,1.98,50.57,20.38,19.7,50.85,8.6,8.83,49.35,0.23,1.13,16.67,15.7,14.49,52.0,0.6,0.3,66.67,38.27,43.18,46.99,0.33,0.33,50.00,4.71,92.39,0.971,8.6,14.49,7.47,50.95,53.52,13.59,19.25,14.04,49.18
895,8483676,Stephen Halliday,OTT,C,https://assets.nhle.com/mugs/nhl/20252026/OTT/8483676.png,https://assets.nhle.com/logos/nhl/svg/OTT_light.svg,34,stephenhalliday,30.0,255.31666666667,8.5105555555556,72.85,40.66,64.18,50.76,30.55,62.43,36.43,17.63,67.39,3.76,2.12,64.00,3.91,2.17,64.3,37.6,18.57,66.95,17.86,9.4,65.52,1.65,1.88,46.67,26.32,12.22,68.29,1.88,0.31,85.71,61.1,30.89,66.42,1.02,0.0,100.00,10.32,88.0,0.983,16.22,9.87,4.47,63.69,78.41,24.21,12.69,10.34,70.07
896,8483433,Jack Devine,FLA,R,https://assets.nhle.com/mugs/nhl/20252026/FLA/8483433.png,https://assets.nhle.com/logos/nhl/svg/FLA_light.svg,38,jackdevine,6.0,50.633333333333,8.4388888888889,59.25,53.32,52.63,42.66,37.92,52.94,24.88,23.7,51.22,0.0,3.55,0.00,2.25,2.05,52.39,16.59,20.14,45.16,8.29,11.85,41.18,0.0,2.37,0.00,11.06,11.06,50.0,0.0,0.0,-,56.48,42.79,56.9,0.0,1.71,0.00,0.00,85.0,0.85,16.59,22.51,2.37,47.4,87.50,22.51,23.7,4.74,82.61
897,8478104,Sammy Blais,MTL,L,https://assets.nhle.com/mugs/nhl/20252026/MTL/8478104.png,https://assets.nhle.com/logos/nhl/svg/MTL_light.svg,79,samuelblais,21.0,176.93333333333,8.4253968253968,46.8,51.88,47.42,36.28,33.57,51.94,26.11,23.4,52.74,2.71,2.03,57.14,2.64,2.4,52.33,23.06,23.74,49.28,10.85,9.5,53.33,1.36,0.68,66.67,16.28,18.99,46.15,0.9,0.45,66.67,36.74,38.7,48.7,0.98,0.98,50.00,10.39,91.3,1.017,7.8,14.58,6.44,53.92,54.76,14.58,21.02,13.23,52.44
898,8479718,Alex Barré-Boulet,COL,C,https://assets.nhle.com/mugs/nhl/20252026/COL/8479718.png,https://assets.nhle.com/logos/nhl/svg/COL_light.svg,16,alexbarreboulet,2.0,16.8,8.4,100.0,25.0,80.0,71.43,17.86,80.0,25.0,10.71,70.0,0.0,0.0,-,3.78,0.59,86.5,46.43,7.14,86.67,14.29,7.14,66.67,0.0,0.0,-,42.86,0.0,100.0,0.0,0.0,-,113.49,15.48,88.0,0.0,0.0,-,0.00,100.0,1.0,21.43,14.29,0.0,60.71,100.00,35.71,17.86,0.0,100.0
899,8478062,Dysin Mayo,CBJ,D,https://assets.nhle.com/mugs/nhl/20252026/CBJ/8478062.png,https://assets.nhle.com/logos/nhl/svg/CBJ_light.svg,37,dysinmayo,3.0,25.2,8.4,80.95,33.33,70.83,64.29,26.19,71.05,40.48,16.67,70.83,4.76,2.38,66.67,3.6,2.44,59.62,38.1,16.67,69.57,16.67,7.14,70.00,2.38,0.0,100.00,28.57,12.7,69.23,3.17,3.17,50.00,75.66,24.07,75.86,0.0,0.0,-,11.76,85.71,0.975,21.43,11.9,2.38,52.38,90.00,23.81,16.67,11.9,66.67
900,8479368,Max Jones,EDM,L,https://assets.nhle.com/mugs/nhl/20252026/EDM/8479368.png,https://assets.nhle.com/logos/nhl/svg/EDM_light.svg,46,maxjones,21.0,175.26666666667,8.3460317460317,55.12,48.95,52.96,36.29,29.44,55.21,24.31,17.8,57.72,2.74,1.71,61.54,2.37,1.55,60.47,23.96,22.59,51.47,12.32,6.5,65.45,2.4,0.34,87.50,15.52,21.45,41.98,0.46,0.91,33.33,45.99,39.06,54.07,0.0,0.99,0.00,11.27,90.38,1.017,8.56,17.8,8.56,56.83,50.00,14.72,22.94,14.38,50.59
901,8481594,Nathan Légaré,NJD,R,https://assets.nhle.com/mugs/nhl/20252026/NJD/8481594.png,https://assets.nhle.com/logos/nhl/svg/NJD_light.svg,37,nathanlegare,1.0,8.25,8.25,29.09,101.82,22.22,14.55,50.91,22.22,7.27,50.91,12.5,0.0,0.0,-,0.25,3.91,6.08,7.27,43.64,14.29,0.0,14.55,0.00,0.0,0.0,-,9.7,38.79,20.0,0.0,0.0,-,42.02,84.04,33.33,0.0,0.0,-,0.00,100.0,1.0,14.55,14.55,0.0,43.64,100.00,21.82,36.36,7.27,75.0
902,8476391,T.J. Tynan,COL,C,https://assets.nhle.com/mugs/nhl/20252026/COL/8476391.png,https://assets.nhle.com/logos/nhl/svg/COL_light.svg,9,tjtynan,1.0,8.2166666666667,8.2166666666667,65.72,124.14,34.62,36.51,102.23,26.32,29.21,51.12,36.36,7.3,0.0,100.00,1.9,7.55,20.08,14.6,51.12,22.22,7.3,36.51,16.67,0.0,0.0,-,9.74,19.47,33.33,0.0,0.0,-,84.38,116.02,42.11,10.55,0.0,100.00,25.00,100.0,1.25,0.0,0.0,14.6,73.02,0.00,29.21,7.3,43.81,40.0
903,8483397,Marc McLaughlin,NJD,C,https://assets.nhle.com/mugs/nhl/20252026/NJD/8483397.png,https://assets.nhle.com/logos/nhl/svg/NJD_light.svg,21,marcmclaughlin,7.0,57.366666666667,8.1952380952381,35.56,64.85,35.42,23.01,42.88,34.92,7.32,27.19,21.21,1.05,3.14,25.00,1.14,3.67,23.61,11.5,29.29,28.21,6.28,13.6,31.58,1.05,2.09,33.33,6.97,20.92,25.0,0.0,1.39,0.00,28.7,55.9,33.93,0.0,0.0,-,14.29,88.46,1.027,6.28,11.5,6.28,55.43,50.00,13.6,13.6,16.73,44.83
904,8483444,Nathan Gaucher,ANA,C,https://assets.nhle.com/mugs/nhl/20252026/ANA/8483444.png,https://assets.nhle.com/logos/nhl/svg/ANA_light.svg,41,nathangaucher,3.0,24.066666666667,8.0222222222222,47.37,54.85,46.34,44.88,39.89,52.94,24.93,12.47,66.67,0.0,2.49,0.00,1.72,4.71,26.75,14.96,42.38,26.09,4.99,22.44,18.18,0.0,2.49,0.00,13.3,26.59,33.33,0.0,0.0,-,57.62,36.01,61.54,0.0,0.0,-,0.00,80.0,0.8,14.96,19.94,17.45,39.89,46.15,22.44,27.42,22.44,50.0
905,8482162,Roby Jarventie,EDM,L,https://assets.nhle.com/mugs/nhl/20252026/EDM/8482162.png,https://assets.nhle.com/logos/nhl/svg/EDM_light.svg,61,robyjarventie,3.0,24.016666666667,8.0055555555556,49.97,44.97,52.63,29.98,17.49,63.16,22.48,9.99,69.23,0.0,2.5,0.00,1.98,0.86,69.64,19.99,14.99,57.14,9.99,0.0,100.00,0.0,0.0,-,13.32,19.99,40.0,0.0,0.0,-,50.52,39.69,56.0,0.0,3.61,0.00,0.00,75.0,0.75,14.99,17.49,7.49,59.96,66.67,22.48,24.98,9.99,69.23
906,8485511,Quinn Hutson,EDM,R,https://assets.nhle.com/mugs/nhl/20252026/EDM/8485511.png,https://assets.nhle.com/logos/nhl/svg/EDM_light.svg,23,quinnhutson,4.0,31.983333333333,7.9958333333333,52.53,84.42,38.36,26.26,56.28,31.82,16.88,37.52,31.03,1.88,3.75,33.33,2.05,3.79,35.13,18.76,41.27,31.25,7.5,18.76,28.57,1.88,1.88,50.00,15.01,30.02,33.33,0.0,0.0,-,48.78,51.49,48.65,0.0,2.71,0.00,11.11,90.0,1.011,13.13,11.26,1.88,65.66,87.50,16.88,13.13,9.38,64.29
907,8482726,Samuel Helenius,LAK,C,https://assets.nhle.com/mugs/nhl/20252026/LAK/8482726.png,https://assets.nhle.com/logos/nhl/svg/LAK_light.svg,79,samuelhelenius,53.0,422.91666666667,7.9795597484277,53.34,58.59,47.66,36.18,38.02,48.76,21.71,24.4,47.08,1.56,2.41,39.29,2.3,2.3,50.05,24.4,25.68,48.73,10.78,10.64,50.33,0.14,1.42,9.09,18.16,20.05,47.52,1.7,0.76,69.23,37.91,50.0,43.12,0.2,0.61,25.00,7.19,90.12,0.973,3.69,11.63,5.25,63.56,41.27,7.52,18.3,14.61,33.97
908,8477149,Scott Sabourin,TBL,R,https://assets.nhle.com/mugs/nhl/20252026/TBL/8477149.png,https://assets.nhle.com/logos/nhl/svg/TBL_light.svg,49,scottsabourin,26.0,206.76666666667,7.9525641025641,49.04,56.59,46.43,37.43,42.95,46.57,24.38,24.96,49.41,2.32,2.03,53.33,2.58,2.33,52.59,22.34,27.57,44.77,11.32,7.83,59.09,1.16,1.16,50.00,14.7,26.31,35.85,1.16,1.16,50.00,36.89,49.88,42.51,0.42,0.0,100.00,9.52,91.86,1.014,5.8,15.96,6.09,58.62,48.78,10.45,22.63,14.22,42.35
909,8479981,Jonah Gadjovich,FLA,L,https://assets.nhle.com/mugs/nhl/20252026/FLA/8479981.png,https://assets.nhle.com/logos/nhl/svg/FLA_light.svg,12,jonahgadjovich,10.0,79.433333333333,7.9433333333333,50.61,60.43,45.58,27.95,39.28,41.57,17.37,23.42,42.59,2.27,0.76,75.00,2.03,1.66,54.95,22.66,23.42,49.18,10.57,6.8,60.87,1.51,0.76,66.67,16.11,22.16,42.11,0.0,0.0,-,41.46,62.19,40.0,1.09,0.0,100.00,13.04,96.77,1.098,9.82,13.6,10.57,50.61,48.15,18.88,17.37,23.42,44.64
910,8471817,Ryan Reaves,SJS,R,https://assets.nhle.com/mugs/nhl/20252026/SJS/8471817.png,https://assets.nhle.com/logos/nhl/svg/SJS_light.svg,75,ryanreaves,50.0,390.4,7.808,43.65,58.25,42.84,29.97,41.5,41.94,19.67,29.66,39.88,1.38,3.23,30.00,1.96,2.69,42.16,20.9,25.82,44.74,10.45,9.99,51.13,1.23,1.08,53.33,13.93,21.11,39.77,0.2,1.43,12.50,33.97,51.28,39.84,0.0,1.55,0.00,7.03,89.12,0.962,7.99,19.36,7.38,49.18,52.00,11.83,24.9,16.91,41.18
911,8475752,Tyler Pitlick,MIN,C,https://assets.nhle.com/mugs/nhl/20252026/MIN/8475752.png,https://assets.nhle.com/logos/nhl/svg/MIN_light.svg,19,tylerpitlick,32.0,248.73333333333,7.7729166666667,48.97,70.68,40.93,35.7,49.21,42.05,21.95,29.67,42.52,1.21,2.17,35.71,2.22,2.53,46.65,20.26,28.71,41.38,10.13,11.82,46.15,0.72,1.21,37.50,13.51,22.51,37.5,0.32,0.96,25.00,39.37,70.03,35.99,0.35,0.35,50.00,5.49,92.68,0.982,3.86,11.34,9.89,52.83,28.07,8.93,16.4,23.4,27.61
912,8477320,Anton Blidh,NYR,L,https://assets.nhle.com/mugs/nhl/20252026/NYR/8477320.png,https://assets.nhle.com/logos/nhl/svg/NYR_light.svg,25,antonblidh,4.0,30.816666666667,7.7041666666667,40.89,66.2,38.18,33.1,42.83,43.59,19.47,19.47,50.0,1.95,0.0,100.00,2.8,2.42,53.7,15.58,27.26,36.36,11.68,9.73,54.55,1.95,0.0,100.00,5.19,23.36,18.18,0.0,0.0,-,30.94,64.68,32.35,0.0,0.0,-,10.00,100.0,1.1,5.84,9.73,7.79,68.14,42.86,9.73,15.58,17.52,35.71
913,8478147,Bokondji Imama,PIT,L,https://assets.nhle.com/mugs/nhl/20252026/PIT/8478147.png,https://assets.nhle.com/logos/nhl/svg/PIT_light.svg,14,bokondjiimama,2.0,15.283333333333,7.6416666666667,74.59,47.11,61.29,58.89,39.26,60.0,27.48,27.48,50.0,0.0,0.0,-,2.88,1.46,66.39,39.26,19.63,66.67,11.78,7.85,60.00,0.0,0.0,-,36.64,15.7,70.0,0.0,0.0,-,62.38,45.37,57.89,0.0,0.0,-,0.00,100.0,1.0,7.85,11.78,15.7,43.18,33.33,19.63,15.7,19.63,50.0
914,8483531,Brian Halonen,NJD,L,https://assets.nhle.com/mugs/nhl/20252026/NJD/8483531.png,https://assets.nhle.com/logos/nhl/svg/NJD_light.svg,48,brianhalonen,15.0,114.18333333333,7.6122222222222,39.41,55.17,41.67,27.32,33.1,45.22,15.76,19.97,44.12,1.58,2.1,42.86,1.32,2.44,35.06,12.61,27.32,31.58,5.25,11.56,31.25,0.53,0.53,50.00,9.81,21.02,31.82,0.7,2.1,25.00,37.19,40.99,47.57,0.76,0.0,100.00,10.00,89.47,0.995,11.03,13.66,6.83,52.02,61.76,16.29,17.34,16.29,50.0
915,8483526,Danil Zhilkin,WPG,C,https://assets.nhle.com/mugs/nhl/20252026/WPG/8483526.png,https://assets.nhle.com/logos/nhl/svg/WPG_light.svg,53,danilzhilkin,6.0,45.5,7.5833333333333,22.42,72.53,23.61,18.46,44.84,29.17,14.51,25.05,36.67,3.96,0.0,100.00,1.12,3.03,27.0,9.23,32.97,21.88,5.27,14.51,26.67,2.64,0.0,100.00,5.27,24.62,17.65,0.0,0.0,-,13.33,59.05,18.42,1.9,0.0,100.00,27.27,100.0,1.273,2.64,9.23,7.91,64.62,25.00,7.91,15.82,17.14,31.58
916,8484255,Jason Polin,COL,R,https://assets.nhle.com/mugs/nhl/20252026/COL/8484255.png,https://assets.nhle.com/logos/nhl/svg/COL_light.svg,41,jasonpolin,4.0,30.316666666667,7.5791666666667,59.37,35.62,62.5,37.6,19.79,65.52,17.81,7.92,69.23,1.98,0.0,100.00,2.37,0.55,81.33,33.64,11.87,73.91,11.87,3.96,75.00,1.98,0.0,100.00,29.03,10.56,73.33,0.0,0.0,-,57.17,42.88,57.14,0.0,0.0,-,11.11,100.0,1.111,17.81,11.87,7.92,53.44,69.23,23.75,13.85,17.81,57.14
917,8483930,Ivan Ivan,COL,C,https://assets.nhle.com/mugs/nhl/20252026/COL/8483930.png,https://assets.nhle.com/logos/nhl/svg/COL_light.svg,49,ivanivan,9.0,67.066666666667,7.4518518518519,50.99,53.68,48.72,37.57,34.89,51.85,22.37,20.58,52.08,1.79,0.89,66.67,2.03,1.58,56.29,17.89,17.0,51.28,7.16,6.26,53.33,0.89,0.0,100.00,14.31,14.31,50.0,0.0,1.19,0.00,51.69,55.57,48.19,1.29,0.0,100.00,8.00,95.65,1.037,8.05,15.21,6.26,59.05,56.25,10.74,22.37,11.63,48.0
918,8482941,Shane Lachance,NJD,L,https://assets.nhle.com/mugs/nhl/20252026/NJD/8482941.png,https://assets.nhle.com/logos/nhl/svg/NJD_light.svg,20,shanelachance,1.0,7.4166666666667,7.4166666666667,32.36,97.08,25.0,32.36,56.63,36.36,16.18,48.54,25.0,0.0,0.0,-,1.45,3.04,32.31,8.09,40.45,16.67,0.0,16.18,0.00,0.0,0.0,-,10.79,32.36,25.0,0.0,0.0,-,46.74,81.8,36.36,0.0,0.0,-,0.00,100.0,1.0,16.18,16.18,0.0,48.54,100.00,24.27,24.27,8.09,75.0
919,8478888,Cameron Hughes,DAL,C,https://assets.nhle.com/mugs/nhl/20252026/DAL/8478888.png,https://assets.nhle.com/logos/nhl/svg/DAL_light.svg,34,camhughes,3.0,21.95,7.3166666666667,30.07,62.87,32.35,21.87,41.0,34.78,13.67,27.33,33.33,5.47,0.0,100.00,1.98,2.54,43.81,19.13,21.87,46.67,8.2,8.2,50.00,2.73,0.0,100.00,14.58,18.22,44.44,3.64,0.0,100.00,19.74,71.07,21.74,0.0,0.0,-,40.00,100.0,1.4,0.0,13.67,8.2,57.4,0.00,5.47,16.4,19.13,22.22
920,8482766,William Stromgren,CGY,L,https://assets.nhle.com/mugs/nhl/20252026/CGY/8482766.png,https://assets.nhle.com/logos/nhl/svg/CGY_light.svg,65,willstromgren,3.0,21.866666666667,7.2888888888889,38.41,71.34,35.0,32.93,49.39,40.0,21.95,35.67,38.1,0.0,2.74,0.00,1.21,4.2,22.36,16.46,38.41,30.0,2.74,10.98,20.00,0.0,0.0,-,18.29,36.59,33.33,0.0,0.0,-,23.78,55.49,30.0,0.0,3.96,0.00,0.00,92.31,0.923,2.74,13.72,0.0,71.34,100.00,5.49,19.21,5.49,50.0
921,8484529,Connor Clattenburg,EDM,C,https://assets.nhle.com/mugs/nhl/20252026/EDM/8484529.png,https://assets.nhle.com/logos/nhl/svg/EDM_light.svg,64,connorclattenburg,5.0,36.033333333333,7.2066666666667,54.95,59.94,47.83,43.29,41.63,50.98,29.97,28.31,51.43,1.67,0.0,100.00,3.34,1.62,67.27,19.98,14.99,57.14,13.32,3.33,80.00,1.67,0.0,100.00,8.88,15.54,36.36,0.0,0.0,-,45.7,57.72,44.19,0.0,0.0,-,5.56,100.0,1.056,1.67,14.99,0.0,66.6,100.00,6.66,18.32,9.99,40.0
922,8482947,Zakhar Bardakov,COL,C,https://assets.nhle.com/mugs/nhl/20252026/COL/8482947.png,https://assets.nhle.com/logos/nhl/svg/COL_light.svg,93,zakharbardakov,60.0,432.26666666667,7.2044444444444,61.07,51.36,54.32,42.75,34.84,55.1,26.79,21.79,55.14,2.36,1.8,56.67,2.68,2.13,55.77,26.23,21.93,54.47,11.52,8.88,56.46,1.25,1.25,50.00,19.62,17.4,53.0,0.74,0.56,57.14,53.33,47.12,53.09,0.8,0.2,80.00,8.81,91.72,1.005,9.3,11.52,6.25,58.99,59.82,15.68,15.96,15.55,50.22
923,8475413,Justin Dowling,NYR,C,https://assets.nhle.com/mugs/nhl/20252026/NYR/8475413.png,https://assets.nhle.com/logos/nhl/svg/NYR_light.svg,37,justindowling,2.0,14.383333333333,7.1916666666667,37.54,75.09,33.33,29.2,54.23,35.0,16.69,37.54,30.77,0.0,4.17,0.00,2.02,3.12,39.25,16.69,25.03,40.0,8.34,20.86,28.57,0.0,4.17,0.00,11.12,5.56,66.67,0.0,0.0,-,24.1,60.25,28.57,0.0,0.0,-,0.00,88.89,0.889,0.0,8.34,12.51,79.26,0.00,0.0,8.34,16.69,0.0
924,8478409,Anthony Richard,PHI,C,https://assets.nhle.com/mugs/nhl/20252026/PHI/8478409.png,https://assets.nhle.com/logos/nhl/svg/PHI_light.svg,90,anthonyrichard,1.0,7.1333333333333,7.1333333333333,33.64,50.47,40.0,25.23,33.64,42.86,25.23,33.64,42.86,0.0,0.0,-,0.93,2.62,26.16,16.82,42.06,28.57,0.0,25.23,0.00,0.0,0.0,-,22.43,22.43,50.0,0.0,0.0,-,36.45,24.3,60.0,0.0,0.0,-,0.00,100.0,1.0,8.41,0.0,8.41,67.29,50.00,8.41,0.0,8.41,50.0
925,8480021,Jack Studnicka,FLA,C,https://assets.nhle.com/mugs/nhl/20252026/FLA/8480021.png,https://assets.nhle.com/logos/nhl/svg/FLA_light.svg,53,jackstudnicka,19.0,134.81666666667,7.0956140350877,46.73,60.53,43.57,30.71,42.72,41.82,20.03,25.81,43.69,0.89,3.56,20.00,1.53,3.28,31.8,17.36,30.71,36.11,5.79,13.8,29.55,0.89,1.78,33.33,15.43,22.55,40.63,0.0,1.19,0.00,42.43,39.86,51.56,0.0,1.29,0.00,4.44,86.21,0.907,12.91,22.25,8.01,53.85,61.70,18.25,28.04,15.13,54.67
926,8483435,Jorian Donovan,OTT,D,https://assets.nhle.com/mugs/nhl/20252026/OTT/8483435.png,https://assets.nhle.com/logos/nhl/svg/OTT_light.svg,56,joriandonovan,2.0,14.066666666667,7.0333333333333,29.86,102.37,22.58,17.06,89.57,16.0,12.8,46.92,21.43,0.0,0.0,-,1.77,4.48,28.35,12.8,42.65,23.08,8.53,17.06,33.33,0.0,0.0,-,5.69,34.12,14.29,0.0,0.0,-,18.48,86.26,17.65,0.0,0.0,-,0.00,100.0,1.0,0.0,8.53,0.0,76.78,-,4.27,8.53,0.0,100.0
927,8478173,Hayden Hodgson,OTT,R,https://assets.nhle.com/mugs/nhl/20252026/OTT/8478173.png,https://assets.nhle.com/logos/nhl/svg/OTT_light.svg,42,haydenhodgson,10.0,70.25,7.025,56.37,57.22,49.62,37.58,46.98,44.44,26.48,29.89,46.97,1.71,3.42,33.33,2.8,3.03,48.01,26.48,27.33,49.21,10.25,17.08,37.50,0.85,3.42,20.00,21.64,13.67,61.29,1.14,0.0,100.00,43.18,46.88,47.95,0.0,0.0,-,6.45,88.57,0.95,7.69,12.81,2.56,68.33,75.00,11.1,15.37,11.1,50.0
928,8480326,Sheldon Dries,DET,C,https://assets.nhle.com/mugs/nhl/20252026/DET/8480326.png,https://assets.nhle.com/logos/nhl/svg/DET_light.svg?season=20252026,15,sheldondries,5.0,34.866666666667,6.9733333333333,27.53,68.83,28.57,22.37,49.9,30.95,13.77,32.7,29.63,0.0,1.72,0.00,1.18,3.48,25.33,8.6,24.09,26.32,5.16,17.21,23.08,0.0,0.0,-,4.59,9.18,33.33,0.0,2.29,0.00,29.83,69.6,30.0,0.0,0.0,-,0.00,94.74,0.947,8.6,6.88,13.77,65.39,38.46,10.33,12.05,18.93,35.29
929,8479942,Dominik Shine,DET,R,https://assets.nhle.com/mugs/nhl/20252026/DET/8479942.png,https://assets.nhle.com/logos/nhl/svg/DET_light.svg?season=20252026,65,dominikshine,18.0,124.83333333333,6.9351851851852,40.37,70.65,36.36,31.24,51.43,37.79,21.63,31.72,40.54,1.92,2.4,44.44,2.17,3.61,37.52,17.3,29.32,37.11,7.69,12.98,37.21,0.96,1.44,40.00,12.82,21.79,37.04,1.28,0.64,66.67,31.94,59.01,35.11,0.0,0.69,0.00,8.89,92.42,1.013,7.69,11.54,5.77,63.93,57.14,11.05,16.34,13.46,45.1
930,8480876,Curtis Douglas,VAN,C,https://assets.nhle.com/mugs/nhl/20252026/VAN/8480876.png,https://assets.nhle.com/logos/nhl/svg/VAN_light.svg,42,curtisdouglas,43.0,290.25,6.75,48.58,47.55,50.54,39.69,33.7,54.08,26.05,22.74,53.39,1.45,2.48,36.84,2.9,2.06,58.46,25.22,22.12,53.28,12.61,7.86,61.62,0.62,1.24,33.33,16.81,19.02,46.92,0.83,0.83,50.00,38.22,38.52,49.81,0.3,0.9,25.00,5.56,89.09,0.946,11.78,19.43,4.34,54.99,73.08,17.16,25.22,11.78,59.29
931,8479543,Michael Pezzetta,TOR,L,https://assets.nhle.com/mugs/nhl/20252026/TOR/8479543.png,https://assets.nhle.com/logos/nhl/svg/TOR_light.svg,61,michaelpezzetta,9.0,58.25,6.4722222222222,39.14,59.74,39.58,32.96,44.29,42.67,17.51,23.69,42.5,0.0,4.12,0.00,1.83,2.0,47.75,16.48,26.78,38.1,7.21,7.21,50.00,0.0,0.0,-,12.36,26.09,32.14,0.0,5.49,0.00,28.27,50.59,35.85,0.0,0.0,-,0.00,82.61,0.826,0.0,23.69,7.21,62.83,0.00,6.18,36.05,11.33,35.29
932,8479772,Zack MacEwen,NJD,R,https://assets.nhle.com/mugs/nhl/20252026/NJD/8479772.png,https://assets.nhle.com/logos/nhl/svg/NJD_light.svg,19,zackmacewen,3.0,19.0,6.3333333333333,72.63,22.11,76.67,53.68,12.63,80.95,25.26,9.47,72.73,0.0,0.0,-,3.07,0.35,89.84,25.26,3.16,88.89,12.63,0.0,100.00,0.0,0.0,-,16.84,4.21,80.0,0.0,0.0,-,59.3,18.25,76.47,0.0,0.0,-,0.00,100.0,1.0,9.47,0.0,0.0,72.63,100.00,28.42,3.16,6.32,81.82
933,8483039,Tristen Nielsen,COL,C,https://assets.nhle.com/mugs/nhl/20252026/COL/8483039.png,https://assets.nhle.com/logos/nhl/svg/COL_light.svg,57,tristennielsen,4.0,25.216666666667,6.3041666666667,49.97,45.21,52.5,35.69,26.17,57.69,19.04,11.9,61.54,2.38,0.0,100.00,1.23,0.95,56.49,21.41,21.41,50.0,4.76,7.14,40.00,2.38,0.0,100.00,22.21,19.04,53.85,0.0,0.0,-,41.24,30.93,57.14,0.0,0.0,-,12.50,100.0,1.125,7.14,11.9,4.76,66.62,60.00,14.28,11.9,11.9,54.55
934,8482953,Taylor Makar,COL,L,https://assets.nhle.com/mugs/nhl/20252026/COL/8482953.png,https://assets.nhle.com/logos/nhl/svg/COL_light.svg,16,taylormakar,12.0,74.516666666667,6.2097222222222,59.58,57.97,50.68,40.26,42.68,48.54,24.16,26.57,47.62,0.81,0.81,50.00,2.31,3.19,41.97,25.77,33.82,43.24,9.66,15.3,38.71,0.81,0.81,50.00,21.47,24.69,46.51,0.0,0.0,-,51.17,38.38,57.14,0.0,0.0,-,3.33,96.97,1.003,11.27,12.88,4.83,62.0,70.00,15.3,18.52,10.47,59.38
935,8475461,Andrew Agozzino,UTA,L,https://assets.nhle.com/mugs/nhl/20252026/UTA/8475461.png,https://assets.nhle.com/logos/nhl/svg/UTA_light.svg?season=20252026,36,andrewagozzino,2.0,12.266666666667,6.1333333333333,24.46,68.48,26.32,24.46,39.13,38.46,14.67,24.46,37.5,0.0,0.0,-,2.23,2.5,47.09,14.67,29.35,33.33,4.89,9.78,33.33,0.0,0.0,-,13.04,26.09,33.33,0.0,0.0,-,21.2,63.59,25.0,0.0,0.0,-,0.00,100.0,1.0,14.67,9.78,0.0,73.37,100.00,14.67,14.67,14.67,50.0
936,8482673,Xavier Bourgault,OTT,R,https://assets.nhle.com/mugs/nhl/20252026/OTT/8482673.png,https://assets.nhle.com/logos/nhl/svg/OTT_light.svg,53,xavierbourgault,2.0,11.916666666667,5.9583333333333,75.52,45.31,62.5,60.42,40.28,60.0,35.24,25.17,58.33,5.03,10.07,33.33,6.99,2.58,73.06,45.31,25.17,64.29,40.28,10.07,80.00,5.03,5.03,50.00,6.71,20.14,25.0,0.0,6.71,0.00,36.36,29.09,55.56,0.0,0.0,-,14.29,60.0,0.743,10.07,10.07,0.0,70.49,100.00,15.1,10.07,0.0,100.0
937,8482479,Trevor Kuntar,BUF,C,https://assets.nhle.com/mugs/nhl/20252026/BUF/8482479.png,https://assets.nhle.com/logos/nhl/svg/BUF_light.svg,52,trevorkuntar,1.0,5.2,5.2,23.08,138.46,14.29,11.54,126.92,8.33,0.0,80.77,0.0,0.0,11.54,0.00,1.07,10.24,9.5,11.54,80.77,12.5,11.54,34.62,25.00,0.0,11.54,0.00,0.0,61.54,0.0,0.0,0.0,-,16.67,83.33,16.67,0.0,0.0,-,-,85.71,0.86,0.0,0.0,11.54,80.77,0.00,0.0,0.0,11.54,0.0
938,8477073,Kurtis MacDermid,OTT,L,https://assets.nhle.com/mugs/nhl/20252026/OTT/8477073.png,https://assets.nhle.com/logos/nhl/svg/OTT_light.svg,23,kurtismacdermid,19.0,79.833333333333,4.2017543859649,38.33,73.65,34.23,30.06,50.35,37.38,13.53,29.31,31.58,0.75,4.51,14.29,1.61,3.15,33.8,13.53,28.56,32.14,6.01,12.78,32.00,0.0,2.25,0.00,10.02,21.04,32.26,1.0,3.01,25.00,41.25,59.71,40.86,0.0,0.0,-,5.56,84.62,0.902,19.54,21.04,3.01,69.14,86.67,22.55,26.3,10.52,68.18
939,8477419,Mason Geertsen,BUF,L,https://assets.nhle.com/mugs/nhl/20252026/BUF/8477419.png,https://assets.nhle.com/logos/nhl/svg/BUF_light.svg,55,masongeertsen,5.0,20.6,4.12,40.78,52.43,43.75,29.13,32.04,47.62,20.39,26.21,43.75,0.0,2.91,0.00,1.33,2.63,33.58,5.83,32.04,15.38,5.83,11.65,33.33,0.0,2.91,0.00,0.0,27.18,0.0,0.0,0.0,-,42.07,37.86,52.63,0.0,0.0,-,0.00,88.89,0.889,8.74,17.48,14.56,58.25,37.50,17.48,17.48,20.39,46.15
940,,,,,,,,fredericgaudreau,68.0,1097.7666666667,16.14362745098,42.96,72.37,37.25,30.99,51.98,37.35,20.11,32.3,38.37,2.19,3.28,40.00,2.11,3.79,35.75,19.08,33.72,36.13,7.54,14.92,33.58,1.2,1.75,40.74,15.38,25.07,38.02,0.66,0.87,42.86,34.11,72.95,31.86,0.63,1.18,34.78,10.87,89.85,1.007,6.07,11.2,22.9,41.32,20.94,10.49,14.81,35.31,22.91
941,,,,,,,,zachastonreese,27.0,262.8,9.7333333333333,46.35,61.64,42.92,32.19,44.52,41.96,20.78,26.48,43.96,1.37,2.05,40.00,2.1,3.08,40.51,20.32,28.08,41.98,7.08,9.82,41.89,0.68,0.91,42.86,17.66,24.35,42.03,0.91,1.22,42.86,37.27,60.35,38.18,0.0,0.33,0.00,6.59,92.24,0.988,5.02,12.1,12.56,55.02,28.57,8.68,15.98,25.34,25.5
942,,,,,,,,pojoseph,31.0,412.45,13.304838709677,54.41,59.35,47.83,41.61,44.22,48.47,24.0,30.4,44.12,1.75,4.8,26.67,2.53,2.91,46.5,25.02,26.48,48.59,11.06,11.06,50.00,0.58,1.89,23.53,18.62,20.56,47.52,0.97,2.72,26.32,46.44,52.32,47.02,0.63,1.26,33.33,7.27,84.21,0.915,6.4,11.93,5.67,63.57,53.01,14.55,16.58,13.53,51.81
943,,,,,,,,joeveleno,61.0,737.56666666667,12.091256830601,44.25,61.09,42.01,30.83,42.79,41.88,19.04,28.31,40.21,1.55,2.85,35.19,2.48,3.42,42.03,19.85,29.45,40.26,8.3,13.1,38.78,0.41,1.71,19.23,15.4,21.8,41.4,0.87,1.19,42.11,36.66,51.94,41.38,0.59,0.35,62.50,8.12,89.94,0.981,8.79,10.66,12.85,45.47,40.60,13.26,14.89,22.61,36.96
944,,,,,,,,sampoulin,2.0,27.633333333333,13.816666666667,60.8,58.62,50.91,43.43,30.4,58.82,23.88,19.54,55.0,0.0,4.34,0.00,1.89,2.2,46.16,30.4,32.57,48.28,4.34,10.86,28.57,0.0,0.0,-,34.74,28.95,54.55,0.0,5.79,0.00,56.45,40.77,58.06,0.0,0.0,-,0.00,77.78,0.778,4.34,6.51,10.86,43.43,28.57,13.03,10.86,21.71,37.5
945,,,,,,,,yegorchinakhov,72.0,970.55,13.479861111111,61.88,55.02,52.93,45.31,41.17,52.39,28.93,25.66,53.0,3.52,2.97,54.29,3.23,3.06,51.35,31.03,26.89,53.58,13.29,11.31,54.02,1.3,1.17,52.50,23.66,20.77,53.25,2.14,1.24,63.41,50.45,41.97,54.59,0.89,0.89,50.00,12.18,88.43,1.006,10.94,12.36,4.64,48.16,70.24,22.38,17.99,11.99,65.11
946,,,,,,,,maxshabanov,44.0,602.05,13.682954545455,56.81,58.8,49.14,42.95,42.45,50.29,27.71,27.8,49.91,3.09,2.89,51.67,2.85,3.37,45.84,27.61,27.9,49.73,10.17,12.26,45.33,1.3,1.1,54.17,23.25,20.86,52.71,1.59,1.73,48.00,51.25,46.93,52.2,0.86,0.72,54.55,11.15,89.61,1.008,12.26,10.76,7.18,43.15,63.08,19.83,16.44,14.75,57.35
