,PlayerID,Player,Team,Position,Headshot,Team Logo,Jersey Number,playerStripped,GP,TOI,TOI/GP,CF/60,CA/60,CF%,FF/60,FA/60,FF%,SF/60,SA/60,SF%,GF/60,GA/60,GF%,xGF/60,xGA/60,xGF%,SCF/60,SCA/60,SCF%,HDCF/60,HDCA/60,HDCF%,HDGF/60,HDGA/60,HDGF%,MDCF/60,MDCA/60,MDCF%,MDGF/60,MDGA/60,MDGF%,LDCF/60,LDCA/60,LDCF%,LDGF/60,LDGA/60,LDGF%,On-Ice SH%,On-Ice SV%,PDO,Off. Zone Starts/60,Neu. Zone Starts/60,Def. Zone Starts/60,On The Fly Starts/60,Off. Zone Start %,Off. Zone Faceoffs/60,Neu. Zone Faceoffs/60,Def. Zone Faceoffs/60,Off. Zone Faceoff %
0,8478460,Zach Werenski,CBJ,D,https://assets.nhle.com/mugs/nhl/20262027/CBJ/8478460.png,https://assets.nhle.com/logos/nhl/svg/CBJ_light.svg,8,zachwerenski,2.0,60.483333333333,30.241666666667,45.63,67.46,40.35,33.73,44.64,43.04,23.81,31.74,42.86,2.98,1.98,60.00,2.22,3.75,37.17,27.78,31.74,46.67,8.93,13.89,39.13,0.0,0.99,0.00,25.13,23.81,51.35,3.97,0.0,100.00,40.12,60.18,40.0,0.0,1.43,0.00,12.50,93.75,1.063,6.94,17.86,12.9,25.79,35.00,21.82,22.82,29.76,42.31
1,8481605,Jackson LaCombe,ANA,D,https://assets.nhle.com/mugs/nhl/20262027/ANA/8481605.png,https://assets.nhle.com/logos/nhl/svg/ANA_light.svg,2,jacksonlacombe,2.0,58.3,29.15,39.11,63.81,38.0,23.67,44.25,34.85,14.41,26.76,35.0,4.12,4.12,50.00,1.66,3.4,32.87,16.47,32.93,33.33,7.2,14.41,33.33,2.06,4.12,33.33,12.35,24.7,33.33,1.37,0.0,100.00,31.22,47.57,39.62,1.49,0.0,100.00,28.57,84.62,1.132,5.15,12.35,10.29,42.2,33.33,15.44,18.52,23.67,39.47
2,8477495,Seth Jones,FLA,D,https://assets.nhle.com/mugs/nhl/20262027/FLA/8477495.png,https://assets.nhle.com/logos/nhl/svg/FLA_light.svg,3,sethjones,3.0,85.283333333333,28.427777777778,63.32,39.4,61.64,45.03,33.07,57.66,25.33,21.11,54.55,0.0,2.11,0.00,3.6,2.31,60.96,35.88,17.59,67.11,13.37,6.33,67.86,0.0,0.0,-,30.02,15.01,66.67,0.0,1.88,0.00,50.81,35.57,58.82,0.0,1.02,0.00,0.00,90.00,0.9,11.26,10.55,7.74,30.25,59.26,27.44,14.77,17.59,60.94
3,8483485,Denton Mateychuk,CBJ,D,https://assets.nhle.com/mugs/nhl/20262027/CBJ/8483485.png,https://assets.nhle.com/logos/nhl/svg/CBJ_light.svg,5,dentonmateychuk,2.0,55.583333333333,27.791666666667,49.66,46.42,51.69,37.78,35.62,51.47,23.75,23.75,50.0,3.24,3.24,50.00,2.1,1.83,53.46,24.83,17.27,58.97,7.56,5.4,58.33,1.08,0.0,100.00,23.03,15.83,59.26,1.44,1.44,50.00,43.66,38.98,52.83,0.0,3.12,0.00,13.64,86.36,1.0,5.4,17.27,7.56,32.38,41.67,17.27,23.75,20.51,45.71
4,8483457,Lane Hutson,MTL,D,https://assets.nhle.com/mugs/nhl/20262027/MTL/8483457.png,https://assets.nhle.com/logos/nhl/svg/MTL_light.svg,48,lanehutson,3.0,82.566666666667,27.522222222222,66.86,43.6,60.53,47.96,29.79,61.68,29.79,23.25,56.16,4.36,2.91,60.00,3.0,3.56,45.77,28.34,20.35,58.21,10.9,13.81,44.12,2.18,2.18,50.00,23.25,8.72,72.73,0.97,0.97,50.00,69.28,32.54,68.04,2.1,0.0,100.00,14.63,87.50,1.021,11.63,10.17,5.09,30.52,69.57,27.61,17.44,10.9,71.7
5,8480839,Rasmus Dahlin,BUF,D,https://assets.nhle.com/mugs/nhl/20262027/BUF/8480839.png,https://assets.nhle.com/logos/nhl/svg/BUF_light.svg,26,rasmusdahlin,3.0,80.6,26.866666666667,61.04,33.5,64.57,43.92,26.05,62.77,24.57,15.63,61.11,2.23,1.49,60.00,3.56,1.37,72.27,32.01,17.87,64.18,11.91,5.21,69.57,0.74,0.0,100.00,26.8,16.87,61.36,1.99,1.99,50.00,55.91,24.73,69.33,0.0,0.0,-,9.09,90.48,0.996,14.89,11.17,6.7,30.52,68.97,30.52,24.57,13.4,69.49
6,8483482,Tristan Luneau,ANA,D,https://assets.nhle.com/mugs/nhl/20262027/ANA/8483482.png,https://assets.nhle.com/logos/nhl/svg/ANA_light.svg,67,tristanluneau,2.0,53.566666666667,26.783333333333,48.16,79.53,37.72,31.36,58.25,35.0,17.92,38.08,32.0,3.36,2.24,60.00,2.35,4.55,34.03,21.28,41.44,33.93,10.08,15.68,39.13,3.36,2.24,60.00,14.93,34.35,30.3,0.0,0.0,-,38.83,58.25,40.0,0.0,0.0,-,18.75,94.12,1.129,4.48,10.08,12.32,44.8,26.67,14.56,14.56,26.88,35.14
7,8482671,Owen Power,BUF,D,https://assets.nhle.com/mugs/nhl/20262027/BUF/8482671.png,https://assets.nhle.com/logos/nhl/svg/BUF_light.svg,25,owenpower,3.0,78.966666666667,26.322222222222,64.58,42.55,60.28,50.15,30.39,62.26,32.67,20.51,61.43,4.56,3.8,54.55,4.03,1.61,71.49,39.51,19.0,67.53,15.2,6.08,71.43,1.52,1.52,50.00,32.42,17.22,65.31,3.04,3.04,50.00,41.71,36.22,53.52,1.1,0.0,100.00,13.95,81.48,0.954,7.6,10.64,6.84,44.07,52.63,22.79,15.96,14.44,61.22
8,8480800,Quinn Hughes,MIN,D,https://assets.nhle.com/mugs/nhl/20262027/MIN/8480800.png,https://assets.nhle.com/logos/nhl/svg/MIN_light.svg,43,quinnhughes,3.0,79.383333333333,26.461111111111,72.56,43.84,62.34,51.4,37.04,58.12,34.77,23.43,59.74,3.78,0.76,83.33,3.62,2.45,59.63,39.3,22.67,63.41,10.58,10.58,50.00,1.51,0.0,100.00,38.3,16.12,70.37,2.02,1.01,66.67,66.6,33.84,66.3,1.09,0.0,100.00,10.87,96.77,1.076,12.09,9.07,2.27,30.99,84.21,36.28,15.12,10.58,77.42
9,8479425,Filip Hronek,VAN,D,https://assets.nhle.com/mugs/nhl/20262027/VAN/8479425.png,https://assets.nhle.com/logos/nhl/svg/VAN_light.svg,17,filiphronek,4.0,103.45,25.8625,51.04,67.86,42.93,34.8,44.08,44.12,29.0,30.16,49.02,6.38,5.8,52.38,3.42,3.45,49.77,24.36,35.38,40.78,11.6,11.6,50.00,2.9,1.16,71.43,17.01,31.71,34.92,2.32,3.87,37.50,40.21,59.48,40.34,2.51,2.51,50.00,22.00,80.77,1.028,9.28,13.92,15.08,34.22,38.10,17.98,22.04,30.74,36.9
10,8478469,Thomas Chabot,OTT,D,https://assets.nhle.com/mugs/nhl/20262027/OTT/8478469.png,https://assets.nhle.com/logos/nhl/svg/OTT_light.svg,72,thomaschabot,3.0,77.583333333333,25.861111111111,64.96,61.87,51.22,48.72,42.53,53.39,31.71,27.07,53.95,5.41,3.87,58.33,3.56,3.07,53.7,32.48,28.61,53.16,13.15,9.28,58.62,3.87,1.55,71.43,25.78,25.78,50.0,2.06,1.03,66.67,63.67,52.5,54.81,0.0,2.23,0.00,17.07,85.71,1.028,10.05,6.96,11.6,44.08,46.43,24.75,12.37,22.43,52.46
11,8480803,Evan Bouchard,EDM,D,https://assets.nhle.com/mugs/nhl/20262027/EDM/8480803.png,https://assets.nhle.com/logos/nhl/svg/EDM_light.svg,2,evanbouchard,3.0,77.05,25.683333333333,82.54,24.92,76.81,55.29,17.13,76.34,40.49,13.24,75.36,8.57,1.56,84.62,4.75,1.0,82.55,45.94,10.9,80.82,16.35,4.67,77.78,3.89,0.78,83.33,39.45,8.31,82.61,2.08,1.04,66.67,71.99,20.25,78.05,4.5,0.0,100.00,21.15,88.24,1.094,18.69,14.8,4.67,30.37,80.00,35.82,17.91,8.57,80.7
12,8474600,Roman Josi,NSH,D,https://assets.nhle.com/mugs/nhl/20262027/NSH/8474600.png,https://assets.nhle.com/logos/nhl/svg/NSH_light.svg,59,romanjosi,3.0,76.616666666667,25.538888888889,43.85,68.13,39.16,31.32,54.82,36.36,15.66,36.81,29.85,2.35,3.13,42.86,2.31,3.19,41.93,20.36,35.24,36.62,9.4,15.66,37.50,0.78,3.13,20.00,14.62,26.1,35.9,1.04,0.0,100.00,47.51,54.3,46.67,1.13,0.0,100.00,15.00,91.49,1.065,12.53,6.26,5.48,36.81,69.57,25.84,10.96,18.01,58.93
13,8481542,Moritz Seider,DET,D,https://assets.nhle.com/mugs/nhl/20262027/DET/8481542.png,https://assets.nhle.com/logos/nhl/svg/DET_light.svg,53,moritzseider,3.0,74.916666666667,24.972222222222,64.07,48.05,57.14,45.65,32.04,58.76,31.23,20.02,60.94,2.4,2.4,50.00,3.43,2.58,57.07,28.83,24.03,54.55,7.21,6.41,52.94,0.8,1.6,33.33,28.83,23.49,55.1,1.07,0.0,100.00,68.25,40.49,62.77,1.16,0.0,100.00,7.69,88.00,0.957,11.21,12.81,8.01,38.44,58.33,26.43,17.62,17.62,60.0
14,8476875,Mike Matheson,MTL,D,https://assets.nhle.com/mugs/nhl/20262027/MTL/8476875.png,https://assets.nhle.com/logos/nhl/svg/MTL_light.svg,8,michaelmatheson,3.0,74.05,24.683333333333,44.56,64.01,41.04,33.22,50.24,39.81,21.07,34.03,38.24,2.43,6.48,27.27,3.41,4.39,43.7,21.88,33.22,39.71,12.96,13.77,48.48,1.62,3.24,33.33,11.88,25.93,31.43,1.08,3.24,25.00,25.75,58.52,30.56,0.0,1.17,0.00,11.54,80.95,0.925,1.62,19.45,15.4,34.03,9.52,8.1,25.12,35.65,18.52
15,8477948,Travis Sanheim,PHI,D,https://assets.nhle.com/mugs/nhl/20262027/PHI/8477948.png,https://assets.nhle.com/logos/nhl/svg/PHI_light.svg,6,travissanheim,4.0,98.183333333333,24.545833333333,41.55,91.05,31.34,29.94,71.5,29.52,20.78,50.11,29.31,1.83,6.11,23.08,1.61,5.42,22.89,18.94,51.94,26.72,5.5,22.61,19.57,0.61,2.44,20.00,17.93,39.11,31.43,0.81,4.89,14.29,34.43,75.03,31.45,0.88,0.0,100.00,8.82,87.80,0.966,1.83,14.06,14.06,41.55,11.54,9.78,20.78,36.67,21.05
16,8485366,Matthew Schaefer,NYI,D,https://assets.nhle.com/mugs/nhl/20262027/NYI/8485366.png,https://assets.nhle.com/logos/nhl/svg/NYI_light.svg,48,mattschaefer,3.0,73.366666666667,24.455555555556,79.33,41.71,65.54,53.16,34.35,60.75,29.44,22.08,57.14,4.09,2.45,62.50,3.83,3.19,54.57,40.89,21.26,65.79,14.72,9.0,62.07,2.45,0.0,100.00,34.89,16.36,68.09,2.18,1.09,66.67,64.97,38.98,62.5,0.0,2.36,0.00,13.89,88.89,1.028,9.0,8.18,6.54,41.71,57.89,18.81,15.54,18.81,50.0
17,8482684,Luke Hughes,NJD,D,https://assets.nhle.com/mugs/nhl/20262027/NJD/8482684.png,https://assets.nhle.com/logos/nhl/svg/NJD_light.svg,43,lukehughes,3.0,72.183333333333,24.061111111111,86.45,34.91,71.23,58.19,29.09,66.67,41.56,20.78,66.67,2.49,1.66,60.00,4.37,2.12,67.36,48.21,19.95,70.73,19.12,8.31,69.70,1.66,1.66,50.00,38.79,15.52,71.43,1.11,0.0,100.00,70.84,25.21,73.75,0.0,0.0,-,6.00,92.00,0.98,13.3,11.64,5.82,31.59,69.57,34.08,17.46,9.14,78.85
18,8480036,Miro Heiskanen,DAL,D,https://assets.nhle.com/mugs/nhl/20262027/DAL/8480036.png,https://assets.nhle.com/logos/nhl/svg/DAL_light.svg,4,miroheiskanen,3.0,71.95,23.983333333333,70.88,38.36,64.89,50.87,23.35,68.54,33.36,22.52,59.7,3.34,2.5,57.14,4.6,2.48,64.92,38.36,15.01,71.88,16.68,6.67,71.43,0.83,0.83,50.00,28.91,11.12,72.22,3.34,1.11,75.00,66.25,38.55,63.22,0.0,1.2,0.00,10.00,88.89,0.989,15.01,9.17,10.84,23.35,58.06,29.19,16.68,17.51,62.5
19,8481524,Bowen Byram,CHI,D,https://assets.nhle.com/mugs/nhl/20262027/CHI/8481524.png,https://assets.nhle.com/logos/nhl/svg/CHI_light.svg,24,bowenbyram,3.0,71.316666666667,23.772222222222,47.11,58.05,44.8,35.34,48.8,42.0,18.51,29.45,38.6,0.84,4.21,16.67,2.25,4.41,33.76,21.87,31.13,41.27,7.57,14.3,34.62,0.0,4.21,0.00,19.07,22.44,45.95,1.12,0.0,100.00,51.04,47.39,51.85,0.0,0.0,-,4.55,85.71,0.903,15.14,13.46,5.89,30.29,72.00,30.29,16.83,10.94,73.47
20,8478402,Connor McDavid,EDM,C,https://assets.nhle.com/mugs/nhl/20262027/EDM/8478402.png,https://assets.nhle.com/logos/nhl/svg/EDM_light.svg,97,connormcdavid,3.0,71.183333333333,23.727777777778,83.45,35.4,70.21,56.47,25.29,69.07,42.99,20.23,68.0,10.11,3.37,75.00,4.89,1.72,73.97,47.2,18.54,71.79,16.01,5.9,73.08,3.37,1.69,66.67,41.58,16.86,71.15,3.37,2.25,60.00,73.05,18.26,80.0,4.87,0.0,100.00,23.53,83.33,1.069,15.17,15.17,5.06,34.56,75.00,35.4,16.86,7.59,82.35
21,8477504,Josh Morrissey,WPG,D,https://assets.nhle.com/mugs/nhl/20262027/WPG/8477504.png,https://assets.nhle.com/logos/nhl/svg/WPG_light.svg,44,joshmorrissey,3.0,70.75,23.583333333333,84.81,60.21,58.48,66.15,45.8,59.09,41.55,23.75,63.64,4.24,1.7,71.43,6.65,2.72,70.95,56.82,29.68,65.69,22.05,14.42,60.47,1.7,0.85,66.67,46.36,20.35,69.49,3.39,0.0,100.00,64.92,50.22,56.38,0.0,1.22,0.00,10.20,92.86,1.031,12.72,10.18,9.33,42.4,57.69,33.92,14.42,14.42,70.18
22,8477986,Brandon Montour,SEA,D,https://assets.nhle.com/mugs/nhl/20262027/SEA/8477986.png,https://assets.nhle.com/logos/nhl/svg/SEA_light.svg,62,brandonmontour,3.0,70.733333333333,23.577777777778,57.68,53.44,51.91,45.81,41.56,52.43,30.54,26.3,53.73,4.24,2.54,62.50,2.84,2.6,52.17,30.54,23.75,56.25,13.57,6.79,66.67,2.54,0.85,75.00,22.62,22.62,50.0,1.13,0.0,100.00,44.11,50.24,46.75,1.23,1.23,50.00,13.89,90.32,1.042,6.79,4.24,5.09,43.26,57.14,21.21,9.33,16.97,55.56
23,8481606,Jordan Spence,OTT,D,https://assets.nhle.com/mugs/nhl/20262027/OTT/8481606.png,https://assets.nhle.com/logos/nhl/svg/OTT_light.svg,10,jordanspence,3.0,69.8,23.266666666667,49.0,72.21,40.43,38.68,54.15,41.67,22.35,37.82,37.14,3.44,5.16,40.00,2.57,4.13,38.3,24.93,37.82,39.73,8.6,14.61,37.04,2.58,1.72,60.00,21.78,30.95,41.3,1.15,2.29,33.33,39.73,54.63,42.11,0.0,2.48,0.00,15.38,86.36,1.017,4.3,6.02,12.89,51.58,25.00,12.03,9.46,22.35,35.0
24,8478178,Darren Raddysh,TOR,D,https://assets.nhle.com/mugs/nhl/20262027/TOR/8478178.png,https://assets.nhle.com/logos/nhl/svg/TOR_light.svg,43,darrenraddysh,4.0,93.0,23.25,78.71,45.16,63.54,57.42,34.19,62.68,40.65,22.58,64.29,3.23,3.87,45.45,4.36,2.42,64.35,44.52,20.0,69.0,23.23,7.74,75.00,2.58,2.58,50.00,28.39,16.34,63.46,0.0,0.86,0.00,68.03,29.82,69.52,0.93,0.93,50.00,7.94,82.86,0.908,14.84,8.39,3.23,38.06,82.14,35.48,16.77,5.16,87.3
25,8480817,K'Andre Miller,CAR,D,https://assets.nhle.com/mugs/nhl/20262027/CAR/8480817.png,https://assets.nhle.com/logos/nhl/svg/CAR_light.svg,19,kandremiller,4.0,92.85,23.2125,58.8,49.11,54.49,38.77,34.25,53.1,24.56,24.56,50.0,1.29,3.88,25.00,3.19,2.52,55.82,27.79,24.56,53.09,16.16,11.63,58.14,1.29,1.29,50.00,15.51,17.23,47.37,0.0,1.72,0.00,44.8,36.4,55.17,0.0,1.87,0.00,5.26,84.21,0.895,6.46,8.4,7.75,48.47,45.45,16.8,14.86,15.51,52.0
26,8480865,Noah Dobson,MTL,D,https://assets.nhle.com/mugs/nhl/20262027/MTL/8480865.png,https://assets.nhle.com/logos/nhl/svg/MTL_light.svg,53,noahdobson,3.0,69.283333333333,23.094444444444,48.5,65.82,42.42,32.91,50.23,39.58,15.59,36.37,30.0,2.6,6.06,30.00,2.9,4.1,41.47,20.78,32.04,39.34,9.53,14.72,39.29,1.73,2.6,40.00,15.01,23.09,39.39,1.15,3.46,25.00,35.03,55.04,38.89,0.0,1.25,0.00,16.67,83.33,1.0,4.33,25.11,10.39,35.51,29.41,12.99,32.04,24.25,34.88
27,8475764,Cam Fowler,STL,D,https://assets.nhle.com/mugs/nhl/20262027/STL/8475764.png,https://assets.nhle.com/logos/nhl/svg/STL_light.svg,17,camfowler,3.0,69.1,23.033333333333,54.7,45.15,54.78,36.47,31.26,53.85,25.18,19.97,55.77,0.87,0.87,50.00,2.74,1.84,59.78,22.58,17.37,56.52,8.68,4.34,66.67,0.0,0.0,-,18.52,17.37,51.61,0.0,1.16,0.00,45.15,56.44,44.44,0.0,0.0,-,3.45,95.65,0.991,7.81,11.29,14.76,37.34,34.62,18.23,17.37,22.58,44.68
28,8479345,Jakob Chychrun,WSH,D,https://assets.nhle.com/mugs/nhl/20262027/WSH/8479345.png,https://assets.nhle.com/logos/nhl/svg/WSH_secondary_light.svg,6,jakobchychrun,2.0,46.033333333333,23.016666666667,65.17,50.83,56.18,44.32,37.8,53.97,27.37,19.55,58.33,3.91,2.61,60.00,3.8,2.84,57.21,35.19,20.85,62.79,18.25,6.52,73.68,2.61,0.0,100.00,22.59,19.12,54.17,0.0,1.74,0.00,47.07,52.72,47.17,1.88,0.0,100.00,14.29,86.67,1.01,14.34,10.43,9.12,31.28,61.11,22.16,16.94,18.25,54.84
29,8476453,Nikita Kucherov,TBL,R,https://assets.nhle.com/mugs/nhl/20262027/TBL/8476453.png,https://assets.nhle.com/logos/nhl/svg/TBL_light.svg,86,nikitakucherov,3.0,68.866666666667,22.955555555556,81.9,40.95,66.67,61.86,24.39,71.72,33.98,15.68,68.42,3.48,1.74,66.67,5.92,3.03,66.16,46.18,18.3,71.62,16.55,6.97,70.37,1.74,0.87,66.67,39.5,15.1,72.34,1.16,0.0,100.00,66.7,21.39,75.71,0.0,0.0,-,10.26,88.89,0.991,14.81,3.48,5.23,28.75,73.91,33.98,10.45,7.84,81.25
30,8480145,Neal Pionk,WPG,D,https://assets.nhle.com/mugs/nhl/20262027/WPG/8480145.png,https://assets.nhle.com/logos/nhl/svg/WPG_light.svg,4,nealpionk,3.0,68.566666666667,22.855555555556,52.5,77.88,40.27,43.75,56.0,43.86,29.75,39.38,43.04,1.75,4.38,28.57,2.62,5.05,34.17,17.5,45.5,27.78,8.75,18.38,32.26,0.0,3.5,0.00,11.67,36.17,24.39,1.17,1.17,50.00,53.09,65.73,44.68,1.26,0.0,100.00,5.88,88.89,0.948,4.38,14.0,16.63,42.88,20.83,14.88,20.13,25.38,36.96
31,8481581,Thomas Harley,DAL,D,https://assets.nhle.com/mugs/nhl/20262027/DAL/8481581.png,https://assets.nhle.com/logos/nhl/svg/DAL_light.svg,55,thomasharley,3.0,68.45,22.816666666667,61.36,35.06,63.64,42.07,24.54,63.16,24.54,17.53,58.33,2.63,2.63,50.00,2.71,2.24,54.71,28.05,17.53,61.54,14.02,9.64,59.26,0.0,0.88,0.00,18.7,10.52,64.0,3.51,1.17,75.00,56.98,26.59,68.18,0.0,0.0,-,10.71,85.00,0.957,13.15,4.38,6.14,36.82,68.18,24.54,10.52,18.41,57.14
32,8481559,Jack Hughes,NJD,C,https://assets.nhle.com/mugs/nhl/20262027/NJD/8481559.png,https://assets.nhle.com/logos/nhl/svg/NJD_light.svg,86,jackhughes,3.0,68.35,22.783333333333,84.27,35.11,70.59,56.18,26.34,68.09,43.01,19.31,69.01,2.63,2.63,50.00,4.61,1.92,70.62,46.53,21.07,68.83,18.43,9.66,65.63,1.76,2.63,40.00,37.45,15.22,71.11,0.0,0.0,-,60.86,17.75,77.42,1.27,0.0,100.00,6.12,86.36,0.925,8.78,7.02,0.88,42.14,90.91,28.97,12.29,2.63,91.67
33,8477447,Shea Theodore,VGK,D,https://assets.nhle.com/mugs/nhl/20262027/VGK/8477447.png,https://assets.nhle.com/logos/nhl/svg/VGK_light.svg,27,sheatheodore,3.0,68.216666666667,22.738888888889,65.97,46.62,58.59,45.74,34.3,57.14,29.9,25.51,53.97,7.92,2.64,75.00,4.74,2.71,63.68,36.06,26.39,57.75,21.11,10.55,66.67,6.16,1.76,77.78,19.94,21.11,48.57,0.0,1.17,0.00,53.36,29.22,64.62,2.54,0.0,100.00,26.47,89.66,1.161,11.43,11.43,6.16,39.58,65.00,20.23,16.71,17.59,53.49
34,8481546,Cam York,PHI,D,https://assets.nhle.com/mugs/nhl/20262027/PHI/8481546.png,https://assets.nhle.com/logos/nhl/svg/PHI_light.svg,8,camyork,4.0,90.833333333333,22.708333333333,35.01,79.27,30.64,24.44,56.81,30.08,15.85,41.61,27.59,0.66,5.94,10.00,1.66,5.36,23.62,15.19,42.28,26.44,5.94,19.82,23.08,0.66,2.64,20.00,12.33,29.94,29.17,0.0,3.52,0.00,34.35,67.74,33.64,0.0,0.95,0.00,4.17,85.71,0.899,6.61,8.59,17.83,44.26,27.03,15.19,14.53,37.65,28.75
35,8478854,Ryan Shea,EDM,D,https://assets.nhle.com/mugs/nhl/20262027/EDM/8478854.png,https://assets.nhle.com/logos/nhl/svg/EDM_light.svg,6,ryanshea,3.0,67.283333333333,22.427777777778,55.29,43.7,55.86,39.24,32.99,54.32,29.43,24.08,55.0,7.13,3.57,66.67,2.84,2.19,56.46,23.19,23.19,50.0,8.03,7.13,52.94,4.46,1.78,71.43,20.21,21.4,48.57,1.19,1.19,50.00,50.24,30.91,61.9,2.58,1.29,66.67,24.24,85.19,1.094,8.92,17.84,4.46,50.83,66.67,16.94,23.19,16.94,50.0
36,8479318,Auston Matthews,TOR,C,https://assets.nhle.com/mugs/nhl/20262027/TOR/8479318.png,https://assets.nhle.com/logos/nhl/svg/TOR_light.svg,34,austonmatts,4.0,89.616666666667,22.404166666667,70.3,42.18,62.5,52.89,31.47,62.7,36.82,17.41,67.9,4.02,2.01,66.67,4.84,2.67,64.48,44.86,17.41,72.04,24.77,8.03,75.51,3.35,1.34,71.43,26.78,12.5,68.18,0.89,0.89,50.00,55.12,30.95,64.04,0.0,0.0,-,10.91,88.46,0.994,14.73,12.05,1.34,30.8,91.67,33.48,20.76,6.7,83.33
37,8484801,Macklin Celebrini,SJS,C,https://assets.nhle.com/mugs/nhl/20262027/SJS/8484801.png,https://assets.nhle.com/logos/nhl/svg/SJS_light.svg,71,macklincelebrini,2.0,44.65,22.325,72.56,52.41,58.06,57.78,36.28,61.43,43.0,24.19,64.0,8.06,2.69,75.00,4.01,2.09,65.79,38.97,24.19,61.7,9.41,9.41,50.00,2.69,1.34,66.67,39.42,19.71,66.67,3.58,1.79,66.67,60.17,50.47,54.39,3.88,0.0,100.00,18.75,88.89,1.076,13.44,8.06,9.41,33.59,58.82,28.22,14.78,20.16,58.33
38,8477933,Sam Reinhart,FLA,C,https://assets.nhle.com/mugs/nhl/20262027/FLA/8477933.png,https://assets.nhle.com/logos/nhl/svg/FLA_light.svg,13,samreinhart,3.0,66.816666666667,22.272222222222,72.74,35.92,66.94,50.29,25.14,66.67,28.74,17.96,61.54,0.0,0.9,0.00,3.89,1.52,71.9,36.82,16.16,69.49,12.57,4.49,73.68,0.0,0.0,-,32.33,15.56,67.5,0.0,1.2,0.00,59.67,28.54,67.65,0.0,0.0,-,0.00,95.00,0.95,17.96,12.57,5.39,30.53,76.92,29.63,17.06,11.67,71.74
39,8476462,Dougie Hamilton,NJD,D,https://assets.nhle.com/mugs/nhl/20262027/NJD/8476462.png,https://assets.nhle.com/logos/nhl/svg/NJD_light.svg,7,dougiehamilton,3.0,66.55,22.183333333333,82.95,55.0,60.13,60.41,41.47,59.29,45.08,32.46,58.14,1.8,6.31,22.22,4.25,3.72,53.32,41.47,25.24,62.16,16.23,15.33,51.43,0.9,5.41,14.29,33.66,13.22,71.79,0.0,0.0,-,70.32,46.88,60.0,1.3,1.3,50.00,4.00,80.56,0.846,14.43,11.72,9.92,33.36,59.26,27.05,21.64,18.03,60.0
40,8476331,Dylan DeMelo,WPG,D,https://assets.nhle.com/mugs/nhl/20262027/WPG/8476331.png,https://assets.nhle.com/logos/nhl/svg/WPG_light.svg,2,dylandemelo,3.0,66.166666666667,22.055555555556,51.69,80.71,39.04,46.25,61.66,42.86,25.39,32.64,43.75,1.81,1.81,50.00,3.68,4.02,47.74,31.74,37.18,46.05,14.51,18.14,44.44,0.91,0.91,50.00,22.97,25.39,47.5,0.0,0.0,-,40.6,79.9,33.7,1.31,1.31,50.00,7.14,94.44,1.016,10.88,10.88,14.51,42.62,42.86,23.58,16.32,27.2,46.43
41,8479542,Brandon Hagel,TBL,L,https://assets.nhle.com/mugs/nhl/20262027/TBL/8479542.png,https://assets.nhle.com/logos/nhl/svg/TBL_light.svg,38,brandonhagel,3.0,65.966666666667,21.988888888889,80.04,52.75,60.27,51.84,35.47,59.38,36.38,20.01,64.52,2.73,1.82,60.00,5.38,4.44,54.76,48.21,28.2,63.1,20.01,10.01,66.67,0.91,0.91,50.00,37.59,24.25,60.78,2.43,0.0,100.00,65.69,36.79,64.1,0.0,0.0,-,7.50,90.91,0.984,14.55,10.01,6.37,31.83,69.57,34.56,11.82,10.91,76.0
42,8481598,Philip Broberg,STL,D,https://assets.nhle.com/mugs/nhl/20262027/STL/8481598.png,https://assets.nhle.com/logos/nhl/svg/STL_light.svg,6,philipbroberg,3.0,65.833333333333,21.944444444444,51.95,57.42,47.5,32.81,43.75,42.86,21.87,26.43,45.28,2.73,6.38,30.00,2.61,4.61,36.13,23.7,32.81,41.94,10.94,20.96,34.29,0.91,4.56,16.67,17.01,15.8,51.85,1.22,2.43,33.33,40.81,53.97,43.06,1.32,0.0,100.00,12.50,75.86,0.884,6.38,13.67,16.41,35.54,28.00,19.14,22.78,28.25,40.38
43,8477934,Leon Draisaitl,EDM,C,https://assets.nhle.com/mugs/nhl/20262027/EDM/8477934.png,https://assets.nhle.com/logos/nhl/svg/EDM_light.svg,29,leondraisaitl,3.0,65.7,21.9,91.32,20.09,81.97,63.01,16.44,79.31,46.58,11.87,79.69,8.22,1.83,81.82,5.45,0.88,86.14,53.88,9.13,85.51,15.53,2.74,85.00,3.65,0.0,100.00,51.14,8.52,85.71,2.44,1.22,66.67,73.87,15.83,82.35,2.64,1.32,66.67,17.65,84.62,1.023,16.44,14.61,5.48,31.05,75.00,37.44,16.44,9.13,80.39
44,8478483,Mitch Marner,VGK,R,https://assets.nhle.com/mugs/nhl/20262027/VGK/8478483.png,https://assets.nhle.com/logos/nhl/svg/VGK_light.svg,93,mitchmarner,3.0,65.65,21.883333333333,60.32,36.56,62.26,43.87,27.42,61.54,29.25,14.62,66.67,2.74,0.91,75.00,3.5,1.58,68.89,36.56,13.71,72.73,12.8,4.57,73.68,1.83,0.0,100.00,31.68,12.19,72.22,1.22,1.22,50.00,54.13,27.72,66.13,0.0,0.0,-,9.38,93.75,1.031,11.88,9.14,7.31,31.99,61.90,26.5,12.8,12.8,67.44
45,8475158,Ryan O'Reilly,NSH,C,https://assets.nhle.com/mugs/nhl/20262027/NSH/8475158.png,https://assets.nhle.com/logos/nhl/svg/NSH_light.svg,90,ryanoreilly,3.0,65.616666666667,21.872222222222,49.38,61.26,44.63,37.49,48.46,43.62,25.6,32.92,43.75,3.66,4.57,44.44,2.9,3.35,46.44,26.52,31.09,46.03,10.97,13.72,44.44,0.91,1.83,33.33,20.73,23.16,47.22,2.44,2.44,50.00,40.94,56.79,41.89,1.32,1.32,50.00,14.29,86.11,1.004,11.89,13.72,14.63,34.75,44.83,21.03,20.12,29.26,41.82
46,8476958,Jaccob Slavin,CAR,D,https://assets.nhle.com/mugs/nhl/20262027/CAR/8476958.png,https://assets.nhle.com/logos/nhl/svg/CAR_light.svg,74,jaccobslavin,4.0,87.133333333333,21.783333333333,61.29,46.14,57.05,46.14,32.36,58.77,33.74,19.28,63.64,3.44,2.07,62.50,4.17,2.25,64.93,26.17,24.79,51.35,8.95,9.64,48.15,2.07,1.38,60.00,22.95,20.2,53.19,1.84,0.0,100.00,57.69,36.8,61.05,0.0,0.99,0.00,10.20,89.29,0.995,6.2,11.71,11.02,40.63,36.00,21.35,23.41,20.66,50.82
47,8479314,Matthew Tkachuk,FLA,L,https://assets.nhle.com/mugs/nhl/20262027/FLA/8479314.png,https://assets.nhle.com/logos/nhl/svg/FLA_light.svg,19,matttkachuk,3.0,65.266666666667,21.755555555556,75.38,31.26,70.69,52.4,23.9,68.67,25.74,15.63,62.22,1.84,0.92,66.67,4.94,1.77,73.66,38.61,17.47,68.85,17.47,6.44,73.08,0.92,0.0,100.00,28.19,14.71,65.71,1.23,1.23,50.00,67.72,21.25,76.12,0.0,0.0,-,7.14,94.12,1.013,11.03,10.11,2.76,36.77,80.00,24.82,15.63,9.19,72.97
48,8480807,Mattias Samuelsson,BUF,D,https://assets.nhle.com/mugs/nhl/20262027/BUF/8480807.png,https://assets.nhle.com/logos/nhl/svg/BUF_light.svg,23,mattiassamuelsson,3.0,65.216666666667,21.738888888889,54.28,43.24,55.66,39.56,32.2,55.13,23.0,19.32,54.35,1.84,4.6,28.57,3.12,1.82,63.2,28.52,20.24,58.49,10.12,5.52,64.71,0.0,1.84,0.00,24.53,19.63,55.56,2.45,1.23,66.67,39.87,43.85,47.62,0.0,1.33,0.00,8.00,76.19,0.842,7.36,14.72,13.8,34.04,34.78,17.48,26.68,22.08,44.19
49,8484798,Zeev Buium,VAN,D,https://assets.nhle.com/mugs/nhl/20262027/VAN/8484798.png,https://assets.nhle.com/logos/nhl/svg/VAN_light.svg,8,zeevbuium,4.0,86.666666666667,21.666666666667,51.23,57.46,47.13,37.38,38.77,49.09,28.38,25.62,52.56,3.46,4.85,41.67,2.69,2.8,49.0,22.85,28.38,44.59,9.0,11.08,44.83,2.77,3.46,44.44,18.46,23.08,44.44,0.0,0.0,-,40.0,43.0,48.19,1.0,2.0,33.33,12.20,81.08,0.933,6.92,18.69,5.54,42.23,55.56,18.69,23.54,13.15,58.7
50,8477220,Nate Schmidt,UTA,D,https://assets.nhle.com/mugs/nhl/20262027/UTA/8477220.png,https://assets.nhle.com/logos/nhl/svg/UTA_light.svg,88,nathanschmidt,4.0,86.583333333333,21.645833333333,51.97,54.05,49.02,33.26,36.73,47.52,20.1,22.18,47.54,2.08,2.77,42.86,2.84,2.32,55.07,27.03,27.72,49.37,10.39,9.7,51.72,1.39,2.08,40.00,22.18,24.02,48.0,0.0,0.0,-,40.04,55.05,42.11,1.0,1.0,50.00,10.34,87.50,0.978,11.09,13.17,12.47,53.36,47.06,20.1,17.32,24.95,44.62
51,8478864,Kirill Kaprizov,MIN,L,https://assets.nhle.com/mugs/nhl/20262027/MIN/8478864.png,https://assets.nhle.com/logos/nhl/svg/MIN_light.svg,97,kirillkaprizov,3.0,64.666666666667,21.555555555556,63.09,42.68,59.65,42.68,29.69,58.97,25.98,17.63,59.57,2.78,0.93,75.00,4.84,2.18,68.96,38.97,22.27,63.64,11.13,9.28,54.55,1.86,0.0,100.00,37.11,17.32,68.18,1.24,1.24,50.00,52.27,32.16,61.9,0.0,0.0,-,10.71,94.74,1.055,12.06,8.35,0.93,35.26,92.86,31.55,12.06,9.28,77.27
52,8478882,Vladislav Gavrikov,NYR,D,https://assets.nhle.com/mugs/nhl/20262027/NYR/8478882.png,https://assets.nhle.com/logos/nhl/svg/NYR_light.svg,44,vladislavgavrikov,5.0,107.73333333333,21.546666666667,50.12,52.91,48.65,35.64,33.42,51.61,25.62,20.05,56.1,3.9,2.23,63.64,4.21,2.38,63.85,22.83,31.75,41.84,8.35,8.35,50.00,0.56,0.0,100.00,19.31,31.19,38.24,1.49,2.97,33.33,44.25,41.03,51.89,2.41,0.0,100.00,15.22,88.89,1.041,8.91,17.82,12.25,33.97,42.11,18.38,22.83,26.73,40.74
53,8478055,Gustav Forsling,FLA,D,https://assets.nhle.com/mugs/nhl/20262027/FLA/8478055.png,https://assets.nhle.com/logos/nhl/svg/FLA_light.svg,42,gustavforsling,2.0,43.083333333333,21.541666666667,48.74,57.1,46.05,26.46,38.99,40.43,19.5,25.07,43.75,1.39,0.0,100.00,1.07,3.39,24.02,15.32,34.82,30.56,2.79,19.5,12.50,0.0,0.0,-,16.71,20.43,45.0,0.0,0.0,-,48.28,40.23,54.55,2.01,0.0,100.00,7.14,100.00,1.071,2.79,8.36,11.14,51.53,20.00,18.1,15.32,22.28,44.83
54,8478859,Niko Mikkola,FLA,D,https://assets.nhle.com/mugs/nhl/20262027/FLA/8478859.png,https://assets.nhle.com/logos/nhl/svg/FLA_light.svg,77,nikomikkola,3.0,64.516666666667,21.505555555556,46.5,53.01,46.73,29.76,39.06,43.24,16.74,25.11,40.0,0.0,1.86,0.00,1.72,3.17,35.07,20.46,28.83,41.51,8.37,11.16,42.86,0.0,0.0,-,16.12,23.56,40.63,0.0,1.24,0.00,41.64,42.99,49.21,0.0,1.34,0.00,0.00,92.59,0.926,7.44,12.09,11.16,44.64,40.00,22.32,16.74,23.25,48.98
55,8477429,Andrew Copp,DET,C,https://assets.nhle.com/mugs/nhl/20262027/DET/8477429.png,https://assets.nhle.com/logos/nhl/svg/DET_light.svg,18,andrewcopp,3.0,64.416666666667,21.472222222222,58.68,60.54,49.22,40.98,45.64,47.31,27.01,28.87,48.33,1.86,3.73,33.33,2.92,4.02,42.03,28.87,32.6,46.97,8.38,13.04,39.13,0.93,0.93,50.00,27.32,26.08,51.16,0.0,2.48,0.00,57.85,47.09,55.13,1.35,0.0,100.00,6.90,87.10,0.94,11.18,17.7,9.31,37.26,54.55,21.42,27.01,17.7,54.76
56,8474563,Drew Doughty,LAK,D,https://assets.nhle.com/mugs/nhl/20262027/LAK/8474563.png,https://assets.nhle.com/logos/nhl/svg/LAK_light.svg,8,drewdoughty,2.0,42.883333333333,21.441666666667,58.76,54.57,51.85,43.37,39.18,52.54,23.79,32.18,42.5,4.2,8.39,33.33,2.52,3.21,44.01,25.18,30.78,45.0,11.19,12.59,47.06,0.0,4.2,0.00,18.66,24.25,43.48,1.87,3.73,33.33,56.59,42.44,57.14,4.04,2.02,66.67,17.65,73.91,0.916,8.39,15.39,16.79,40.58,33.33,18.19,20.99,26.58,40.63
57,8475218,Mattias Ekholm,EDM,D,https://assets.nhle.com/mugs/nhl/20262027/EDM/8475218.png,https://assets.nhle.com/logos/nhl/svg/EDM_light.svg,14,mattiasekholm,3.0,64.316666666667,21.438888888889,59.7,42.91,58.18,41.05,27.05,60.27,26.12,16.79,60.87,6.53,3.73,63.64,3.12,2.54,55.2,31.72,22.39,58.62,12.13,8.4,59.09,2.8,0.93,75.00,26.12,18.66,58.33,1.24,3.73,25.00,49.86,33.69,59.68,2.69,0.0,100.00,25.00,77.78,1.028,6.53,13.06,11.19,42.91,36.84,16.79,19.59,19.59,46.15
58,8476457,Adam Larsson,SEA,D,https://assets.nhle.com/mugs/nhl/20262027/SEA/8476457.png,https://assets.nhle.com/logos/nhl/svg/SEA_light.svg,6,adamlarsson,3.0,64.183333333333,21.394444444444,38.33,90.68,29.71,31.78,60.76,34.34,21.5,35.52,37.7,2.8,1.87,60.00,1.92,4.54,29.7,16.83,39.26,30.0,8.41,11.22,42.86,0.93,0.93,50.00,11.22,37.39,23.08,1.25,0.0,100.00,35.11,93.17,27.37,1.35,1.35,50.00,13.04,94.74,1.078,7.48,11.22,14.02,34.59,34.78,15.89,17.76,32.72,32.69
59,8476874,Olli Maatta,MIN,D,https://assets.nhle.com/mugs/nhl/20262027/MIN/8476874.png,https://assets.nhle.com/logos/nhl/svg/MIN_light.svg,3,ollimaatta,3.0,64.083333333333,21.361111111111,37.45,59.92,38.46,28.09,43.07,39.47,19.66,24.34,44.68,0.94,1.87,33.33,1.76,3.28,34.92,21.53,34.64,38.33,13.11,13.11,50.00,0.94,0.94,50.00,11.24,28.71,28.13,0.0,0.0,-,17.58,50.04,26.0,0.0,1.35,0.00,4.76,92.31,0.971,2.81,6.55,10.3,44.94,21.43,9.36,10.3,26.22,26.32
60,8482095,Tyler Kleven,OTT,D,https://assets.nhle.com/mugs/nhl/20262027/OTT/8482095.png,https://assets.nhle.com/logos/nhl/svg/OTT_light.svg,43,tylerkleven,3.0,64.033333333333,21.344444444444,33.73,61.84,35.29,22.49,46.85,32.43,17.8,30.92,36.54,1.87,2.81,40.00,1.12,3.75,23.01,15.93,34.67,31.48,3.75,16.87,18.18,0.94,0.94,50.00,16.24,23.74,40.63,1.25,2.5,33.33,23.01,59.55,27.87,0.0,0.0,-,10.53,90.91,1.014,1.87,14.99,20.61,44.04,8.33,7.5,25.3,43.1,14.81
61,8478550,Artemi Panarin,LAK,L,https://assets.nhle.com/mugs/nhl/20262027/LAK/8478550.png,https://assets.nhle.com/logos/nhl/svg/LAK_light.svg,10,artemipanarin,2.0,42.616666666667,21.308333333333,84.47,35.2,70.59,68.99,30.97,69.01,39.42,25.34,60.87,5.63,5.63,50.00,5.14,1.65,75.68,42.24,21.12,66.67,21.12,7.04,75.00,0.0,1.41,0.00,28.16,18.77,60.0,5.63,5.63,50.00,85.41,20.34,80.77,2.03,0.0,100.00,14.29,77.78,0.921,12.67,9.86,2.82,39.42,81.82,29.57,15.49,5.63,84.0
62,8482078,Lucas Raymond,DET,L,https://assets.nhle.com/mugs/nhl/20262027/DET/8482078.png,https://assets.nhle.com/logos/nhl/svg/DET_light.svg,23,lucasraymond,3.0,63.716666666667,21.238888888889,84.75,47.08,64.29,57.44,37.67,60.4,39.55,22.6,63.64,3.77,3.77,50.00,4.2,3.45,54.89,39.55,23.54,62.69,10.36,9.42,52.38,0.94,0.94,50.00,38.92,18.83,67.39,2.51,2.51,50.00,78.89,31.28,71.6,1.36,0.0,100.00,9.52,83.33,0.929,12.24,9.42,3.77,39.55,76.47,24.48,17.89,9.42,72.22
63,8477404,Jake Guentzel,TBL,C,https://assets.nhle.com/mugs/nhl/20262027/TBL/8477404.png,https://assets.nhle.com/logos/nhl/svg/TBL_light.svg,59,jakeguentzel,3.0,63.666666666667,21.222222222222,82.93,40.52,67.18,55.6,32.04,63.44,41.47,16.02,72.13,2.83,0.94,75.00,5.31,4.17,56.0,49.01,16.96,74.29,18.85,5.65,76.92,0.0,0.0,-,40.21,15.08,72.73,2.51,0.0,100.00,70.79,34.03,67.53,0.0,0.0,-,6.82,94.12,1.009,16.96,6.6,2.83,35.81,85.71,39.58,9.42,8.48,82.35
64,8478420,Mikko Rantanen,DAL,R,https://assets.nhle.com/mugs/nhl/20262027/DAL/8478420.png,https://assets.nhle.com/logos/nhl/svg/DAL_light.svg,96,mikkorantanen,3.0,63.65,21.216666666667,79.18,39.59,66.67,56.56,26.39,68.18,37.71,20.74,64.52,2.83,1.89,60.00,4.3,2.5,63.26,44.3,15.08,74.6,17.91,9.43,65.52,0.0,0.94,0.00,35.19,7.54,82.35,3.77,0.0,100.00,68.08,32.68,67.57,0.0,1.36,0.00,7.50,90.91,0.984,13.2,6.6,3.77,27.34,77.78,29.22,14.14,12.25,70.45
65,8480049,Dylan Samberg,WPG,D,https://assets.nhle.com/mugs/nhl/20262027/WPG/8480049.png,https://assets.nhle.com/logos/nhl/svg/WPG_light.svg,54,dylansamberg,3.0,63.65,21.216666666667,51.85,80.13,39.29,45.25,56.56,44.44,30.16,39.59,43.24,1.89,2.83,40.00,2.31,4.52,33.82,18.85,40.53,31.75,9.43,16.03,37.04,0.94,2.83,25.00,12.57,32.68,27.78,0.0,0.0,-,46.29,73.53,38.64,1.36,0.0,100.00,6.25,92.86,0.991,0.94,15.08,16.03,45.25,5.56,8.48,19.8,24.51,25.71
66,8474578,Erik Karlsson,PIT,D,https://assets.nhle.com/mugs/nhl/20262027/PIT/8474578.png,https://assets.nhle.com/logos/nhl/svg/PIT_light.svg,65,erikkarlsson,3.0,63.616666666667,21.205555555556,66.96,53.76,55.47,52.82,43.38,54.9,33.95,25.47,57.14,5.66,0.94,85.71,4.24,3.29,56.34,37.73,28.29,57.14,16.03,6.6,70.83,2.83,0.94,75.00,28.92,28.92,50.0,3.77,0.0,100.00,61.3,38.15,61.64,0.0,0.0,-,16.67,96.30,1.13,13.2,15.09,3.77,36.78,77.78,32.07,21.69,10.37,75.56
67,8480860,Kevin Bahl,CGY,D,https://assets.nhle.com/mugs/nhl/20262027/CGY/8480860.png,https://assets.nhle.com/logos/nhl/svg/CGY_light.svg,7,kevinbahl,3.0,63.516666666667,21.172222222222,63.29,50.07,55.83,41.56,34.95,54.32,25.51,21.73,54.0,0.0,2.83,0.00,2.92,2.87,50.48,26.45,28.34,48.28,12.28,11.34,52.00,0.0,1.89,0.00,18.89,22.67,45.45,0.0,1.26,0.00,49.12,45.03,52.17,0.0,0.0,-,0.00,86.96,0.87,9.45,15.11,13.22,36.84,41.67,19.84,18.89,22.67,46.67
68,8479323,Adam Fox,NYR,D,https://assets.nhle.com/mugs/nhl/20262027/NYR/8479323.png,https://assets.nhle.com/logos/nhl/svg/NYR_light.svg,23,adamfox,5.0,105.71666666667,21.143333333333,64.7,45.4,58.76,44.27,30.65,59.09,31.22,19.86,61.11,5.11,1.7,75.00,4.44,2.78,61.49,34.05,27.24,55.56,14.76,7.95,65.00,2.27,0.57,80.00,25.73,25.73,50.0,0.76,1.51,33.33,63.12,27.05,70.0,2.46,0.0,100.00,16.36,91.43,1.078,14.76,15.32,7.95,34.62,65.00,29.51,21.0,16.46,64.2
69,8482116,Tim Stützle,OTT,C,https://assets.nhle.com/mugs/nhl/20262027/OTT/8482116.png,https://assets.nhle.com/logos/nhl/svg/OTT_light.svg,18,timstutzle,3.0,63.4,21.133333333333,56.78,62.46,47.62,41.64,42.59,49.44,23.66,28.39,45.45,6.62,3.79,63.64,3.45,4.38,44.06,24.61,35.02,41.27,11.36,15.14,42.86,3.79,1.89,66.67,17.67,26.5,40.0,3.79,1.26,75.00,66.98,53.31,55.68,0.0,1.37,0.00,28.00,86.67,1.147,12.3,11.36,15.14,40.69,44.83,27.44,14.2,29.34,48.33
70,8480018,Nick Suzuki,MTL,C,https://assets.nhle.com/mugs/nhl/20262027/MTL/8480018.png,https://assets.nhle.com/logos/nhl/svg/MTL_light.svg,14,nicksuzuki,3.0,63.25,21.083333333333,69.25,45.53,60.33,48.38,36.05,57.3,27.51,24.66,52.73,6.64,3.79,63.64,4.32,3.43,55.7,33.2,21.82,60.34,10.43,8.54,55.00,1.9,0.0,100.00,30.36,17.71,63.16,5.06,3.79,57.14,61.66,41.11,60.0,1.37,1.37,50.00,24.14,84.62,1.088,9.49,18.97,7.59,31.3,55.56,25.61,22.77,18.02,58.7
71,8480727,Zach Whitecloud,CGY,D,https://assets.nhle.com/mugs/nhl/20262027/CGY/8480727.png,https://assets.nhle.com/logos/nhl/svg/CGY_light.svg,28,zachwhitecloud,3.0,63.233333333333,21.077777777778,58.83,64.52,47.69,37.95,39.85,48.78,23.72,26.57,47.17,0.95,6.64,12.50,1.93,3.21,37.59,22.77,34.16,40.0,5.69,14.23,28.57,0.0,4.74,0.00,22.77,26.57,46.15,0.0,2.53,0.00,53.45,53.45,50.0,1.37,0.0,100.00,4.00,75.00,0.79,8.54,17.08,16.13,30.36,34.62,16.13,22.77,25.62,38.64
72,8478407,Vince Dunn,SEA,D,https://assets.nhle.com/mugs/nhl/20262027/SEA/8478407.png,https://assets.nhle.com/logos/nhl/svg/SEA_light.svg,29,vincedunn,3.0,63.016666666667,21.005555555556,52.37,81.88,39.01,39.99,53.32,42.86,26.66,32.37,45.16,4.76,0.95,83.33,2.83,3.84,42.46,28.56,34.28,45.45,9.52,9.52,50.00,1.9,0.0,100.00,25.39,33.01,43.48,2.54,0.0,100.00,45.38,83.89,35.11,1.38,0.0,100.00,17.86,97.06,1.149,9.52,11.43,13.33,36.18,41.67,19.99,19.04,28.56,41.18
73,8478398,Kyle Connor,WPG,L,https://assets.nhle.com/mugs/nhl/20262027/WPG/8478398.png,https://assets.nhle.com/logos/nhl/svg/WPG_light.svg,81,kyleconnor,3.0,63.0,21.0,87.62,63.81,57.86,72.38,48.57,59.84,48.57,27.62,63.75,5.71,3.81,60.00,6.68,3.18,67.72,51.43,25.71,66.67,21.9,12.38,63.89,1.9,1.9,50.00,39.37,17.78,68.89,3.81,1.27,75.00,71.53,59.15,54.74,1.38,1.38,50.00,11.76,86.21,0.98,17.14,9.52,7.62,34.29,69.23,29.52,15.24,17.14,63.27
74,8481557,Matt Boldy,MIN,L,https://assets.nhle.com/mugs/nhl/20262027/MIN/8481557.png,https://assets.nhle.com/logos/nhl/svg/MIN_light.svg,12,mattboldy,3.0,62.95,20.983333333333,71.49,50.52,58.59,53.38,41.94,56.0,36.22,26.69,57.58,2.86,2.86,50.00,5.74,2.73,67.76,42.89,22.88,65.22,15.25,7.63,66.67,1.91,0.0,100.00,36.85,20.33,64.44,1.27,2.54,33.33,59.2,46.81,55.84,0.0,1.38,0.00,7.89,89.29,0.972,14.3,4.77,9.53,31.45,60.00,33.36,6.67,17.16,66.04
75,8479410,Mikhail Sergachev,UTA,D,https://assets.nhle.com/mugs/nhl/20262027/UTA/8479410.png,https://assets.nhle.com/logos/nhl/svg/UTA_light.svg,98,mikhailsergachev,4.0,83.883333333333,20.970833333333,80.11,58.65,57.73,58.65,35.76,62.12,41.49,22.89,64.44,7.15,2.86,71.43,5.27,2.84,64.96,42.92,31.47,57.69,20.03,8.58,70.00,3.58,1.43,71.43,30.52,30.52,50.0,1.91,1.91,50.00,65.09,50.63,56.25,3.1,0.0,100.00,17.24,87.50,1.047,10.01,13.59,19.31,38.63,34.15,25.03,20.74,29.33,46.05
76,8477932,Aaron Ekblad,FLA,D,https://assets.nhle.com/mugs/nhl/20262027/FLA/8477932.png,https://assets.nhle.com/logos/nhl/svg/FLA_light.svg,5,aaronekblad,2.0,41.833333333333,20.916666666667,43.03,50.2,46.15,24.38,37.29,39.53,15.78,27.25,36.67,2.87,4.3,40.00,2.39,2.95,44.73,20.08,28.69,41.18,10.04,8.61,53.85,1.43,1.43,50.00,13.39,26.77,33.33,1.91,1.91,50.00,39.36,33.15,54.29,0.0,2.07,0.00,18.18,84.21,1.024,2.87,7.17,12.91,51.63,18.18,15.78,15.78,20.08,44.0
77,8476473,Connor Murphy,EDM,D,https://assets.nhle.com/mugs/nhl/20262027/EDM/8476473.png,https://assets.nhle.com/logos/nhl/svg/EDM_light.svg,5,connormurphy,3.0,62.616666666667,20.872222222222,36.41,74.74,32.76,31.62,45.99,40.74,21.08,30.66,40.74,4.79,5.75,45.45,2.31,4.37,34.61,18.21,38.33,32.2,5.75,14.37,28.57,1.92,3.83,33.33,16.61,31.94,34.21,1.28,2.56,33.33,26.3,55.36,32.2,1.38,0.0,100.00,22.73,81.25,1.04,3.83,18.21,9.58,47.91,28.57,8.62,24.91,23.96,26.47
78,8483495,Simon Nemec,CGY,D,https://assets.nhle.com/mugs/nhl/20262027/CGY/8483495.png,https://assets.nhle.com/logos/nhl/svg/CGY_light.svg,71,simonnemec,3.0,62.516666666667,20.838888888889,75.82,56.62,57.25,47.03,48.95,49.0,24.95,31.67,44.07,0.0,5.76,0.00,3.56,3.87,47.95,30.71,32.63,48.48,12.48,15.36,44.83,0.0,2.88,0.00,24.31,23.03,51.35,0.0,2.56,0.00,69.31,40.2,63.29,0.0,1.39,0.00,0.00,81.82,0.818,11.52,11.52,6.72,44.15,63.16,23.99,19.19,13.44,64.1
79,8482124,Quinton Byfield,LAK,R,https://assets.nhle.com/mugs/nhl/20262027/LAK/8482124.png,https://assets.nhle.com/logos/nhl/svg/LAK_light.svg,55,quintonbyfield,2.0,41.65,20.825,90.76,33.13,73.26,73.47,27.37,72.86,46.1,21.61,68.09,4.32,5.76,42.86,5.21,1.51,77.53,43.22,18.73,69.77,20.17,5.76,77.78,0.0,1.44,0.00,30.73,17.29,64.0,5.76,3.84,60.00,95.72,27.05,77.97,0.0,2.08,0.00,9.38,73.33,0.827,14.41,11.52,8.64,28.81,62.50,31.69,15.85,11.52,73.33
80,8477346,MacKenzie Weegar,UTA,D,https://assets.nhle.com/mugs/nhl/20262027/UTA/8477346.png,https://assets.nhle.com/logos/nhl/svg/UTA_light.svg,52,mackenzieweegar,4.0,83.283333333333,20.820833333333,71.32,58.36,55.0,49.71,36.74,57.5,33.86,20.89,61.84,1.44,1.44,50.00,3.95,2.69,59.45,34.58,33.86,50.53,15.85,11.53,57.89,1.44,0.72,66.67,24.97,29.78,45.61,0.0,0.96,0.00,49.95,45.79,52.17,0.0,0.0,-,4.26,93.10,0.974,5.76,17.29,18.73,48.27,23.53,13.69,22.33,32.42,29.69
81,8482511,Mason Lohrei,BOS,D,https://assets.nhle.com/mugs/nhl/20262027/BOS/8482511.png,https://assets.nhle.com/logos/nhl/svg/BOS_light.svg,6,masonlohrei,4.0,83.25,20.8125,57.66,53.33,51.95,42.52,37.48,53.15,24.5,25.95,48.57,1.44,1.44,50.00,2.67,2.82,48.68,30.99,28.83,51.81,8.65,12.97,40.00,0.72,0.0,100.00,29.79,21.14,58.49,0.96,1.92,33.33,52.05,27.07,65.79,0.0,0.0,-,5.88,94.44,1.003,8.65,6.49,4.32,46.85,66.67,23.78,12.97,7.93,75.0
82,8480434,Sean Durzi,NYR,D,https://assets.nhle.com/mugs/nhl/20262027/NYR/8480434.png,https://assets.nhle.com/logos/nhl/svg/NYR_light.svg,5,seandurzi,5.0,103.98333333333,20.796666666667,46.16,57.7,44.44,30.0,38.08,44.07,17.89,23.66,43.06,1.73,1.73,50.00,2.75,3.06,47.33,24.81,35.77,40.95,6.92,14.43,32.43,0.0,1.15,0.00,23.85,28.47,45.59,2.31,0.77,75.00,31.67,47.51,40.0,0.0,0.0,-,9.68,92.68,1.024,6.35,2.89,12.12,48.47,34.38,9.23,12.69,24.81,27.12
83,8484240,Tom Willander,VAN,D,https://assets.nhle.com/mugs/nhl/20262027/VAN/8484240.png,https://assets.nhle.com/logos/nhl/svg/VAN_light.svg,5,tomwillander,4.0,83.15,20.7875,44.74,58.45,43.36,29.59,44.02,40.2,17.32,30.31,36.36,3.61,4.33,45.45,2.27,3.26,41.02,23.81,25.98,47.83,10.1,9.38,51.85,2.89,3.61,44.44,18.28,22.13,45.24,0.96,0.0,100.00,31.27,50.03,38.46,0.0,1.04,0.00,20.83,85.71,1.065,4.33,12.99,3.61,58.45,54.55,12.27,16.6,13.71,47.22
84,8476885,Jacob Trouba,SJS,D,https://assets.nhle.com/mugs/nhl/20262027/SJS/8476885.png,https://assets.nhle.com/logos/nhl/svg/SJS_light.svg,65,jaketrouba,3.0,62.233333333333,20.744444444444,42.42,72.31,36.97,31.82,53.99,37.08,19.28,29.89,39.22,2.89,4.82,37.50,1.59,3.75,29.84,19.28,33.74,36.36,3.86,14.46,21.05,0.0,0.0,-,20.57,25.71,44.44,3.86,6.43,37.50,37.6,76.59,32.93,0.0,0.0,-,15.00,83.87,0.989,9.64,8.68,12.53,42.42,43.48,19.28,13.5,27.96,40.82
85,8482858,Ryker Evans,SEA,D,https://assets.nhle.com/mugs/nhl/20262027/SEA/8482858.png,https://assets.nhle.com/logos/nhl/svg/SEA_light.svg,41,rykerevans,3.0,62.2,20.733333333333,54.02,53.05,50.45,44.37,38.59,53.49,29.9,22.19,57.41,3.86,1.93,66.67,2.89,2.3,55.71,30.87,22.19,58.18,14.47,7.72,65.22,1.93,0.96,66.67,21.86,19.29,53.13,1.29,0.0,100.00,41.8,55.73,42.86,1.39,1.39,50.00,12.90,91.30,1.042,6.75,6.75,5.79,44.37,53.85,21.22,10.61,19.29,52.38
86,8476887,Filip Forsberg,NSH,L,https://assets.nhle.com/mugs/nhl/20262027/NSH/8476887.png,https://assets.nhle.com/logos/nhl/svg/NSH_light.svg,9,filipforsberg,3.0,62.15,20.716666666667,63.72,50.2,55.93,46.34,39.58,53.93,25.1,26.07,49.06,4.83,1.93,71.43,3.67,2.25,62.01,32.82,24.14,57.63,15.45,15.45,50.00,2.9,1.93,60.00,23.17,11.58,66.67,1.29,0.0,100.00,57.17,37.65,60.29,1.39,0.0,100.00,19.23,92.59,1.118,9.65,7.72,3.86,47.3,71.43,27.03,14.48,10.62,71.79
87,8474590,John Carlson,TBL,D,https://assets.nhle.com/mugs/nhl/20262027/TBL/8474590.png,https://assets.nhle.com/logos/nhl/svg/TBL_light.svg,74,johncarlson,3.0,62.116666666667,20.705555555556,83.07,36.71,69.35,58.92,26.08,69.32,31.88,16.42,66.0,1.93,1.93,50.00,4.89,3.46,58.56,45.4,12.56,78.33,17.39,4.83,78.26,0.97,0.97,50.00,37.35,10.3,78.38,0.0,0.0,-,79.53,22.32,78.08,0.0,0.0,-,6.06,88.24,0.943,15.45,3.86,6.76,30.91,69.57,39.6,9.66,8.69,82.0
88,8477960,Adrian Kempe,LAK,R,https://assets.nhle.com/mugs/nhl/20262027/LAK/8477960.png,https://assets.nhle.com/logos/nhl/svg/LAK_light.svg,9,adriankempe,2.0,41.383333333333,20.691666666667,76.84,37.7,67.09,60.89,31.9,65.63,37.7,24.65,60.47,4.35,4.35,50.00,4.36,1.52,74.12,37.7,21.75,63.41,17.4,5.8,75.00,0.0,1.45,0.00,27.06,21.26,56.0,5.8,3.87,60.00,79.58,29.32,73.08,0.0,0.0,-,11.54,82.35,0.939,13.05,11.6,5.8,37.7,69.23,30.45,15.95,13.05,70.0
89,8480336,Sean Walker,CAR,D,https://assets.nhle.com/mugs/nhl/20262027/CAR/8480336.png,https://assets.nhle.com/logos/nhl/svg/CAR_light.svg,26,seanwalker,4.0,82.75,20.6875,52.93,52.93,50.0,33.35,35.53,48.42,21.03,23.93,46.77,0.0,3.63,0.00,2.39,2.81,45.95,20.3,26.1,43.75,10.88,13.78,44.12,0.0,1.45,0.00,12.57,16.44,43.33,0.0,1.93,0.00,50.27,40.85,55.17,0.0,1.05,0.00,0.00,84.85,0.848,8.7,13.05,8.7,47.13,50.00,19.58,18.85,16.68,54.0
90,8477946,Dylan Larkin,DET,C,https://assets.nhle.com/mugs/nhl/20262027/DET/8477946.png,https://assets.nhle.com/logos/nhl/svg/DET_light.svg,71,dylanlarkin,1.0,20.683333333333,20.683333333333,92.83,55.12,62.75,63.82,37.71,62.86,49.32,23.21,68.0,8.7,5.8,60.00,4.86,3.42,58.71,46.41,31.91,59.26,14.5,11.6,55.56,2.9,2.9,50.00,42.55,27.07,61.11,7.74,3.87,66.67,71.23,41.9,62.96,0.0,0.0,-,17.65,75.00,0.926,11.6,2.9,14.5,46.41,44.44,23.21,8.7,26.11,47.06
91,8476459,Mika Zibanejad,NYR,C,https://assets.nhle.com/mugs/nhl/20262027/NYR/8476459.png,https://assets.nhle.com/logos/nhl/svg/NYR_light.svg,93,mikazibanejad,5.0,103.36666666667,20.673333333333,55.14,48.18,53.37,39.47,31.34,55.74,23.8,20.32,53.95,3.48,0.58,85.71,4.2,2.73,60.62,29.02,24.96,53.76,13.35,8.71,60.53,1.74,0.58,75.00,20.9,21.67,49.09,0.77,0.0,100.00,51.14,36.05,58.65,1.68,0.0,100.00,14.63,97.14,1.118,9.87,12.19,6.97,43.53,58.62,20.9,17.99,17.41,54.55
92,8481568,Alex Vlasic,CHI,D,https://assets.nhle.com/mugs/nhl/20262027/CHI/8481568.png,https://assets.nhle.com/logos/nhl/svg/CHI_light.svg,72,alexvlasic,4.0,82.666666666667,20.666666666667,31.21,69.68,30.94,25.4,54.44,31.82,15.97,32.66,32.84,3.63,4.35,45.45,2.73,4.03,40.36,13.06,36.29,26.47,7.26,15.97,31.25,2.18,2.9,42.86,7.74,27.1,22.22,1.94,1.94,50.00,30.4,67.1,31.18,0.0,0.0,-,22.73,86.67,1.094,5.08,14.52,15.97,36.29,24.14,10.89,19.6,30.48,26.32
93,8476460,Mark Scheifele,WPG,C,https://assets.nhle.com/mugs/nhl/20262027/WPG/8476460.png,https://assets.nhle.com/logos/nhl/svg/WPG_light.svg,55,markscheifele,3.0,61.883333333333,20.627777777778,89.2,67.87,56.79,74.66,53.33,58.33,46.54,31.03,60.0,4.85,2.91,62.50,6.57,3.68,64.09,52.36,29.09,64.29,21.33,16.48,56.41,1.94,1.94,50.00,41.37,16.81,71.11,3.88,0.0,100.00,72.83,60.22,54.74,0.0,1.4,0.00,10.42,90.63,1.01,13.57,10.67,7.76,32.0,63.64,29.09,14.54,15.51,65.22
94,8476869,Brady Skjei,NSH,D,https://assets.nhle.com/mugs/nhl/20262027/NSH/8476869.png,https://assets.nhle.com/logos/nhl/svg/NSH_light.svg,76,bradyskjei,3.0,61.85,20.616666666667,42.68,79.55,34.92,32.98,60.15,35.42,26.19,40.74,39.13,1.94,3.88,33.33,3.05,4.75,39.09,28.13,40.74,40.85,15.52,21.34,42.11,0.97,1.94,33.33,16.81,25.87,39.39,1.29,2.59,33.33,15.41,77.07,16.67,0.0,0.0,-,7.41,90.48,0.979,1.94,12.61,16.49,44.62,10.53,6.79,23.28,34.92,16.28
95,8480891,Michael Kesselring,SJS,D,https://assets.nhle.com/mugs/nhl/20262027/SJS/8480891.png,https://assets.nhle.com/logos/nhl/svg/SJS_light.svg,7,michaelkesselring,3.0,61.85,20.616666666667,39.77,67.91,36.94,30.07,47.53,38.75,22.31,32.98,40.35,1.94,3.88,33.33,1.68,4.1,28.99,18.43,37.83,32.76,6.79,17.46,28.00,0.0,1.94,0.00,15.52,27.16,36.36,1.29,2.59,33.33,30.83,51.85,37.29,1.4,0.0,100.00,8.70,88.24,0.969,3.88,15.52,6.79,47.53,36.36,13.58,19.4,14.55,48.28
96,8477935,Sam Bennett,FLA,C,https://assets.nhle.com/mugs/nhl/20262027/FLA/8477935.png,https://assets.nhle.com/logos/nhl/svg/FLA_light.svg,9,sambennett,3.0,61.816666666667,20.605555555556,60.18,34.94,63.27,40.77,24.27,62.69,24.27,15.53,60.98,2.91,0.97,75.00,3.98,1.61,71.14,29.12,19.41,60.0,15.53,5.82,72.73,1.94,0.0,100.00,18.12,18.12,50.0,1.29,1.29,50.00,54.68,23.83,69.64,0.0,0.0,-,12.00,93.75,1.058,11.65,8.74,2.91,44.65,80.00,19.41,16.5,11.65,62.5
97,8475798,Mikael Granlund,ANA,C,https://assets.nhle.com/mugs/nhl/20262027/ANA/8475798.png,https://assets.nhle.com/logos/nhl/svg/ANA_light.svg,64,mikaelgranlund,2.0,41.166666666667,20.583333333333,36.44,68.5,34.72,26.23,43.72,37.5,17.49,27.69,38.71,5.83,1.46,80.00,2.65,3.5,43.07,26.23,30.61,46.15,8.74,10.2,46.15,1.46,1.46,50.00,23.32,27.21,46.15,3.89,0.0,100.00,14.74,69.47,17.5,2.11,0.0,100.00,33.33,94.74,1.281,8.74,11.66,18.95,34.98,31.58,16.03,13.12,34.98,31.43
98,8479337,Alex DeBrincat,DET,R,https://assets.nhle.com/mugs/nhl/20262027/DET/8479337.png,https://assets.nhle.com/logos/nhl/svg/DET_light.svg,93,alexdebrincat,3.0,61.733333333333,20.577777777778,72.89,42.76,63.03,48.6,34.02,58.82,32.07,23.33,57.89,5.83,0.97,85.71,4.17,2.92,58.77,36.93,16.52,69.09,12.63,8.75,59.09,2.92,0.0,100.00,32.4,10.37,75.76,2.59,0.0,100.00,73.0,44.92,61.9,1.4,0.0,100.00,18.18,95.83,1.14,17.49,9.72,3.89,34.02,81.82,26.24,17.49,14.58,64.29
99,8475786,Zach Hyman,EDM,L,https://assets.nhle.com/mugs/nhl/20262027/EDM/8475786.png,https://assets.nhle.com/logos/nhl/svg/EDM_light.svg,18,zachhyman,1.0,20.55,20.55,90.51,46.72,65.96,52.55,32.12,62.07,46.72,23.36,66.67,11.68,5.84,66.67,5.44,2.11,72.05,49.64,23.36,68.0,23.36,11.68,66.67,2.92,2.92,50.00,35.04,15.57,69.23,3.89,3.89,50.00,92.78,21.09,81.48,8.43,0.0,100.00,25.00,75.00,1.0,20.44,14.6,2.92,35.04,87.50,37.96,17.52,5.84,86.67
100,8484152,Luca Cagnoni,SJS,D,https://assets.nhle.com/mugs/nhl/20262027/SJS/8484152.png,https://assets.nhle.com/logos/nhl/svg/SJS_light.svg,42,lucacagnoni,3.0,61.65,20.55,51.58,55.47,48.18,36.98,40.88,47.5,24.33,19.46,55.56,3.89,1.95,66.67,2.77,3.16,46.69,28.22,29.2,49.15,8.76,15.57,36.00,1.95,0.97,66.67,25.95,18.17,58.82,1.3,1.3,50.00,46.39,40.77,53.23,1.41,0.0,100.00,16.00,90.00,1.06,8.76,8.76,2.92,39.9,75.00,24.33,13.63,9.73,71.43
101,8482097,Jack Quinn,BUF,R,https://assets.nhle.com/mugs/nhl/20262027/BUF/8482097.png,https://assets.nhle.com/logos/nhl/svg/BUF_light.svg,22,jackquinn,3.0,61.633333333333,20.544444444444,74.96,36.02,67.54,56.46,25.31,69.05,28.23,15.58,64.44,2.92,3.89,42.86,4.81,2.18,68.79,43.81,21.42,67.16,15.58,7.79,66.67,0.97,0.97,50.00,37.64,18.17,67.44,2.6,2.6,50.00,52.03,15.47,77.08,0.0,0.0,-,10.34,75.00,0.853,10.71,11.68,0.0,47.7,100.00,25.31,18.5,1.95,92.86
102,8471724,Kris Letang,PIT,D,https://assets.nhle.com/mugs/nhl/20262027/PIT/8471724.png,https://assets.nhle.com/logos/nhl/svg/PIT_light.svg,58,krisletang,3.0,61.616666666667,20.538888888889,60.37,43.82,57.94,45.77,37.0,55.29,35.06,25.32,58.06,3.9,0.0,100.00,2.97,2.2,57.44,34.08,10.71,76.09,14.61,6.82,68.18,1.95,0.0,100.00,25.97,5.19,83.33,2.6,0.0,100.00,43.6,56.26,43.66,0.0,0.0,-,11.11,100.00,1.111,9.74,12.66,8.76,36.03,52.63,22.4,18.5,23.37,48.94
103,8478507,John Marino,UTA,D,https://assets.nhle.com/mugs/nhl/20262027/UTA/8478507.png,https://assets.nhle.com/logos/nhl/svg/UTA_light.svg,6,johnmarino,4.0,82.15,20.5375,63.54,46.74,57.62,46.01,31.41,59.43,29.95,17.53,63.08,2.92,2.19,57.14,3.91,2.07,65.36,35.79,25.56,58.33,16.07,9.49,62.86,2.19,1.46,60.00,26.29,21.42,55.1,0.0,0.0,-,46.42,35.87,56.41,1.05,1.05,50.00,9.76,87.50,0.973,16.07,10.23,8.76,50.4,64.71,23.37,16.07,16.07,59.26
104,8483490,Pavel Mintyukov,ANA,D,https://assets.nhle.com/mugs/nhl/20262027/ANA/8483490.png,https://assets.nhle.com/logos/nhl/svg/ANA_light.svg,98,pavelmintyukov,2.0,41.0,20.5,35.12,81.95,30.0,26.34,57.07,31.58,16.1,33.66,32.35,1.46,0.0,100.00,2.46,4.45,35.57,23.41,45.37,34.04,10.24,16.1,38.89,1.46,0.0,100.00,17.56,39.02,31.03,0.0,0.0,-,8.46,65.53,11.43,0.0,0.0,-,9.09,100.00,1.091,5.85,10.24,11.71,54.15,33.33,8.78,16.1,24.88,26.09
105,8476463,Jonas Brodin,MIN,D,https://assets.nhle.com/mugs/nhl/20262027/MIN/8476463.png,https://assets.nhle.com/logos/nhl/svg/MIN_light.svg,25,jonasbrodin,3.0,61.416666666667,20.472222222222,42.01,54.71,43.43,31.26,38.1,45.07,19.54,21.49,47.62,0.0,0.98,0.00,1.89,2.51,42.98,25.4,28.33,47.27,13.68,4.88,73.68,0.0,0.98,0.00,15.63,31.26,33.33,0.0,0.0,-,21.17,56.45,27.27,0.0,0.0,-,0.00,95.45,0.955,0.98,4.88,13.68,50.8,6.67,10.75,11.72,27.35,28.21
106,8482740,Wyatt Johnston,DAL,C,https://assets.nhle.com/mugs/nhl/20262027/DAL/8482740.png,https://assets.nhle.com/logos/nhl/svg/DAL_light.svg,53,wyattjohnston,3.0,61.4,20.466666666667,77.2,40.07,65.83,55.7,24.43,69.51,39.09,19.54,66.67,1.95,1.95,50.00,4.07,2.36,63.3,41.04,15.64,72.41,17.59,7.82,69.23,0.0,0.98,0.00,31.27,10.42,75.0,2.61,0.0,100.00,69.16,33.88,67.12,0.0,1.41,0.00,5.00,90.00,0.95,14.66,7.82,6.84,27.36,68.18,29.32,14.66,14.66,66.67
107,8480002,Nico Hischier,NJD,C,https://assets.nhle.com/mugs/nhl/20262027/NJD/8480002.png,https://assets.nhle.com/logos/nhl/svg/NJD_light.svg,13,nicohischier,3.0,61.383333333333,20.461111111111,77.22,43.99,63.71,53.76,31.28,63.22,35.19,23.46,60.0,2.93,1.95,60.00,4.73,2.71,63.54,44.96,21.5,67.65,18.57,9.77,65.52,1.95,1.95,50.00,35.19,15.64,69.23,1.3,0.0,100.00,60.71,29.65,67.19,0.0,0.0,-,8.33,91.67,1.0,13.68,14.66,8.8,26.39,60.87,33.23,22.48,14.66,69.39
108,8476892,Colton Parayko,STL,D,https://assets.nhle.com/mugs/nhl/20262027/STL/8476892.png,https://assets.nhle.com/logos/nhl/svg/STL_light.svg,55,coltonparayko,3.0,61.366666666667,20.455555555556,48.89,64.53,43.1,37.15,47.91,43.68,29.33,34.22,46.15,2.93,4.89,37.50,2.44,4.01,37.78,16.62,33.24,33.33,4.89,17.6,21.74,0.98,3.91,20.00,15.64,20.86,42.86,1.3,1.3,50.00,45.19,64.96,41.03,1.41,0.0,100.00,10.00,85.71,0.957,5.87,7.82,12.71,48.89,31.58,20.53,20.53,29.33,41.18
109,8478010,Brayden Point,TBL,C,https://assets.nhle.com/mugs/nhl/20262027/TBL/8478010.png,https://assets.nhle.com/logos/nhl/svg/TBL_light.svg,21,braydenpoint,3.0,61.316666666667,20.438888888889,78.28,40.12,66.12,60.67,29.36,67.39,34.25,15.66,68.63,3.91,1.96,66.67,4.91,3.56,57.97,43.06,16.63,72.13,15.66,5.87,72.73,0.98,0.98,50.00,36.53,14.35,71.79,2.61,0.0,100.00,70.67,21.2,76.92,0.0,0.0,-,11.43,87.50,0.989,16.63,3.91,3.91,31.31,80.95,35.23,10.76,7.83,81.82
110,8484783,Artyom Levshunov,CHI,D,https://assets.nhle.com/mugs/nhl/20262027/CHI/8484783.png,https://assets.nhle.com/logos/nhl/svg/CHI_light.svg,55,artyomlevshunov,4.0,81.75,20.4375,46.97,60.92,43.54,36.7,49.91,42.37,18.35,32.29,36.23,1.47,2.94,33.33,2.09,3.75,35.77,24.95,32.29,43.59,8.81,14.68,37.50,0.73,1.47,33.33,21.53,23.49,47.83,0.98,0.98,50.00,41.35,47.71,46.43,0.0,1.06,0.00,8.00,90.91,0.989,9.54,12.48,5.87,41.1,61.90,25.69,19.08,17.61,59.32
111,8477969,Marcus Pettersson,NYR,D,https://assets.nhle.com/mugs/nhl/20262027/NYR/8477969.png,https://assets.nhle.com/logos/nhl/svg/NYR_light.svg,26,marcuspettersson,5.0,102.11666666667,20.423333333333,42.3,59.34,41.62,29.38,41.72,41.32,18.21,25.85,41.33,1.76,1.18,60.00,3.11,3.26,48.85,21.74,37.02,37.0,7.64,15.28,33.33,0.59,1.18,33.33,18.8,28.99,39.34,0.0,0.0,-,26.31,48.38,35.23,0.0,0.0,-,9.68,95.45,1.051,6.46,2.94,13.51,47.01,32.35,7.05,9.4,27.03,20.69
112,8477498,Darnell Nurse,SJS,D,https://assets.nhle.com/mugs/nhl/20262027/SJS/8477498.png,https://assets.nhle.com/logos/nhl/svg/SJS_light.svg,25,darnellnurse,3.0,61.233333333333,20.411111111111,37.23,82.31,31.15,25.48,59.77,29.89,18.62,32.34,36.54,0.98,3.92,20.00,1.55,5.01,23.68,15.68,42.13,27.12,5.88,16.66,26.09,0.0,0.0,-,13.06,33.97,27.78,1.31,5.23,20.00,29.72,65.11,31.34,0.0,0.0,-,5.26,87.88,0.931,3.92,15.68,8.82,45.07,30.77,12.74,21.56,15.68,44.83
113,8477956,David Pastrnak,BOS,R,https://assets.nhle.com/mugs/nhl/20262027/BOS/8477956.png,https://assets.nhle.com/logos/nhl/svg/BOS_light.svg,88,davidpastrnak,4.0,81.633333333333,20.408333333333,74.23,45.57,61.96,57.33,30.87,65.0,36.01,19.84,64.47,2.2,2.94,42.86,3.99,2.29,63.52,39.69,25.72,60.67,12.49,11.76,51.52,1.47,0.73,66.67,36.26,18.62,66.07,0.98,0.98,50.00,77.5,29.73,72.28,0.0,2.12,0.00,6.12,85.19,0.913,20.58,7.35,3.67,30.13,84.85,38.95,13.23,10.29,79.1
114,8478970,Jalen Chatfield,CAR,D,https://assets.nhle.com/mugs/nhl/20262027/CAR/8478970.png,https://assets.nhle.com/logos/nhl/svg/CAR_light.svg,5,jalenchatfield,4.0,81.616666666667,20.404166666667,65.43,45.58,58.94,48.52,33.08,59.46,31.61,21.32,59.72,2.94,2.94,50.00,4.26,2.61,62.0,27.94,24.99,52.78,10.29,11.76,46.67,1.47,2.21,40.00,23.52,17.64,57.14,1.96,0.0,100.00,58.4,36.1,61.8,0.0,1.06,0.00,9.30,86.21,0.955,5.88,13.23,11.76,41.9,33.33,22.05,22.79,22.79,49.18
115,8474716,Jared Spurgeon,MIN,D,https://assets.nhle.com/mugs/nhl/20262027/MIN/8474716.png,https://assets.nhle.com/logos/nhl/svg/MIN_light.svg,46,jaredspurgeon,3.0,61.066666666667,20.355555555556,64.85,56.99,53.23,46.18,42.25,52.22,30.46,27.51,52.54,5.9,1.97,75.00,4.29,2.83,60.29,34.39,30.46,53.03,9.83,12.77,43.48,1.97,0.0,100.00,32.75,23.58,58.14,2.62,2.62,50.00,59.61,48.25,55.26,2.84,0.0,100.00,19.35,92.86,1.122,13.76,14.74,8.84,47.16,60.87,33.41,20.63,22.6,59.65
116,8482176,Wyatt Kaiser,CHI,D,https://assets.nhle.com/mugs/nhl/20262027/CHI/8482176.png,https://assets.nhle.com/logos/nhl/svg/CHI_light.svg,44,wyattkaiser,4.0,81.35,20.3375,42.78,66.38,39.19,35.4,53.1,40.0,21.39,36.14,37.18,2.21,5.9,27.27,2.29,4.2,35.32,21.39,37.62,36.25,7.38,16.23,31.25,0.74,2.21,25.00,18.68,28.52,39.58,1.97,3.93,33.33,34.09,49.01,41.03,0.0,1.07,0.00,10.34,83.67,0.94,5.9,16.96,9.59,42.04,38.10,13.28,25.81,20.65,39.13
117,8476917,Adam Pelech,NYI,D,https://assets.nhle.com/mugs/nhl/20262027/NYI/8476917.png,https://assets.nhle.com/logos/nhl/svg/NYI_light.svg,3,adampelech,3.0,60.666666666667,20.222222222222,41.54,49.45,45.65,30.66,39.56,43.66,17.8,24.73,41.86,3.96,2.97,57.14,2.31,3.41,40.35,21.76,25.71,45.83,11.87,6.92,63.16,3.96,0.99,80.00,13.19,25.05,34.48,0.0,1.32,0.00,28.57,62.86,31.25,0.0,1.43,0.00,22.22,88.00,1.102,2.97,15.82,20.77,49.45,12.50,5.93,23.74,41.54,12.5
118,8474141,Patrick Kane,CHI,R,https://assets.nhle.com/mugs/nhl/20262027/CHI/8474141.png,https://assets.nhle.com/logos/nhl/svg/CHI_light.svg,88,patkane,4.0,80.85,20.2125,46.75,59.37,44.06,34.14,48.24,41.44,18.55,28.94,39.06,0.74,3.71,16.67,2.02,4.03,33.37,20.78,31.17,40.0,7.42,11.87,38.46,0.74,2.23,25.00,17.81,25.73,40.91,0.0,1.98,0.00,50.38,45.02,52.81,0.0,0.0,-,4.00,87.18,0.912,14.1,11.13,2.97,37.11,82.61,31.91,19.29,8.91,78.18
119,8476854,Hampus Lindholm,BOS,D,https://assets.nhle.com/mugs/nhl/20262027/BOS/8476854.png,https://assets.nhle.com/logos/nhl/svg/BOS_light.svg,27,hampuslindholm,4.0,80.716666666667,20.179166666667,62.44,60.21,50.91,48.32,43.86,52.42,28.99,27.5,51.32,2.23,1.49,60.00,3.95,4.35,47.59,32.71,34.94,48.35,12.64,14.87,45.95,1.49,0.74,66.67,26.76,26.76,50.0,0.0,0.99,0.00,50.46,53.69,48.45,1.07,0.0,100.00,7.69,94.59,1.023,13.38,11.15,13.38,33.45,50.00,24.53,17.1,26.76,47.83
120,8482142,Jamie Drysdale,PHI,D,https://assets.nhle.com/mugs/nhl/20262027/PHI/8482142.png,https://assets.nhle.com/logos/nhl/svg/PHI_light.svg,9,jamiedrysdale,4.0,80.716666666667,20.179166666667,38.65,75.08,33.99,28.25,56.49,33.33,15.61,40.88,27.63,0.74,3.72,16.67,2.74,5.23,34.35,22.3,34.94,38.96,10.41,16.35,38.89,0.74,1.49,33.33,15.86,24.78,39.02,0.0,1.98,0.00,37.58,67.64,35.71,0.0,1.07,0.00,4.76,90.91,0.957,14.12,11.15,14.87,37.17,48.72,24.53,18.58,32.71,42.86
121,8481540,Cole Caufield,MTL,R,https://assets.nhle.com/mugs/nhl/20262027/MTL/8481540.png,https://assets.nhle.com/logos/nhl/svg/MTL_light.svg,13,colecaufield,3.0,60.5,20.166666666667,69.42,50.58,57.85,49.59,40.66,54.95,30.74,28.76,51.67,6.94,4.96,58.33,3.52,4.3,45.02,34.71,26.78,56.45,10.91,11.9,47.83,1.98,1.98,50.00,31.74,19.83,61.54,5.29,2.64,66.67,63.03,41.54,60.27,1.43,1.43,50.00,22.58,82.76,1.053,11.9,16.86,2.98,34.71,80.00,26.78,22.81,12.89,67.5
122,8476467,Jamie Oleksiak,VAN,D,https://assets.nhle.com/mugs/nhl/20262027/VAN/8476467.png,https://assets.nhle.com/logos/nhl/svg/VAN_light.svg,4,jamieoleksiak,4.0,80.633333333333,20.158333333333,32.74,77.39,29.73,20.09,55.06,26.73,11.16,37.21,23.08,2.98,5.21,36.36,1.97,4.64,29.76,16.37,38.69,29.73,5.21,13.39,28.00,0.74,2.98,20.00,14.88,33.73,30.61,1.98,1.98,50.00,21.5,66.64,24.39,1.07,1.07,50.00,26.67,86.00,1.127,1.49,11.16,12.65,52.83,10.53,5.95,16.37,29.76,16.67
123,8477939,William Nylander,TOR,R,https://assets.nhle.com/mugs/nhl/20262027/TOR/8477939.png,https://assets.nhle.com/logos/nhl/svg/TOR_light.svg,88,willnylander,4.0,80.616666666667,20.154166666667,75.17,57.31,56.74,55.08,43.91,55.64,37.21,26.05,58.82,5.21,3.72,58.33,4.37,3.61,54.77,45.4,32.75,58.1,22.33,16.37,57.69,4.47,2.98,60.00,30.76,21.83,58.49,0.0,0.0,-,72.03,30.1,70.53,1.08,1.08,50.00,14.00,85.71,0.997,19.35,6.7,3.72,33.49,83.87,40.19,14.14,5.21,88.52
124,8476853,Morgan Rielly,TOR,D,https://assets.nhle.com/mugs/nhl/20262027/TOR/8476853.png,https://assets.nhle.com/logos/nhl/svg/TOR_light.svg,44,morganrielly,4.0,80.35,20.0875,69.45,51.52,57.41,53.02,39.58,57.26,35.84,26.14,57.83,2.99,3.73,44.44,3.48,2.46,58.56,35.1,23.9,59.49,16.43,10.45,61.11,2.24,2.24,50.00,24.89,17.92,58.14,0.0,1.0,0.00,59.32,37.75,61.11,1.08,1.08,50.00,8.33,85.71,0.94,11.2,10.45,5.23,49.28,68.18,25.39,19.42,6.72,79.07
125,8478427,Sebastian Aho,CAR,C,https://assets.nhle.com/mugs/nhl/20262027/CAR/8478427.png,https://assets.nhle.com/logos/nhl/svg/CAR_light.svg,20,sebastianahoC,4.0,80.016666666667,20.004166666667,81.73,29.24,73.65,61.49,19.5,75.93,40.49,12.75,76.06,5.25,2.25,70.00,6.02,1.52,79.87,38.24,15.75,70.83,12.0,7.5,61.54,0.75,0.75,50.00,34.99,11.0,76.09,5.0,1.0,83.33,81.23,16.25,83.33,1.08,1.08,50.00,12.96,82.35,0.953,15.0,10.5,3.0,43.49,83.33,29.24,16.5,9.0,76.47
126,8478403,Jack Eichel,VGK,C,https://assets.nhle.com/mugs/nhl/20262027/VGK/8478403.png,https://assets.nhle.com/logos/nhl/svg/VGK_light.svg,9,jackeichel,3.0,59.983333333333,19.994444444444,68.02,46.01,59.65,49.01,35.01,58.33,33.01,26.01,55.93,6.0,2.0,75.00,4.46,3.12,58.86,31.01,26.01,54.39,16.0,12.0,57.14,3.0,1.0,75.00,20.01,18.67,51.72,1.33,1.33,50.00,70.8,30.34,70.0,2.89,0.0,100.00,18.18,92.31,1.105,16.0,9.0,5.0,35.01,76.19,27.01,15.0,16.0,62.79
127,8480023,Robert Thomas,STL,C,https://assets.nhle.com/mugs/nhl/20262027/STL/8480023.png,https://assets.nhle.com/logos/nhl/svg/STL_light.svg,18,robertthomas,3.0,59.983333333333,19.994444444444,55.02,52.01,51.4,34.01,41.01,45.33,26.01,25.01,50.98,1.0,4.0,20.00,2.65,3.98,39.99,24.01,24.01,50.0,9.0,12.0,42.86,0.0,2.0,0.00,20.01,16.0,55.56,0.0,2.67,0.00,50.57,62.13,44.87,1.44,0.0,100.00,3.85,84.00,0.878,11.0,12.0,19.01,29.01,36.67,23.01,17.0,30.01,43.4
128,8480012,Elias Pettersson,VAN,C,https://assets.nhle.com/mugs/nhl/20262027/VAN/8480012.png,https://assets.nhle.com/logos/nhl/svg/VAN_light.svg,40,eliaspetterssonC,4.0,79.866666666667,19.966666666667,44.32,62.35,41.55,28.55,38.31,42.7,23.29,27.05,46.27,6.01,2.25,72.73,2.91,2.18,57.22,21.04,24.04,46.67,7.51,7.51,50.00,2.25,0.75,75.00,18.03,22.04,45.0,3.01,1.0,75.00,44.49,58.6,43.16,2.17,1.09,66.67,25.81,91.67,1.175,13.52,15.03,15.03,31.55,47.37,23.29,19.53,24.04,49.21
129,8479420,Tage Thompson,BUF,C,https://assets.nhle.com/mugs/nhl/20262027/BUF/8479420.png,https://assets.nhle.com/logos/nhl/svg/BUF_light.svg,72,tagethompson,3.0,59.833333333333,19.944444444444,74.21,44.12,62.71,60.17,32.09,65.22,38.11,18.05,67.86,4.01,1.0,80.00,5.21,1.47,77.98,43.12,18.05,70.49,19.05,4.01,82.61,1.0,0.0,100.00,32.09,18.72,63.16,4.01,1.34,75.00,65.18,36.21,64.29,0.0,0.0,-,10.53,94.44,1.05,20.06,17.05,5.01,31.09,80.00,37.1,21.06,15.04,71.15
130,8484762,Beckett Sennecke,ANA,R,https://assets.nhle.com/mugs/nhl/20262027/ANA/8484762.png,https://assets.nhle.com/logos/nhl/svg/ANA_light.svg,45,beckettsennecke,2.0,39.8,19.9,49.75,52.76,48.53,34.67,33.17,51.11,19.6,18.09,52.0,7.54,0.0,100.00,3.25,1.96,62.43,33.17,21.11,61.11,9.05,9.05,50.00,3.02,0.0,100.00,32.16,16.08,66.67,4.02,0.0,100.00,23.95,54.44,30.56,2.18,0.0,100.00,38.46,100.00,1.385,10.55,10.55,15.08,31.66,41.18,18.09,12.06,25.63,41.38
131,8480893,Kirill Marchenko,TOR,R,https://assets.nhle.com/mugs/nhl/20262027/TOR/8480893.png,https://assets.nhle.com/logos/nhl/svg/TOR_light.svg,86,kirillmarchenko,4.0,79.416666666667,19.854166666667,69.51,40.04,63.45,50.62,30.98,62.04,38.53,17.38,68.92,2.27,2.27,50.00,4.43,2.34,65.44,41.55,11.33,78.57,21.91,5.29,80.56,1.51,1.51,50.00,26.19,8.06,76.47,0.0,1.01,0.00,58.93,36.01,62.07,1.09,0.0,100.00,5.88,86.96,0.928,17.38,14.35,1.51,30.22,92.00,32.49,21.91,6.04,84.31
132,8482730,Brandt Clarke,LAK,D,https://assets.nhle.com/mugs/nhl/20262027/LAK/8482730.png,https://assets.nhle.com/logos/nhl/svg/LAK_light.svg,92,brandtclarke,2.0,39.683333333333,19.841666666667,83.16,33.26,71.43,69.55,19.66,77.97,46.87,15.12,75.61,4.54,6.05,42.86,4.89,0.99,83.21,43.85,19.66,69.05,19.66,6.05,76.47,1.51,1.51,50.00,32.26,18.14,64.0,4.03,4.03,50.00,91.73,17.47,84.0,0.0,2.18,0.00,9.68,60.00,0.697,19.66,7.56,1.51,39.31,92.86,37.8,13.61,1.51,96.15
133,8477365,Connor Clifton,BOS,D,https://assets.nhle.com/mugs/nhl/20262027/BOS/8477365.png,https://assets.nhle.com/logos/nhl/svg/BOS_light.svg,75,connorclifton,4.0,79.35,19.8375,47.64,47.64,50.0,34.03,38.56,46.88,19.66,29.49,40.0,2.27,3.78,37.50,2.09,3.2,39.56,16.64,22.68,42.31,5.29,14.37,26.92,0.76,1.51,33.33,15.12,11.09,57.69,1.01,0.0,100.00,50.24,44.78,52.87,1.09,3.28,25.00,11.54,87.18,0.987,7.56,9.83,9.07,46.88,45.45,19.66,13.61,23.44,45.61
134,8479398,Samuel Girard,PIT,D,https://assets.nhle.com/mugs/nhl/20262027/PIT/8479398.png,https://assets.nhle.com/logos/nhl/svg/PIT_light.svg,49,samuelgirard,3.0,59.416666666667,19.805555555556,55.54,58.57,48.67,44.43,41.4,51.76,33.32,26.26,55.93,5.05,6.06,45.45,4.57,2.98,60.55,35.34,27.27,56.45,23.23,6.06,79.31,3.03,1.01,75.00,16.16,28.27,36.36,2.69,6.73,28.57,35.01,51.05,40.68,0.0,0.0,-,15.15,76.92,0.921,2.02,9.09,7.07,46.45,22.22,12.12,16.16,21.21,36.36
135,8475753,Justin Faulk,DET,D,https://assets.nhle.com/mugs/nhl/20262027/DET/8475753.png,https://assets.nhle.com/logos/nhl/svg/DET_light.svg,72,justinfaulk,3.0,59.366666666667,19.788888888889,65.69,44.47,59.63,44.47,35.37,55.7,32.34,22.23,59.26,4.04,2.02,66.67,3.81,2.66,58.89,37.39,20.21,64.91,17.18,9.1,65.38,1.01,1.01,50.00,26.95,14.82,64.52,2.7,1.35,66.67,52.55,46.72,52.94,1.46,0.0,100.00,12.50,90.91,1.034,7.07,13.14,9.1,48.51,43.75,17.18,22.23,18.19,48.57
136,8477488,Brett Pesce,NJD,D,https://assets.nhle.com/mugs/nhl/20262027/NJD/8477488.png,https://assets.nhle.com/logos/nhl/svg/NJD_light.svg,22,brettpesce,3.0,59.35,19.783333333333,78.85,46.5,62.9,57.62,38.42,60.0,41.45,29.32,58.57,3.03,4.04,42.86,2.96,3.16,48.34,40.44,29.32,57.97,15.16,9.1,62.50,2.02,2.02,50.00,33.7,26.96,55.56,1.35,1.35,50.00,68.63,37.97,64.38,0.0,1.46,0.00,7.32,86.21,0.935,9.1,12.13,13.14,39.43,40.91,26.28,18.2,19.21,57.78
137,8477500,Bo Horvat,NYI,C,https://assets.nhle.com/mugs/nhl/20262027/NYI/8477500.png,https://assets.nhle.com/logos/nhl/svg/NYI_light.svg,14,bohorvat,3.0,58.85,19.616666666667,68.31,66.27,50.76,46.9,53.02,46.94,26.51,36.7,41.94,3.06,3.06,50.00,3.69,5.25,41.25,35.68,39.76,47.3,12.23,18.35,40.00,1.02,0.0,100.00,31.27,28.55,52.27,2.72,2.72,50.00,63.32,45.65,58.11,0.0,1.47,0.00,11.54,91.67,1.032,13.25,8.16,11.21,35.68,54.17,23.45,13.25,17.33,57.5
138,8478416,Erik Cernak,TBL,D,https://assets.nhle.com/mugs/nhl/20262027/TBL/8478416.png,https://assets.nhle.com/logos/nhl/svg/TBL_light.svg,81,erikcernak,3.0,58.816666666667,19.605555555556,48.97,55.09,47.06,36.72,33.66,52.17,26.52,19.38,57.78,4.08,1.02,80.00,3.29,2.75,54.41,27.54,26.52,50.94,13.26,10.2,56.52,2.04,1.02,66.67,19.04,21.76,46.67,2.72,0.0,100.00,39.78,53.05,42.86,0.0,0.0,-,15.38,94.74,1.101,4.08,18.36,7.14,48.97,36.36,18.36,23.46,20.4,47.37
139,8484145,Zach Benson,BUF,L,https://assets.nhle.com/mugs/nhl/20262027/BUF/8484145.png,https://assets.nhle.com/logos/nhl/svg/BUF_light.svg,6,zachbenson,3.0,58.8,19.6,77.55,30.61,71.7,60.2,22.45,72.84,31.63,11.22,73.81,3.06,2.04,60.00,5.31,1.78,74.93,45.92,16.33,73.77,17.35,6.12,73.91,1.02,0.0,100.00,38.1,13.61,73.68,2.72,1.36,66.67,51.59,13.27,79.55,0.0,0.0,-,9.68,81.82,0.915,12.24,10.2,1.02,51.02,92.31,24.49,16.33,2.04,92.31
140,8477507,Nikita Zadorov,BOS,D,https://assets.nhle.com/mugs/nhl/20262027/BOS/8477507.png,https://assets.nhle.com/logos/nhl/svg/BOS_light.svg,91,nikitazadorov,4.0,78.2,19.55,49.87,47.57,51.18,38.36,36.83,51.02,23.02,29.16,44.12,3.07,5.37,36.36,2.5,3.05,44.99,17.65,23.79,42.59,7.67,13.81,35.71,0.77,2.3,25.00,13.3,13.3,50.0,2.05,1.02,66.67,55.41,41.01,57.47,1.11,3.32,25.00,13.33,81.58,0.949,7.67,6.91,10.74,49.87,41.67,20.72,12.28,23.02,47.37
141,8478493,Joel Eriksson Ek,MIN,C,https://assets.nhle.com/mugs/nhl/20262027/MIN/8478493.png,https://assets.nhle.com/logos/nhl/svg/MIN_light.svg,14,joelerikssonek,3.0,58.55,19.516666666667,74.81,50.21,59.84,54.31,42.02,56.38,34.84,26.64,56.67,3.07,1.02,75.00,5.83,2.65,68.75,43.04,23.57,64.62,14.35,8.2,63.64,2.05,0.0,100.00,38.26,20.5,65.12,1.37,1.37,50.00,65.13,45.89,58.67,0.0,0.0,-,8.82,96.15,1.05,11.27,7.17,9.22,32.79,55.00,33.82,8.2,17.42,66.0
142,8474564,Steven Stamkos,NSH,C,https://assets.nhle.com/mugs/nhl/20262027/NSH/8474564.png,https://assets.nhle.com/logos/nhl/svg/NSH_light.svg,91,stevenstamkos,3.0,58.516666666667,19.505555555556,54.34,47.17,53.54,39.99,36.91,52.0,26.66,25.63,50.98,4.1,3.08,57.14,3.23,1.65,66.12,27.68,21.53,56.25,13.33,7.18,65.00,1.03,1.03,50.00,19.14,19.14,50.0,2.73,2.73,50.00,48.87,38.51,55.93,1.48,0.0,100.00,15.38,88.00,1.034,14.35,12.3,8.2,34.86,63.64,23.58,19.48,19.48,54.76
143,8477845,Trevor van Riemsdyk,PIT,D,https://assets.nhle.com/mugs/nhl/20262027/PIT/8477845.png,https://assets.nhle.com/logos/nhl/svg/PIT_light.svg,57,trevorvanriemsdyk,3.0,58.5,19.5,47.18,66.67,41.44,35.9,48.21,42.68,24.62,31.79,43.64,1.03,1.03,50.00,2.73,3.14,46.56,23.59,30.77,43.4,9.23,12.31,42.86,0.0,1.03,0.00,19.15,24.62,43.75,1.37,0.0,100.00,35.56,74.07,32.43,0.0,0.0,-,4.17,96.77,1.009,8.21,13.33,14.36,32.82,36.36,20.51,19.49,33.85,37.74
144,8478038,Devon Toews,COL,D,https://assets.nhle.com/mugs/nhl/20262027/COL/8478038.png,https://assets.nhle.com/logos/nhl/svg/COL_light.svg,7,devontoews,2.0,38.983333333333,19.491666666667,53.87,53.87,50.0,40.02,35.4,53.06,30.78,24.63,55.56,7.7,0.0,100.00,2.65,1.97,57.39,36.94,23.09,61.54,12.31,9.23,57.14,3.08,0.0,100.00,32.83,18.47,64.0,4.1,0.0,100.00,33.35,42.24,44.12,2.22,0.0,100.00,25.00,100.00,1.25,13.85,15.39,12.31,32.32,52.94,24.63,29.24,23.09,51.61
145,8477476,Artturi Lehkonen,COL,L,https://assets.nhle.com/mugs/nhl/20262027/COL/8477476.png,https://assets.nhle.com/logos/nhl/svg/COL_light.svg,62,artturilehkonen,2.0,38.883333333333,19.441666666667,49.38,55.55,47.06,35.49,43.21,45.1,29.32,35.49,45.24,10.8,0.0,100.00,2.81,1.8,60.99,30.86,16.97,64.52,15.43,4.63,76.92,6.17,0.0,100.00,20.57,16.46,55.56,4.11,0.0,100.00,33.43,60.18,35.71,2.23,0.0,100.00,36.84,100.00,1.368,20.06,13.89,12.34,33.95,61.90,23.15,21.6,26.23,46.88
146,8477505,Alexander Wennberg,SJS,C,https://assets.nhle.com/mugs/nhl/20262027/SJS/8477505.png,https://assets.nhle.com/logos/nhl/svg/SJS_light.svg,21,alexwennberg,3.0,58.1,19.366666666667,52.67,64.03,45.13,37.18,49.57,42.86,28.92,30.98,48.28,3.1,4.13,42.86,2.68,3.71,41.95,21.69,29.95,42.0,9.29,14.46,39.13,2.07,1.03,66.67,16.52,20.65,44.44,1.38,4.13,25.00,59.67,49.23,54.79,0.0,0.0,-,10.71,86.67,0.974,14.46,14.46,6.2,37.18,70.00,25.82,17.56,10.33,71.43
147,8483445,Cutter Gauthier,ANA,L,https://assets.nhle.com/mugs/nhl/20262027/ANA/8483445.png,https://assets.nhle.com/logos/nhl/svg/ANA_light.svg,61,cuttergauthier,2.0,38.683333333333,19.341666666667,79.1,62.04,56.04,62.04,43.43,58.82,37.23,26.37,58.54,7.76,1.55,83.33,5.46,2.98,64.7,48.08,32.57,59.62,21.71,13.96,60.87,4.65,0.0,100.00,35.16,24.82,58.62,2.07,0.0,100.00,47.05,38.09,55.26,2.24,2.24,50.00,20.83,94.12,1.15,7.76,15.51,3.1,46.53,71.43,26.37,17.06,9.31,73.91
148,8478396,Noah Hanifin,VGK,D,https://assets.nhle.com/mugs/nhl/20262027/VGK/8478396.png,https://assets.nhle.com/logos/nhl/svg/VGK_light.svg,15,noahhanifin,3.0,58.016666666667,19.338888888889,62.05,44.47,58.25,43.44,32.06,57.53,32.06,17.58,64.58,1.03,1.03,50.00,2.74,1.35,67.07,24.82,14.48,63.16,9.31,4.14,69.23,0.0,0.0,-,20.68,13.79,60.0,1.38,0.0,100.00,65.73,38.84,62.86,0.0,1.49,0.00,3.23,94.12,0.973,12.41,14.48,5.17,44.47,70.59,26.89,16.55,9.31,74.29
149,8480039,Martin Necas,COL,C,https://assets.nhle.com/mugs/nhl/20262027/COL/8480039.png,https://assets.nhle.com/logos/nhl/svg/COL_light.svg,88,martinnecas,2.0,38.533333333333,19.266666666667,66.96,51.38,56.58,48.27,40.48,54.39,40.48,34.26,54.17,9.34,3.11,75.00,3.52,1.44,70.96,40.48,14.01,74.29,15.57,4.67,76.92,4.67,0.0,100.00,33.22,12.46,72.73,6.23,2.08,75.00,53.98,49.48,52.17,0.0,2.25,0.00,23.08,90.91,1.14,24.91,14.01,1.56,28.03,94.12,34.26,21.8,14.01,70.97
150,8475913,Mark Stone,VGK,R,https://assets.nhle.com/mugs/nhl/20262027/VGK/8475913.png,https://assets.nhle.com/logos/nhl/svg/VGK_light.svg,61,markstone,3.0,57.583333333333,19.194444444444,69.81,43.76,61.47,48.97,32.3,60.26,32.3,22.92,58.49,5.21,0.0,100.00,4.52,2.66,62.93,32.3,22.92,58.49,16.67,9.38,64.00,3.13,0.0,100.00,20.84,18.06,53.57,1.39,0.0,100.00,72.24,31.61,69.57,1.51,0.0,100.00,16.13,100.00,1.161,18.76,10.42,4.17,34.38,81.82,28.13,15.63,16.67,62.79
151,8476483,Rickard Rakell,PIT,R,https://assets.nhle.com/mugs/nhl/20262027/PIT/8476483.png,https://assets.nhle.com/logos/nhl/svg/PIT_light.svg,67,rickardrakell,3.0,57.583333333333,19.194444444444,76.06,45.85,62.39,61.48,36.47,62.77,43.76,21.88,66.67,5.21,2.08,71.43,5.4,2.64,67.16,50.01,22.92,68.57,21.88,9.38,70.00,3.13,2.08,60.00,37.51,18.06,67.5,2.78,0.0,100.00,57.19,43.65,56.72,0.0,0.0,-,11.90,90.48,1.024,16.67,18.76,7.29,30.22,69.57,31.26,23.97,18.76,62.5
152,8480246,Nick Perbix,NSH,D,https://assets.nhle.com/mugs/nhl/20262027/NSH/8480246.png,https://assets.nhle.com/logos/nhl/svg/NSH_light.svg,48,nickperbix,3.0,57.533333333333,19.177777777778,47.97,69.87,40.71,36.5,51.1,41.67,27.11,31.29,46.43,1.04,4.17,20.00,2.9,4.03,41.82,28.16,31.29,47.37,13.56,16.69,44.83,0.0,2.09,0.00,19.47,19.47,50.0,1.39,2.78,33.33,21.09,76.83,21.54,0.0,0.0,-,3.85,86.67,0.905,1.04,13.56,17.73,42.76,5.56,5.21,21.9,33.37,13.51
153,8480069,Cale Makar,COL,D,https://assets.nhle.com/mugs/nhl/20262027/COL/8480069.png,https://assets.nhle.com/logos/nhl/svg/COL_light.svg,8,calemakar,2.0,38.3,19.15,61.1,50.13,54.93,47.0,37.6,55.56,36.03,28.2,56.1,6.27,3.13,66.67,3.42,1.91,64.14,36.03,18.8,65.71,15.67,6.27,71.43,3.13,0.0,100.00,27.15,16.71,61.9,4.18,2.09,66.67,52.05,45.26,53.49,0.0,2.26,0.00,17.39,88.89,1.063,20.37,9.4,7.83,25.07,72.22,29.77,21.93,18.8,61.29
154,8482109,Alexis Lafrenière,NYR,L,https://assets.nhle.com/mugs/nhl/20262027/NYR/8482109.png,https://assets.nhle.com/logos/nhl/svg/NYR_light.svg,13,alexislafreniere,5.0,95.666666666667,19.133333333333,61.46,43.9,58.33,43.9,28.85,60.34,25.71,20.07,56.16,4.39,0.63,87.50,4.51,2.69,62.67,32.61,21.95,59.77,14.43,9.41,60.53,1.88,0.63,75.00,24.25,16.72,59.18,0.84,0.0,100.00,54.36,30.8,63.83,2.72,0.0,100.00,17.07,96.88,1.139,10.66,13.17,4.39,41.39,70.83,21.32,18.82,12.54,62.96
155,8482113,Anton Lundell,FLA,C,https://assets.nhle.com/mugs/nhl/20262027/FLA/8482113.png,https://assets.nhle.com/logos/nhl/svg/FLA_light.svg,15,antonlundell,3.0,57.3,19.1,65.97,57.59,53.39,45.03,41.88,51.81,28.27,25.13,52.94,2.09,4.19,33.33,3.89,3.63,51.72,34.55,29.32,54.1,14.66,14.66,50.00,1.05,2.09,33.33,26.53,19.55,57.58,1.4,1.4,50.00,49.91,40.84,55.0,0.0,1.51,0.00,7.41,83.33,0.907,7.33,6.28,8.38,56.54,46.67,17.8,13.61,19.9,47.22
156,8484227,Will Smith,SJS,C,https://assets.nhle.com/mugs/nhl/20262027/SJS/8484227.png,https://assets.nhle.com/logos/nhl/svg/SJS_light.svg,2,willsmith,3.0,57.3,19.1,58.64,61.78,48.7,42.93,41.88,50.62,31.41,31.41,50.0,4.19,5.24,44.44,3.02,3.33,47.58,34.55,33.51,50.77,8.38,15.71,34.78,1.05,2.09,33.33,34.9,23.73,59.52,2.79,4.19,40.00,46.89,45.38,50.82,1.51,0.0,100.00,13.33,83.33,0.967,16.75,7.33,7.33,35.6,69.57,30.37,11.52,14.66,67.44
157,8484873,Cole Hutson,WSH,D,https://assets.nhle.com/mugs/nhl/20262027/WSH/8484873.png,https://assets.nhle.com/logos/nhl/svg/WSH_secondary_light.svg,44,colehutson,2.0,38.183333333333,19.091666666667,72.28,59.71,54.76,55.0,42.43,56.45,31.43,18.86,62.5,4.71,1.57,75.00,3.29,2.83,53.77,39.28,31.43,55.56,11.0,15.71,41.18,3.14,1.57,66.67,37.71,20.95,64.29,2.1,0.0,100.00,49.93,47.66,51.16,0.0,0.0,-,15.00,91.67,1.067,3.14,11.0,6.29,56.57,33.33,9.43,17.29,15.71,37.5
158,8484153,Leo Carlsson,ANA,C,https://assets.nhle.com/mugs/nhl/20262027/ANA/8484153.png,https://assets.nhle.com/logos/nhl/svg/ANA_light.svg,91,leocarlsson,2.0,38.15,19.075,77.06,61.34,55.68,59.76,44.04,57.58,37.75,26.74,58.54,7.86,3.15,71.43,5.21,3.42,60.35,45.61,34.6,56.86,18.87,15.73,54.55,4.72,1.57,75.00,35.65,25.16,58.62,2.1,0.0,100.00,47.71,38.62,55.26,2.27,2.27,50.00,20.83,88.24,1.091,11.01,15.73,3.15,42.46,77.78,26.74,18.87,9.44,73.91
159,8471675,Sidney Crosby,PIT,C,https://assets.nhle.com/mugs/nhl/20262027/PIT/8471675.png,https://assets.nhle.com/logos/nhl/svg/PIT_light.svg,87,sidneycrosby,3.0,56.983333333333,18.994444444444,73.71,47.38,60.87,58.96,37.91,60.87,43.17,21.06,67.21,5.26,2.11,71.43,5.27,2.74,65.77,48.44,17.9,73.02,22.11,6.32,77.78,3.16,1.05,75.00,35.1,15.44,69.44,2.81,1.4,66.67,57.79,48.67,54.29,0.0,0.0,-,12.20,90.00,1.022,16.85,20.01,3.16,33.69,84.21,32.64,25.27,17.9,64.58
160,8484166,Adam Fantilli,CBJ,C,https://assets.nhle.com/mugs/nhl/20262027/CBJ/8484166.png,https://assets.nhle.com/logos/nhl/svg/CBJ_light.svg,19,adamfantilli,2.0,37.983333333333,18.991666666667,60.03,67.92,46.91,42.65,45.81,48.21,33.17,28.43,53.85,6.32,4.74,57.14,2.67,2.74,49.32,28.43,28.43,50.0,9.48,6.32,60.00,1.58,0.0,100.00,25.27,29.49,46.15,6.32,4.21,60.00,75.3,47.92,61.11,0.0,2.28,0.00,19.05,83.33,1.024,22.11,7.9,7.9,39.49,73.68,34.75,11.06,22.11,61.11
161,8476902,Esa Lindell,DAL,D,https://assets.nhle.com/mugs/nhl/20262027/DAL/8476902.png,https://assets.nhle.com/logos/nhl/svg/DAL_light.svg,23,esalindell,3.0,56.8,18.933333333333,58.1,55.99,50.93,44.37,33.8,56.76,26.41,27.46,49.02,3.17,1.06,75.00,3.08,2.58,54.49,27.46,23.24,54.17,9.51,6.34,60.00,1.06,0.0,100.00,23.94,22.54,51.52,2.82,1.41,66.67,44.25,54.93,44.62,0.0,0.0,-,12.00,96.15,1.082,3.17,15.85,13.73,41.2,18.75,7.39,25.35,20.07,26.92
162,8481617,Vasily Podkolzin,EDM,R,https://assets.nhle.com/mugs/nhl/20262027/EDM/8481617.png,https://assets.nhle.com/logos/nhl/svg/EDM_light.svg,92,vasilypodkolzin,3.0,56.766666666667,18.922222222222,93.01,20.08,82.24,64.47,16.91,79.22,46.51,11.63,80.0,9.51,3.17,75.00,5.62,0.96,85.42,57.08,9.51,85.71,16.91,4.23,80.00,4.23,1.06,80.00,53.55,7.05,88.37,2.82,1.41,66.67,74.81,15.27,83.05,3.05,1.53,66.67,20.45,72.73,0.932,21.14,13.74,6.34,36.99,76.92,39.11,15.85,10.57,78.72
163,8478399,Jonas Siegenthaler,NJD,D,https://assets.nhle.com/mugs/nhl/20262027/NJD/8478399.png,https://assets.nhle.com/logos/nhl/svg/NJD_light.svg,71,jonassiegenthaler,3.0,56.683333333333,18.894444444444,77.27,59.28,56.59,57.16,46.57,55.1,40.22,35.99,52.78,1.06,6.35,14.29,3.75,3.18,54.11,39.16,25.4,60.66,15.88,13.76,53.57,0.0,5.29,0.00,31.05,15.52,66.67,0.0,0.0,-,64.22,56.57,53.16,1.53,1.53,50.00,2.63,82.35,0.85,11.64,11.64,7.41,38.11,61.11,25.4,22.23,21.17,54.55
164,8482809,Jackson Blake,CAR,R,https://assets.nhle.com/mugs/nhl/20262027/CAR/8482809.png,https://assets.nhle.com/logos/nhl/svg/CAR_light.svg,53,jacksonblake,4.0,75.55,18.8875,84.98,38.91,68.59,57.97,27.8,67.59,39.71,22.24,64.1,3.97,1.59,71.43,5.48,1.61,77.24,42.09,18.27,69.74,15.88,8.74,64.52,0.79,0.79,50.00,34.94,12.71,73.33,3.18,0.0,100.00,80.3,25.24,76.09,1.15,1.15,50.00,10.00,92.86,1.029,17.47,5.56,3.97,34.94,81.48,33.36,8.74,8.74,79.25
165,8482165,Yan Kuznetsov,CGY,D,https://assets.nhle.com/mugs/nhl/20262027/CGY/8482165.png,https://assets.nhle.com/logos/nhl/svg/CGY_light.svg,37,yankuznetsov,2.0,37.7,18.85,82.76,71.62,53.61,50.93,58.89,46.38,28.65,36.6,43.9,1.59,7.96,16.67,3.27,3.67,47.08,35.01,39.79,46.81,7.96,19.1,29.41,0.0,6.37,0.00,36.07,27.59,56.67,0.0,2.12,0.00,71.26,55.17,56.36,2.3,0.0,100.00,5.56,78.26,0.838,7.96,15.92,12.73,44.56,38.46,20.69,22.28,20.69,50.0
166,8475690,Chris Tanev,TOR,D,https://assets.nhle.com/mugs/nhl/20262027/TOR/8475690.png,https://assets.nhle.com/logos/nhl/svg/TOR_light.svg,8,christanev,4.0,75.4,18.85,38.2,73.21,34.29,31.83,50.93,38.46,22.28,31.03,41.79,1.59,1.59,50.00,2.28,4.65,32.95,18.3,36.6,33.33,8.75,21.49,28.95,0.8,1.59,33.33,12.73,20.16,38.71,1.06,0.0,100.00,39.08,65.52,37.36,0.0,0.0,-,7.14,94.87,1.02,9.55,14.32,14.32,49.34,40.00,14.32,20.69,23.87,37.5
167,8480796,Martin Fehérváry,WSH,D,https://assets.nhle.com/mugs/nhl/20262027/WSH/8480796.png,https://assets.nhle.com/logos/nhl/svg/WSH_secondary_light.svg,42,martinfehervary,2.0,37.666666666667,18.833333333333,30.27,98.76,23.46,23.89,66.9,26.32,19.12,50.97,27.27,0.0,3.19,0.00,1.2,5.27,18.52,11.15,41.42,21.21,1.59,19.12,7.69,0.0,0.0,-,12.74,29.73,30.0,0.0,2.12,0.00,23.01,105.84,17.86,0.0,2.3,0.00,0.00,93.75,0.938,3.19,14.34,25.49,35.04,11.11,9.56,17.52,44.6,17.65
168,8481528,Dylan Cozens,OTT,C,https://assets.nhle.com/mugs/nhl/20262027/OTT/8481528.png,https://assets.nhle.com/logos/nhl/svg/OTT_light.svg,24,dylancozens,3.0,56.4,18.8,62.77,53.19,54.13,45.74,38.3,54.43,30.85,25.53,54.72,1.06,1.06,50.00,4.0,2.7,59.7,31.91,23.4,57.69,17.02,10.64,61.54,1.06,0.0,100.00,19.86,17.02,53.85,0.0,0.0,-,59.93,49.17,54.93,0.0,1.54,0.00,3.45,95.83,0.993,14.89,10.64,8.51,38.3,63.64,24.47,15.96,18.09,57.5
169,8476906,Shayne Gostisbehere,CAR,D,https://assets.nhle.com/mugs/nhl/20262027/CAR/8476906.png,https://assets.nhle.com/logos/nhl/svg/CAR_light.svg,4,shaynegostisbehere,4.0,75.116666666667,18.779166666667,77.48,31.15,71.32,55.11,23.16,70.41,33.55,18.37,64.62,3.99,2.4,62.50,4.65,1.73,72.84,34.35,15.18,69.35,11.98,9.59,55.56,0.8,2.4,25.00,29.82,7.46,80.0,3.2,0.0,100.00,84.22,20.77,80.22,1.15,0.0,100.00,11.90,86.96,0.989,17.57,8.79,2.4,34.35,88.00,35.94,15.98,6.39,84.91
170,8482702,Logan Stankoven,CAR,C,https://assets.nhle.com/mugs/nhl/20262027/CAR/8482702.png,https://assets.nhle.com/logos/nhl/svg/CAR_light.svg,22,loganstankoven,4.0,75.016666666667,18.754166666667,70.38,47.19,59.86,43.19,36.79,54.0,28.79,26.39,52.17,1.6,2.4,40.00,3.72,2.9,56.16,32.79,26.39,55.41,16.0,16.8,48.78,1.6,2.4,40.00,22.4,12.8,63.64,0.0,0.0,-,55.45,28.88,65.75,0.0,0.0,-,5.56,90.91,0.965,11.2,5.6,3.2,52.79,77.78,22.4,9.6,8.0,73.68
171,8480027,Jason Robertson,DAL,L,https://assets.nhle.com/mugs/nhl/20262027/DAL/8480027.png,https://assets.nhle.com/logos/nhl/svg/DAL_light.svg,21,jasonrobertson,3.0,56.25,18.75,74.67,36.27,67.31,51.2,21.33,70.59,35.2,18.13,66.0,3.2,3.2,50.00,4.87,2.63,64.92,34.13,13.87,71.11,18.13,9.6,65.38,1.07,1.07,50.00,21.33,5.69,78.95,2.84,1.42,66.67,72.41,30.81,70.15,0.0,1.54,0.00,9.09,82.35,0.914,13.87,7.47,5.33,33.07,72.22,27.73,9.6,14.93,65.0
172,8483493,Frank Nazar,CHI,C,https://assets.nhle.com/mugs/nhl/20262027/CHI/8483493.png,https://assets.nhle.com/logos/nhl/svg/CHI_light.svg,91,franknazar,4.0,74.95,18.7375,53.64,56.04,48.91,40.83,48.03,45.95,20.81,30.42,40.63,1.6,4.8,25.00,3.42,4.45,43.5,24.82,32.02,43.66,8.81,17.61,33.33,1.6,4.0,28.57,21.35,19.21,52.63,0.0,1.07,0.00,54.35,46.25,54.02,0.0,0.0,-,7.69,84.21,0.919,13.61,15.21,14.41,39.23,48.57,25.62,20.81,20.01,56.14
173,8479987,Morgan Geekie,BOS,C,https://assets.nhle.com/mugs/nhl/20262027/BOS/8479987.png,https://assets.nhle.com/logos/nhl/svg/BOS_light.svg,39,morgangeekie,4.0,74.9,18.725,64.89,52.07,55.48,48.06,39.25,55.05,27.24,27.24,50.0,1.6,1.6,50.00,2.82,2.59,52.09,36.05,32.04,52.94,9.61,13.62,41.38,0.8,0.8,50.00,35.25,24.57,58.93,0.0,1.07,0.00,59.01,34.71,62.96,1.16,0.0,100.00,5.88,94.12,1.0,13.62,8.01,8.81,29.64,60.71,27.24,14.42,18.42,59.65
174,8483017,Frederic Brunet,BOS,D,https://assets.nhle.com/mugs/nhl/20262027/BOS/8483017.png,https://assets.nhle.com/logos/nhl/svg/BOS_light.svg,42,fredericbrunet,1.0,18.716666666667,18.716666666667,48.09,67.32,41.67,38.47,44.88,46.15,19.23,28.85,40.0,0.0,0.0,-,2.33,2.85,45.03,25.65,44.88,36.36,9.62,16.03,37.50,0.0,0.0,-,21.37,38.47,35.71,0.0,0.0,-,55.57,27.78,66.67,0.0,0.0,-,0.00,100.00,1.0,9.62,9.62,0.0,44.88,100.00,28.85,12.82,6.41,81.82
175,8479407,Jesper Bratt,NJD,L,https://assets.nhle.com/mugs/nhl/20262027/NJD/8479407.png,https://assets.nhle.com/logos/nhl/svg/NJD_light.svg,63,jesperbratt,3.0,56.133333333333,18.711111111111,84.44,34.2,71.17,57.72,25.65,69.23,43.82,18.17,70.69,3.21,3.21,50.00,4.93,1.67,74.74,45.96,16.03,74.14,18.17,7.48,70.83,2.14,3.21,40.00,37.05,11.4,76.47,0.0,0.0,-,66.39,21.62,75.44,1.54,0.0,100.00,7.32,82.35,0.897,17.1,10.69,2.14,39.55,88.89,35.27,16.03,4.28,89.19
176,8481533,Trevor Zegras,PHI,C,https://assets.nhle.com/mugs/nhl/20262027/PHI/8481533.png,https://assets.nhle.com/logos/nhl/svg/PHI_light.svg,46,trevorzegras,4.0,74.816666666667,18.704166666667,49.72,69.77,41.61,33.68,57.74,36.84,18.45,38.49,32.39,1.6,4.01,28.57,2.82,5.61,33.44,23.26,36.09,39.19,9.62,16.84,36.36,0.8,3.21,20.00,18.18,25.66,41.46,1.07,1.07,50.00,48.65,52.13,48.28,0.0,0.0,-,8.70,89.58,0.983,11.23,7.22,1.6,52.13,87.50,20.85,16.04,8.02,72.22
177,8476448,William Karlsson,VGK,C,https://assets.nhle.com/mugs/nhl/20262027/VGK/8476448.png,https://assets.nhle.com/logos/nhl/svg/VGK_light.svg,71,willkarlsson,3.0,55.983333333333,18.661111111111,58.95,38.58,60.44,40.73,27.87,59.38,25.72,16.08,61.54,1.07,3.22,25.00,3.08,1.45,67.98,36.44,15.0,70.83,13.93,4.29,76.47,1.07,2.14,33.33,30.01,14.29,67.74,0.0,1.43,0.00,41.8,34.06,55.1,0.0,0.0,-,4.17,80.00,0.842,8.57,15.0,15.0,32.15,36.36,18.22,18.22,24.65,42.5
178,8475692,Mats Zuccarello,LAK,R,https://assets.nhle.com/mugs/nhl/20262027/LAK/8475692.png,https://assets.nhle.com/logos/nhl/svg/LAK_light.svg,36,matszuccarello,2.0,37.283333333333,18.641666666667,59.54,25.75,69.81,46.67,20.92,69.05,28.97,11.27,72.0,6.44,1.61,80.00,3.34,0.85,79.69,28.97,11.27,72.0,17.7,3.22,84.62,0.0,0.0,-,15.02,10.73,58.33,4.29,0.0,100.00,62.76,23.25,72.97,4.65,2.32,66.67,22.22,85.71,1.079,14.48,8.05,1.61,41.84,90.00,24.14,14.48,6.44,78.95
179,8478401,Pavel Zacha,BOS,C,https://assets.nhle.com/mugs/nhl/20262027/BOS/8478401.png,https://assets.nhle.com/logos/nhl/svg/BOS_light.svg,18,pavelzacha,4.0,74.433333333333,18.608333333333,58.84,61.26,48.99,44.33,45.95,49.11,25.79,30.63,45.71,1.61,1.61,50.00,2.82,3.94,41.67,31.44,40.3,43.82,9.67,17.73,35.29,0.81,0.81,50.00,29.02,30.09,49.09,0.0,1.07,0.00,53.56,38.42,58.23,1.16,0.0,100.00,6.25,94.74,1.01,13.7,8.87,12.09,29.83,53.13,27.41,13.7,21.76,55.74
180,8483515,Juraj Slafkovský,MTL,L,https://assets.nhle.com/mugs/nhl/20262027/MTL/8483515.png,https://assets.nhle.com/logos/nhl/svg/MTL_light.svg,20,jurajslafkovsky,3.0,55.8,18.6,61.29,49.46,55.34,39.78,35.48,52.86,24.73,24.73,50.0,3.23,2.15,60.00,4.23,4.37,49.2,31.18,22.58,58.0,15.05,13.98,51.85,2.15,1.08,66.67,21.51,11.47,65.22,1.43,1.43,50.00,55.91,40.38,58.06,0.0,0.0,-,13.04,91.30,1.043,10.75,16.13,4.3,37.63,71.43,25.81,16.13,12.9,66.67
181,8484768,Zayne Parekh,CGY,D,https://assets.nhle.com/mugs/nhl/20262027/CGY/8484768.png,https://assets.nhle.com/logos/nhl/svg/CGY_light.svg,19,zayneparekh,3.0,55.766666666667,18.588888888889,85.0,52.72,61.72,60.25,40.88,59.57,36.58,27.97,56.67,2.15,6.46,25.00,3.78,3.41,52.6,32.28,29.05,52.63,12.91,13.99,48.00,1.08,0.0,100.00,25.82,20.08,56.25,1.43,4.3,25.00,96.35,32.64,74.7,0.0,4.66,0.00,5.88,76.92,0.828,17.21,6.46,5.38,39.81,76.19,37.66,9.68,9.68,79.55
182,8475188,Brayden McNabb,VGK,D,https://assets.nhle.com/mugs/nhl/20262027/VGK/8475188.png,https://assets.nhle.com/logos/nhl/svg/VGK_light.svg,3,braydenmcnabb,3.0,55.7,18.566666666667,54.94,51.71,51.52,36.62,37.7,49.28,21.54,28.01,43.48,7.54,3.23,70.00,4.05,3.03,57.22,28.01,28.01,50.0,16.16,11.85,57.69,6.46,2.15,75.00,15.8,21.54,42.31,0.0,1.44,0.00,38.9,38.9,50.0,1.56,0.0,100.00,35.00,88.46,1.235,8.62,14.0,9.69,44.17,47.06,12.93,18.31,22.62,36.36
183,8484321,Nikolas Matinpalo,OTT,D,https://assets.nhle.com/mugs/nhl/20262027/OTT/8484321.png,https://assets.nhle.com/logos/nhl/svg/OTT_light.svg,33,nikolasmatinpalo,3.0,55.633333333333,18.544444444444,42.06,65.79,39.0,30.2,39.9,43.08,28.04,23.73,54.17,2.16,1.08,66.67,2.45,3.05,44.51,21.57,36.67,37.04,10.78,16.18,40.00,1.08,1.08,50.00,14.38,27.32,34.48,1.44,0.0,100.00,24.93,59.2,29.63,0.0,0.0,-,7.69,95.45,1.031,0.0,12.94,19.41,48.53,0.00,4.31,20.49,39.9,9.76
184,8479980,Nicolas Hague,NSH,D,https://assets.nhle.com/mugs/nhl/20262027/NSH/8479980.png,https://assets.nhle.com/logos/nhl/svg/NSH_light.svg,41,nicolashague,3.0,55.583333333333,18.527777777778,37.78,69.09,35.35,30.22,48.58,38.36,10.79,29.15,27.03,0.0,1.08,0.00,1.29,2.22,36.69,19.43,29.15,40.0,5.4,10.79,33.33,0.0,1.08,0.00,18.71,24.47,43.33,0.0,0.0,-,28.07,67.05,29.51,0.0,0.0,-,0.00,96.30,0.963,5.4,9.72,6.48,47.5,45.45,12.95,16.19,19.43,40.0
185,8476879,Cody Ceci,LAK,D,https://assets.nhle.com/mugs/nhl/20262027/LAK/8476879.png,https://assets.nhle.com/logos/nhl/svg/LAK_light.svg,5,codyceci,2.0,37.033333333333,18.516666666667,53.47,51.85,50.77,43.74,38.88,52.94,34.02,29.16,53.85,4.86,4.86,50.00,3.33,2.45,57.61,24.3,29.16,45.45,14.58,9.72,60.00,0.0,1.62,0.00,12.96,25.92,33.33,2.16,4.32,33.33,30.42,51.49,37.14,4.68,0.0,100.00,14.29,83.33,0.976,0.0,21.06,14.58,42.12,0.00,1.62,30.78,29.16,5.26
186,8477409,Carter Verhaeghe,FLA,C,https://assets.nhle.com/mugs/nhl/20262027/FLA/8477409.png,https://assets.nhle.com/logos/nhl/svg/FLA_light.svg,23,carterverhaeghe,3.0,55.5,18.5,55.14,36.76,60.0,42.16,24.86,62.9,21.62,16.22,57.14,5.41,1.08,83.33,3.4,1.69,66.8,25.95,20.54,55.81,10.81,7.57,58.82,3.24,0.0,100.00,20.18,17.3,53.85,1.44,1.44,50.00,49.97,23.42,68.09,1.56,0.0,100.00,25.00,93.33,1.183,10.81,6.49,2.16,56.22,83.33,17.3,16.22,10.81,61.54
187,8475200,Dmitry Orlov,SJS,D,https://assets.nhle.com/mugs/nhl/20262027/SJS/8475200.png,https://assets.nhle.com/logos/nhl/svg/SJS_light.svg,9,dmitryorlov,3.0,55.433333333333,18.477777777778,48.71,64.94,42.86,30.31,47.62,38.89,14.07,29.22,32.5,0.0,5.41,0.00,1.83,4.14,30.69,22.73,35.72,38.89,8.66,21.65,28.57,0.0,3.25,0.00,18.76,18.76,50.0,0.0,2.89,0.00,40.65,46.9,46.43,0.0,0.0,-,0.00,81.48,0.815,5.41,6.49,6.49,51.95,45.45,11.91,12.99,16.24,42.31
188,8483398,Declan Carlile,PIT,D,https://assets.nhle.com/mugs/nhl/20262027/PIT/8483398.png,https://assets.nhle.com/logos/nhl/svg/PIT_light.svg,72,declancarlile,3.0,55.416666666667,18.472222222222,58.47,69.29,45.76,48.72,50.89,48.91,30.32,27.07,52.83,5.41,2.17,71.43,4.17,3.02,58.02,32.48,41.14,44.12,11.91,10.83,52.38,1.08,2.17,33.33,27.43,40.42,40.43,5.77,0.0,100.00,46.92,57.86,44.78,0.0,0.0,-,17.86,92.00,1.099,8.66,16.24,8.66,42.23,50.00,23.82,21.65,21.65,52.38
189,8482146,Luke Evangelista,NJD,R,https://assets.nhle.com/mugs/nhl/20262027/NJD/8482146.png,https://assets.nhle.com/logos/nhl/svg/NJD_light.svg,77,lukeevangelista,3.0,55.383333333333,18.461111111111,85.59,36.83,69.91,60.67,23.83,71.79,43.33,18.42,70.18,3.25,1.08,75.00,5.18,1.38,78.92,50.92,16.25,75.81,19.5,5.42,78.26,2.17,0.0,100.00,41.89,14.44,74.36,1.44,0.0,100.00,59.46,23.47,71.7,0.0,1.56,0.00,7.50,94.12,1.016,11.92,15.17,6.5,26.0,64.71,32.5,21.67,9.75,76.92
190,8478136,Jake Middleton,CGY,D,https://assets.nhle.com/mugs/nhl/20262027/CGY/8478136.png,https://assets.nhle.com/logos/nhl/svg/CGY_light.svg,55,jakemiddleton,3.0,55.35,18.45,63.96,60.7,51.3,47.7,43.36,52.38,27.1,29.27,48.08,0.0,3.25,0.00,3.06,3.31,48.05,27.1,34.69,43.86,13.01,16.26,44.44,0.0,0.0,-,18.79,24.57,43.33,0.0,1.45,0.00,62.63,42.28,59.7,0.0,3.13,0.00,0.00,88.89,0.889,4.34,10.84,7.59,52.03,36.36,23.85,13.01,15.18,61.11
191,8482145,Mavrik Bourque,NSH,C,https://assets.nhle.com/mugs/nhl/20262027/NSH/8482145.png,https://assets.nhle.com/logos/nhl/svg/NSH_light.svg,22,mavrikbourque,3.0,55.3,18.433333333333,48.82,59.67,45.0,37.97,40.14,48.61,28.21,21.7,56.52,2.17,0.0,100.00,2.34,2.11,52.57,28.21,26.04,52.0,8.68,9.76,47.06,2.17,0.0,100.00,26.04,21.7,54.55,0.0,0.0,-,34.48,51.72,40.0,0.0,0.0,-,7.69,100.00,1.077,9.76,10.85,5.42,46.65,64.29,17.36,11.93,13.02,57.14
192,8478911,Matt Roy,WSH,D,https://assets.nhle.com/mugs/nhl/20262027/WSH/8478911.png,https://assets.nhle.com/logos/nhl/svg/WSH_secondary_light.svg,3,mattroy,2.0,36.85,18.425,34.19,76.53,30.88,21.17,53.73,28.26,13.03,35.82,26.67,1.63,3.26,33.33,1.67,4.69,26.26,14.65,34.19,30.0,6.51,19.54,25.00,1.63,0.0,100.00,10.85,19.54,35.71,0.0,2.17,0.00,30.57,82.32,27.08,0.0,2.35,0.00,12.50,90.91,1.034,1.63,9.77,21.17,34.19,7.14,14.65,17.91,34.19,30.0
193,8478397,Rasmus Andersson,VGK,D,https://assets.nhle.com/mugs/nhl/20262027/VGK/8478397.png,https://assets.nhle.com/logos/nhl/svg/VGK_light.svg,4,rasmusandersson,3.0,55.2,18.4,56.52,39.13,59.09,44.57,31.52,58.57,35.87,21.74,62.26,0.0,4.35,0.00,3.75,2.51,59.89,36.96,22.83,61.82,16.3,11.96,57.69,0.0,3.26,0.00,27.54,14.49,65.52,0.0,1.45,0.00,37.68,26.69,58.54,0.0,0.0,-,0.00,80.00,0.8,6.52,16.3,7.61,50.0,46.15,18.48,19.57,16.3,53.13
194,8482159,Tyson Foerster,PHI,R,https://assets.nhle.com/mugs/nhl/20262027/PHI/8482159.png,https://assets.nhle.com/logos/nhl/svg/PHI_light.svg,71,tysonfoerster,4.0,73.6,18.4,48.1,74.18,39.33,34.24,55.43,38.18,19.57,36.68,34.78,0.82,6.52,11.11,2.56,5.23,32.82,25.27,35.05,41.89,6.52,15.49,29.63,0.0,3.26,0.00,25.0,26.09,48.94,0.0,3.26,0.00,41.21,57.7,41.67,1.18,1.18,50.00,4.17,82.22,0.864,11.41,14.67,10.6,38.32,51.85,22.01,18.75,18.75,54.0
195,8479983,Mario Ferraro,WPG,D,https://assets.nhle.com/mugs/nhl/20262027/WPG/8479983.png,https://assets.nhle.com/logos/nhl/svg/WPG_light.svg,38,marioferraro,3.0,55.133333333333,18.377777777778,37.0,78.36,32.08,23.94,57.68,29.33,16.32,34.82,31.91,2.18,2.18,50.00,1.42,4.25,25.08,8.71,38.09,18.6,3.26,17.41,15.79,1.09,1.09,50.00,7.26,27.57,20.83,0.0,1.45,0.00,36.15,69.17,34.33,1.57,0.0,100.00,13.33,93.75,1.071,7.62,5.44,9.79,48.97,43.75,14.15,9.79,25.03,36.11
196,8482700,Nolan Allan,SJS,D,https://assets.nhle.com/mugs/nhl/20262027/SJS/8482700.png,https://assets.nhle.com/logos/nhl/svg/SJS_light.svg,5,nolanallan,2.0,36.733333333333,18.366666666667,42.47,60.44,41.27,37.57,50.64,42.59,27.77,32.67,45.95,4.9,4.9,50.00,1.31,3.3,28.38,16.33,32.67,33.33,1.63,11.43,12.50,0.0,0.0,-,19.6,28.31,40.91,4.36,6.53,40.00,40.11,70.78,36.17,2.36,0.0,100.00,17.65,85.00,1.026,13.07,8.17,13.07,42.47,50.00,21.23,13.07,31.03,40.63
197,8477369,Carson Soucy,CBJ,D,https://assets.nhle.com/mugs/nhl/20262027/CBJ/8477369.png,https://assets.nhle.com/logos/nhl/svg/CBJ_light.svg,7,carsonsoucy,2.0,36.716666666667,18.358333333333,37.59,53.93,41.07,27.78,35.95,43.59,21.24,29.41,41.94,4.9,4.9,50.00,2.46,2.41,50.53,19.61,22.88,46.15,8.17,6.54,55.56,1.63,0.0,100.00,15.25,21.79,41.18,2.18,0.0,100.00,30.69,37.77,44.83,0.0,7.08,0.00,23.08,83.33,1.064,8.17,9.8,6.54,57.19,55.56,13.07,21.24,21.24,38.1
198,8478042,Viktor Arvidsson,DET,L,https://assets.nhle.com/mugs/nhl/20262027/DET/8478042.png,https://assets.nhle.com/logos/nhl/svg/DET_light.svg,33,viktorarvidsson,3.0,55.016666666667,18.338888888889,85.07,53.44,61.42,62.16,37.08,62.64,43.62,21.81,66.67,4.36,3.27,57.14,4.87,3.05,61.49,41.44,26.17,61.29,19.63,8.72,69.23,2.18,1.09,66.67,29.08,23.27,55.56,2.91,1.45,66.67,85.07,31.51,72.97,0.0,0.0,-,10.00,85.00,0.95,17.45,6.54,2.18,40.35,88.89,34.9,13.09,4.36,88.89
199,8479576,Vincent Desharnais,WSH,D,https://assets.nhle.com/mugs/nhl/20262027/WSH/8479576.png,https://assets.nhle.com/logos/nhl/svg/WSH_secondary_light.svg,73,vincentdesharnais,2.0,36.666666666667,18.333333333333,40.91,85.09,32.47,27.82,57.27,32.69,21.27,32.73,39.39,4.91,1.64,75.00,1.73,3.74,31.62,24.55,47.45,34.09,8.18,13.09,38.46,3.27,1.64,66.67,21.82,45.82,32.26,2.18,0.0,100.00,16.55,73.27,18.42,0.0,0.0,-,23.08,95.00,1.181,1.64,6.55,8.18,54.0,16.67,4.91,13.09,19.64,20.0
200,8481596,Shane Pinto,OTT,C,https://assets.nhle.com/mugs/nhl/20262027/OTT/8481596.png,https://assets.nhle.com/logos/nhl/svg/OTT_light.svg,12,shanepinto,3.0,55.0,18.333333333333,50.18,53.45,48.42,37.09,39.27,48.57,25.09,28.36,46.94,3.27,2.18,60.00,2.6,2.58,50.22,27.27,24.0,53.19,10.91,9.82,52.63,3.27,1.09,75.00,21.82,18.91,53.57,0.0,1.45,0.00,37.82,53.58,41.38,0.0,0.0,-,13.04,92.31,1.054,8.73,17.45,18.55,41.45,32.00,12.0,19.64,34.91,25.58
201,8482175,JJ Peterka,BOS,R,https://assets.nhle.com/mugs/nhl/20262027/BOS/8482175.png,https://assets.nhle.com/logos/nhl/svg/BOS_light.svg,10,jjpeterka,4.0,73.2,18.3,66.39,46.72,58.7,51.64,29.51,63.64,32.79,20.49,61.54,2.46,2.46,50.00,3.72,2.22,62.59,33.61,24.59,57.75,13.11,10.66,55.17,1.64,0.82,66.67,27.32,18.58,59.52,1.09,1.09,50.00,72.22,30.78,70.11,0.0,1.18,0.00,7.50,88.00,0.955,20.49,5.74,5.74,34.43,78.13,36.89,11.48,10.66,77.59
202,8478414,Timo Meier,NJD,R,https://assets.nhle.com/mugs/nhl/20262027/NJD/8478414.png,https://assets.nhle.com/logos/nhl/svg/NJD_light.svg,28,timomeier,3.0,54.866666666667,18.288888888889,82.02,44.84,64.66,55.77,32.81,62.96,36.09,24.06,60.0,2.19,3.28,40.00,3.41,2.27,60.05,43.74,20.78,67.8,13.12,8.75,60.00,1.09,2.19,33.33,40.83,16.04,71.79,1.46,0.0,100.00,56.87,33.17,63.16,0.0,1.58,0.00,6.06,86.36,0.924,8.75,15.31,6.56,33.9,57.14,26.25,19.68,10.94,70.59
203,8484390,Roman Kantserov,CHI,R,https://assets.nhle.com/mugs/nhl/20262027/CHI/8484390.png,https://assets.nhle.com/logos/nhl/svg/CHI_light.svg,80,romankantserov,4.0,73.15,18.2875,43.47,48.39,47.32,31.17,39.37,44.19,16.4,24.61,40.0,0.0,4.1,0.00,1.41,3.31,29.89,15.58,24.61,38.78,4.92,11.48,30.00,0.0,2.46,0.00,14.22,17.5,44.83,0.0,2.19,0.00,52.13,36.73,58.67,0.0,0.0,-,0.00,83.33,0.833,13.12,14.76,6.56,35.27,66.67,25.43,22.15,14.76,63.27
204,8477499,Rasmus Ristolainen,PHI,D,https://assets.nhle.com/mugs/nhl/20262027/PHI/8477499.png,https://assets.nhle.com/logos/nhl/svg/PHI_light.svg,55,rasmusristolainen,3.0,54.833333333333,18.277777777778,48.15,83.16,36.67,37.2,66.75,35.79,27.36,44.86,37.88,3.28,3.28,50.00,1.85,4.59,28.69,22.98,39.39,36.84,7.66,15.32,33.33,1.09,0.0,100.00,20.43,32.1,38.89,1.46,4.38,25.00,41.09,71.12,36.62,1.58,0.0,100.00,12.00,92.68,1.047,1.09,13.13,15.32,50.33,6.67,13.13,20.79,27.36,32.43
205,8476967,Brett Kulak,COL,D,https://assets.nhle.com/mugs/nhl/20262027/COL/8476967.png,https://assets.nhle.com/logos/nhl/svg/COL_light.svg,27,brettkulak,2.0,36.533333333333,18.266666666667,49.27,68.98,41.67,32.85,47.63,40.82,21.35,31.2,40.63,1.64,0.0,100.00,2.35,3.03,43.68,31.2,31.2,50.0,8.21,11.5,41.67,1.64,0.0,100.00,30.66,26.28,53.85,0.0,0.0,-,26.09,52.19,33.33,0.0,0.0,-,7.69,100.00,1.077,3.28,6.57,8.21,54.2,28.57,9.85,14.78,18.07,35.29
206,8478840,Will Borgen,BOS,D,https://assets.nhle.com/mugs/nhl/20262027/BOS/8478840.png,https://assets.nhle.com/logos/nhl/svg/BOS_light.svg,17,willborgen,4.0,73.016666666667,18.254166666667,48.48,59.16,45.04,37.8,45.2,45.54,25.47,27.12,48.44,2.47,0.82,75.00,3.12,3.62,46.32,25.47,36.16,41.33,10.68,13.97,43.33,1.64,0.82,66.67,19.72,29.58,40.0,0.0,0.0,-,41.54,51.04,44.87,1.19,0.0,100.00,9.68,96.97,1.066,11.5,10.68,13.97,40.26,45.16,19.72,18.9,27.94,41.38
207,8483500,Noah Ostlund,BUF,C,https://assets.nhle.com/mugs/nhl/20262027/BUF/8483500.png,https://assets.nhle.com/logos/nhl/svg/BUF_light.svg,86,noahostlund,3.0,54.733333333333,18.244444444444,65.77,39.46,62.5,49.33,27.41,64.29,27.41,15.35,64.1,5.48,4.38,55.56,3.53,2.19,61.76,36.18,24.12,60.0,10.96,5.48,66.67,1.1,1.1,50.00,33.62,24.85,57.5,4.38,2.92,60.00,44.34,15.83,73.68,1.58,0.0,100.00,20.00,71.43,0.914,9.87,10.96,2.19,53.71,81.82,21.92,17.54,5.48,80.0
208,8477951,Nick Schmaltz,UTA,C,https://assets.nhle.com/mugs/nhl/20262027/UTA/8477951.png,https://assets.nhle.com/logos/nhl/svg/UTA_light.svg,8,nickschmaltz,4.0,72.933333333333,18.233333333333,83.09,43.6,65.58,61.7,31.26,66.37,45.25,19.74,69.62,9.05,4.11,68.75,6.27,2.57,70.96,49.36,23.86,67.42,26.33,9.87,72.73,4.94,2.47,66.67,30.71,18.65,62.22,1.1,2.19,33.33,65.36,28.52,69.62,4.75,0.0,100.00,20.00,79.17,0.992,17.28,9.87,5.76,41.13,75.00,32.08,14.81,11.52,73.58
209,8475172,Nazem Kadri,COL,C,https://assets.nhle.com/mugs/nhl/20262027/COL/8475172.png,https://assets.nhle.com/logos/nhl/svg/COL_light.svg,91,nazemkadri,2.0,36.4,18.2,62.64,56.04,52.78,49.45,39.56,55.56,39.56,26.37,60.0,9.89,0.0,100.00,4.34,3.17,57.81,41.21,26.37,60.98,19.78,14.84,57.14,6.59,0.0,100.00,28.57,15.38,65.0,2.2,0.0,100.00,40.48,42.86,48.57,2.38,0.0,100.00,25.00,100.00,1.25,11.54,19.78,4.95,44.51,70.00,18.13,31.32,11.54,61.11
210,8477953,Kasperi Kapanen,EDM,R,https://assets.nhle.com/mugs/nhl/20262027/EDM/8477953.png,https://assets.nhle.com/logos/nhl/svg/EDM_light.svg,42,kasperikapanen,3.0,54.516666666667,18.172222222222,72.64,38.52,65.35,53.93,28.62,65.33,34.12,18.71,64.58,4.4,6.6,40.00,4.1,2.23,64.75,36.32,18.71,66.0,9.91,12.11,45.00,3.3,5.5,37.50,35.22,8.8,80.0,1.47,0.0,100.00,63.59,31.79,66.67,0.0,1.59,0.00,12.90,64.71,0.776,9.91,16.51,6.6,49.53,60.00,28.62,17.61,15.41,65.0
211,8484790,Adam Jiricek,STL,D,https://assets.nhle.com/mugs/nhl/20262027/STL/8484790.png,https://assets.nhle.com/logos/nhl/svg/STL_light.svg,36,adamjiricek,3.0,54.5,18.166666666667,56.15,62.75,47.22,35.23,44.04,44.44,19.82,26.42,42.86,1.1,3.3,25.00,2.64,3.94,40.13,31.93,30.83,50.88,11.01,12.11,47.62,0.0,1.1,0.00,27.89,24.95,52.78,1.47,2.94,33.33,39.76,55.66,41.67,0.0,0.0,-,5.56,87.50,0.931,12.11,9.91,5.5,44.04,68.75,19.82,16.51,17.61,52.94
212,8482667,William Eklund,OTT,L,https://assets.nhle.com/mugs/nhl/20262027/OTT/8482667.png,https://assets.nhle.com/logos/nhl/svg/OTT_light.svg,27,willeklund,3.0,54.3,18.1,74.03,40.88,64.42,51.93,29.83,63.51,33.15,20.99,61.22,2.21,1.1,66.67,5.8,2.31,71.53,48.62,15.47,75.86,25.41,7.73,76.67,2.21,0.0,100.00,30.94,10.31,75.0,0.0,0.0,-,49.48,36.71,57.41,0.0,1.6,0.00,6.67,94.74,1.014,8.84,11.05,6.63,46.41,57.14,20.99,15.47,11.05,65.52
213,8482149,Cole Perfetti,WPG,C,https://assets.nhle.com/mugs/nhl/20262027/WPG/8482149.png,https://assets.nhle.com/logos/nhl/svg/WPG_light.svg,91,coleperfetti,3.0,54.25,18.083333333333,92.9,70.78,56.76,77.42,55.3,58.33,49.77,33.18,60.0,5.53,4.42,55.56,7.02,3.8,64.89,56.41,30.97,64.56,22.12,15.48,58.82,2.21,2.21,50.00,45.71,20.65,68.89,4.42,1.47,75.00,78.28,59.11,56.98,0.0,1.6,0.00,11.11,86.67,0.978,17.7,9.95,5.53,35.39,76.19,33.18,14.38,14.38,69.77
214,8476372,Nick Seeler,PHI,D,https://assets.nhle.com/mugs/nhl/20262027/PHI/8476372.png,https://assets.nhle.com/logos/nhl/svg/PHI_light.svg,24,nickseeler,4.0,72.333333333333,18.083333333333,33.18,68.85,32.52,19.91,45.62,30.38,13.27,31.52,29.63,0.83,1.66,33.33,0.92,3.26,22.01,9.95,30.69,24.49,2.49,10.78,18.75,0.0,0.0,-,9.95,26.54,27.27,0.0,2.21,0.00,29.95,58.71,33.78,1.2,0.0,100.00,6.25,94.74,1.01,0.83,5.81,7.47,63.04,10.00,6.64,12.44,20.74,24.24
215,8478519,Anthony Cirelli,TBL,C,https://assets.nhle.com/mugs/nhl/20262027/TBL/8478519.png,https://assets.nhle.com/logos/nhl/svg/TBL_light.svg,71,anthonycirelli,3.0,54.15,18.05,74.24,50.97,59.29,43.21,32.13,57.35,33.24,15.51,68.18,1.11,1.11,50.00,4.32,3.73,53.65,43.21,27.7,60.94,16.62,12.19,57.69,1.11,1.11,50.00,35.46,20.68,63.16,0.0,0.0,-,59.22,40.01,59.68,0.0,0.0,-,3.33,92.86,0.962,14.4,12.19,11.08,42.11,56.52,27.7,13.3,17.73,60.98
216,8475279,Ben Chiarot,DET,D,https://assets.nhle.com/mugs/nhl/20262027/DET/8475279.png,https://assets.nhle.com/logos/nhl/svg/DET_light.svg,8,benchiarot,3.0,54.133333333333,18.044444444444,54.31,62.07,46.67,39.9,41.01,49.32,27.71,31.03,47.17,1.11,3.33,25.00,3.15,3.32,48.67,28.82,29.93,49.06,15.52,11.08,58.33,1.11,0.0,100.00,17.73,25.12,41.38,0.0,4.43,0.00,44.83,54.43,45.16,0.0,0.0,-,4.00,89.29,0.933,3.33,7.76,3.33,59.85,50.00,21.06,17.73,19.95,51.35
217,8477492,Nathan MacKinnon,COL,C,https://assets.nhle.com/mugs/nhl/20262027/COL/8477492.png,https://assets.nhle.com/logos/nhl/svg/COL_light.svg,29,nathanmackinnon,2.0,36.0,18.0,70.0,56.67,55.26,51.67,45.0,53.45,41.67,38.33,52.08,8.33,5.0,62.50,3.46,1.64,67.89,41.67,18.33,69.44,15.0,5.0,75.00,3.33,0.0,100.00,35.56,17.78,66.67,6.67,2.22,75.00,57.78,55.37,51.06,0.0,4.81,0.00,20.00,86.96,1.07,21.67,15.0,3.33,35.0,86.67,36.67,23.33,18.33,66.67
218,8480043,Timothy Liljegren,WSH,D,https://assets.nhle.com/mugs/nhl/20262027/WSH/8480043.png,https://assets.nhle.com/logos/nhl/svg/WSH_secondary_light.svg,27,timliljegren,2.0,35.983333333333,17.991666666667,46.69,78.37,37.33,41.69,51.69,44.64,23.34,40.02,36.84,1.67,1.67,50.00,2.04,2.71,43.0,23.34,33.35,41.18,5.0,1.67,75.00,1.67,0.0,100.00,24.46,42.24,36.67,0.0,2.22,0.00,26.49,84.3,23.91,0.0,0.0,-,7.14,95.83,1.03,0.0,13.34,15.01,41.69,0.00,3.33,20.01,30.01,10.0
219,8479998,Mikey Anderson,LAK,D,https://assets.nhle.com/mugs/nhl/20262027/LAK/8479998.png,https://assets.nhle.com/logos/nhl/svg/LAK_light.svg,44,michaelyanderson,2.0,35.766666666667,17.883333333333,40.26,62.07,39.34,33.55,46.97,41.67,25.16,35.23,41.67,1.68,6.71,20.00,2.25,2.51,47.23,16.78,35.23,32.26,11.74,10.07,53.85,0.0,1.68,0.00,6.71,33.55,16.67,0.0,6.71,0.00,26.65,55.73,32.35,2.42,0.0,100.00,6.67,80.95,0.876,1.68,21.81,13.42,40.26,11.11,5.03,28.52,28.52,15.0
220,8479378,Logan Stanley,NYI,D,https://assets.nhle.com/mugs/nhl/20262027/NYI/8479378.png,https://assets.nhle.com/logos/nhl/svg/NYI_light.svg,8,loganstanley,3.0,53.616666666667,17.872222222222,45.88,66.02,41.0,33.57,49.24,40.54,26.86,30.21,47.06,3.36,2.24,60.00,1.92,2.96,39.38,20.14,40.29,33.33,11.19,12.31,47.62,3.36,1.12,75.00,11.94,37.3,24.24,0.0,1.49,0.00,35.56,48.49,42.31,0.0,0.0,-,12.50,92.59,1.051,7.83,11.19,11.19,49.24,41.18,16.79,17.9,16.79,50.0
221,8483506,Sam Rinzel,CHI,D,https://assets.nhle.com/mugs/nhl/20262027/CHI/8483506.png,https://assets.nhle.com/logos/nhl/svg/CHI_light.svg,6,samrinzel,3.0,53.516666666667,17.838888888889,52.69,59.42,47.0,40.36,45.97,46.75,24.67,28.03,46.81,2.24,3.36,40.00,2.76,3.38,44.99,24.67,32.51,43.14,10.09,13.45,42.86,2.24,1.12,66.67,19.43,25.41,43.33,0.0,2.99,0.00,46.96,45.34,50.88,0.0,0.0,-,9.09,88.00,0.971,5.61,17.94,8.97,42.6,38.46,13.45,21.3,16.82,44.44
222,8480830,Andrei Svechnikov,CAR,R,https://assets.nhle.com/mugs/nhl/20262027/CAR/8480830.png,https://assets.nhle.com/logos/nhl/svg/CAR_light.svg,37,andreisvechnikov,4.0,71.183333333333,17.795833333333,88.5,26.13,77.21,64.9,17.7,78.57,41.3,11.8,77.78,5.9,2.53,70.00,6.65,1.1,85.83,44.67,12.64,77.94,15.17,4.21,78.26,0.84,0.84,50.00,39.34,11.24,77.78,5.62,1.12,83.33,82.79,14.61,85.0,1.22,1.22,50.00,14.29,78.57,0.929,16.01,10.11,3.37,41.3,82.61,32.87,17.7,8.43,79.59
223,8479343,Clayton Keller,UTA,R,https://assets.nhle.com/mugs/nhl/20262027/UTA/8479343.png,https://assets.nhle.com/logos/nhl/svg/UTA_light.svg,9,claytonkeller,4.0,71.133333333333,17.783333333333,83.51,41.33,66.89,59.89,27.84,68.27,42.17,16.03,72.46,8.43,3.37,71.43,5.59,2.2,71.74,48.08,18.56,72.15,24.46,9.28,72.50,5.06,1.69,75.00,31.49,12.37,71.79,1.12,2.25,33.33,67.01,30.46,68.75,3.66,0.0,100.00,20.00,78.95,0.989,16.87,9.28,4.22,39.64,80.00,32.9,14.34,11.81,73.58
224,8471215,Evgeni Malkin,PIT,C,https://assets.nhle.com/mugs/nhl/20262027/PIT/8471215.png,https://assets.nhle.com/logos/nhl/svg/PIT_light.svg,71,evgenimalkin,3.0,53.25,17.75,63.1,59.72,51.38,45.07,46.2,49.38,30.42,25.92,54.0,4.51,1.13,80.00,3.1,3.23,49.03,32.68,21.41,60.42,16.9,7.89,68.18,2.25,1.13,66.67,21.03,18.03,53.85,3.0,0.0,100.00,50.45,52.08,49.21,0.0,0.0,-,14.81,95.65,1.105,12.39,12.39,2.25,40.56,84.62,22.54,16.9,14.65,60.61
225,8478450,Parker Wotherspoon,VGK,D,https://assets.nhle.com/mugs/nhl/20262027/VGK/8478450.png,https://assets.nhle.com/logos/nhl/svg/VGK_light.svg,29,parkerwotherspoon,3.0,53.2,17.733333333333,50.75,41.73,54.88,37.22,33.83,52.38,29.32,22.56,56.52,0.0,4.51,0.00,2.95,2.51,54.06,30.45,22.56,57.45,11.28,12.41,47.62,0.0,3.38,0.00,25.56,13.53,65.38,0.0,1.5,0.00,37.47,32.58,53.49,0.0,0.0,-,0.00,80.00,0.8,3.38,16.92,11.28,47.37,23.08,13.53,19.17,20.3,40.0
226,8477950,Tony DeAngelo,NYI,D,https://assets.nhle.com/mugs/nhl/20262027/NYI/8477950.png,https://assets.nhle.com/logos/nhl/svg/NYI_light.svg,77,anthonydeangelo,3.0,53.166666666667,17.722222222222,65.45,48.53,57.43,49.66,37.24,57.14,32.73,23.7,58.0,1.13,2.26,33.33,2.36,3.0,44.02,23.7,29.34,44.68,7.9,12.41,38.89,1.13,1.13,50.00,21.07,22.57,48.28,0.0,0.0,-,66.83,32.6,67.21,0.0,1.63,0.00,3.45,90.48,0.939,5.64,14.67,4.51,51.91,55.56,23.7,20.31,12.41,65.63
227,8475754,Brock Nelson,COL,C,https://assets.nhle.com/mugs/nhl/20262027/COL/8475754.png,https://assets.nhle.com/logos/nhl/svg/COL_light.svg,11,brocknelson,2.0,35.416666666667,17.708333333333,35.58,55.91,38.89,27.11,37.27,42.11,22.02,23.72,48.15,5.08,0.0,100.00,2.42,2.56,48.62,22.02,25.41,46.43,11.86,11.86,50.00,3.39,0.0,100.00,13.55,18.07,42.86,0.0,0.0,-,24.47,58.73,29.41,2.45,0.0,100.00,23.08,100.00,1.231,10.16,18.64,15.25,38.96,40.00,11.86,27.11,22.02,35.0
228,8479442,Troy Stecher,TOR,D,https://assets.nhle.com/mugs/nhl/20262027/TOR/8479442.png,https://assets.nhle.com/logos/nhl/svg/TOR_light.svg,28,troystecher,4.0,70.666666666667,17.666666666667,45.0,61.98,42.06,33.11,49.25,40.21,20.38,29.72,40.68,2.55,2.55,50.00,2.25,3.89,36.68,23.77,28.87,45.16,11.04,16.98,39.39,1.7,2.55,40.00,16.98,15.85,51.72,0.0,0.0,-,39.25,56.42,41.03,1.23,0.0,100.00,12.50,91.43,1.039,9.34,9.34,5.94,55.19,61.11,16.13,14.43,14.43,52.78
229,8485391,Anton Frondell,CHI,C,https://assets.nhle.com/mugs/nhl/20262027/CHI/8485391.png,https://assets.nhle.com/logos/nhl/svg/CHI_light.svg,16,antonfrondell,4.0,70.55,17.6375,39.97,62.08,39.17,33.17,51.03,39.39,21.26,31.47,40.32,4.25,4.25,50.00,2.35,3.88,37.72,16.16,34.02,32.2,10.21,12.76,44.44,2.55,2.55,50.00,7.94,28.35,21.88,2.27,2.27,50.00,45.45,52.82,46.25,0.0,0.0,-,20.00,86.49,1.065,12.76,13.61,10.21,38.27,55.56,20.41,17.86,17.01,54.55
230,8483516,Jimmy Snuggerud,STL,R,https://assets.nhle.com/mugs/nhl/20262027/STL/8483516.png,https://assets.nhle.com/logos/nhl/svg/STL_light.svg,21,jimmysnuggerud,3.0,52.8,17.6,64.77,47.73,57.58,37.5,36.36,50.77,28.41,21.59,56.82,2.27,3.41,40.00,3.47,2.58,57.31,30.68,18.18,62.79,12.5,9.09,57.89,1.14,1.14,50.00,24.24,12.12,66.67,0.0,3.03,0.00,54.17,55.81,49.25,1.64,0.0,100.00,8.00,84.21,0.922,13.64,12.5,7.95,35.23,63.16,26.14,19.32,20.45,56.1
231,8475166,John Tavares,TOR,C,https://assets.nhle.com/mugs/nhl/20262027/TOR/8475166.png,https://assets.nhle.com/logos/nhl/svg/TOR_light.svg,91,johntavares,4.0,70.383333333333,17.595833333333,75.87,57.97,56.69,53.71,46.89,53.39,36.66,33.25,52.44,3.41,4.26,44.44,4.41,4.25,50.91,44.33,32.39,57.78,22.16,16.2,57.78,1.7,3.41,33.33,29.55,21.6,57.78,0.0,0.0,-,76.34,29.55,72.09,2.46,1.23,66.67,9.30,87.18,0.965,21.31,5.97,2.56,36.66,89.29,40.07,10.23,5.97,87.04
232,8483431,Logan Cooley,UTA,C,https://assets.nhle.com/mugs/nhl/20262027/UTA/8483431.png,https://assets.nhle.com/logos/nhl/svg/UTA_light.svg,92,logancooley,4.0,70.25,17.5625,86.26,41.85,67.33,62.35,29.04,68.22,41.0,18.79,68.57,9.4,2.56,78.57,5.61,2.2,71.88,52.1,16.23,76.25,26.48,5.12,83.78,5.12,0.85,85.71,34.16,14.8,69.77,2.28,1.14,66.67,62.92,41.95,60.0,3.7,1.23,75.00,22.92,86.36,1.093,17.08,9.4,6.83,42.7,71.43,31.6,14.52,12.81,71.15
233,8482679,Matt Coronato,CGY,R,https://assets.nhle.com/mugs/nhl/20262027/CGY/8482679.png,https://assets.nhle.com/logos/nhl/svg/CGY_light.svg,27,mattcoronato,3.0,52.4,17.466666666667,96.18,51.53,65.12,59.54,37.79,61.18,37.79,28.63,56.9,2.29,6.87,25.00,4.35,3.05,58.76,35.5,29.77,54.39,14.89,12.6,54.17,1.15,2.29,33.33,27.48,22.9,54.55,1.53,3.05,33.33,109.16,33.08,76.74,0.0,3.31,0.00,6.06,76.00,0.821,27.48,8.02,2.29,36.64,92.31,45.8,16.03,9.16,83.33
234,8476931,Jake McCabe,TOR,D,https://assets.nhle.com/mugs/nhl/20262027/TOR/8476931.png,https://assets.nhle.com/logos/nhl/svg/TOR_light.svg,22,jakemccabe,4.0,69.683333333333,17.420833333333,40.47,64.58,38.52,31.86,43.91,42.05,23.25,23.25,50.0,0.86,1.72,33.33,2.23,3.92,36.3,17.22,30.14,36.36,7.75,16.36,32.14,0.0,1.72,0.00,12.63,18.37,40.74,1.15,0.0,100.00,39.8,59.7,40.0,0.0,0.0,-,3.70,92.59,0.963,7.75,13.78,11.19,50.8,40.91,13.78,20.66,20.66,40.0
235,8481601,Simon Holmstrom,NYI,R,https://assets.nhle.com/mugs/nhl/20262027/NYI/8481601.png,https://assets.nhle.com/logos/nhl/svg/NYI_light.svg,92,simonholmstrom,3.0,52.233333333333,17.411111111111,52.84,52.84,50.0,41.35,41.35,50.0,24.12,25.27,48.84,2.3,2.3,50.00,2.35,4.74,33.14,21.83,27.57,44.19,8.04,10.34,43.75,2.3,0.0,100.00,18.38,22.97,44.44,0.0,1.53,0.00,43.14,51.44,45.61,0.0,1.66,0.00,9.52,90.91,1.004,5.74,11.49,14.93,47.1,27.78,11.49,21.83,25.27,31.25
236,8480801,Brady Tkachuk,FLA,L,https://assets.nhle.com/mugs/nhl/20262027/FLA/8480801.png,https://assets.nhle.com/logos/nhl/svg/FLA_light.svg,8,bradytkachuk,3.0,52.2,17.4,79.31,28.74,73.4,54.02,19.54,73.44,31.03,12.64,71.05,1.15,2.3,33.33,4.3,0.85,83.5,39.08,9.2,80.95,14.94,0.0,100.00,0.0,0.0,-,32.18,12.26,72.41,0.0,3.07,0.00,69.73,26.56,72.41,1.66,0.0,100.00,3.70,81.82,0.855,17.24,12.64,4.6,41.38,78.95,33.33,17.24,10.34,76.32
237,8482073,Braden Schneider,NYR,D,https://assets.nhle.com/mugs/nhl/20262027/NYR/8482073.png,https://assets.nhle.com/logos/nhl/svg/NYR_light.svg,4,bradenschneider,5.0,86.983333333333,17.396666666667,39.32,71.05,35.63,27.59,44.84,38.1,19.31,30.35,38.89,2.07,0.69,75.00,2.43,3.62,40.19,19.31,30.35,38.89,12.42,12.42,50.00,0.69,0.69,50.00,9.2,23.91,27.78,0.0,0.0,-,30.89,72.73,29.81,1.99,0.0,100.00,10.71,97.73,1.084,6.9,15.18,13.11,42.77,34.48,13.11,20.0,28.97,31.15
238,8484262,Travis Mitchell,ANA,D,https://assets.nhle.com/mugs/nhl/20262027/ANA/8484262.png,https://assets.nhle.com/logos/nhl/svg/ANA_light.svg,34,travismitch,2.0,34.766666666667,17.383333333333,25.89,62.13,29.41,20.71,41.42,33.33,12.08,18.98,38.89,0.0,1.73,0.00,1.67,2.73,38.03,18.98,32.79,36.67,6.9,12.08,36.36,0.0,1.73,0.00,16.11,27.61,36.84,0.0,0.0,-,4.99,59.83,7.69,0.0,0.0,-,0.00,90.91,0.909,3.45,8.63,15.53,56.95,18.18,8.63,15.53,27.61,23.81
239,8478444,Brock Boeser,VAN,R,https://assets.nhle.com/mugs/nhl/20262027/VAN/8478444.png,https://assets.nhle.com/logos/nhl/svg/VAN_light.svg,6,brockboeser,4.0,69.4,17.35,57.06,49.28,53.66,33.72,33.72,50.0,25.07,24.21,50.88,5.19,3.46,60.00,2.73,2.53,51.96,26.8,21.61,55.36,8.65,6.92,55.56,3.46,1.73,66.67,24.21,19.6,55.26,2.31,1.15,66.67,47.45,41.21,53.52,0.0,1.25,0.00,20.69,85.71,1.064,11.24,17.29,3.46,39.77,76.47,21.61,19.02,13.83,60.98
240,8477506,Ryan Pulock,NYI,D,https://assets.nhle.com/mugs/nhl/20262027/NYI/8477506.png,https://assets.nhle.com/logos/nhl/svg/NYI_light.svg,6,ryanpulock,3.0,51.983333333333,17.327777777778,28.86,85.41,25.25,23.08,61.17,27.4,15.0,40.4,27.08,0.0,2.31,0.00,1.87,5.47,25.48,13.85,45.01,23.53,6.93,20.78,25.00,0.0,1.15,0.00,9.23,32.32,22.22,0.0,0.0,-,23.34,71.69,24.56,0.0,1.67,0.00,0.00,94.29,0.943,4.62,15.0,16.16,46.17,22.22,9.23,20.78,26.55,25.81
241,8477479,Tyler Bertuzzi,CHI,L,https://assets.nhle.com/mugs/nhl/20262027/CHI/8477479.png,https://assets.nhle.com/logos/nhl/svg/CHI_light.svg,59,tylerbertuzzi,4.0,69.216666666667,17.304166666667,45.94,45.08,50.48,35.54,37.27,48.81,21.67,22.54,49.02,3.47,2.6,57.14,2.77,3.16,46.74,19.07,24.27,44.0,8.67,10.4,45.45,2.6,1.73,60.00,13.87,18.49,42.86,1.16,1.16,50.00,56.34,36.31,60.81,0.0,0.0,-,16.00,88.46,1.045,13.87,13.87,6.07,34.67,69.57,27.74,18.2,13.0,68.09
242,8477949,Alex Tuch,WSH,R,https://assets.nhle.com/mugs/nhl/20262027/WSH/8477949.png,https://assets.nhle.com/logos/nhl/svg/WSH_secondary_light.svg,89,alextuch,2.0,34.516666666667,17.258333333333,52.15,60.84,46.15,38.24,46.93,44.9,24.34,26.07,48.28,3.48,0.0,100.00,2.63,3.17,45.37,29.55,31.29,48.57,12.17,12.17,50.00,3.48,0.0,100.00,23.18,25.49,47.62,0.0,0.0,-,35.15,67.79,34.15,0.0,0.0,-,14.29,100.00,1.143,5.21,24.34,10.43,38.24,33.33,10.43,31.29,27.81,27.27
243,8476979,Erik Gustafsson,LAK,D,https://assets.nhle.com/mugs/nhl/20262027/LAK/8476979.png,https://assets.nhle.com/logos/nhl/svg/LAK_light.svg,64,erikgustafsson,1.0,17.25,17.25,118.26,20.87,85.0,97.39,20.87,82.35,69.57,13.91,83.33,3.48,0.0,100.00,5.68,1.02,84.82,55.65,13.91,80.0,34.78,6.96,83.33,3.48,0.0,100.00,27.83,9.28,75.0,0.0,0.0,-,145.7,5.02,96.67,0.0,0.0,-,5.00,100.00,1.05,20.87,3.48,3.48,41.74,85.71,48.7,3.48,3.48,93.33
244,8480878,Nils Lundkvist,DAL,D,https://assets.nhle.com/mugs/nhl/20262027/DAL/8480878.png,https://assets.nhle.com/logos/nhl/svg/DAL_light.svg,5,nilslundkvist,3.0,51.75,17.25,68.41,51.01,57.28,48.7,32.46,60.0,28.99,19.71,59.52,2.32,3.48,40.00,2.58,2.71,48.77,28.99,22.03,56.82,15.07,9.28,61.90,0.0,1.16,0.00,18.55,17.0,52.17,3.09,1.55,66.67,56.94,38.52,59.65,0.0,0.0,-,8.00,82.35,0.904,5.8,10.43,10.43,51.01,35.71,15.07,16.23,20.87,41.94
245,8475745,Charlie Coyle,CBJ,C,https://assets.nhle.com/mugs/nhl/20262027/CBJ/8475745.png,https://assets.nhle.com/logos/nhl/svg/CBJ_light.svg,3,charliecoyle,2.0,34.466666666667,17.233333333333,52.22,74.85,41.1,41.78,53.97,43.64,27.85,40.04,41.03,5.22,3.48,60.00,3.06,5.47,35.87,22.63,40.04,36.11,8.7,20.89,29.41,0.0,1.74,0.00,18.57,25.53,42.11,4.64,0.0,100.00,45.26,67.89,40.0,0.0,2.51,0.00,18.75,91.30,1.101,8.7,13.93,27.85,31.33,23.81,15.67,20.89,43.52,26.47
246,8482079,Marco Rossi,VAN,C,https://assets.nhle.com/mugs/nhl/20262027/VAN/8482079.png,https://assets.nhle.com/logos/nhl/svg/VAN_light.svg,23,marcorossi,4.0,68.933333333333,17.233333333333,60.93,51.35,54.26,34.82,32.21,51.95,27.85,19.15,59.26,5.22,3.48,60.00,3.16,2.16,59.37,30.46,15.67,66.04,10.44,5.22,66.67,4.35,1.74,71.43,26.69,13.93,65.71,1.16,1.16,50.00,54.06,49.03,52.44,0.0,1.26,0.00,18.75,81.82,1.006,13.06,9.57,6.96,47.87,65.22,22.63,12.19,15.67,59.09
247,8476468,J.T. Miller,NYR,C,https://assets.nhle.com/mugs/nhl/20262027/NYR/8476468.png,https://assets.nhle.com/logos/nhl/svg/NYR_light.svg,10,jtmiller,5.0,86.15,17.23,75.91,44.57,63.01,51.54,29.25,63.79,36.22,18.8,65.82,4.88,2.79,63.64,5.86,2.43,70.7,39.0,23.68,62.22,15.32,8.36,64.71,2.09,1.39,60.00,31.57,20.43,60.71,0.93,1.86,33.33,64.38,41.25,60.95,2.01,0.0,100.00,13.46,85.19,0.986,12.54,16.02,11.84,41.09,51.43,25.77,18.8,21.59,54.41
248,8476880,Tom Wilson,WSH,R,https://assets.nhle.com/mugs/nhl/20262027/WSH/8476880.png,https://assets.nhle.com/logos/nhl/svg/WSH_secondary_light.svg,43,tomwilson,2.0,34.433333333333,17.216666666667,40.08,78.41,33.82,31.36,55.76,36.0,19.17,33.11,36.67,3.48,3.48,50.00,2.47,5.84,29.7,19.17,38.33,33.33,8.71,17.42,33.33,1.74,0.0,100.00,13.94,27.88,33.33,0.0,0.0,-,30.2,88.09,25.53,2.52,2.52,50.00,18.18,89.47,1.077,8.71,24.39,20.91,24.39,29.41,12.2,24.39,36.59,25.0
249,8475790,Erik Gudbranson,CBJ,D,https://assets.nhle.com/mugs/nhl/20262027/CBJ/8475790.png,https://assets.nhle.com/logos/nhl/svg/CBJ_light.svg,44,erikgudbranson,2.0,34.316666666667,17.158333333333,27.97,99.66,21.92,17.48,68.19,20.41,3.5,38.47,8.33,0.0,6.99,0.00,0.78,5.54,12.4,8.74,45.46,16.13,1.75,15.74,10.00,0.0,1.75,0.00,9.32,39.63,19.05,0.0,2.33,0.00,20.2,90.92,18.18,0.0,5.05,0.00,0.00,81.82,0.818,3.5,8.74,17.48,41.96,16.67,5.25,22.73,43.71,10.71
250,8482655,J.J. Moser,TBL,D,https://assets.nhle.com/mugs/nhl/20262027/TBL/8482655.png,https://assets.nhle.com/logos/nhl/svg/TBL_light.svg,90,janismoser,3.0,51.333333333333,17.111111111111,64.29,52.6,55.0,42.08,36.23,53.73,19.87,23.38,45.95,3.51,1.17,75.00,4.45,2.29,66.07,36.23,23.38,60.78,14.03,10.52,57.14,2.34,1.17,66.67,29.61,17.14,63.33,0.0,0.0,-,55.71,37.14,60.0,0.0,0.0,-,17.65,95.00,1.126,10.52,4.68,10.52,44.42,50.00,25.71,10.52,14.03,64.71
251,8474150,Mikael Backlund,CGY,C,https://assets.nhle.com/mugs/nhl/20262027/CGY/8474150.png,https://assets.nhle.com/logos/nhl/svg/CGY_light.svg,11,mikaelbacklund,3.0,51.333333333333,17.111111111111,56.1,70.13,44.44,40.91,49.09,45.45,23.38,31.56,42.55,0.0,4.68,0.00,2.41,3.86,38.43,29.22,37.4,43.86,9.35,16.36,36.36,0.0,3.51,0.00,26.49,28.05,48.57,0.0,1.56,0.00,43.9,65.84,40.0,0.0,0.0,-,0.00,85.19,0.852,8.18,17.53,19.87,36.23,29.17,15.19,19.87,33.9,30.95
252,8483499,Liam Ohgren,VAN,L,https://assets.nhle.com/mugs/nhl/20262027/VAN/8483499.png,https://assets.nhle.com/logos/nhl/svg/VAN_light.svg,92,liamohgren,4.0,68.283333333333,17.070833333333,45.69,64.14,41.6,30.75,40.42,43.21,20.21,30.75,39.66,4.39,5.27,45.45,2.26,3.62,38.45,21.97,35.15,38.46,8.79,12.3,41.67,3.51,2.64,57.14,17.57,30.46,36.59,1.17,2.34,33.33,30.46,45.69,40.0,0.0,1.27,0.00,21.74,82.86,1.046,4.39,17.57,7.03,51.84,38.46,8.79,19.33,20.21,30.3
253,8475171,Oliver Ekman-Larsson,TOR,D,https://assets.nhle.com/mugs/nhl/20262027/TOR/8475171.png,https://assets.nhle.com/logos/nhl/svg/TOR_light.svg,95,oliverekmanlarsson,4.0,68.2,17.05,56.3,58.94,48.85,40.47,44.87,47.42,24.63,30.79,44.44,2.64,2.64,50.00,2.72,3.54,43.46,32.55,29.91,52.11,13.2,19.35,40.54,1.76,2.64,40.00,25.81,14.08,64.71,0.0,0.0,-,43.21,53.37,44.74,1.27,0.0,100.00,10.71,91.43,1.021,10.56,10.56,11.44,52.79,48.00,15.84,14.96,19.35,45.0
254,8479992,Michael Rasmussen,DET,C,https://assets.nhle.com/mugs/nhl/20262027/DET/8479992.png,https://assets.nhle.com/logos/nhl/svg/DET_light.svg,27,michaelrasmussen,3.0,51.133333333333,17.044444444444,56.32,49.28,53.33,42.24,31.68,57.14,26.99,23.47,53.49,0.0,4.69,0.00,2.96,2.73,52.06,28.16,25.81,52.17,12.91,5.87,68.75,0.0,2.35,0.00,20.34,26.6,43.33,0.0,1.56,0.00,57.63,42.37,57.63,0.0,0.0,-,0.00,80.00,0.8,11.73,16.43,16.43,36.38,41.67,21.12,21.12,23.47,47.37
255,8478443,Brandon Carlo,STL,D,https://assets.nhle.com/mugs/nhl/20262027/STL/8478443.png,https://assets.nhle.com/logos/nhl/svg/STL_light.svg,25,brandoncarlo,3.0,51.016666666667,17.005555555556,56.45,47.04,54.55,39.99,38.81,50.75,25.87,25.87,50.0,2.35,1.18,66.67,2.58,2.91,47.05,19.99,19.99,50.0,11.76,9.41,55.56,1.18,0.0,100.00,10.98,14.11,43.75,1.57,0.0,100.00,47.57,54.36,46.67,0.0,1.7,0.00,9.09,95.45,1.045,3.53,15.29,17.64,44.69,16.67,14.11,21.17,24.7,36.36
256,8482077,Dylan Holloway,STL,L,https://assets.nhle.com/mugs/nhl/20262027/STL/8482077.png,https://assets.nhle.com/logos/nhl/svg/STL_light.svg,81,dylanholloway,3.0,50.983333333333,16.994444444444,57.67,50.6,53.26,36.48,40.01,47.69,23.54,23.54,50.0,0.0,4.71,0.00,2.44,2.85,46.07,23.54,22.36,51.28,9.41,9.41,50.00,0.0,1.18,0.00,18.83,17.26,52.17,0.0,4.71,0.00,54.4,57.8,48.48,0.0,0.0,-,0.00,80.00,0.8,14.12,15.3,10.59,36.48,57.14,23.54,20.01,23.54,50.0
257,8477940,Nikolaj Ehlers,CAR,L,https://assets.nhle.com/mugs/nhl/20262027/CAR/8477940.png,https://assets.nhle.com/logos/nhl/svg/CAR_light.svg,27,nikolajehlers,4.0,67.95,16.9875,63.58,30.91,67.29,45.03,23.84,65.38,33.55,15.89,67.86,1.77,1.77,50.00,3.9,1.21,76.3,32.67,15.01,68.52,14.13,6.18,69.57,0.0,1.77,0.00,24.72,11.77,67.74,2.35,0.0,100.00,48.47,28.06,63.33,0.0,0.0,-,5.26,88.89,0.942,9.71,14.13,5.3,41.5,64.71,18.54,17.66,15.01,55.26
258,8476905,Chandler Stephenson,SEA,C,https://assets.nhle.com/mugs/nhl/20262027/SEA/8476905.png,https://assets.nhle.com/logos/nhl/svg/SEA_light.svg,9,chandlerstephenson,3.0,50.866666666667,16.955555555556,66.06,60.16,52.34,54.26,34.21,61.33,36.57,18.87,65.96,5.9,1.18,83.33,3.94,2.94,57.29,41.28,22.41,64.81,14.15,7.08,66.67,3.54,0.0,100.00,36.17,20.45,63.89,3.15,0.0,100.00,51.11,64.74,44.12,0.0,0.0,-,16.13,93.75,1.099,9.44,15.33,23.59,34.21,28.57,17.69,17.69,29.49,37.5
259,8474013,Ian Cole,CHI,D,https://assets.nhle.com/mugs/nhl/20262027/CHI/8474013.png,https://assets.nhle.com/logos/nhl/svg/CHI_light.svg,28,iancole,4.0,67.783333333333,16.945833333333,33.64,56.65,37.25,26.56,42.49,38.46,16.82,25.67,39.58,3.54,2.66,57.14,2.33,2.99,43.81,14.16,30.98,31.37,6.2,13.28,31.82,1.77,1.77,50.00,10.62,23.6,31.03,2.36,1.18,66.67,31.96,60.09,34.72,0.0,0.0,-,21.05,89.66,1.107,3.54,18.59,18.59,38.06,16.00,8.85,23.01,31.87,21.74
260,8482720,Matthew Knies,CBJ,L,https://assets.nhle.com/mugs/nhl/20262027/CBJ/8482720.png,https://assets.nhle.com/logos/nhl/svg/CBJ_light.svg,89,mattknies,2.0,33.833333333333,16.916666666667,54.98,56.75,49.21,40.79,37.24,52.27,31.92,26.6,54.55,7.09,3.55,66.67,2.74,1.5,64.66,28.37,19.51,59.26,8.87,3.55,71.43,1.77,0.0,100.00,26.01,21.28,55.0,7.09,4.73,60.00,76.85,43.55,63.83,0.0,0.0,-,22.22,86.67,1.089,26.6,8.87,7.09,39.01,78.95,39.01,12.41,21.28,64.71
261,8476389,Vincent Trocheck,UTA,C,https://assets.nhle.com/mugs/nhl/20262027/UTA/8476389.png,https://assets.nhle.com/logos/nhl/svg/UTA_light.svg,16,vincenttrocheck,4.0,67.633333333333,16.908333333333,58.55,55.0,51.56,41.7,38.15,52.22,31.05,27.5,53.03,3.55,4.44,44.44,3.69,3.17,53.77,30.16,27.5,52.31,14.19,12.42,53.33,2.66,2.66,50.00,21.29,20.11,51.43,0.0,2.37,0.00,55.1,42.29,56.58,1.28,0.0,100.00,11.43,83.87,0.953,15.97,8.87,15.08,47.91,51.43,23.95,10.65,24.84,49.09
262,8477402,Pavel Buchnevich,STL,L,https://assets.nhle.com/mugs/nhl/20262027/STL/8477402.png,https://assets.nhle.com/logos/nhl/svg/STL_light.svg,89,pavelbuchnevich,3.0,50.616666666667,16.872222222222,68.75,47.42,59.18,49.79,37.93,56.76,39.12,24.89,61.11,3.56,1.19,75.00,4.23,3.3,56.21,29.63,22.52,56.82,17.78,10.67,62.50,2.37,1.19,66.67,15.81,15.81,50.0,0.0,0.0,-,54.79,49.65,52.46,0.0,0.0,-,9.09,95.24,1.043,10.67,14.22,11.85,46.23,47.37,22.52,27.26,18.97,54.29
263,8483425,Lian Bichsel,DAL,D,https://assets.nhle.com/mugs/nhl/20262027/DAL/8483425.png,https://assets.nhle.com/logos/nhl/svg/DAL_light.svg,6,lianbichsel,3.0,50.616666666667,16.872222222222,50.97,60.45,45.74,32.01,40.3,44.26,16.6,23.71,41.18,0.0,1.19,0.00,2.23,2.98,42.8,17.78,27.26,39.47,11.85,13.04,47.62,0.0,1.19,0.00,7.9,18.97,29.41,0.0,0.0,-,47.94,51.37,48.28,0.0,0.0,-,0.00,95.00,0.95,4.74,4.74,8.3,48.6,36.36,7.11,7.11,24.89,22.22
264,8478020,Michael Amadio,OTT,R,https://assets.nhle.com/mugs/nhl/20262027/OTT/8478020.png,https://assets.nhle.com/logos/nhl/svg/OTT_light.svg,22,michaelamadio,3.0,50.6,16.866666666667,42.69,67.59,38.71,29.64,50.99,36.76,21.34,33.2,39.13,5.93,3.56,62.50,1.78,3.02,37.14,21.34,28.46,42.86,7.11,14.23,33.33,3.56,3.56,50.00,18.97,18.97,50.0,3.16,0.0,100.00,32.54,70.22,31.67,0.0,0.0,-,27.78,89.29,1.171,5.93,20.16,18.97,43.87,23.81,10.67,24.9,34.39,23.68
265,8484241,Matthew Wood,NSH,R,https://assets.nhle.com/mugs/nhl/20262027/NSH/8484241.png,https://assets.nhle.com/logos/nhl/svg/NSH_light.svg,71,mattwood,3.0,50.366666666667,16.788888888889,65.52,63.14,50.93,46.46,52.42,46.99,20.25,39.31,34.0,4.77,3.57,57.14,3.93,4.77,45.22,33.36,33.36,50.0,16.68,23.83,41.18,3.57,3.57,50.00,22.24,12.71,63.64,0.0,0.0,-,60.23,58.5,50.72,1.72,0.0,100.00,23.53,90.91,1.144,17.87,4.77,10.72,38.12,62.50,29.78,10.72,19.06,60.98
266,8480208,Drake Batherson,OTT,R,https://assets.nhle.com/mugs/nhl/20262027/OTT/8480208.png,https://assets.nhle.com/logos/nhl/svg/OTT_light.svg,19,drakebatherson,3.0,50.333333333333,16.777777777778,64.37,47.68,57.45,46.49,28.61,61.9,29.8,21.46,58.14,3.58,1.19,75.00,4.4,2.07,68.01,28.61,21.46,57.14,17.88,5.96,75.00,2.38,0.0,100.00,14.3,20.66,40.91,1.59,1.59,50.00,77.48,34.44,69.23,0.0,0.0,-,12.00,94.44,1.064,15.5,11.92,5.96,51.26,72.22,32.19,19.07,15.5,67.5
267,8486171,T.J. Hughes,COL,R,https://assets.nhle.com/mugs/nhl/20262027/COL/8486171.png,https://assets.nhle.com/logos/nhl/svg/COL_light.svg,13,tjhughes,2.0,33.516666666667,16.758333333333,60.87,51.91,53.97,39.38,41.17,48.89,28.64,26.85,51.61,1.79,7.16,20.00,2.64,3.28,44.56,34.01,23.27,59.38,3.58,12.53,22.22,0.0,1.79,0.00,40.58,14.32,73.91,0.0,2.39,0.00,51.72,41.37,55.56,2.59,5.17,33.33,6.25,73.33,0.796,8.95,10.74,10.74,30.43,45.45,21.48,17.9,21.48,50.0
268,8478439,Travis Konecny,PHI,R,https://assets.nhle.com/mugs/nhl/20262027/PHI/8478439.png,https://assets.nhle.com/logos/nhl/svg/PHI_light.svg,11,traviskonecny,4.0,66.983333333333,16.745833333333,55.54,69.87,44.29,40.31,49.27,45.0,25.98,38.52,40.28,1.79,6.27,22.22,2.94,3.98,42.52,24.19,34.93,40.91,10.75,15.23,41.38,1.79,3.58,33.33,17.91,26.28,40.54,0.0,3.58,0.00,55.64,67.28,45.26,0.0,0.0,-,6.90,83.72,0.906,13.44,12.54,12.54,44.79,51.72,19.71,17.91,25.98,43.14
269,8484759,Carter Yakemchuk,OTT,D,https://assets.nhle.com/mugs/nhl/20262027/OTT/8484759.png,https://assets.nhle.com/logos/nhl/svg/OTT_light.svg,26,carteryakemchuk,3.0,49.916666666667,16.638888888889,63.71,44.47,58.89,42.07,37.26,53.03,24.04,25.24,48.78,2.4,1.2,66.67,3.8,2.58,59.51,31.25,20.43,60.47,18.03,8.41,68.18,2.4,0.0,100.00,17.63,16.03,52.38,0.0,1.6,0.00,76.39,39.93,65.67,0.0,0.0,-,10.00,95.24,1.052,16.83,22.84,3.61,42.07,82.35,36.06,27.65,13.22,73.17
270,8481219,Jonathan Aspirot,BOS,D,https://assets.nhle.com/mugs/nhl/20262027/BOS/8481219.png,https://assets.nhle.com/logos/nhl/svg/BOS_light.svg,45,jonathanaspirot,3.0,49.9,16.633333333333,52.91,55.31,48.89,37.27,37.27,50.0,21.64,27.66,43.9,1.2,2.4,33.33,1.83,2.57,41.51,25.25,26.45,48.84,7.21,13.23,35.29,0.0,1.2,0.00,24.05,17.64,57.69,1.6,1.6,50.00,38.21,36.47,51.16,0.0,0.0,-,5.56,91.30,0.969,3.61,12.02,6.01,54.11,37.50,14.43,19.24,12.02,54.55
271,8483679,Anton Johansson,DET,D,https://assets.nhle.com/mugs/nhl/20262027/DET/8483679.png,https://assets.nhle.com/logos/nhl/svg/DET_light.svg,42,antonjohansson,3.0,49.883333333333,16.627777777778,49.32,55.33,47.13,30.07,40.9,42.37,20.45,26.46,43.59,1.2,2.41,33.33,1.87,3.24,36.55,25.26,30.07,45.65,7.22,14.43,33.33,1.2,1.2,50.00,24.06,20.85,53.57,0.0,1.6,0.00,45.17,45.17,50.0,0.0,0.0,-,5.88,90.91,0.968,8.42,14.43,4.81,50.52,63.64,15.64,26.46,14.43,52.0
272,8475151,Kyle Palmieri,NYI,C,https://assets.nhle.com/mugs/nhl/20262027/NYI/8475151.png,https://assets.nhle.com/logos/nhl/svg/NYI_light.svg,21,kylepalmieri,3.0,49.816666666667,16.605555555556,75.88,60.22,55.75,51.79,46.97,52.44,28.91,33.72,46.15,2.41,2.41,50.00,4.04,5.07,44.33,38.54,34.93,52.46,12.04,14.45,45.45,0.0,0.0,-,35.33,27.3,56.41,3.21,1.61,66.67,73.07,41.75,63.64,0.0,1.74,0.00,8.33,92.86,1.012,15.66,9.64,6.02,36.13,72.22,27.7,15.66,14.45,65.71
273,8481014,Alexander Romanov,NYI,D,https://assets.nhle.com/mugs/nhl/20262027/NYI/8481014.png,https://assets.nhle.com/logos/nhl/svg/NYI_light.svg,28,alexromanov,3.0,49.7,16.566666666667,38.63,90.54,29.91,33.8,66.4,33.73,28.97,45.88,38.71,3.62,2.41,60.00,3.37,5.21,39.25,30.18,50.7,37.31,18.11,21.73,45.45,3.62,0.0,100.00,16.1,38.63,29.41,0.0,1.61,0.00,17.44,62.78,21.74,0.0,1.74,0.00,12.50,94.74,1.072,4.83,6.04,4.83,55.53,50.00,8.45,13.28,12.07,41.18
274,8476881,Tomas Hertl,VGK,C,https://assets.nhle.com/mugs/nhl/20262027/VGK/8476881.png,https://assets.nhle.com/logos/nhl/svg/VGK_light.svg,48,tomashertl,3.0,49.616666666667,16.538888888889,90.7,37.49,70.75,66.51,26.6,71.43,48.37,18.14,72.73,6.05,0.0,100.00,6.79,1.55,81.44,53.21,15.72,77.19,29.02,7.26,80.00,3.63,0.0,100.00,32.25,11.29,74.07,1.61,0.0,100.00,76.86,26.2,74.58,1.75,0.0,100.00,12.50,100.00,1.125,19.35,9.67,0.0,35.07,100.00,33.86,12.09,8.46,80.0
275,8484471,Emmitt Finnie,DET,C,https://assets.nhle.com/mugs/nhl/20262027/DET/8484471.png,https://assets.nhle.com/logos/nhl/svg/DET_light.svg,58,emmittfinnie,3.0,49.616666666667,16.538888888889,59.25,48.37,55.06,41.12,27.81,59.65,30.23,21.77,58.14,1.21,1.21,50.00,3.89,2.01,65.98,36.28,16.93,68.18,19.35,6.05,76.19,1.21,0.0,100.00,22.57,14.51,60.87,0.0,1.61,0.00,54.15,54.15,50.0,0.0,0.0,-,4.00,94.44,0.984,15.72,9.67,6.05,44.74,72.22,27.81,14.51,14.51,65.71
276,8480064,Josh Norris,BUF,C,https://assets.nhle.com/mugs/nhl/20262027/BUF/8480064.png,https://assets.nhle.com/logos/nhl/svg/BUF_light.svg,9,joshnorris,3.0,49.583333333333,16.527777777778,70.18,48.4,59.18,48.4,36.3,57.14,30.25,24.2,55.56,2.42,3.63,40.00,3.94,2.18,64.42,36.3,21.78,62.5,13.31,4.84,73.33,0.0,0.0,-,30.66,22.59,57.58,1.61,3.23,33.33,61.18,43.7,58.33,1.75,1.75,50.00,8.00,85.00,0.93,21.78,12.1,7.26,41.14,75.00,33.88,16.94,13.31,71.79
277,8480289,Morgan Barron,WPG,C,https://assets.nhle.com/mugs/nhl/20262027/WPG/8480289.png,https://assets.nhle.com/logos/nhl/svg/WPG_light.svg,36,morganbarron,3.0,49.566666666667,16.522222222222,39.95,93.21,30.0,27.84,69.0,28.75,19.37,48.42,28.57,2.42,2.42,50.00,1.41,5.66,19.92,14.53,49.63,22.64,4.84,19.37,20.00,0.0,2.42,0.00,12.91,40.35,24.24,0.0,0.0,-,40.22,96.17,29.49,3.5,0.0,100.00,12.50,95.00,1.075,9.68,14.53,26.63,38.74,26.67,13.32,19.37,36.31,26.83
278,8481527,Kaedan Korczak,PIT,D,https://assets.nhle.com/mugs/nhl/20262027/PIT/8481527.png,https://assets.nhle.com/logos/nhl/svg/PIT_light.svg,6,kaedankorczak,3.0,49.533333333333,16.511111111111,55.72,65.41,46.0,46.03,42.4,52.05,35.13,23.01,60.42,6.06,7.27,45.45,4.88,2.56,65.6,35.13,27.86,55.77,24.23,7.27,76.92,3.63,1.21,75.00,14.54,27.46,34.62,3.23,8.08,28.57,38.49,59.49,39.29,0.0,0.0,-,17.24,68.42,0.857,3.63,13.32,6.06,52.09,37.50,14.54,18.17,20.59,41.38
279,8481068,Yegor Sharangovich,CGY,C,https://assets.nhle.com/mugs/nhl/20262027/CGY/8481068.png,https://assets.nhle.com/logos/nhl/svg/CGY_light.svg,17,yegorsharangovich,3.0,49.533333333333,16.511111111111,67.83,55.72,54.9,41.18,43.61,48.57,24.23,26.65,47.62,1.21,3.63,25.00,2.72,4.57,37.3,25.44,33.92,42.86,9.69,15.75,38.10,0.0,1.21,0.00,21.0,24.23,46.43,0.0,0.0,-,73.49,33.24,68.85,1.75,3.5,33.33,5.00,86.36,0.914,21.8,9.69,6.06,39.97,78.26,27.86,15.75,8.48,76.67
280,8478468,Jeremy Lauzon,VGK,D,https://assets.nhle.com/mugs/nhl/20262027/VGK/8478468.png,https://assets.nhle.com/logos/nhl/svg/VGK_light.svg,5,jeremylauzon,3.0,49.5,16.5,66.67,48.48,57.89,44.85,36.36,55.22,31.52,20.61,60.47,1.21,1.21,50.00,2.95,1.63,64.49,27.88,18.18,60.53,9.7,4.85,66.67,0.0,0.0,-,24.24,17.78,57.69,1.62,0.0,100.00,64.78,40.27,61.67,0.0,1.75,0.00,3.85,94.12,0.98,13.33,19.39,8.48,42.42,61.11,24.24,19.39,10.91,68.97
281,8479353,Brett Howden,VGK,C,https://assets.nhle.com/mugs/nhl/20262027/VGK/8479353.png,https://assets.nhle.com/logos/nhl/svg/VGK_light.svg,21,bretthowden,3.0,49.5,16.5,47.27,40.0,54.17,33.94,26.67,56.0,25.45,12.12,67.74,3.64,1.21,75.00,2.61,1.3,66.76,29.09,13.33,68.57,10.91,2.42,81.82,1.21,0.0,100.00,24.24,14.55,62.5,1.62,1.62,50.00,35.02,35.02,50.0,1.75,0.0,100.00,14.29,90.00,1.043,10.91,10.91,8.48,42.42,56.25,18.18,14.55,15.76,53.57
282,8482259,Bobby McMann,SEA,C,https://assets.nhle.com/mugs/nhl/20262027/SEA/8482259.png,https://assets.nhle.com/logos/nhl/svg/SEA_light.svg,74,bobbymcmann,3.0,49.5,16.5,73.94,61.82,54.46,60.61,35.15,63.29,40.0,20.61,66.0,6.06,1.21,83.33,4.28,3.19,57.26,43.64,25.45,63.16,15.76,10.91,59.09,3.64,0.0,100.00,37.17,19.39,65.71,3.23,0.0,100.00,54.28,54.28,50.0,0.0,0.0,-,15.15,94.12,1.093,8.48,15.76,18.18,33.94,31.82,16.97,18.18,24.24,41.18
283,8481656,Aliaksei Protas,WSH,L,https://assets.nhle.com/mugs/nhl/20262027/WSH/8481656.png,https://assets.nhle.com/logos/nhl/svg/WSH_secondary_light.svg,21,aliakseiprotas,2.0,32.95,16.475,49.17,76.48,39.13,43.7,52.81,45.28,25.49,32.78,43.75,1.82,1.82,50.00,2.91,3.18,47.82,21.85,27.31,44.44,9.1,7.28,55.56,0.0,0.0,-,17.0,26.71,38.89,2.43,2.43,50.00,39.45,92.06,30.0,0.0,0.0,-,7.14,94.44,1.016,7.28,9.1,14.57,41.88,33.33,9.1,14.57,21.85,29.41
284,8484806,Sam Dickinson,SJS,D,https://assets.nhle.com/mugs/nhl/20262027/SJS/8484806.png,https://assets.nhle.com/logos/nhl/svg/SJS_light.svg,6,samdickinson,1.0,16.466666666667,16.466666666667,29.15,72.87,28.57,14.57,43.72,25.0,10.93,21.86,33.33,0.0,3.64,0.00,0.8,3.76,17.6,18.22,32.79,35.71,3.64,25.51,12.50,0.0,0.0,-,19.43,9.72,66.67,0.0,4.86,0.00,21.05,57.89,26.67,0.0,0.0,-,0.00,83.33,0.833,10.93,7.29,10.93,51.01,50.00,25.51,7.29,14.57,63.64
285,8485414,Ben Kindel,PIT,C,https://assets.nhle.com/mugs/nhl/20262027/PIT/8485414.png,https://assets.nhle.com/logos/nhl/svg/PIT_light.svg,81,benkindel,2.0,32.916666666667,16.458333333333,71.09,52.86,57.35,51.04,41.92,54.9,36.46,25.52,58.82,5.47,7.29,42.86,3.23,3.29,49.53,38.28,36.46,51.22,10.94,10.94,50.00,3.65,0.0,100.00,36.46,34.03,51.72,2.43,9.72,20.00,78.99,34.23,69.77,0.0,0.0,-,15.00,71.43,0.864,18.23,10.94,9.11,32.81,66.67,43.75,18.23,20.05,68.57
286,8478542,Evan Rodrigues,NJD,C,https://assets.nhle.com/mugs/nhl/20262027/NJD/8478542.png,https://assets.nhle.com/logos/nhl/svg/NJD_light.svg,17,evanrodrigues,3.0,49.283333333333,16.427777777778,80.35,53.57,60.0,53.57,41.39,56.41,32.87,29.22,52.94,0.0,6.09,0.00,3.12,3.27,48.78,35.31,29.22,54.72,10.96,15.83,40.91,0.0,4.87,0.00,32.47,17.86,64.52,0.0,0.0,-,84.41,45.72,64.86,0.0,1.76,0.00,0.00,79.17,0.792,14.61,7.3,13.39,36.52,52.17,35.31,9.74,18.26,65.91
287,8482659,Josh Doan,BUF,R,https://assets.nhle.com/mugs/nhl/20262027/BUF/8482659.png,https://assets.nhle.com/logos/nhl/svg/BUF_light.svg,91,joshdoan,3.0,49.283333333333,16.427777777778,68.18,42.61,61.54,51.13,31.65,61.76,29.22,17.04,63.16,1.22,1.22,50.00,4.52,1.56,74.36,36.52,21.91,62.5,15.83,4.87,76.47,0.0,0.0,-,27.6,22.73,54.84,1.62,1.62,50.00,66.82,29.9,69.09,0.0,0.0,-,4.17,92.86,0.97,24.35,17.04,3.65,35.31,86.96,38.96,21.91,9.74,80.0
288,8478458,Jack Roslovic,TOR,C,https://assets.nhle.com/mugs/nhl/20262027/TOR/8478458.png,https://assets.nhle.com/logos/nhl/svg/TOR_light.svg,96,jackroslovic,4.0,65.7,16.425,58.45,35.62,62.14,44.75,29.22,60.49,30.14,16.44,64.71,3.65,0.91,80.00,3.24,1.11,74.52,31.05,10.05,75.56,13.7,3.65,78.95,2.74,0.0,100.00,23.14,8.52,73.08,1.22,1.22,50.00,46.17,38.25,54.69,0.0,0.0,-,12.12,94.44,1.066,15.53,17.35,2.74,37.44,85.00,24.66,24.66,8.22,75.0
289,8473533,Jordan Staal,CAR,C,https://assets.nhle.com/mugs/nhl/20262027/CAR/8473533.png,https://assets.nhle.com/logos/nhl/svg/CAR_light.svg,11,jordanstaal,4.0,65.583333333333,16.395833333333,64.04,45.74,58.33,47.57,30.19,61.18,32.94,19.21,63.16,0.91,1.83,33.33,3.58,1.94,64.87,22.87,21.96,51.02,10.98,6.4,63.16,0.0,0.91,0.00,15.86,20.74,43.33,0.0,0.0,-,79.29,44.93,63.83,1.32,1.32,50.00,2.78,90.48,0.933,24.7,18.3,20.13,31.11,55.10,34.76,21.96,29.28,54.29
290,8474586,Jordan Eberle,SEA,R,https://assets.nhle.com/mugs/nhl/20262027/SEA/8474586.png,https://assets.nhle.com/logos/nhl/svg/SEA_light.svg,7,jordaneberle,3.0,49.083333333333,16.361111111111,69.68,48.9,58.76,55.01,30.56,64.29,37.89,15.89,70.45,6.11,1.22,83.33,4.3,2.16,66.54,45.23,18.34,71.15,15.89,4.89,76.47,3.67,0.0,100.00,39.12,17.93,68.57,3.26,0.0,100.00,51.21,51.21,50.0,0.0,0.0,-,16.13,92.31,1.084,9.78,14.67,14.67,42.78,40.00,19.56,17.11,22.0,47.06
291,8482055,Drew O'Connor,VAN,L,https://assets.nhle.com/mugs/nhl/20262027/VAN/8482055.png,https://assets.nhle.com/logos/nhl/svg/VAN_light.svg,18,drewoconnor,4.0,65.383333333333,16.345833333333,55.06,66.99,45.11,36.71,51.39,41.67,22.94,33.04,40.98,1.84,4.59,28.57,2.61,4.65,35.91,26.61,35.79,42.65,10.09,17.44,36.67,0.92,1.84,33.33,22.02,24.47,47.37,1.22,1.22,50.00,38.44,64.95,37.18,0.0,2.65,0.00,8.00,86.11,0.941,6.42,17.44,15.6,41.29,29.17,13.76,20.19,29.37,31.91
292,8482665,Matty Beniers,SEA,C,https://assets.nhle.com/mugs/nhl/20262027/SEA/8482665.png,https://assets.nhle.com/logos/nhl/svg/SEA_light.svg,10,mattybeniers,3.0,49.033333333333,16.344444444444,39.16,55.06,41.56,33.04,44.05,42.86,23.25,29.37,44.19,4.89,1.22,80.00,1.71,2.54,40.26,19.58,20.8,48.48,4.89,6.12,44.44,2.45,0.0,100.00,19.58,19.58,50.0,3.26,0.0,100.00,31.82,67.17,32.14,0.0,1.77,0.00,21.05,95.83,1.169,11.01,13.46,14.68,34.26,42.86,19.58,15.91,26.92,42.11
293,8482475,Egor Chinakhov,PIT,R,https://assets.nhle.com/mugs/nhl/20262027/PIT/8482475.png,https://assets.nhle.com/logos/nhl/svg/PIT_light.svg,59,egorchinakhov,3.0,48.95,16.316666666667,56.38,61.29,47.92,40.45,46.58,46.48,28.19,25.74,52.27,3.68,2.45,60.00,3.29,2.58,56.03,25.74,25.74,50.0,17.16,9.81,63.64,2.45,2.45,50.00,11.44,21.25,35.0,1.63,0.0,100.00,53.12,49.57,51.72,0.0,0.0,-,13.04,90.48,1.035,19.61,17.16,3.68,38.0,84.21,25.74,20.84,14.71,63.64
294,8477810,Joel Hanley,CGY,D,https://assets.nhle.com/mugs/nhl/20262027/CGY/8477810.png,https://assets.nhle.com/logos/nhl/svg/CGY_light.svg,44,joelhanley,1.0,16.3,16.3,44.17,80.98,35.29,22.09,58.9,27.27,14.72,40.49,26.67,0.0,7.36,0.00,1.71,5.61,23.34,11.04,47.85,18.75,7.36,18.4,28.57,0.0,7.36,0.00,4.91,39.26,11.11,0.0,0.0,-,58.49,53.17,52.38,0.0,0.0,-,0.00,81.82,0.818,7.36,14.72,18.4,47.85,28.57,18.4,18.4,25.77,41.67
295,8481604,Pavel Dorofeyev,NYR,R,https://assets.nhle.com/mugs/nhl/20262027/NYR/8481604.png,https://assets.nhle.com/logos/nhl/svg/NYR_light.svg,16,paveldorofeyev,5.0,81.416666666667,16.283333333333,75.91,39.06,66.03,53.06,27.27,66.06,35.37,16.95,67.61,2.95,2.95,50.00,4.95,2.32,68.08,44.22,25.79,63.16,19.9,8.11,71.05,2.21,1.47,60.00,32.43,23.58,57.89,0.0,1.97,0.00,69.19,26.61,72.22,1.06,0.0,100.00,8.33,82.61,0.909,16.21,11.79,8.84,37.58,64.71,28.0,15.48,17.69,61.29
296,8477501,Valeri Nichushkin,CBJ,R,https://assets.nhle.com/mugs/nhl/20262027/CBJ/8477501.png,https://assets.nhle.com/logos/nhl/svg/CBJ_light.svg,43,valerinichushkin,2.0,32.533333333333,16.266666666667,25.82,53.48,32.56,16.6,35.04,32.14,9.22,18.44,33.33,1.84,3.69,33.33,0.67,1.79,27.3,9.22,11.07,45.45,3.69,3.69,50.00,1.84,0.0,100.00,7.38,9.84,42.86,0.0,0.0,-,26.64,63.93,29.41,0.0,5.33,0.00,20.00,80.00,1.0,3.69,18.44,7.38,49.8,33.33,11.07,29.51,14.75,42.86
297,8476455,Gabriel Landeskog,COL,L,https://assets.nhle.com/mugs/nhl/20262027/COL/8476455.png,https://assets.nhle.com/logos/nhl/svg/COL_light.svg,92,gabriellandeskog,2.0,32.45,16.225,49.92,46.22,51.92,40.68,31.43,56.41,31.43,20.34,60.71,5.55,3.7,60.00,3.19,2.49,56.18,31.43,20.34,60.71,11.09,9.24,54.55,3.7,0.0,100.00,27.12,14.79,64.71,2.47,2.47,50.00,40.06,42.73,48.39,0.0,2.67,0.00,17.65,81.82,0.995,20.34,16.64,7.4,25.89,73.33,25.89,24.04,9.24,73.68
298,8485512,Tim Washe,ANA,C,https://assets.nhle.com/mugs/nhl/20262027/ANA/8485512.png,https://assets.nhle.com/logos/nhl/svg/ANA_light.svg,42,timwashe,2.0,32.45,16.225,20.34,92.45,18.03,11.09,72.11,13.33,5.55,49.92,10.0,1.85,3.7,33.33,0.38,5.78,6.13,5.55,51.77,9.68,1.85,22.19,7.69,1.85,3.7,33.33,4.93,39.45,11.11,0.0,0.0,-,18.7,80.12,18.92,0.0,0.0,-,33.33,92.59,1.259,5.55,12.94,33.28,38.83,14.29,7.4,14.79,53.62,12.12
299,8478851,Alexandre Carrier,MTL,D,https://assets.nhle.com/mugs/nhl/20262027/MTL/8478851.png,https://assets.nhle.com/logos/nhl/svg/MTL_light.svg,45,alexandrecarrier,3.0,48.616666666667,16.205555555556,50.6,64.18,44.09,40.73,41.96,49.25,27.15,32.09,45.83,4.94,2.47,66.67,2.35,3.66,39.08,18.51,28.39,39.47,9.87,16.04,38.10,2.47,2.47,50.00,11.52,16.46,41.18,0.0,0.0,-,51.7,58.83,46.77,3.57,0.0,100.00,18.18,92.31,1.105,4.94,9.87,20.98,40.73,19.05,13.58,14.81,32.09,29.73
300,8480797,Joel Farabee,CGY,L,https://assets.nhle.com/mugs/nhl/20262027/CGY/8480797.png,https://assets.nhle.com/logos/nhl/svg/CGY_light.svg,86,joelfarabee,3.0,48.616666666667,16.205555555556,70.35,58.0,54.81,54.3,41.96,56.41,37.02,29.62,55.56,2.47,4.94,33.33,3.9,2.66,59.46,34.56,27.15,56.0,16.04,11.11,59.09,1.23,2.47,33.33,24.68,21.39,53.57,1.65,1.65,50.00,60.61,57.04,51.52,0.0,1.78,0.00,6.67,83.33,0.9,9.87,13.58,17.28,40.73,36.36,25.92,17.28,28.39,47.73
301,8477497,Sean Monahan,CBJ,C,https://assets.nhle.com/mugs/nhl/20262027/CBJ/8477497.png,https://assets.nhle.com/logos/nhl/svg/CBJ_light.svg,23,seanmonahan,2.0,32.4,16.2,27.78,50.0,35.71,22.22,29.63,42.86,11.11,12.96,46.15,1.85,1.85,50.00,1.2,1.74,40.84,18.52,14.81,55.56,3.7,1.85,66.67,1.85,0.0,100.00,19.75,17.28,53.33,0.0,0.0,-,18.72,64.2,22.58,0.0,2.67,0.00,16.67,85.71,1.024,3.7,18.52,18.52,46.3,16.67,11.11,31.48,27.78,28.57
302,8477021,Alexander Kerfoot,NSH,C,https://assets.nhle.com/mugs/nhl/20262027/NSH/8477021.png,https://assets.nhle.com/logos/nhl/svg/NSH_light.svg,14,alexkerfoot,3.0,48.55,16.183333333333,50.67,65.5,43.62,38.31,48.2,44.29,29.66,37.08,44.44,1.24,6.18,16.67,3.58,3.49,50.66,29.66,33.37,47.06,13.59,12.36,52.38,1.24,3.71,25.00,21.42,28.01,43.33,0.0,1.65,0.00,30.35,53.55,36.17,0.0,1.79,0.00,4.17,83.33,0.875,4.94,14.83,9.89,54.38,33.33,7.42,21.01,19.77,27.27
303,8481618,Alex Newhook,MTL,C,https://assets.nhle.com/mugs/nhl/20262027/MTL/8481618.png,https://assets.nhle.com/logos/nhl/svg/MTL_light.svg,15,alexnewhook,3.0,48.533333333333,16.177777777778,39.56,69.23,36.36,23.49,45.74,33.93,13.6,35.85,27.5,2.47,6.18,28.57,1.54,5.34,22.37,22.25,35.85,38.3,12.36,22.25,35.71,2.47,4.95,33.33,13.19,18.13,42.11,0.0,1.65,0.00,33.93,48.21,41.3,0.0,0.0,-,18.18,82.76,1.009,9.89,14.84,12.36,45.74,44.44,13.6,19.78,22.25,37.93
304,8478449,Roope Hintz,DAL,C,https://assets.nhle.com/mugs/nhl/20262027/DAL/8478449.png,https://assets.nhle.com/logos/nhl/svg/DAL_light.svg,24,roopehintz,3.0,48.516666666667,16.172222222222,85.33,35.86,70.41,60.6,25.97,70.0,40.81,22.26,64.71,3.71,2.47,60.00,5.83,2.61,69.07,39.57,17.31,69.57,22.26,8.66,72.00,1.24,0.0,100.00,23.08,11.54,66.67,3.3,1.65,66.67,87.53,32.15,73.13,0.0,1.79,0.00,9.09,88.89,0.98,19.79,8.66,6.18,37.1,76.19,32.15,14.84,16.08,66.67
305,8482699,Dylan Guenther,UTA,R,https://assets.nhle.com/mugs/nhl/20262027/UTA/8482699.png,https://assets.nhle.com/logos/nhl/svg/UTA_light.svg,11,dylanguenther,4.0,64.666666666667,16.166666666667,90.93,42.68,68.06,65.88,28.76,69.61,42.68,19.48,68.66,10.21,2.78,78.57,5.61,2.06,73.14,51.96,17.63,74.67,25.98,4.64,84.85,5.57,0.93,85.71,34.64,17.32,66.67,2.47,1.24,66.67,71.03,41.55,63.1,4.02,1.34,75.00,23.91,85.71,1.096,17.63,9.28,7.42,41.75,70.37,32.47,15.77,14.85,68.63
306,8476461,Sean Couturier,PHI,C,https://assets.nhle.com/mugs/nhl/20262027/PHI/8476461.png,https://assets.nhle.com/logos/nhl/svg/PHI_light.svg,14,seancouturier,4.0,64.65,16.1625,36.19,77.03,31.97,26.91,57.54,31.87,17.63,37.12,32.2,1.86,2.78,40.00,1.51,4.33,25.89,12.99,39.91,24.56,6.5,17.63,26.92,0.0,1.86,0.00,8.66,29.7,22.58,0.0,1.24,0.00,32.17,67.03,32.43,2.68,0.0,100.00,10.53,92.50,1.03,2.78,12.06,28.77,38.98,8.82,3.71,20.42,50.12,6.9
307,8480014,Gabriel Vilardi,WPG,C,https://assets.nhle.com/mugs/nhl/20262027/WPG/8480014.png,https://assets.nhle.com/logos/nhl/svg/WPG_light.svg,13,gabrielvilardi,3.0,48.45,16.15,79.26,50.77,60.95,60.68,38.39,61.25,37.15,27.24,57.69,4.95,2.48,66.67,6.0,3.36,64.1,52.01,30.96,62.69,18.58,18.58,50.00,2.48,1.24,66.67,44.58,16.51,72.97,3.3,1.65,66.67,51.87,30.41,63.04,0.0,0.0,-,13.33,90.91,1.042,19.81,6.19,4.95,32.2,80.00,28.48,6.19,8.67,76.67
308,8477989,Christian Dvorak,PHI,C,https://assets.nhle.com/mugs/nhl/20262027/PHI/8477989.png,https://assets.nhle.com/logos/nhl/svg/PHI_light.svg,22,christiandvorak,4.0,64.6,16.15,41.8,72.45,36.59,28.79,51.08,36.05,20.43,40.87,33.33,1.86,4.64,28.57,1.77,3.37,34.48,19.5,36.22,35.0,5.57,12.07,31.58,1.86,0.0,100.00,18.58,32.2,36.59,0.0,6.19,0.00,37.56,67.08,35.9,0.0,0.0,-,9.09,88.64,0.977,10.22,11.15,17.65,45.51,36.67,14.86,17.65,34.37,30.19
309,8482155,Alex Laferriere,LAK,R,https://assets.nhle.com/mugs/nhl/20262027/LAK/8482155.png,https://assets.nhle.com/logos/nhl/svg/LAK_light.svg,14,alexlaferriere,2.0,32.266666666667,16.133333333333,61.36,31.61,66.0,42.77,27.89,60.53,22.31,16.74,57.14,3.72,3.72,50.00,2.92,1.25,69.96,31.61,14.88,68.0,18.6,3.72,83.33,0.0,0.0,-,17.36,14.88,53.85,0.0,2.48,0.00,51.03,24.17,67.86,5.37,2.69,66.67,16.67,77.78,0.944,9.3,11.16,7.44,52.07,55.56,18.6,16.74,13.02,58.82
310,8484386,Dmitri Simashev,UTA,D,https://assets.nhle.com/mugs/nhl/20262027/UTA/8484386.png,https://assets.nhle.com/logos/nhl/svg/UTA_light.svg,26,dmitrisimashev,4.0,64.35,16.0875,56.88,54.08,51.26,44.76,40.09,52.75,26.11,24.24,51.85,3.73,0.93,80.00,2.97,2.99,49.78,26.11,28.9,47.46,12.12,13.05,48.15,2.8,0.93,75.00,18.65,21.13,46.88,1.24,0.0,100.00,43.1,40.4,51.61,0.0,0.0,-,14.29,96.15,1.104,4.66,9.32,6.53,69.93,41.67,11.19,13.99,13.99,44.44
311,8477496,Elias Lindholm,BOS,C,https://assets.nhle.com/mugs/nhl/20262027/BOS/8477496.png,https://assets.nhle.com/logos/nhl/svg/BOS_light.svg,28,eliaslindholm,4.0,64.333333333333,16.083333333333,62.49,49.43,55.83,47.56,33.58,58.62,29.84,20.52,59.26,1.87,2.8,40.00,3.28,2.56,56.12,30.78,27.98,52.38,10.26,10.26,50.00,1.87,0.93,66.67,27.36,23.63,53.66,0.0,1.24,0.00,82.18,35.03,70.11,0.0,1.35,0.00,6.25,86.36,0.926,23.32,9.33,6.53,41.97,78.13,41.04,16.79,13.99,74.58
312,8482660,Kent Johnson,CBJ,C,https://assets.nhle.com/mugs/nhl/20262027/CBJ/8482660.png,https://assets.nhle.com/logos/nhl/svg/CBJ_light.svg,91,kentjohnson,2.0,32.116666666667,16.058333333333,61.65,59.78,50.77,44.84,39.23,53.33,35.5,28.02,55.88,7.47,3.74,66.67,2.97,1.65,64.27,29.89,16.81,64.0,11.21,3.74,75.00,1.87,0.0,100.00,24.91,17.44,58.82,7.47,2.49,75.00,80.95,48.57,62.5,0.0,2.7,0.00,21.05,86.67,1.077,22.42,7.47,5.6,44.84,80.00,39.23,13.08,20.55,65.63
313,8483678,Elias Pettersson,VAN,D,https://assets.nhle.com/mugs/nhl/20262027/VAN/8483678.png,https://assets.nhle.com/logos/nhl/svg/VAN_light.svg,25,eliaspetterssonD,4.0,64.15,16.0375,45.83,61.73,42.61,29.93,41.15,42.11,21.51,34.61,38.33,4.68,4.68,50.00,2.31,3.76,38.12,24.32,29.93,44.83,10.29,14.03,42.31,2.81,1.87,60.00,18.71,21.2,46.88,2.49,2.49,50.00,32.42,62.15,34.29,0.0,1.35,0.00,21.74,86.49,1.082,3.74,12.16,14.96,53.31,20.00,7.48,18.71,30.87,19.51
314,8477955,Jared McCann,SEA,L,https://assets.nhle.com/mugs/nhl/20262027/SEA/8477955.png,https://assets.nhle.com/logos/nhl/svg/SEA_light.svg,19,jaredmccann,3.0,48.083333333333,16.027777777778,52.41,48.67,51.85,43.67,39.93,52.24,34.94,26.2,57.14,7.49,3.74,66.67,3.28,2.47,57.04,34.94,16.22,68.29,9.98,6.24,61.54,3.74,1.25,75.00,33.28,13.31,71.43,4.99,0.0,100.00,39.65,66.69,37.29,0.0,1.8,0.00,21.43,85.71,1.071,9.98,14.97,14.97,38.68,40.00,21.21,17.47,26.2,44.74
315,8484829,Justin Hryckowian,DAL,C,https://assets.nhle.com/mugs/nhl/20262027/DAL/8484829.png,https://assets.nhle.com/logos/nhl/svg/DAL_light.svg,49,justinhryckowian,3.0,47.933333333333,15.977777777778,55.08,55.08,50.0,37.55,46.31,44.78,21.28,28.79,42.5,1.25,2.5,33.33,2.58,3.56,42.0,22.53,25.03,47.37,11.27,12.52,47.37,0.0,0.0,-,15.02,16.69,47.37,1.67,1.67,50.00,57.86,34.35,62.75,0.0,0.0,-,5.88,91.30,0.972,12.52,6.26,7.51,46.31,62.50,21.28,12.52,18.78,53.13
316,8473512,Claude Giroux,OTT,R,https://assets.nhle.com/mugs/nhl/20262027/OTT/8473512.png,https://assets.nhle.com/logos/nhl/svg/OTT_light.svg,28,claudegiroux,3.0,47.8,15.933333333333,50.21,46.44,51.95,36.4,35.15,50.88,23.85,21.34,52.78,2.51,1.26,66.67,2.69,2.11,56.1,22.59,20.08,52.94,8.79,11.3,43.75,2.51,1.26,66.67,18.41,11.72,61.11,0.0,0.0,-,52.58,61.65,46.03,0.0,0.0,-,10.53,94.12,1.046,8.79,15.06,30.13,41.42,22.58,17.57,20.08,47.7,26.92
317,8481806,Louis Crevier,BUF,D,https://assets.nhle.com/mugs/nhl/20262027/BUF/8481806.png,https://assets.nhle.com/logos/nhl/svg/BUF_light.svg,46,louiscrevier,3.0,47.683333333333,15.894444444444,55.37,49.07,53.01,44.04,37.75,53.85,32.72,21.39,60.47,3.77,3.77,50.00,3.01,2.7,52.75,31.46,22.65,58.14,10.07,6.29,61.54,0.0,0.0,-,28.52,21.81,56.67,5.03,5.03,50.00,30.9,43.62,41.46,0.0,0.0,-,11.54,82.35,0.939,6.29,15.1,10.07,51.59,38.46,11.32,18.87,20.13,36.0
318,8473986,Alex Killorn,ANA,L,https://assets.nhle.com/mugs/nhl/20262027/ANA/8473986.png,https://assets.nhle.com/logos/nhl/svg/ANA_light.svg,17,alexkillorn,2.0,31.766666666667,15.883333333333,22.67,75.55,23.08,13.22,51.0,20.59,13.22,28.33,31.82,1.89,1.89,50.00,1.33,2.99,30.82,11.33,34.0,25.0,3.78,11.33,25.00,0.0,1.89,0.00,10.07,30.22,25.0,2.52,0.0,100.00,5.46,70.93,7.14,0.0,0.0,-,14.29,93.33,1.076,7.56,7.56,18.89,45.33,28.57,11.33,9.44,28.33,28.57
319,8485702,Maxim Shabanov,MIN,R,https://assets.nhle.com/mugs/nhl/20262027/MIN/8485702.png,https://assets.nhle.com/logos/nhl/svg/MIN_light.svg,49,maximshabanov,3.0,47.566666666667,15.855555555556,61.81,40.36,60.49,42.89,27.75,60.71,27.75,16.4,62.86,2.52,0.0,100.00,3.92,2.55,60.56,39.1,27.75,58.49,12.61,11.35,52.63,1.26,0.0,100.00,35.32,21.86,61.76,1.68,0.0,100.00,51.02,18.22,73.68,0.0,0.0,-,9.09,100.00,1.091,12.61,8.83,2.52,37.84,83.33,32.8,12.61,10.09,76.47
320,8482866,Ville Ottavainen,SEA,D,https://assets.nhle.com/mugs/nhl/20262027/SEA/8482866.png,https://assets.nhle.com/logos/nhl/svg/SEA_light.svg,46,villeottavainen,1.0,15.85,15.85,53.0,75.71,41.18,45.43,45.43,50.0,22.71,26.5,46.15,7.57,0.0,100.00,2.82,3.91,41.93,34.07,30.28,52.94,18.93,22.71,45.45,3.79,0.0,100.00,20.19,10.09,66.67,5.05,0.0,100.00,43.74,43.74,50.0,0.0,0.0,-,33.33,100.00,1.333,11.36,15.14,11.36,45.43,50.00,18.93,30.28,11.36,62.5
321,8479369,Andrew Peeke,UTA,D,https://assets.nhle.com/mugs/nhl/20262027/UTA/8479369.png,https://assets.nhle.com/logos/nhl/svg/UTA_light.svg,20,andrewpeeke,4.0,63.2,15.8,56.01,59.81,48.36,37.97,40.82,48.19,21.84,27.53,44.23,2.85,0.95,75.00,2.21,2.37,48.23,26.58,23.73,52.83,10.44,7.59,57.89,0.95,0.95,50.00,21.52,21.52,50.0,2.53,0.0,100.00,42.51,52.11,44.93,0.0,0.0,-,13.04,96.55,1.096,5.7,9.49,6.65,74.05,46.15,10.44,12.34,12.34,45.83
322,8484800,Berkly Catton,SEA,C,https://assets.nhle.com/mugs/nhl/20262027/SEA/8484800.png,https://assets.nhle.com/logos/nhl/svg/SEA_light.svg,27,berklycatton,3.0,47.35,15.783333333333,55.76,68.43,44.9,36.75,48.15,43.28,24.08,24.08,50.0,5.07,2.53,66.67,2.58,2.26,53.38,29.14,29.14,50.0,16.47,8.87,65.00,1.27,1.27,50.00,16.9,27.03,38.46,1.69,0.0,100.00,45.76,47.59,49.02,3.66,1.83,66.67,21.05,89.47,1.105,19.01,7.6,3.8,43.08,83.33,24.08,15.21,11.4,67.86
323,8475167,Victor Hedman,TBL,D,https://assets.nhle.com/mugs/nhl/20262027/TBL/8475167.png,https://assets.nhle.com/logos/nhl/svg/TBL_light.svg,77,victorhedman,3.0,47.333333333333,15.777777777778,70.99,68.45,50.91,46.9,45.63,50.68,35.49,24.08,59.57,2.54,2.54,50.00,5.43,3.8,58.81,45.63,34.23,57.14,19.01,12.68,60.00,0.0,1.27,0.00,35.49,28.73,55.26,3.38,0.0,100.00,42.11,60.42,41.07,0.0,1.83,0.00,7.14,89.47,0.966,1.27,10.14,8.87,53.24,12.50,19.01,17.75,17.75,51.72
324,8476392,Adam Lowry,WPG,C,https://assets.nhle.com/mugs/nhl/20262027/WPG/8476392.png,https://assets.nhle.com/logos/nhl/svg/WPG_light.svg,17,adamlowry,3.0,47.216666666667,15.738888888889,36.85,82.6,30.85,29.23,62.27,31.94,19.06,39.39,32.61,5.08,3.81,57.14,1.96,4.33,31.19,12.71,44.48,22.22,7.62,12.71,37.50,2.54,2.54,50.00,6.78,42.36,13.79,0.0,1.69,0.00,38.55,86.27,30.88,3.67,0.0,100.00,26.67,90.32,1.17,8.9,16.52,27.96,38.12,24.14,13.98,21.6,39.39,26.19
325,8475208,Brian Dumoulin,LAK,D,https://assets.nhle.com/mugs/nhl/20262027/LAK/8475208.png,https://assets.nhle.com/logos/nhl/svg/LAK_light.svg,2,briandumoulin,2.0,31.433333333333,15.716666666667,61.08,61.08,50.0,43.9,47.72,47.92,24.81,40.08,38.24,5.73,9.54,37.50,3.04,4.42,40.77,24.81,40.08,38.24,7.64,17.18,30.77,0.0,5.73,0.00,22.91,30.54,42.86,5.09,5.09,50.00,57.9,44.11,56.76,2.76,0.0,100.00,23.08,76.19,0.993,5.73,15.27,19.09,38.18,23.08,13.36,24.81,28.63,31.82
326,8481607,Albert Johansson,DET,D,https://assets.nhle.com/mugs/nhl/20262027/DET/8481607.png,https://assets.nhle.com/logos/nhl/svg/DET_light.svg,20,albertjohansson,3.0,47.1,15.7,49.68,54.78,47.56,36.94,35.67,50.88,25.48,24.2,51.28,0.0,2.55,0.00,1.43,2.66,34.96,17.83,28.03,38.89,5.1,7.64,40.00,0.0,2.55,0.00,16.99,27.18,38.46,0.0,0.0,-,53.36,58.88,47.54,0.0,0.0,-,0.00,89.47,0.895,7.64,15.29,14.01,47.13,35.29,17.83,22.93,26.75,40.0
327,8475179,Dmitry Kulikov,FLA,D,https://assets.nhle.com/mugs/nhl/20262027/FLA/8475179.png,https://assets.nhle.com/logos/nhl/svg/FLA_light.svg,7,dmitrykulikov,3.0,47.05,15.683333333333,48.46,49.73,49.35,31.88,36.98,46.3,17.85,25.5,41.18,2.55,3.83,40.00,1.94,2.89,40.14,22.95,29.33,43.9,6.38,11.48,35.71,0.0,2.55,0.00,22.1,23.8,48.15,3.4,0.0,100.00,40.52,31.31,56.41,0.0,1.84,0.00,14.29,85.00,0.993,3.83,7.65,12.75,56.11,23.08,14.03,16.58,20.4,40.74
328,8479324,Ryan Lindgren,SEA,D,https://assets.nhle.com/mugs/nhl/20262027/SEA/8479324.png,https://assets.nhle.com/logos/nhl/svg/SEA_light.svg,55,ryanlindgren,3.0,47.033333333333,15.677777777778,39.55,72.71,35.23,31.89,43.37,42.37,19.14,24.24,44.12,3.83,1.28,75.00,2.06,3.86,34.81,24.24,34.44,41.3,10.21,19.14,34.78,1.28,1.28,50.00,18.71,20.41,47.83,3.4,0.0,100.00,27.64,53.44,34.09,0.0,0.0,-,20.00,94.74,1.147,5.1,12.76,14.03,47.2,26.67,10.21,25.51,28.07,26.67
329,8474151,Ryan McDonagh,TBL,D,https://assets.nhle.com/mugs/nhl/20262027/TBL/8474151.png,https://assets.nhle.com/logos/nhl/svg/TBL_light.svg,27,ryanmcdonagh,3.0,46.983333333333,15.661111111111,47.25,56.19,45.68,33.2,37.03,47.27,24.26,25.54,48.72,2.55,2.55,50.00,2.28,2.64,46.27,22.99,26.82,46.15,10.22,11.49,47.06,1.28,2.55,33.33,17.03,20.43,45.45,1.7,0.0,100.00,40.58,59.03,40.74,0.0,0.0,-,10.53,90.00,1.005,6.39,19.16,7.66,43.42,45.45,11.49,24.26,21.71,34.62
330,8476539,Jonathan Marchessault,NSH,R,https://assets.nhle.com/mugs/nhl/20262027/NSH/8476539.png,https://assets.nhle.com/logos/nhl/svg/NSH_light.svg,81,jonathanmarchessault,3.0,46.983333333333,15.661111111111,47.25,70.24,40.22,38.31,48.53,44.12,29.37,29.37,50.0,2.55,2.55,50.00,1.94,2.7,41.89,24.26,28.1,46.34,6.39,12.77,33.33,0.0,1.28,0.00,23.84,20.43,53.85,3.41,1.7,66.67,40.58,64.56,38.6,0.0,0.0,-,8.70,91.30,1.0,10.22,8.94,2.55,52.36,80.00,20.43,10.22,10.22,66.67
331,8482745,Mason McTavish,STL,C,https://assets.nhle.com/mugs/nhl/20262027/STL/8482745.png,https://assets.nhle.com/logos/nhl/svg/STL_light.svg,83,masonmctavish,3.0,46.883333333333,15.627777777778,60.15,38.39,61.04,44.79,29.43,60.34,29.43,20.48,58.97,3.84,2.56,60.00,3.0,2.58,53.79,25.6,11.52,68.97,10.24,3.84,72.73,2.56,1.28,66.67,20.48,10.24,66.67,1.71,1.71,50.00,68.4,46.21,59.68,0.0,0.0,-,13.04,87.50,1.005,17.92,15.36,6.4,37.11,73.68,31.99,28.15,12.8,71.43
332,8476432,Boone Jenner,WSH,C,https://assets.nhle.com/mugs/nhl/20262027/WSH/8476432.png,https://assets.nhle.com/logos/nhl/svg/WSH_secondary_light.svg,22,boonejenner,2.0,31.25,15.625,46.08,76.8,37.5,36.48,48.0,43.18,24.96,38.4,39.39,1.92,3.84,33.33,2.26,3.78,37.37,26.88,36.48,42.42,7.68,13.44,36.36,1.92,0.0,100.00,25.6,30.72,45.45,0.0,2.56,0.00,22.19,80.43,21.62,0.0,2.77,0.00,7.69,90.00,0.977,0.0,7.68,28.8,42.24,0.00,0.0,11.52,40.32,0.0
333,8484984,Ivan Demidov,MTL,R,https://assets.nhle.com/mugs/nhl/20262027/MTL/8484984.png,https://assets.nhle.com/logos/nhl/svg/MTL_light.svg,93,ivandemidov,2.0,31.233333333333,15.616666666667,67.24,28.82,70.0,40.34,24.97,61.76,24.97,21.13,54.17,3.84,3.84,50.00,2.87,2.71,51.47,34.58,9.61,78.26,15.37,7.68,66.67,1.92,1.92,50.00,25.61,2.56,90.91,2.56,0.0,100.00,66.6,30.52,68.57,0.0,2.77,0.00,15.38,81.82,0.972,17.29,13.45,1.92,42.26,90.00,26.89,15.37,5.76,82.35
334,8478440,Dylan Strome,WSH,C,https://assets.nhle.com/mugs/nhl/20262027/WSH/8478440.png,https://assets.nhle.com/logos/nhl/svg/WSH_secondary_light.svg,17,dylanstrome,2.0,31.216666666667,15.608333333333,63.43,80.73,44.0,38.44,61.51,38.46,24.99,34.6,41.94,3.84,3.84,50.00,3.3,5.22,38.74,42.29,34.6,55.0,19.22,13.45,58.82,1.92,1.92,50.00,30.75,28.19,52.17,0.0,0.0,-,33.32,55.53,37.5,2.78,0.0,100.00,15.38,88.89,1.043,15.38,3.84,5.77,44.21,72.73,32.67,5.77,9.61,77.27
335,8478498,Jake DeBrusk,VAN,L,https://assets.nhle.com/mugs/nhl/20262027/VAN/8478498.png,https://assets.nhle.com/logos/nhl/svg/VAN_light.svg,74,jakedebrusk,2.0,31.2,15.6,46.15,48.08,48.98,26.92,40.38,40.0,23.08,34.62,40.0,7.69,3.85,66.67,2.52,2.24,52.87,21.15,23.08,47.83,7.69,0.0,100.00,1.92,0.0,100.00,17.95,30.77,36.84,5.13,2.56,66.67,47.22,30.56,60.71,2.78,2.78,50.00,33.33,88.89,1.222,17.31,26.92,1.92,40.38,90.00,32.69,30.77,7.69,80.95
336,8483489,Fraser Minten,BOS,C,https://assets.nhle.com/mugs/nhl/20262027/BOS/8483489.png,https://assets.nhle.com/logos/nhl/svg/BOS_light.svg,93,fraserminten,4.0,62.366666666667,15.591666666667,50.03,41.37,54.74,33.67,33.67,50.0,22.13,22.13,50.0,2.89,2.89,50.00,3.0,4.59,39.52,20.2,25.98,43.75,9.62,15.39,38.46,1.92,0.96,66.67,14.11,14.11,50.0,1.28,2.57,33.33,37.52,22.23,62.79,0.0,0.0,-,13.04,86.96,1.0,11.54,9.62,7.7,45.22,60.00,16.35,12.51,14.43,53.13
337,8484180,Samuel Honzek,CGY,L,https://assets.nhle.com/mugs/nhl/20262027/CGY/8484180.png,https://assets.nhle.com/logos/nhl/svg/CGY_light.svg,29,samuelhonzek,3.0,46.683333333333,15.561111111111,52.7,60.41,46.59,34.7,42.41,45.0,20.56,26.99,43.24,0.0,3.86,0.00,1.77,3.33,34.79,24.42,30.85,44.19,5.14,11.57,30.77,0.0,2.57,0.00,25.71,25.71,50.0,0.0,1.71,0.00,38.99,55.69,41.18,0.0,0.0,-,0.00,85.71,0.857,6.43,19.28,19.28,37.27,25.00,15.42,21.85,28.28,35.29
338,8476312,Josh Manson,COL,D,https://assets.nhle.com/mugs/nhl/20262027/COL/8476312.png,https://assets.nhle.com/logos/nhl/svg/COL_light.svg,42,joshmanson,2.0,31.116666666667,15.558333333333,55.92,75.2,42.65,42.42,52.06,44.9,36.64,34.71,51.35,13.5,5.78,70.00,4.58,3.88,54.11,32.78,28.92,53.13,19.28,13.5,58.82,7.71,1.93,80.00,18.0,20.57,46.67,5.14,0.0,100.00,33.42,72.42,31.58,2.79,5.57,33.33,36.84,83.33,1.202,0.0,3.86,17.35,48.21,0.00,13.5,27.0,28.92,31.82
339,8482476,Emil Heineman,NYI,L,https://assets.nhle.com/mugs/nhl/20262027/NYI/8482476.png,https://assets.nhle.com/logos/nhl/svg/NYI_light.svg,51,emilheineman,3.0,46.65,15.55,29.58,75.88,28.05,24.44,55.31,30.65,16.72,34.73,32.5,1.29,2.57,33.33,1.77,4.65,27.57,16.72,48.87,25.49,9.0,21.86,29.17,1.29,1.29,50.00,10.29,36.01,22.22,0.0,1.71,0.00,26.01,52.02,33.33,0.0,0.0,-,7.69,92.59,1.003,9.0,12.86,15.43,43.73,36.84,12.86,21.86,21.86,37.04
340,8480185,Eetu Luostarinen,FLA,C,https://assets.nhle.com/mugs/nhl/20262027/FLA/8480185.png,https://assets.nhle.com/logos/nhl/svg/FLA_light.svg,27,eetuluostarinen,3.0,46.633333333333,15.544444444444,60.47,51.47,54.02,43.75,41.17,51.52,29.59,24.45,54.76,3.86,2.57,60.00,4.0,3.39,54.15,37.31,28.31,56.86,18.01,16.73,51.85,2.57,1.29,66.67,25.73,15.44,62.5,1.72,0.0,100.00,37.17,33.45,52.63,0.0,1.86,0.00,13.04,89.47,1.025,10.29,6.43,9.01,59.19,53.33,19.3,9.01,18.01,51.72
341,8479675,Trevor Moore,LAK,L,https://assets.nhle.com/mugs/nhl/20262027/LAK/8479675.png,https://assets.nhle.com/logos/nhl/svg/LAK_light.svg,12,trevormoore,2.0,31.05,15.525,48.31,81.16,37.31,44.44,48.31,47.92,34.78,40.58,46.15,3.86,9.66,28.57,2.49,4.1,37.72,17.39,46.38,27.27,11.59,17.39,40.00,1.93,5.8,25.00,7.73,38.65,16.67,2.58,5.15,33.33,50.24,66.99,42.86,0.0,0.0,-,11.11,76.19,0.873,3.86,28.99,17.39,46.38,18.18,7.73,28.99,25.12,23.53
342,8480015,Owen Tippett,PHI,R,https://assets.nhle.com/mugs/nhl/20262027/PHI/8480015.png,https://assets.nhle.com/logos/nhl/svg/PHI_light.svg,74,owentippett,4.0,62.016666666667,15.504166666667,42.57,72.56,36.97,30.96,51.28,37.65,18.38,35.8,33.93,1.93,1.93,50.00,1.86,3.48,34.85,13.54,34.83,28.0,6.77,12.58,35.00,0.0,0.97,0.00,9.03,29.67,23.33,1.29,1.29,50.00,53.1,60.09,46.91,1.4,0.0,100.00,10.53,94.59,1.051,11.61,10.64,3.87,57.08,75.00,17.41,17.41,13.54,56.25
343,8484387,Matvei Michkov,PHI,R,https://assets.nhle.com/mugs/nhl/20262027/PHI/8484387.png,https://assets.nhle.com/logos/nhl/svg/PHI_light.svg,39,matveimichkov,4.0,61.983333333333,15.495833333333,55.18,67.76,44.88,37.75,52.27,41.94,21.3,35.82,37.29,0.97,3.87,20.00,3.0,5.67,34.6,30.01,34.85,46.27,8.71,15.49,36.00,0.97,0.97,50.00,28.39,25.81,52.38,0.0,2.58,0.00,48.94,55.93,46.67,0.0,1.4,0.00,4.55,89.19,0.937,15.49,11.62,9.68,38.72,61.54,27.1,16.46,23.23,53.85
344,8480028,Morgan Frost,CGY,C,https://assets.nhle.com/mugs/nhl/20262027/CGY/8480028.png,https://assets.nhle.com/logos/nhl/svg/CGY_light.svg,16,morganfrost,3.0,46.45,15.483333333333,98.17,55.54,63.87,63.29,41.33,60.49,37.46,32.29,53.7,2.58,7.75,25.00,4.74,3.52,57.35,36.17,34.88,50.91,15.5,15.5,50.00,1.29,2.58,33.33,27.56,25.83,51.61,1.72,3.44,33.33,115.68,24.26,82.67,0.0,3.73,0.00,6.90,76.00,0.829,29.71,7.75,1.29,38.75,95.83,50.38,16.79,5.17,90.7
345,8482715,Ryan Ufko,NSH,D,https://assets.nhle.com/mugs/nhl/20262027/NSH/8482715.png,https://assets.nhle.com/logos/nhl/svg/NSH_light.svg,12,ryanufko,1.0,15.45,15.45,58.25,42.72,57.69,42.72,34.95,55.0,27.18,27.18,50.0,0.0,3.88,0.00,1.87,2.54,42.37,19.42,11.65,62.5,7.77,11.65,40.00,0.0,3.88,0.00,15.53,0.0,100.0,0.0,0.0,-,67.31,44.88,60.0,0.0,0.0,-,0.00,85.71,0.857,11.65,23.3,0.0,34.95,100.00,27.18,23.3,3.88,87.5
346,8477426,Nick Paul,TOR,L,https://assets.nhle.com/mugs/nhl/20262027/TOR/8477426.png,https://assets.nhle.com/logos/nhl/svg/TOR_light.svg,20,nickpaul,4.0,61.75,15.4375,55.38,50.53,52.29,42.75,41.78,50.57,27.21,27.21,50.0,1.94,4.86,28.57,3.47,4.19,45.27,28.18,29.15,49.15,14.57,17.49,45.45,1.94,4.86,28.57,18.14,15.55,53.85,0.0,0.0,-,42.11,44.91,48.39,0.0,0.0,-,7.14,82.14,0.893,8.74,9.72,10.69,48.58,45.00,14.57,15.55,21.38,40.54
347,8483460,David Jiricek,PHI,D,https://assets.nhle.com/mugs/nhl/20262027/PHI/8483460.png,https://assets.nhle.com/logos/nhl/svg/PHI_light.svg,5,davidjiricek,2.0,30.866666666667,15.433333333333,42.76,52.48,44.9,27.21,31.1,46.67,13.61,13.61,50.0,1.94,1.94,50.00,1.41,2.33,37.69,11.66,17.49,40.0,5.83,5.83,50.00,0.0,1.94,0.00,7.78,15.55,33.33,0.0,0.0,-,39.31,44.92,46.67,2.81,0.0,100.00,14.29,85.71,1.0,3.89,9.72,3.89,66.09,50.00,13.61,17.49,9.72,58.33
348,8481711,Matias Maccelli,NYI,L,https://assets.nhle.com/mugs/nhl/20262027/NYI/8481711.png,https://assets.nhle.com/logos/nhl/svg/NYI_light.svg,63,matiasmaccelli,3.0,46.3,15.433333333333,81.64,32.4,71.59,47.95,27.21,63.79,29.81,16.85,63.89,3.89,1.3,75.00,4.18,2.38,63.74,42.76,9.07,82.5,16.85,2.59,86.67,1.3,0.0,100.00,34.56,8.64,80.0,3.46,1.73,66.67,69.26,35.57,66.07,0.0,0.0,-,13.04,92.31,1.054,14.25,6.48,1.3,41.47,91.67,24.62,10.37,9.07,73.08
349,8481532,Alex Turcotte,LAK,C,https://assets.nhle.com/mugs/nhl/20262027/LAK/8481532.png,https://assets.nhle.com/logos/nhl/svg/LAK_light.svg,15,alexturcotte,2.0,30.833333333333,15.416666666667,54.49,35.03,60.87,35.03,31.14,52.94,17.51,19.46,47.37,3.89,3.89,50.00,2.06,1.86,52.65,23.35,19.46,54.55,11.68,7.78,60.00,0.0,0.0,-,15.57,15.57,50.0,0.0,2.59,0.00,53.41,22.49,70.37,5.62,2.81,66.67,22.22,80.00,1.022,11.68,9.73,7.78,52.54,60.00,19.46,15.57,9.73,66.67
350,8481580,Connor McMichael,STL,L,https://assets.nhle.com/mugs/nhl/20262027/STL/8481580.png,https://assets.nhle.com/logos/nhl/svg/STL_light.svg,77,connormcmichael,3.0,46.25,15.416666666667,66.16,37.62,63.75,54.49,27.24,66.67,32.43,20.76,60.98,3.89,3.89,50.00,3.87,3.46,52.78,29.84,12.97,69.7,11.68,3.89,75.00,1.3,1.3,50.00,24.22,12.11,66.67,1.73,3.46,33.33,59.96,44.97,57.14,0.0,0.0,-,12.00,81.25,0.933,16.86,11.68,10.38,49.3,61.90,27.24,25.95,14.27,65.63
351,8484911,Collin Graf,SJS,R,https://assets.nhle.com/mugs/nhl/20262027/SJS/8484911.png,https://assets.nhle.com/logos/nhl/svg/SJS_light.svg,51,collingraf,3.0,46.216666666667,15.405555555556,29.86,63.61,31.94,20.77,44.14,32.0,9.09,28.56,24.14,0.0,6.49,0.00,1.0,3.26,23.51,9.09,22.07,29.17,3.89,9.09,30.00,0.0,0.0,-,6.92,17.31,28.57,0.0,8.65,0.00,31.88,75.01,29.82,0.0,0.0,-,0.00,77.27,0.773,6.49,9.09,16.88,46.74,27.78,11.68,11.68,24.67,32.14
352,8481719,Max Crozier,TBL,D,https://assets.nhle.com/mugs/nhl/20262027/TBL/8481719.png,https://assets.nhle.com/logos/nhl/svg/TBL_light.svg,24,maxcrozier,1.0,15.4,15.4,93.51,46.75,66.67,62.34,31.17,66.67,46.75,15.58,75.0,0.0,3.9,0.00,5.12,1.63,75.85,58.44,15.58,78.95,23.38,7.79,75.00,0.0,0.0,-,46.75,10.39,81.82,0.0,0.0,-,50.65,39.39,56.25,0.0,5.63,0.00,0.00,75.00,0.75,15.58,7.79,0.0,54.55,100.00,46.75,19.48,0.0,100.0
353,8478569,Noel Acciari,PHI,C,https://assets.nhle.com/mugs/nhl/20262027/PHI/8478569.png,https://assets.nhle.com/logos/nhl/svg/PHI_light.svg,52,noelacciari,4.0,61.466666666667,15.366666666667,29.28,77.11,27.52,23.43,51.74,31.17,14.64,35.14,29.41,0.0,3.9,0.00,1.65,3.77,30.51,14.64,36.12,28.85,8.79,12.69,40.91,0.0,0.98,0.00,7.81,31.24,20.0,0.0,3.9,0.00,21.15,67.68,23.81,0.0,0.0,-,0.00,88.89,0.889,3.9,13.67,28.31,34.16,12.12,3.9,22.45,53.69,6.78
354,8482713,Mackie Samoskevich,SEA,R,https://assets.nhle.com/mugs/nhl/20262027/SEA/8482713.png,https://assets.nhle.com/logos/nhl/svg/SEA_light.svg,11,mackiesamoskevich,2.0,30.716666666667,15.358333333333,31.25,64.46,32.65,27.35,41.02,40.0,15.63,31.25,33.33,3.91,0.0,100.00,1.17,1.96,37.39,15.63,25.39,38.1,5.86,5.86,50.00,1.95,0.0,100.00,13.02,26.04,33.33,2.6,0.0,100.00,19.75,76.18,20.59,0.0,0.0,-,25.00,100.00,1.25,3.91,21.49,19.53,35.16,16.67,5.86,23.44,27.35,17.65
355,8483450,Ryan Greene,CHI,C,https://assets.nhle.com/mugs/nhl/20262027/CHI/8483450.png,https://assets.nhle.com/logos/nhl/svg/CHI_light.svg,20,ryangreene,4.0,61.416666666667,15.354166666667,41.03,68.39,37.5,33.22,51.78,39.08,18.56,32.24,36.54,1.95,2.93,40.00,2.93,4.44,39.73,23.45,34.19,40.68,6.84,16.61,29.17,0.0,0.98,0.00,22.14,23.45,48.57,2.61,1.3,66.67,23.99,70.56,25.37,0.0,1.41,0.00,10.53,90.91,1.014,5.86,15.63,19.54,41.03,23.08,6.84,21.49,33.22,17.07
356,8479400,Pierre-Luc Dubois,WSH,C,https://assets.nhle.com/mugs/nhl/20262027/WSH/8479400.png,https://assets.nhle.com/logos/nhl/svg/WSH_secondary_light.svg,80,pierrelucdubois,2.0,30.7,15.35,74.27,58.63,55.88,46.91,44.95,51.06,27.36,21.5,56.0,5.86,3.91,60.00,4.08,3.76,51.99,39.09,33.22,54.05,21.5,11.73,64.71,3.91,0.0,100.00,23.45,28.66,45.0,0.0,2.61,0.00,47.99,53.64,47.22,2.82,0.0,100.00,21.43,81.82,1.032,11.73,27.36,9.77,31.27,54.55,15.64,31.27,25.41,38.1
357,8478438,Tommy Novak,PIT,C,https://assets.nhle.com/mugs/nhl/20262027/PIT/8478438.png,https://assets.nhle.com/logos/nhl/svg/PIT_light.svg,18,thomasnovak,3.0,45.966666666667,15.322222222222,62.65,50.91,55.17,46.99,40.46,53.73,31.33,24.8,55.81,6.53,1.31,83.33,3.58,2.95,54.87,36.55,18.27,66.67,18.27,9.14,66.67,3.92,1.31,75.00,24.37,12.18,66.67,3.48,0.0,100.00,54.68,49.02,52.73,0.0,0.0,-,20.83,94.74,1.156,19.58,14.36,2.61,41.77,88.24,35.24,19.58,11.75,75.0
358,8481721,Arseny Gritsyuk,NJD,R,https://assets.nhle.com/mugs/nhl/20262027/NJD/8481721.png,https://assets.nhle.com/logos/nhl/svg/NJD_light.svg,81,arsenygritsyuk,3.0,45.883333333333,15.294444444444,100.69,44.46,69.37,66.69,31.38,68.0,37.92,26.15,59.18,0.0,3.92,0.00,3.93,1.93,67.05,44.46,19.61,69.39,11.77,7.85,60.00,0.0,3.92,0.00,43.59,15.69,73.53,0.0,0.0,-,94.44,45.33,67.57,0.0,0.0,-,0.00,85.00,0.85,14.38,9.15,11.77,34.0,55.00,35.31,13.08,15.69,69.23
359,8482768,Fedor Svechkov,COL,C,https://assets.nhle.com/mugs/nhl/20262027/COL/8482768.png,https://assets.nhle.com/logos/nhl/svg/COL_light.svg,9,fedorsvechkov,2.0,30.55,15.275,72.67,68.74,51.39,53.03,43.21,55.1,33.39,27.5,54.84,5.89,3.93,60.00,4.19,3.8,52.44,47.14,33.39,58.54,11.78,15.71,42.86,1.96,0.0,100.00,47.14,23.57,66.67,5.24,0.0,100.00,42.55,39.72,51.72,0.0,5.67,0.00,17.65,85.71,1.034,1.96,11.78,7.86,56.96,20.00,11.78,19.64,19.64,37.5
360,8482482,Adam Wilsby,NSH,D,https://assets.nhle.com/mugs/nhl/20262027/NSH/8482482.png,https://assets.nhle.com/logos/nhl/svg/NSH_light.svg,2,adamwilsby,3.0,45.716666666667,15.238888888889,49.87,55.12,47.5,42.0,43.31,49.23,24.94,23.62,51.35,1.31,2.62,33.33,2.24,3.06,42.23,23.62,27.56,46.15,9.19,11.81,43.75,1.31,1.31,50.00,19.25,21.0,47.83,0.0,0.0,-,36.02,49.29,42.22,0.0,1.9,0.00,5.26,88.89,0.942,3.94,9.19,6.56,52.5,37.50,15.75,18.37,10.5,60.0
361,8481032,Paul Cotter,VAN,L,https://assets.nhle.com/mugs/nhl/20262027/VAN/8481032.png,https://assets.nhle.com/logos/nhl/svg/VAN_light.svg,47,paulcotter,4.0,60.9,15.225,38.42,61.08,38.61,27.59,47.29,36.84,18.72,34.48,35.19,6.9,3.94,63.64,1.88,4.59,29.11,19.7,38.42,33.9,9.85,13.79,41.67,4.93,2.96,62.50,13.14,32.84,28.57,2.63,1.31,66.67,25.62,41.27,38.3,0.0,0.0,-,36.84,88.57,1.254,5.91,16.75,9.85,48.28,37.50,8.87,20.69,21.67,29.03
362,8477446,Michael McCarron,MIN,C,https://assets.nhle.com/mugs/nhl/20262027/MIN/8477446.png,https://assets.nhle.com/logos/nhl/svg/MIN_light.svg,47,michaelmccarron,3.0,45.633333333333,15.211111111111,42.07,44.7,48.48,28.93,32.87,46.81,22.35,23.67,48.57,3.94,0.0,100.00,1.98,2.33,45.96,22.35,23.67,48.57,13.15,7.89,62.50,1.31,0.0,100.00,12.27,21.04,36.84,1.75,0.0,100.00,20.89,56.98,26.83,1.9,0.0,100.00,17.65,100.00,1.176,3.94,11.83,13.15,38.13,23.08,6.57,24.98,38.13,14.71
363,8482803,Olen Zellweger,BUF,D,https://assets.nhle.com/mugs/nhl/20262027/BUF/8482803.png,https://assets.nhle.com/logos/nhl/svg/BUF_light.svg,8,olenzellweger,2.0,31.1,15.55,67.52,30.87,68.63,48.23,23.15,67.57,25.08,17.36,59.09,3.86,1.93,66.67,3.5,1.33,72.4,34.73,11.58,75.0,15.43,3.86,80.00,1.93,1.93,50.00,25.72,10.29,71.43,2.57,0.0,100.00,58.52,30.65,65.63,0.0,0.0,-,15.38,88.89,1.043,11.58,9.65,9.65,48.23,54.55,30.87,15.43,21.22,59.26
364,8482157,Will Cuylle,NYR,L,https://assets.nhle.com/mugs/nhl/20262027/NYR/8482157.png,https://assets.nhle.com/logos/nhl/svg/NYR_light.svg,50,willcuylle,5.0,75.8,15.16,45.12,68.87,39.58,31.66,49.08,39.22,20.58,31.66,39.39,3.96,3.96,50.00,3.53,4.56,43.61,23.75,41.16,36.59,11.87,13.46,46.88,0.0,1.58,0.00,15.83,36.94,30.0,3.17,3.17,50.00,37.73,60.6,38.37,1.14,0.0,100.00,19.23,87.50,1.067,10.29,5.54,15.83,53.03,39.39,15.04,13.46,32.45,31.67
365,8480029,Alex Formenton,EDM,L,https://assets.nhle.com/mugs/nhl/20262027/EDM/8480029.png,https://assets.nhle.com/logos/nhl/svg/EDM_light.svg,26,alexformenton,3.0,45.45,15.15,43.56,64.69,40.24,33.0,40.92,44.64,27.72,31.68,46.67,7.92,5.28,60.00,2.28,3.21,41.55,21.12,31.68,40.0,10.56,7.92,57.14,2.64,1.32,66.67,14.08,31.68,30.77,1.76,5.28,25.00,32.42,43.86,42.5,5.72,0.0,100.00,28.57,83.33,1.119,7.92,21.12,13.2,51.49,37.50,11.88,22.44,23.76,33.33
366,8475170,Brayden Schenn,NYI,C,https://assets.nhle.com/mugs/nhl/20262027/NYI/8475170.png,https://assets.nhle.com/logos/nhl/svg/NYI_light.svg,10,braydenschenn,3.0,45.383333333333,15.127777777778,80.65,51.56,61.0,58.17,39.66,59.46,38.34,26.44,59.18,6.61,1.32,83.33,4.61,1.88,71.04,40.98,27.76,59.62,19.83,7.93,71.43,3.97,0.0,100.00,28.2,26.44,51.61,3.53,0.0,100.00,72.57,43.92,62.3,0.0,1.91,0.00,17.24,95.00,1.122,14.54,6.61,7.93,42.31,64.71,30.41,11.9,14.54,67.65
367,8483524,Shane Wright,SEA,C,https://assets.nhle.com/mugs/nhl/20262027/SEA/8483524.png,https://assets.nhle.com/logos/nhl/svg/SEA_light.svg,51,shanewright,3.0,45.366666666667,15.122222222222,51.58,66.13,43.82,33.06,47.61,40.98,21.16,23.81,47.06,3.97,2.65,60.00,2.2,2.65,45.32,26.45,27.77,48.78,15.87,11.9,57.14,1.32,1.32,50.00,14.11,21.16,40.0,1.76,0.0,100.00,43.94,45.85,48.94,1.91,1.91,50.00,18.75,88.89,1.076,18.52,9.26,3.97,46.29,82.35,26.45,17.19,10.58,71.43
368,8478975,Mason Marchment,SJS,L,https://assets.nhle.com/mugs/nhl/20262027/SJS/8478975.png,https://assets.nhle.com/logos/nhl/svg/SJS_light.svg,27,masonmarchment,3.0,45.316666666667,15.105555555556,52.96,66.2,44.44,37.07,47.66,43.75,22.51,34.42,39.53,1.32,6.62,16.67,1.45,3.8,27.62,23.83,37.07,39.13,2.65,18.54,12.50,0.0,2.65,0.00,28.25,24.71,53.33,0.0,5.3,0.00,47.81,51.64,48.08,1.91,0.0,100.00,5.88,80.77,0.867,17.21,6.62,10.59,42.37,61.90,26.48,11.92,18.54,58.82
369,8475287,Erik Haula,LAK,L,https://assets.nhle.com/mugs/nhl/20262027/LAK/8475287.png,https://assets.nhle.com/logos/nhl/svg/LAK_light.svg,56,erikhaula,2.0,30.183333333333,15.091666666667,55.66,69.57,44.44,45.72,41.74,52.27,35.78,35.78,50.0,3.98,11.93,25.00,1.87,4.16,31.04,23.85,47.71,33.33,7.95,17.89,30.77,1.99,3.98,33.33,21.2,39.76,34.78,0.0,10.6,0.00,54.56,51.68,51.35,2.87,0.0,100.00,11.11,66.67,0.778,5.96,27.83,27.83,43.73,17.65,11.93,31.81,37.77,24.0
370,8478472,Mathieu Joseph,EDM,R,https://assets.nhle.com/mugs/nhl/20262027/EDM/8478472.png,https://assets.nhle.com/logos/nhl/svg/EDM_light.svg,21,mathieujoseph,3.0,45.133333333333,15.044444444444,31.91,57.16,35.82,27.92,34.56,44.68,17.28,23.93,41.94,3.99,3.99,50.00,1.83,2.45,42.76,18.61,25.26,42.42,7.98,6.65,54.55,2.66,1.33,66.67,14.18,24.82,36.36,0.0,3.55,0.00,15.36,53.77,22.22,1.92,0.0,100.00,23.08,83.33,1.064,5.32,21.27,11.96,58.49,30.77,5.32,25.26,23.93,18.18
371,8484258,Sam Malinski,COL,D,https://assets.nhle.com/mugs/nhl/20262027/COL/8484258.png,https://assets.nhle.com/logos/nhl/svg/COL_light.svg,70,sammalinski,2.0,30.066666666667,15.033333333333,59.87,57.87,50.85,47.89,37.92,55.81,35.92,19.96,64.29,9.98,0.0,100.00,3.3,2.25,59.44,37.92,21.95,63.33,9.98,9.98,50.00,3.99,0.0,100.00,37.25,15.96,70.0,5.32,0.0,100.00,31.71,51.88,37.93,2.88,0.0,100.00,27.78,100.00,1.278,5.99,11.97,9.98,45.9,37.50,13.97,31.93,11.97,53.85
372,8482807,Ethan Del Mastro,CHI,D,https://assets.nhle.com/mugs/nhl/20262027/CHI/8482807.png,https://assets.nhle.com/logos/nhl/svg/CHI_light.svg,38,ethandelmastro,1.0,15.016666666667,15.016666666667,31.96,91.9,25.81,23.97,75.92,24.0,11.99,39.96,23.08,0.0,7.99,0.00,1.69,6.31,21.1,19.98,55.94,26.32,7.99,31.96,20.00,0.0,0.0,-,15.98,31.96,33.33,0.0,10.65,0.00,23.09,63.49,26.67,0.0,0.0,-,0.00,80.00,0.8,4.0,11.99,0.0,55.94,100.00,7.99,15.98,19.98,28.57
373,8476399,Blake Coleman,MIN,L,https://assets.nhle.com/mugs/nhl/20262027/MIN/8476399.png,https://assets.nhle.com/logos/nhl/svg/MIN_light.svg,20,blakecoleman,3.0,45.033333333333,15.011111111111,51.96,57.29,47.56,39.97,45.3,46.88,26.65,30.64,46.51,4.0,2.66,60.00,2.86,3.31,46.35,27.98,31.98,46.67,11.99,10.66,52.94,1.33,1.33,50.00,21.32,28.42,42.86,1.78,1.78,50.00,46.19,50.04,48.0,1.92,0.0,100.00,15.00,91.30,1.063,10.66,7.99,17.32,43.97,38.10,21.32,10.66,25.31,45.71
374,8477511,Anthony Mantha,NJD,R,https://assets.nhle.com/mugs/nhl/20262027/NJD/8477511.png,https://assets.nhle.com/logos/nhl/svg/NJD_light.svg,39,anthonymantha,3.0,45.0,15.0,76.0,45.33,62.64,52.0,32.0,61.9,41.33,24.0,63.27,1.33,4.0,25.00,3.44,2.28,60.12,38.67,29.33,56.86,12.0,13.33,47.37,0.0,4.0,0.00,35.56,21.33,62.5,0.0,0.0,-,61.63,23.11,72.73,1.93,0.0,100.00,3.23,83.33,0.866,17.33,10.67,1.33,46.67,92.86,24.0,14.67,4.0,85.71
375,8474574,Tyler Myers,DAL,D,https://assets.nhle.com/mugs/nhl/20262027/DAL/8474574.png,https://assets.nhle.com/logos/nhl/svg/DAL_light.svg,57,tylermyers,3.0,44.983333333333,14.994444444444,49.35,46.68,51.39,29.34,32.01,47.83,16.01,17.34,48.0,0.0,0.0,-,2.15,2.07,51.02,17.34,22.68,43.33,10.67,12.0,47.06,0.0,0.0,-,8.89,14.23,38.46,0.0,0.0,-,48.17,40.46,54.35,0.0,0.0,-,0.00,100.00,1.0,5.34,8.0,9.34,50.69,36.36,8.0,9.34,24.01,25.0
376,8479671,Mathieu Olivier,CBJ,R,https://assets.nhle.com/mugs/nhl/20262027/CBJ/8479671.png,https://assets.nhle.com/logos/nhl/svg/CBJ_light.svg,24,mathieuolivier,2.0,29.916666666667,14.958333333333,52.14,64.18,44.83,40.11,50.14,44.44,22.06,36.1,37.93,4.01,4.01,50.00,2.84,3.54,44.5,24.07,30.08,44.44,8.02,14.04,36.36,0.0,2.01,0.00,21.39,21.39,50.0,2.67,0.0,100.00,26.07,46.35,36.0,0.0,2.9,0.00,18.18,88.89,1.071,4.01,18.05,16.04,42.12,20.00,8.02,22.06,30.08,21.05
377,8478474,Lawson Crouse,UTA,L,https://assets.nhle.com/mugs/nhl/20262027/UTA/8478474.png,https://assets.nhle.com/logos/nhl/svg/UTA_light.svg,67,lawsoncrouse,4.0,59.716666666667,14.929166666667,58.28,60.28,49.15,41.19,40.19,50.62,28.13,21.1,57.14,2.01,0.0,100.00,3.11,2.85,52.2,28.13,34.16,45.16,9.04,11.05,45.00,1.0,0.0,100.00,25.45,30.81,45.24,1.34,0.0,100.00,40.64,52.25,43.75,0.0,0.0,-,7.14,100.00,1.071,5.02,18.09,26.12,40.19,16.13,11.05,24.11,32.15,25.58
378,8484210,Gabe Perreault,NYR,R,https://assets.nhle.com/mugs/nhl/20262027/NYR/8484210.png,https://assets.nhle.com/logos/nhl/svg/NYR_light.svg,94,gabeperreault,5.0,74.55,14.91,47.48,46.68,50.43,38.63,30.58,55.81,23.34,18.51,55.77,4.02,0.8,83.33,2.78,2.07,57.4,28.17,28.17,50.0,12.88,10.46,55.17,1.61,0.8,66.67,20.39,23.61,46.34,2.15,0.0,100.00,38.36,25.58,60.0,1.16,0.0,100.00,17.24,95.65,1.129,12.07,12.88,3.22,53.92,78.95,20.12,22.54,10.46,65.79
379,8477493,Aleksander Barkov,FLA,C,https://assets.nhle.com/mugs/nhl/20262027/FLA/8477493.png,https://assets.nhle.com/logos/nhl/svg/FLA_light.svg,16,aleksanderbarkov,2.0,29.783333333333,14.891666666667,62.45,30.22,67.39,40.29,22.16,64.52,22.16,18.13,55.0,0.0,0.0,-,2.8,1.17,70.49,40.29,6.04,86.96,12.09,0.0,100.00,0.0,0.0,-,37.6,8.06,82.35,0.0,0.0,-,49.47,37.83,56.67,0.0,0.0,-,0.00,100.00,1.0,20.15,14.1,8.06,32.23,71.43,38.28,18.13,18.13,67.86
380,8474567,Zach Bogosian,MIN,D,https://assets.nhle.com/mugs/nhl/20262027/MIN/8474567.png,https://assets.nhle.com/logos/nhl/svg/MIN_light.svg,24,zachbogosian,3.0,44.633333333333,14.877777777778,38.98,53.77,42.03,29.57,41.67,41.51,18.82,26.89,41.18,2.69,2.69,50.00,3.86,2.55,60.27,16.13,25.54,38.71,8.07,9.41,46.15,0.0,0.0,-,10.75,21.51,33.33,3.58,1.79,66.67,29.13,44.66,39.47,0.0,1.94,0.00,14.29,90.00,1.043,2.69,10.75,5.38,57.8,33.33,5.38,21.51,22.85,19.05
381,8485957,Alberts Smits,NYR,D,https://assets.nhle.com/mugs/nhl/20262027/NYR/8485957.png,https://assets.nhle.com/logos/nhl/svg/NYR_light.svg,12,albertssmits,5.0,74.133333333333,14.826666666667,46.94,60.7,43.61,31.56,39.66,44.32,22.66,28.33,44.44,3.24,1.62,66.67,2.38,3.73,38.95,25.9,31.56,45.07,15.38,12.14,55.88,1.62,0.81,66.67,14.03,25.9,35.14,0.0,1.08,0.00,36.24,49.1,42.47,2.34,0.0,100.00,14.29,94.29,1.086,7.28,14.57,4.05,54.23,64.29,18.62,19.42,17.0,52.27
382,8484188,Theo Lindstein,STL,D,https://assets.nhle.com/mugs/nhl/20262027/STL/8484188.png,https://assets.nhle.com/logos/nhl/svg/STL_light.svg,4,theolindstein,3.0,44.466666666667,14.822222222222,55.32,67.47,45.05,40.48,53.97,42.86,28.34,37.78,42.86,4.05,2.7,60.00,2.76,3.14,46.83,13.49,31.03,30.3,6.75,10.79,38.46,2.7,0.0,100.00,9.0,26.99,25.0,0.0,1.8,0.00,50.67,62.37,44.83,0.0,1.95,0.00,14.29,92.86,1.071,8.1,13.49,8.1,56.67,50.00,17.54,21.59,16.19,52.0
383,8482062,Cole Smith,CHI,R,https://assets.nhle.com/mugs/nhl/20262027/CHI/8482062.png,https://assets.nhle.com/logos/nhl/svg/CHI_light.svg,22,colesmith,4.0,59.233333333333,14.808333333333,38.49,68.88,35.85,31.4,54.7,36.47,20.26,33.43,37.74,2.03,3.04,40.00,2.94,4.56,39.18,22.28,35.45,38.6,8.1,18.23,30.77,0.0,1.01,0.00,18.91,22.96,45.16,2.7,1.35,66.67,21.95,67.3,24.59,0.0,1.46,0.00,10.00,90.91,1.009,3.04,19.25,21.27,41.53,12.50,6.08,23.3,31.4,16.22
384,8481013,Jonatan Berggren,STL,R,https://assets.nhle.com/mugs/nhl/20262027/STL/8481013.png,https://assets.nhle.com/logos/nhl/svg/STL_light.svg,29,jonatanberggren,3.0,44.366666666667,14.788888888889,41.92,70.32,37.35,31.1,50.04,38.33,22.99,39.22,36.96,4.06,5.41,42.86,2.05,4.18,32.95,21.64,36.51,37.21,9.47,17.58,35.00,2.7,1.35,66.67,16.23,25.24,39.13,1.8,3.61,33.33,31.25,54.7,36.36,0.0,1.95,0.00,17.65,86.21,1.039,8.11,9.47,10.82,45.98,42.86,14.88,13.52,20.29,42.31
385,8481024,Linus Karlsson,VAN,C,https://assets.nhle.com/mugs/nhl/20262027/VAN/8481024.png,https://assets.nhle.com/logos/nhl/svg/VAN_light.svg,94,linuskarlsson,4.0,59.066666666667,14.766666666667,43.68,61.96,41.35,33.52,40.63,45.21,24.38,29.46,45.28,6.09,6.09,50.00,3.11,2.21,58.48,24.38,20.32,54.55,10.16,10.16,50.00,2.03,3.05,40.00,18.96,13.54,58.33,2.71,0.0,100.00,29.35,67.49,30.3,2.93,4.4,40.00,25.00,79.31,1.043,7.11,23.36,13.21,48.76,35.00,11.17,26.41,22.35,33.33
386,8481789,Tye Kartye,NYR,L,https://assets.nhle.com/mugs/nhl/20262027/NYR/8481789.png,https://assets.nhle.com/logos/nhl/svg/NYR_light.svg,24,tyekartye,5.0,73.8,14.76,41.46,57.72,41.8,23.58,38.21,38.16,19.51,23.58,45.28,2.44,2.44,50.00,2.13,3.72,36.41,21.95,33.33,39.71,8.13,16.26,33.33,0.81,1.63,33.33,18.43,22.76,44.74,0.0,1.08,0.00,29.36,50.5,36.76,1.17,0.0,100.00,12.50,89.66,1.022,8.94,14.63,17.07,43.9,34.38,13.82,18.7,25.2,35.42
387,8484221,Calum Ritchie,NYI,C,https://assets.nhle.com/mugs/nhl/20262027/NYI/8484221.png,https://assets.nhle.com/logos/nhl/svg/NYI_light.svg,64,calumritchie,3.0,44.2,14.733333333333,65.16,46.15,58.54,47.51,35.29,57.38,29.86,23.08,56.41,4.07,1.36,75.00,3.12,2.4,56.51,25.79,25.79,50.0,16.29,8.14,66.67,4.07,0.0,100.00,12.67,23.53,35.0,0.0,0.0,-,62.75,43.14,59.26,0.0,1.96,0.00,13.64,94.12,1.078,8.14,10.86,6.79,50.23,54.55,19.0,14.93,13.57,58.33
388,8483690,Noah Laba,NYR,C,https://assets.nhle.com/mugs/nhl/20262027/NYR/8483690.png,https://assets.nhle.com/logos/nhl/svg/NYR_light.svg,42,noahlaba,5.0,73.65,14.73,35.03,83.91,29.45,21.18,55.4,27.66,14.66,34.22,30.0,2.44,3.26,42.86,2.35,4.44,34.63,17.11,48.88,25.93,5.7,18.74,23.33,0.0,1.63,0.00,15.21,40.19,27.45,1.09,2.17,33.33,34.13,70.6,32.58,1.18,0.0,100.00,16.67,90.48,1.071,8.15,7.33,18.74,52.95,30.30,13.85,9.78,31.77,30.36
389,8484136,Max Sasson,VAN,C,https://assets.nhle.com/mugs/nhl/20262027/VAN/8484136.png,https://assets.nhle.com/logos/nhl/svg/VAN_light.svg,63,maxsasson,4.0,58.85,14.7125,50.98,72.39,41.32,34.66,44.86,43.59,18.35,30.59,37.5,2.04,6.12,25.00,2.67,3.83,41.03,25.49,36.7,40.98,14.27,14.27,50.00,2.04,1.02,66.67,14.95,29.91,33.33,0.0,4.08,0.00,23.56,69.22,25.4,0.0,2.95,0.00,11.11,80.00,0.911,3.06,18.35,15.29,53.02,16.67,7.14,22.43,25.49,21.88
390,8482201,Gage Goncalves,TBL,C,https://assets.nhle.com/mugs/nhl/20262027/TBL/8482201.png,https://assets.nhle.com/logos/nhl/svg/TBL_light.svg,93,gagegoncalves,3.0,44.133333333333,14.711111111111,55.74,43.5,56.16,40.79,29.91,57.69,24.47,17.67,58.06,1.36,2.72,33.33,2.23,2.74,44.91,24.47,17.67,58.06,10.88,5.44,66.67,1.36,1.36,50.00,18.13,16.31,52.63,0.0,0.0,-,54.98,33.38,62.22,0.0,0.0,-,5.56,84.62,0.902,9.52,12.24,4.08,47.58,70.00,13.6,19.03,6.8,66.67
391,8476921,Jordan Martinook,CAR,L,https://assets.nhle.com/mugs/nhl/20262027/CAR/8476921.png,https://assets.nhle.com/logos/nhl/svg/CAR_light.svg,48,jordanmartinook,4.0,58.8,14.7,66.33,41.84,61.32,47.96,29.59,61.84,32.65,18.37,64.0,1.02,2.04,33.33,3.86,1.82,67.98,29.59,20.41,59.18,16.33,7.14,69.57,1.02,1.02,50.00,17.69,17.69,50.0,0.0,0.0,-,58.96,38.32,60.61,0.0,1.47,0.00,3.13,88.89,0.92,8.16,17.35,17.35,43.88,32.00,17.35,21.43,28.57,37.78
392,8479999,Casey Mittelstadt,BOS,C,https://assets.nhle.com/mugs/nhl/20262027/BOS/8479999.png,https://assets.nhle.com/logos/nhl/svg/BOS_light.svg,11,caseymittelstadt,4.0,58.716666666667,14.679166666667,52.11,53.14,49.51,41.9,43.94,48.81,22.48,30.66,42.31,1.02,2.04,33.33,2.45,4.2,36.87,26.57,33.72,44.07,8.17,14.31,36.36,0.0,0.0,-,24.52,25.89,48.65,0.0,2.72,0.00,45.76,39.85,53.45,1.48,0.0,100.00,4.55,93.33,0.979,13.28,12.26,13.28,34.74,50.00,19.42,15.33,24.52,44.19
393,8481522,Peyton Krebs,BUF,C,https://assets.nhle.com/mugs/nhl/20262027/BUF/8481522.png,https://assets.nhle.com/logos/nhl/svg/BUF_light.svg,19,peytonkrebs,3.0,44.016666666667,14.672222222222,40.89,42.26,49.18,28.63,32.71,46.67,20.45,21.81,48.39,2.73,2.73,50.00,2.55,1.18,68.43,21.81,13.63,61.54,9.54,4.09,70.00,0.0,2.73,0.00,16.36,12.72,56.25,3.63,0.0,100.00,31.5,47.25,40.0,0.0,0.0,-,13.33,87.50,1.008,5.45,19.08,8.18,47.71,40.00,13.63,23.17,19.08,41.67
394,8482126,Emil Andrae,CBJ,D,https://assets.nhle.com/mugs/nhl/20262027/CBJ/8482126.png,https://assets.nhle.com/logos/nhl/svg/CBJ_light.svg,36,emilandrae,2.0,29.333333333333,14.666666666667,45.0,71.59,38.6,28.64,45.0,38.89,20.45,28.64,41.67,6.14,2.05,75.00,1.86,2.69,40.98,16.36,26.59,38.1,8.18,8.18,50.00,2.05,0.0,100.00,10.91,24.55,30.77,5.45,2.73,66.67,53.18,59.09,47.37,0.0,0.0,-,30.00,92.86,1.229,4.09,10.23,0.0,57.27,100.00,16.36,16.36,16.36,50.0
395,8477456,J.T. Compher,DET,L,https://assets.nhle.com/mugs/nhl/20262027/DET/8477456.png,https://assets.nhle.com/logos/nhl/svg/DET_light.svg,37,jtcompher,2.0,29.316666666667,14.658333333333,47.07,47.07,50.0,36.84,26.61,58.06,24.56,22.51,52.17,0.0,2.05,0.00,2.23,2.22,50.13,14.33,30.7,31.82,10.23,12.28,45.45,0.0,2.05,0.00,5.46,24.56,18.18,0.0,0.0,-,56.17,35.47,61.29,0.0,0.0,-,0.00,90.91,0.909,14.33,8.19,14.33,42.98,50.00,26.61,10.23,20.47,56.52
396,8475794,Tyler Seguin,DAL,C,https://assets.nhle.com/mugs/nhl/20262027/DAL/8475794.png,https://assets.nhle.com/logos/nhl/svg/DAL_light.svg,91,tylerseguin,3.0,43.95,14.65,58.7,58.7,50.0,40.96,45.05,47.62,19.11,27.3,41.18,0.0,2.73,0.00,3.69,3.59,50.7,27.3,28.67,48.78,16.38,12.29,57.14,0.0,0.0,-,14.56,21.84,40.0,0.0,1.82,0.00,53.24,43.38,55.1,0.0,1.97,0.00,0.00,90.00,0.9,15.02,5.46,6.83,49.15,68.75,23.21,10.92,20.48,53.13
397,8480459,Pius Suter,STL,C,https://assets.nhle.com/mugs/nhl/20262027/STL/8480459.png,https://assets.nhle.com/logos/nhl/svg/STL_light.svg,22,piussuter,3.0,43.95,14.65,50.51,53.24,48.68,31.4,39.59,44.23,19.11,23.21,45.16,2.73,2.73,50.00,2.34,3.88,37.64,17.75,30.03,37.14,4.1,15.02,21.43,0.0,2.73,0.00,18.2,20.02,47.62,1.82,0.0,100.00,25.64,53.24,32.5,0.0,0.0,-,14.29,88.24,1.025,4.1,12.29,12.29,50.51,25.00,6.83,19.11,24.57,21.74
398,8481582,Nick Robertson,PIT,L,https://assets.nhle.com/mugs/nhl/20262027/PIT/8481582.png,https://assets.nhle.com/logos/nhl/svg/PIT_light.svg,14,nickrobertson,3.0,43.85,14.616666666667,61.57,61.57,50.0,53.36,47.89,52.7,39.68,31.47,55.77,5.47,2.74,66.67,4.46,2.83,61.24,41.05,23.26,63.83,20.52,8.21,71.43,1.37,1.37,50.00,27.37,20.07,57.69,5.47,1.82,75.00,39.53,65.22,37.74,0.0,0.0,-,13.79,91.30,1.051,13.68,20.52,8.21,41.05,62.50,19.16,24.63,21.89,46.67
399,8481122,Simon Benoit,PHI,D,https://assets.nhle.com/mugs/nhl/20262027/PHI/8481122.png,https://assets.nhle.com/logos/nhl/svg/PHI_light.svg,44,simonbenoit,3.0,43.833333333333,14.611111111111,26.01,58.86,30.65,17.79,43.8,28.89,12.32,32.85,27.27,0.0,1.37,0.00,0.75,3.41,18.07,5.48,31.48,14.81,2.74,15.06,15.38,0.0,1.37,0.00,3.65,21.9,14.29,0.0,0.0,-,33.61,45.48,42.5,0.0,0.0,-,0.00,95.83,0.958,6.84,9.58,10.95,56.12,38.46,8.21,13.69,21.9,27.27
400,8480426,Charle-Edouard D'Astous,TBL,D,https://assets.nhle.com/mugs/nhl/20262027/TBL/8480426.png,https://assets.nhle.com/logos/nhl/svg/TBL_light.svg,51,charleedouarddastous,3.0,43.833333333333,14.611111111111,54.75,50.65,51.95,38.33,39.7,49.12,30.11,20.53,59.46,2.74,4.11,40.00,3.91,2.47,61.31,32.85,23.27,58.54,12.32,8.21,60.00,0.0,1.37,0.00,27.38,20.08,57.69,3.65,0.0,100.00,33.61,49.43,40.48,0.0,3.95,0.00,9.09,80.00,0.891,9.58,12.32,2.74,50.65,77.78,19.16,17.79,9.58,66.67
401,8475184,Chris Kreider,MTL,L,https://assets.nhle.com/mugs/nhl/20262027/MTL/8475184.png,https://assets.nhle.com/logos/nhl/svg/MTL_light.svg,22,chriskreider,3.0,43.8,14.6,71.23,54.79,56.52,46.58,49.32,48.57,27.4,35.62,43.48,6.85,4.11,62.50,3.13,5.02,38.42,35.62,31.51,53.06,13.7,16.44,45.45,2.74,1.37,66.67,29.22,20.09,59.26,3.65,3.65,50.00,67.28,37.6,64.15,1.98,0.0,100.00,25.00,88.46,1.135,19.18,17.81,4.11,34.25,82.35,27.4,23.29,12.33,68.97
402,8480188,Fabian Zetterlund,OTT,L,https://assets.nhle.com/mugs/nhl/20262027/OTT/8480188.png,https://assets.nhle.com/logos/nhl/svg/OTT_light.svg,20,fabianzetterlund,3.0,43.8,14.6,65.75,43.84,60.0,47.95,31.51,60.34,34.25,20.55,62.5,2.74,0.0,100.00,4.02,1.44,73.56,36.99,21.92,62.79,16.44,4.11,80.00,2.74,0.0,100.00,27.4,23.74,53.57,0.0,0.0,-,47.49,37.6,55.81,0.0,0.0,-,8.00,100.00,1.08,8.22,10.96,9.59,47.95,46.15,17.81,16.44,16.44,52.0
403,8486067,Gavin McKenna,TOR,L,https://assets.nhle.com/mugs/nhl/20262027/TOR/8486067.png,https://assets.nhle.com/logos/nhl/svg/TOR_light.svg,92,gavinmckenna,4.0,58.366666666667,14.591666666667,62.71,59.62,51.26,49.34,48.32,50.53,31.87,33.92,48.44,4.11,4.11,50.00,3.75,3.24,53.7,33.92,33.92,50.0,14.39,19.53,42.42,2.06,3.08,40.00,26.04,19.19,57.58,1.37,0.0,100.00,53.46,32.67,62.07,1.48,1.48,50.00,12.90,87.88,1.008,17.48,8.22,2.06,45.23,89.47,24.67,12.34,6.17,80.0
404,8478133,Jake Evans,MTL,C,https://assets.nhle.com/mugs/nhl/20262027/MTL/8478133.png,https://assets.nhle.com/logos/nhl/svg/MTL_light.svg,71,jakeevans,3.0,43.75,14.583333333333,53.49,76.8,41.05,43.89,53.49,45.07,28.8,37.03,43.75,1.37,6.86,16.67,3.85,5.66,40.49,19.2,43.89,30.43,10.97,23.31,32.00,1.37,6.86,16.67,10.97,27.43,28.57,0.0,0.0,-,41.6,63.39,39.62,0.0,0.0,-,4.76,81.48,0.862,4.11,15.09,26.06,35.66,13.64,8.23,23.31,41.14,16.67
405,8484994,Igor Chernyshov,SJS,L,https://assets.nhle.com/mugs/nhl/20262027/SJS/8484994.png,https://assets.nhle.com/logos/nhl/svg/SJS_light.svg,92,igorchernyshov,3.0,43.65,14.55,48.11,63.23,43.21,34.36,46.74,42.37,23.37,19.24,54.84,5.5,1.37,80.00,2.17,3.72,36.89,21.99,31.62,41.03,8.25,19.24,30.00,1.37,0.0,100.00,18.33,16.49,52.63,3.67,1.83,66.67,51.62,47.65,52.0,1.99,0.0,100.00,23.53,92.86,1.164,17.87,19.24,1.37,37.11,92.86,30.24,20.62,9.62,75.86
406,8480980,Connor Dewar,PIT,C,https://assets.nhle.com/mugs/nhl/20262027/PIT/8480980.png,https://assets.nhle.com/logos/nhl/svg/PIT_light.svg,19,connordewar,3.0,43.516666666667,14.505555555556,45.5,62.05,42.31,35.85,38.61,48.15,20.68,24.82,45.45,1.38,4.14,25.00,3.82,2.57,59.82,20.68,34.47,37.5,11.03,5.52,66.67,1.38,0.0,100.00,12.87,38.61,25.0,0.0,5.52,0.00,35.85,59.75,37.5,0.0,0.0,-,6.67,83.33,0.9,5.52,11.03,24.82,46.88,18.18,9.65,16.55,35.85,21.21
407,8484223,Axel Sandin-Pellikka,DET,D,https://assets.nhle.com/mugs/nhl/20262027/DET/8484223.png,https://assets.nhle.com/logos/nhl/svg/DET_light.svg,44,axelsandinpellikka,3.0,43.516666666667,14.505555555556,67.56,48.26,58.33,51.01,37.23,57.81,35.85,28.95,55.32,1.38,4.14,25.00,5.19,2.98,63.53,39.98,23.44,63.04,24.82,8.27,75.00,1.38,0.0,100.00,20.22,20.22,50.0,0.0,5.52,0.00,55.76,39.83,58.33,0.0,0.0,-,3.85,85.71,0.896,9.65,9.65,1.38,56.53,87.50,24.82,16.55,12.41,66.67
408,8476419,Jean-Gabriel Pageau,NYI,C,https://assets.nhle.com/mugs/nhl/20262027/NYI/8476419.png,https://assets.nhle.com/logos/nhl/svg/NYI_light.svg,44,jeangabrielpageau,3.0,43.483333333333,14.494444444444,24.84,60.71,29.03,20.7,46.91,30.61,12.42,27.6,31.03,1.38,4.14,25.00,1.06,3.79,21.87,11.04,30.36,26.67,5.52,11.04,33.33,1.38,1.38,50.00,7.36,25.76,22.22,0.0,0.0,-,17.94,63.78,21.95,0.0,3.99,0.00,11.11,85.00,0.961,8.28,15.18,20.7,46.91,28.57,12.42,26.22,31.74,28.13
409,8480995,Pontus Holmberg,TBL,R,https://assets.nhle.com/mugs/nhl/20262027/TBL/8480995.png,https://assets.nhle.com/logos/nhl/svg/TBL_light.svg,29,pontusholmberg,3.0,43.483333333333,14.494444444444,49.67,49.67,50.0,37.26,38.64,49.09,27.6,23.46,54.05,2.76,2.76,50.00,4.56,2.49,64.67,30.36,16.56,64.71,15.18,5.52,73.33,1.38,0.0,100.00,20.24,14.72,57.89,1.84,0.0,100.00,41.86,57.8,42.0,0.0,3.99,0.00,10.00,88.24,0.982,16.56,20.7,6.9,35.88,70.59,20.7,24.84,17.94,53.57
410,8480068,Ryan Poehling,ANA,C,https://assets.nhle.com/mugs/nhl/20262027/ANA/8480068.png,https://assets.nhle.com/logos/nhl/svg/ANA_light.svg,25,ryanpoehling,2.0,28.966666666667,14.483333333333,37.28,47.64,43.9,24.86,29.0,46.15,18.64,22.78,45.0,0.0,2.07,0.00,2.06,2.59,44.25,20.71,26.93,43.48,8.29,8.29,50.00,0.0,2.07,0.00,16.57,24.86,40.0,0.0,0.0,-,20.94,32.91,38.89,0.0,0.0,-,0.00,90.91,0.909,6.21,6.21,8.29,68.35,42.86,14.5,14.5,10.36,58.33
411,8479372,Josh Mahura,SEA,D,https://assets.nhle.com/mugs/nhl/20262027/SEA/8479372.png,https://assets.nhle.com/logos/nhl/svg/SEA_light.svg,28,joshmahura,1.0,14.466666666667,14.466666666667,33.18,91.24,26.67,29.03,53.92,35.0,16.59,33.18,33.33,8.29,4.15,66.67,2.58,5.31,32.71,20.74,49.77,29.41,12.44,24.88,33.33,4.15,0.0,100.00,11.06,33.18,25.0,5.53,0.0,100.00,17.97,65.9,21.43,0.0,5.99,0.00,50.00,87.50,1.375,4.15,12.44,16.59,49.77,20.00,8.29,24.88,29.03,22.22
412,8482751,Ryan Winterton,SEA,C,https://assets.nhle.com/mugs/nhl/20262027/SEA/8482751.png,https://assets.nhle.com/logos/nhl/svg/SEA_light.svg,26,ryanwinterton,3.0,43.366666666667,14.455555555556,49.81,85.78,36.73,35.97,58.11,38.24,22.14,31.82,41.03,1.38,1.38,50.00,2.74,4.52,37.74,26.29,40.12,39.58,15.22,16.6,47.83,0.0,1.38,0.00,14.76,31.36,32.0,0.0,0.0,-,35.97,69.95,33.96,2.0,0.0,100.00,6.25,95.65,1.019,9.68,9.68,16.6,41.51,36.84,16.6,16.6,27.67,37.5
413,8484860,Matvei Gridin,CGY,R,https://assets.nhle.com/mugs/nhl/20262027/CGY/8484860.png,https://assets.nhle.com/logos/nhl/svg/CGY_light.svg,92,matveigridin,3.0,43.366666666667,14.455555555556,96.85,62.26,60.87,69.18,45.66,60.24,41.51,34.59,54.55,2.77,8.3,25.00,4.68,3.16,59.64,34.59,33.21,51.02,16.6,11.07,60.00,1.38,2.77,33.33,23.98,29.52,44.83,1.84,5.53,25.00,109.92,31.98,77.46,0.0,2.0,0.00,6.67,76.00,0.827,27.67,11.07,2.77,35.97,90.91,45.66,17.99,6.92,86.84
414,8476891,Matt Grzelcyk,BUF,D,https://assets.nhle.com/mugs/nhl/20262027/BUF/8476891.png,https://assets.nhle.com/logos/nhl/svg/BUF_light.svg,24,mattgrzelcyk,1.0,14.45,14.45,24.91,33.22,42.86,12.46,16.61,42.86,0.0,12.46,0.0,0.0,8.3,0.00,0.54,1.26,29.85,0.0,12.46,0.0,0.0,8.3,0.00,0.0,8.3,0.00,0.0,5.54,0.0,0.0,0.0,-,23.99,41.98,36.36,0.0,0.0,-,-,33.33,0.33,8.3,20.76,4.15,58.13,66.67,8.3,24.91,12.46,40.0
415,8478013,Jake Walman,EDM,D,https://assets.nhle.com/mugs/nhl/20262027/EDM/8478013.png,https://assets.nhle.com/logos/nhl/svg/EDM_light.svg,96,jakewalman,3.0,43.316666666667,14.438888888889,66.49,41.55,61.54,48.48,27.7,63.64,33.24,24.93,57.14,1.39,5.54,20.00,3.02,1.72,63.79,30.47,19.39,61.11,5.54,8.31,40.00,0.0,4.16,0.00,33.24,14.77,69.23,0.0,1.85,0.00,58.02,34.01,63.04,2.0,0.0,100.00,4.17,77.78,0.819,5.54,18.01,2.77,66.49,66.67,23.55,23.55,6.93,77.27
416,8476441,Joel Edmundson,LAK,D,https://assets.nhle.com/mugs/nhl/20262027/LAK/8476441.png,https://assets.nhle.com/logos/nhl/svg/LAK_light.svg,6,joeledmundson,2.0,28.85,14.425,39.51,49.91,44.19,27.04,27.04,50.0,14.56,16.64,46.67,0.0,4.16,0.00,1.78,1.77,50.16,22.88,29.12,44.0,12.48,8.32,60.00,0.0,2.08,0.00,13.86,27.73,33.33,0.0,0.0,-,27.04,36.05,42.86,0.0,3.0,0.00,0.00,75.00,0.75,6.24,12.48,8.32,58.23,42.86,14.56,24.96,16.64,46.67
417,8481554,Kaapo Kakko,SEA,R,https://assets.nhle.com/mugs/nhl/20262027/SEA/8481554.png,https://assets.nhle.com/logos/nhl/svg/SEA_light.svg,84,kaapokakko,3.0,43.25,14.416666666667,44.39,66.59,40.0,34.68,47.17,42.37,24.97,30.52,45.0,6.94,1.39,83.33,2.14,3.16,40.39,23.58,30.52,43.59,11.1,11.1,50.00,2.77,0.0,100.00,16.65,25.9,39.13,3.7,0.0,100.00,44.08,48.09,47.83,2.0,2.0,50.00,27.78,95.45,1.232,20.81,6.94,5.55,47.17,78.95,30.52,13.87,12.49,70.97
418,8484158,Easton Cowan,TOR,R,https://assets.nhle.com/mugs/nhl/20262027/TOR/8484158.png,https://assets.nhle.com/logos/nhl/svg/TOR_light.svg,53,eastoncowan,4.0,57.483333333333,14.370833333333,73.06,36.53,66.67,58.45,28.18,67.47,37.58,16.7,69.23,3.13,1.04,75.00,4.64,2.75,62.8,40.71,15.66,72.22,21.92,6.26,77.78,3.13,1.04,75.00,25.05,12.53,66.67,0.0,0.0,-,57.29,30.15,65.52,0.0,0.0,-,8.33,93.75,1.021,10.44,10.44,8.35,49.06,55.56,24.01,17.74,15.66,60.53
419,8482705,Cole Sillinger,CBJ,C,https://assets.nhle.com/mugs/nhl/20262027/CBJ/8482705.png,https://assets.nhle.com/logos/nhl/svg/CBJ_light.svg,4,colesillinger,2.0,28.7,14.35,56.45,66.9,45.76,43.9,50.17,46.67,25.09,31.36,44.44,4.18,0.0,100.00,2.99,4.18,41.65,29.27,31.36,48.28,8.36,14.63,36.36,0.0,0.0,-,27.87,22.3,55.56,2.79,0.0,100.00,24.16,48.32,33.33,0.0,0.0,-,16.67,100.00,1.167,4.18,20.91,16.72,41.81,20.00,8.36,23.0,27.18,23.53
420,8480848,Ty Dellandrea,SJS,C,https://assets.nhle.com/mugs/nhl/20262027/SJS/8480848.png,https://assets.nhle.com/logos/nhl/svg/SJS_light.svg,10,tydellandrea,1.0,14.333333333333,14.333333333333,29.3,79.53,26.92,8.37,50.23,14.29,0.0,33.49,0.0,0.0,8.37,0.00,0.39,4.58,7.89,12.56,33.49,27.27,0.0,16.74,0.00,0.0,4.19,0.00,16.74,22.33,42.86,0.0,5.58,0.00,24.19,78.6,23.53,0.0,0.0,-,-,75.00,0.75,16.74,4.19,8.37,41.86,66.67,20.93,8.37,20.93,50.0
421,8480802,Ryan McLeod,BUF,C,https://assets.nhle.com/mugs/nhl/20262027/BUF/8480802.png,https://assets.nhle.com/logos/nhl/svg/BUF_light.svg,71,ryanmcleod,3.0,42.966666666667,14.322222222222,51.67,50.27,50.68,36.31,39.1,48.15,20.95,30.72,40.54,1.4,6.98,16.67,2.89,2.8,50.83,29.33,23.74,55.26,11.17,9.78,53.33,0.0,2.79,0.00,24.2,18.62,56.52,0.0,1.86,0.00,36.31,56.48,39.13,2.02,2.02,50.00,6.67,77.27,0.839,8.38,16.76,13.96,48.88,37.50,12.57,19.55,26.53,32.14
422,8486103,Ivar Stenberg,SJS,L,https://assets.nhle.com/mugs/nhl/20262027/SJS/8486103.png,https://assets.nhle.com/logos/nhl/svg/SJS_light.svg,41,ivarstenberg,3.0,42.95,14.316666666667,40.51,50.29,44.62,26.54,33.53,44.19,15.37,20.95,42.31,1.4,1.4,50.00,1.67,1.96,45.95,16.76,13.97,54.55,8.38,9.78,46.15,1.4,0.0,100.00,11.18,5.59,66.67,0.0,1.86,0.00,44.39,48.43,47.83,0.0,0.0,-,9.09,93.33,1.024,8.38,11.18,4.19,48.89,66.67,20.95,12.57,8.38,71.43
423,8476872,Scott Laughton,LAK,C,https://assets.nhle.com/mugs/nhl/20262027/LAK/8476872.png,https://assets.nhle.com/logos/nhl/svg/LAK_light.svg,21,scottlaughton,2.0,28.616666666667,14.308333333333,46.13,62.9,42.31,41.93,41.93,50.0,27.26,33.55,44.83,2.1,6.29,25.00,3.23,3.7,46.64,25.16,35.64,41.38,16.77,16.77,50.00,0.0,6.29,0.00,11.18,25.16,30.77,2.8,0.0,100.00,30.29,57.54,34.48,0.0,0.0,-,7.69,81.25,0.889,2.1,20.97,27.26,41.93,7.14,4.19,27.26,41.93,9.09
424,8470613,Brent Burns,COL,D,https://assets.nhle.com/mugs/nhl/20262027/COL/8470613.png,https://assets.nhle.com/logos/nhl/svg/COL_light.svg,84,brentburns,2.0,28.55,14.275,60.95,71.45,46.03,42.03,50.44,45.45,29.42,35.73,45.16,4.2,6.3,40.00,4.08,2.97,57.89,35.73,31.52,53.13,14.71,14.71,50.00,2.1,2.1,50.00,28.02,22.42,55.56,2.8,0.0,100.00,45.53,63.75,41.67,0.0,6.07,0.00,14.29,82.35,0.966,8.41,4.2,10.51,54.64,44.44,23.12,14.71,21.02,52.38
425,8484797,Konsta Helenius,BUF,C,https://assets.nhle.com/mugs/nhl/20262027/BUF/8484797.png,https://assets.nhle.com/logos/nhl/svg/BUF_light.svg,94,konstahelenius,3.0,42.816666666667,14.272222222222,47.64,35.03,57.63,29.43,29.43,50.0,19.62,22.42,46.67,4.2,4.2,50.00,2.21,1.62,57.71,22.42,12.61,64.0,8.41,5.61,60.00,0.0,2.8,0.00,18.68,9.34,66.67,3.74,1.87,66.67,42.51,42.51,50.0,2.02,0.0,100.00,21.43,81.25,1.027,9.81,11.21,9.81,49.05,50.00,18.22,15.41,15.41,54.17
426,8478421,A.J. Greer,ANA,L,https://assets.nhle.com/mugs/nhl/20262027/ANA/8478421.png,https://assets.nhle.com/logos/nhl/svg/ANA_light.svg,18,ajgreer,2.0,28.433333333333,14.216666666667,65.42,86.52,43.06,48.53,63.31,43.4,35.87,40.09,47.22,2.11,8.44,20.00,4.37,5.27,45.33,31.65,42.2,42.86,21.1,18.99,52.63,2.11,6.33,25.00,14.07,30.95,31.25,0.0,0.0,-,42.67,51.82,45.16,0.0,3.05,0.00,5.88,78.95,0.848,12.66,12.66,2.11,65.42,85.71,23.21,16.88,6.33,78.57
427,8480448,Parker Kelly,COL,C,https://assets.nhle.com/mugs/nhl/20262027/COL/8480448.png,https://assets.nhle.com/logos/nhl/svg/COL_light.svg,17,parkerkelly,2.0,28.4,14.2,67.61,67.61,50.0,46.48,42.25,52.38,35.92,21.13,62.96,8.45,0.0,100.00,3.91,3.33,54.04,42.25,38.03,52.63,12.68,12.68,50.00,2.11,0.0,100.00,39.44,33.8,53.85,5.63,0.0,100.00,39.67,36.62,52.0,3.05,0.0,100.00,23.53,100.00,1.235,6.34,19.01,4.23,61.27,60.00,16.9,23.24,14.79,53.33
428,8477964,Ivan Barbashev,VGK,L,https://assets.nhle.com/mugs/nhl/20262027/VGK/8477964.png,https://assets.nhle.com/logos/nhl/svg/VGK_light.svg,49,ivanbarbashev,3.0,42.583333333333,14.194444444444,62.0,49.32,55.7,42.27,36.63,53.57,23.95,23.95,50.0,2.82,0.0,100.00,3.23,2.77,53.83,21.14,26.77,44.12,8.45,11.27,42.86,2.82,0.0,100.00,16.91,20.67,45.0,0.0,0.0,-,56.99,34.6,62.22,0.0,0.0,-,11.76,100.00,1.118,9.86,19.73,4.23,40.86,70.00,14.09,22.54,15.5,47.62
429,8486025,Viggo Björck,WPG,C,https://assets.nhle.com/mugs/nhl/20262027/WPG/8486025.png,https://assets.nhle.com/logos/nhl/svg/WPG_light.svg,61,viggobjorck,3.0,42.55,14.183333333333,45.12,63.45,41.56,32.43,46.53,41.07,22.56,31.02,42.11,0.0,1.41,0.00,2.34,4.13,36.23,25.38,35.25,41.86,5.64,19.74,22.22,0.0,0.0,-,26.32,20.68,56.0,0.0,1.88,0.00,32.59,48.88,40.0,0.0,0.0,-,0.00,95.45,0.955,18.33,4.23,8.46,43.71,68.42,25.38,5.64,14.1,64.29
430,8484938,Arttu Hyry,DAL,R,https://assets.nhle.com/mugs/nhl/20262027/DAL/8484938.png,https://assets.nhle.com/logos/nhl/svg/DAL_light.svg,25,arttuhyry,3.0,42.533333333333,14.177777777778,53.61,47.96,52.78,38.09,35.27,51.92,18.34,19.75,48.15,0.0,2.82,0.00,2.31,2.71,46.01,26.8,21.16,55.88,15.52,7.05,68.75,0.0,1.41,0.00,15.05,18.81,44.44,0.0,0.0,-,42.79,40.75,51.22,0.0,0.0,-,0.00,85.71,0.857,7.05,7.05,14.11,49.37,33.33,14.11,7.05,28.21,33.33
431,8481030,Jack St. Ivany,WPG,D,https://assets.nhle.com/mugs/nhl/20262027/WPG/8481030.png,https://assets.nhle.com/logos/nhl/svg/WPG_light.svg,6,jackstivany,1.0,14.166666666667,14.166666666667,55.06,50.82,52.0,38.12,46.59,45.0,33.88,33.88,50.0,4.24,4.24,50.00,3.3,2.87,53.5,29.65,25.41,53.85,12.71,12.71,50.00,4.24,0.0,100.00,22.59,16.94,57.14,0.0,5.65,0.00,36.71,42.82,46.15,0.0,0.0,-,12.50,87.50,1.0,8.47,0.0,21.18,55.06,28.57,25.41,0.0,21.18,54.55
432,8475791,Taylor Hall,CAR,L,https://assets.nhle.com/mugs/nhl/20262027/CAR/8475791.png,https://assets.nhle.com/logos/nhl/svg/CAR_light.svg,71,taylorhall,4.0,56.633333333333,14.158333333333,69.92,41.32,62.86,43.44,31.78,57.75,30.72,25.43,54.72,2.12,3.18,40.00,3.22,2.05,61.13,27.55,23.31,54.17,12.71,11.65,52.17,2.12,2.12,50.00,19.78,15.54,56.0,0.0,0.0,-,62.74,21.42,74.55,0.0,1.53,0.00,6.90,87.50,0.944,12.71,8.48,4.24,52.97,75.00,23.31,12.71,10.59,68.75
433,8478413,Jordan Greenway,CHI,L,https://assets.nhle.com/mugs/nhl/20262027/CHI/8478413.png,https://assets.nhle.com/logos/nhl/svg/CHI_light.svg,12,jordangreenway,4.0,56.616666666667,14.154166666667,41.33,64.65,39.0,34.97,49.81,41.25,23.31,31.79,42.31,1.06,1.06,50.00,2.33,4.21,35.63,23.31,32.85,41.51,10.6,16.96,38.46,0.0,1.06,0.00,16.96,21.2,44.44,1.41,0.0,100.00,22.96,62.76,26.79,0.0,0.0,-,4.55,96.67,1.012,3.18,18.02,19.08,42.39,14.29,5.3,23.31,30.73,14.71
434,8477919,Frederick Gaudreau,SEA,C,https://assets.nhle.com/mugs/nhl/20262027/SEA/8477919.png,https://assets.nhle.com/logos/nhl/svg/SEA_light.svg,89,frederickgaudreau,,,,,,,,,,,,,,,,,,,,,,,,,,,,,,,,,,,,,,,,,,,,,,,,,,,
435,8480990,Declan Chisholm,NJD,D,https://assets.nhle.com/mugs/nhl/20262027/NJD/8480990.png,https://assets.nhle.com/logos/nhl/svg/NJD_light.svg,47,declanchisholm,3.0,42.3,14.1,52.48,65.25,44.58,34.04,45.39,42.86,18.44,29.79,38.24,1.42,2.84,33.33,1.61,3.31,32.64,21.28,34.04,38.46,4.26,15.6,21.43,1.42,2.84,33.33,22.7,24.59,48.0,0.0,0.0,-,51.22,32.78,60.98,0.0,0.0,-,7.69,90.48,0.982,8.51,11.35,4.26,52.48,66.67,22.7,14.18,5.67,80.0
436,8482110,Dawson Mercer,NJD,C,https://assets.nhle.com/mugs/nhl/20262027/NJD/8482110.png,https://assets.nhle.com/logos/nhl/svg/NJD_light.svg,91,dawsonmercer,3.0,42.233333333333,14.077777777778,85.24,55.41,60.61,55.41,39.78,58.21,29.83,28.41,51.22,0.0,5.68,0.00,2.51,3.37,42.71,32.68,31.25,51.11,9.94,11.37,46.67,0.0,2.84,0.00,30.31,26.52,53.33,0.0,1.89,0.00,90.29,55.41,61.97,0.0,2.05,0.00,0.00,80.00,0.8,9.94,11.37,19.89,32.68,33.33,32.68,14.21,26.99,54.76
437,8479351,Sam Steel,DAL,C,https://assets.nhle.com/mugs/nhl/20262027/DAL/8479351.png,https://assets.nhle.com/logos/nhl/svg/DAL_light.svg,18,samsteel,3.0,42.2,14.066666666667,73.93,36.97,66.67,54.03,21.33,71.7,32.7,14.22,69.7,1.42,2.84,33.33,3.04,1.6,65.47,45.5,12.8,78.05,18.48,1.42,92.86,0.0,0.0,-,36.02,15.17,70.37,1.9,1.9,50.00,47.24,34.91,57.5,0.0,0.0,-,4.35,80.00,0.843,7.11,12.8,7.11,49.76,50.00,12.8,15.64,21.33,37.5
438,8482089,Jake Neighbours,STL,L,https://assets.nhle.com/mugs/nhl/20262027/STL/8482089.png,https://assets.nhle.com/logos/nhl/svg/STL_light.svg,63,jakeneighbours,3.0,42.016666666667,14.005555555556,58.55,64.26,47.67,48.55,51.41,48.57,32.84,41.41,44.23,2.86,4.28,40.00,3.23,5.39,37.45,29.99,35.7,45.65,8.57,19.99,30.00,1.43,1.43,50.00,28.56,20.94,57.69,0.0,1.9,0.00,49.5,49.5,50.0,2.06,2.06,50.00,8.70,89.66,0.984,11.42,8.57,12.85,48.55,47.06,21.42,11.42,25.7,45.45
439,8478831,Kevin Stenlund,UTA,C,https://assets.nhle.com/mugs/nhl/20262027/UTA/8478831.png,https://assets.nhle.com/logos/nhl/svg/UTA_light.svg,82,kevinstenlund,4.0,55.983333333333,13.995833333333,51.44,71.81,41.74,36.44,41.8,46.58,19.29,20.36,48.65,2.14,2.14,50.00,2.55,2.98,46.09,22.51,40.73,35.59,8.57,11.79,42.11,1.07,2.14,33.33,18.58,38.58,32.5,1.43,0.0,100.00,37.15,65.02,36.36,0.0,0.0,-,11.11,89.47,1.006,5.36,16.08,22.51,46.09,19.23,9.65,17.15,35.37,21.43
440,8476458,Ryan Strome,CGY,C,https://assets.nhle.com/mugs/nhl/20262027/CGY/8476458.png,https://assets.nhle.com/logos/nhl/svg/CGY_light.svg,22,ryanstrome,3.0,41.933333333333,13.977777777778,65.82,48.65,57.5,35.77,40.06,47.17,22.89,25.76,47.06,1.43,5.72,20.00,1.99,3.24,37.98,20.03,28.62,41.18,8.59,12.88,40.00,0.0,2.86,0.00,15.26,20.99,42.11,0.0,1.91,0.00,62.0,26.87,69.77,2.07,2.07,50.00,6.25,77.78,0.84,15.74,10.02,4.29,48.65,78.57,22.89,15.74,7.15,76.19
441,8484794,Michael Brandsegg-Nygård,DET,R,https://assets.nhle.com/mugs/nhl/20262027/DET/8484794.png,https://assets.nhle.com/logos/nhl/svg/DET_light.svg,28,michaelbrandseggnygard,3.0,41.866666666667,13.955555555556,73.09,35.83,67.11,50.16,25.8,66.04,34.39,17.2,66.67,1.43,0.0,100.00,4.86,1.37,78.01,40.13,11.46,77.78,22.93,2.87,88.89,1.43,0.0,100.00,22.93,11.46,66.67,0.0,0.0,-,62.1,43.47,58.82,0.0,0.0,-,4.17,100.00,1.042,12.9,11.46,4.3,50.16,75.00,18.63,21.5,11.46,61.9
442,8478109,Victor Olofsson,VGK,L,https://assets.nhle.com/mugs/nhl/20262027/VGK/8478109.png,https://assets.nhle.com/logos/nhl/svg/VGK_light.svg,95,victorolofsson,3.0,41.75,13.916666666667,90.54,40.24,69.23,66.11,30.18,68.66,47.43,20.12,70.21,5.75,2.87,66.67,7.44,1.48,83.42,56.05,18.68,75.0,31.62,7.19,81.48,2.87,1.44,66.67,32.57,15.33,68.0,1.92,1.92,50.00,62.28,26.99,69.77,2.08,0.0,100.00,12.12,85.71,0.978,14.37,11.5,1.44,51.74,90.91,28.74,17.25,10.06,74.07
443,8481624,Ilya Mikheyev,TBL,R,https://assets.nhle.com/mugs/nhl/20262027/TBL/8481624.png,https://assets.nhle.com/logos/nhl/svg/TBL_light.svg,95,ilyamikheyev,3.0,41.6,13.866666666667,49.04,57.69,45.95,37.5,34.62,52.0,15.87,20.19,44.0,4.33,4.33,50.00,3.06,1.75,63.59,33.17,17.31,65.71,12.98,7.21,64.29,1.44,2.88,33.33,26.92,13.46,66.67,3.85,0.0,100.00,35.42,56.25,38.64,0.0,2.08,0.00,27.27,78.57,1.058,14.42,17.31,7.21,40.38,66.67,24.52,24.52,17.31,58.62
444,8485395,James Hagens,BOS,C,https://assets.nhle.com/mugs/nhl/20262027/BOS/8485395.png,https://assets.nhle.com/logos/nhl/svg/BOS_light.svg,44,jameshagens,4.0,55.316666666667,13.829166666667,47.73,47.73,50.0,32.54,35.79,47.62,19.52,22.78,46.15,2.17,3.25,40.00,2.23,4.26,34.31,20.61,24.95,45.24,7.59,13.02,36.84,1.08,1.08,50.00,17.35,15.91,52.17,0.0,2.89,0.00,32.9,29.77,52.5,1.57,0.0,100.00,11.11,85.71,0.968,10.85,9.76,8.68,42.3,55.56,15.19,13.02,11.93,56.0
445,8480835,Jack Drury,NSH,C,https://assets.nhle.com/mugs/nhl/20262027/NSH/8480835.png,https://assets.nhle.com/logos/nhl/svg/NSH_light.svg,18,jackdrury,3.0,41.483333333333,13.827777777778,31.82,75.21,29.73,26.03,56.41,31.58,18.8,33.27,36.11,0.0,0.0,-,2.31,3.27,41.44,17.36,34.71,33.33,11.57,11.57,50.00,0.0,0.0,-,7.71,30.86,20.0,0.0,0.0,-,18.8,79.39,19.15,0.0,0.0,-,0.00,100.00,1.0,1.45,14.46,14.46,49.18,9.09,5.79,24.59,26.03,18.18
446,8479985,Cale Fleury,SEA,D,https://assets.nhle.com/mugs/nhl/20262027/SEA/8479985.png,https://assets.nhle.com/logos/nhl/svg/SEA_light.svg,8,calefleury,1.0,13.783333333333,13.783333333333,56.59,65.3,46.43,39.18,34.82,52.94,30.47,13.06,70.0,0.0,0.0,-,1.72,2.59,39.9,26.12,34.82,42.86,4.35,13.06,25.00,0.0,0.0,-,29.02,29.02,50.0,0.0,0.0,-,50.3,44.01,53.33,0.0,0.0,-,0.00,100.00,1.0,4.35,4.35,8.71,65.3,33.33,8.71,26.12,30.47,22.22
447,8484304,Uvis Balinskis,FLA,D,https://assets.nhle.com/mugs/nhl/20262027/FLA/8484304.png,https://assets.nhle.com/logos/nhl/svg/FLA_light.svg,26,uvisbalinskis,2.0,27.533333333333,13.766666666667,78.45,28.33,73.47,58.84,10.9,84.38,34.87,4.36,88.89,4.36,0.0,100.00,4.73,0.5,90.5,37.05,13.08,73.91,15.25,2.18,87.50,4.36,0.0,100.00,29.06,14.53,66.67,0.0,0.0,-,47.22,15.74,75.0,0.0,0.0,-,12.50,100.00,1.125,2.18,10.9,2.18,67.55,50.00,13.08,15.25,4.36,75.0
448,8485402,Michael Misa,SJS,C,https://assets.nhle.com/mugs/nhl/20262027/SJS/8485402.png,https://assets.nhle.com/logos/nhl/svg/SJS_light.svg,77,michaelmisa,3.0,41.166666666667,13.722222222222,48.1,58.3,45.21,36.44,45.18,44.64,23.32,18.95,55.17,2.91,1.46,66.67,2.09,3.68,36.2,26.23,30.61,46.15,10.2,18.95,35.00,0.0,0.0,-,21.38,15.55,57.89,3.89,1.94,66.67,35.79,42.11,45.95,0.0,0.0,-,12.50,92.31,1.048,11.66,18.95,5.83,42.27,66.67,18.95,21.86,11.66,61.9
449,8482758,Ville Koivunen,PIT,R,https://assets.nhle.com/mugs/nhl/20262027/PIT/8482758.png,https://assets.nhle.com/logos/nhl/svg/PIT_light.svg,41,villekoivunen,2.0,27.333333333333,13.666666666667,61.46,41.71,59.57,50.49,32.93,60.53,41.71,21.95,65.52,8.78,0.0,100.00,4.84,1.67,74.34,39.51,17.56,69.23,24.15,4.39,84.62,4.39,0.0,100.00,20.49,17.56,53.85,5.85,0.0,100.00,38.05,38.05,50.0,0.0,0.0,-,21.05,100.00,1.211,4.39,6.59,2.2,57.07,66.67,26.34,10.98,6.59,80.0
450,8482074,Connor Zary,CGY,C,https://assets.nhle.com/mugs/nhl/20262027/CGY/8482074.png,https://assets.nhle.com/logos/nhl/svg/CGY_light.svg,47,connorzary,2.0,27.25,13.625,66.06,46.24,58.82,39.63,44.04,47.37,24.22,24.22,50.0,2.2,6.61,25.00,2.95,3.58,45.21,24.22,28.62,45.83,15.41,15.41,50.00,0.0,2.2,0.00,11.74,17.61,40.0,0.0,2.94,0.00,50.89,28.62,64.0,3.18,3.18,50.00,9.09,72.73,0.818,13.21,11.01,2.2,46.24,85.71,17.61,17.61,4.4,80.0
451,8480748,Kiefer Sherwood,SJS,L,https://assets.nhle.com/mugs/nhl/20262027/SJS/8480748.png,https://assets.nhle.com/logos/nhl/svg/SJS_light.svg,44,kiefersherwood,3.0,40.866666666667,13.622222222222,46.98,60.2,43.84,35.24,44.05,44.44,24.96,20.55,54.84,1.47,0.0,100.00,2.31,3.42,40.32,27.9,38.17,42.22,10.28,14.68,41.18,0.0,0.0,-,23.49,31.32,42.86,1.96,0.0,100.00,27.57,48.78,36.11,0.0,0.0,-,5.88,100.00,1.059,4.4,10.28,13.21,52.85,25.00,10.28,17.62,20.55,33.33
452,8476479,Phillip Danault,MTL,C,https://assets.nhle.com/mugs/nhl/20262027/MTL/8476479.png,https://assets.nhle.com/logos/nhl/svg/MTL_light.svg,24,phillipdanault,3.0,40.85,13.616666666667,36.72,51.41,41.67,27.91,36.72,43.18,16.16,27.91,36.67,5.88,4.41,57.14,2.91,4.67,38.35,17.63,24.97,41.38,10.28,10.28,50.00,2.94,1.47,66.67,9.79,19.58,33.33,1.96,3.92,33.33,25.46,44.55,36.36,2.12,0.0,100.00,36.36,84.21,1.206,8.81,14.69,16.16,45.53,35.29,13.22,19.09,30.84,30.0
453,8478508,Yakov Trenin,MIN,C,https://assets.nhle.com/mugs/nhl/20262027/MIN/8478508.png,https://assets.nhle.com/logos/nhl/svg/MIN_light.svg,13,yakovtrenin,3.0,40.85,13.616666666667,36.72,69.03,34.72,23.5,49.94,32.0,16.16,33.78,32.35,0.0,2.94,0.00,0.78,3.05,20.3,8.81,35.25,20.0,4.41,13.22,25.00,0.0,0.0,-,5.88,29.38,16.67,0.0,1.96,0.00,36.07,50.92,41.46,0.0,2.12,0.00,0.00,91.30,0.913,7.34,14.69,4.41,41.13,62.50,14.69,24.97,19.09,43.48
454,8476925,Colton Sissons,TOR,C,https://assets.nhle.com/mugs/nhl/20262027/TOR/8476925.png,https://assets.nhle.com/logos/nhl/svg/TOR_light.svg,15,coltonsissons,4.0,54.383333333333,13.595833333333,48.54,66.2,42.31,37.51,47.44,44.16,25.38,29.79,46.0,2.21,4.41,33.33,3.46,5.13,40.31,24.27,34.2,41.51,15.45,19.86,43.75,1.1,4.41,20.00,11.77,19.12,38.1,0.0,0.0,-,35.06,66.93,34.38,1.59,0.0,100.00,8.70,85.19,0.939,4.41,8.83,20.96,48.54,17.39,12.14,14.34,35.3,25.58
455,8480009,Eeli Tolvanen,NYR,R,https://assets.nhle.com/mugs/nhl/20262027/NYR/8480009.png,https://assets.nhle.com/logos/nhl/svg/NYR_light.svg,17,eelitolvanen,5.0,67.866666666667,13.573333333333,40.67,71.61,36.22,30.06,45.09,40.0,22.1,28.29,43.86,5.3,0.88,85.71,3.58,3.64,49.63,20.33,37.13,35.38,10.61,15.03,41.38,0.0,0.0,-,12.97,29.47,30.56,3.54,1.18,75.00,34.48,61.3,36.0,1.28,0.0,100.00,24.00,96.88,1.209,10.61,11.49,11.49,58.35,48.00,16.8,15.03,21.22,44.19
456,8475768,Jaden Schwartz,COL,L,https://assets.nhle.com/mugs/nhl/20262027/COL/8475768.png,https://assets.nhle.com/logos/nhl/svg/COL_light.svg,71,jadenschwartz,2.0,27.05,13.525,70.98,42.14,62.75,51.02,33.27,60.53,44.36,26.62,62.5,8.87,6.65,57.14,4.71,1.78,72.58,42.14,11.09,79.17,17.74,6.65,72.73,6.65,2.22,75.00,32.53,5.91,84.62,0.0,0.0,-,48.06,41.65,53.57,3.2,6.41,33.33,20.00,75.00,0.95,6.65,13.31,13.31,51.02,33.33,13.31,19.96,24.4,35.29
457,8479385,Jordan Kyrou,WSH,R,https://assets.nhle.com/mugs/nhl/20262027/WSH/8479385.png,https://assets.nhle.com/logos/nhl/svg/WSH_secondary_light.svg,25,jordankyrou,2.0,27.016666666667,13.508333333333,84.39,55.52,60.32,59.96,39.98,60.0,37.75,28.87,56.67,2.22,6.66,25.00,4.05,3.19,55.93,42.2,13.33,76.0,17.77,6.66,72.73,0.0,2.22,0.00,32.57,8.88,78.57,2.96,2.96,50.00,67.37,76.99,46.67,0.0,0.0,-,5.88,76.92,0.828,6.66,13.33,11.1,42.2,37.50,15.55,17.77,24.43,38.89
458,8479525,Ross Colton,NSH,C,https://assets.nhle.com/mugs/nhl/20262027/NSH/8479525.png,https://assets.nhle.com/logos/nhl/svg/NSH_light.svg,79,rosscolton,3.0,40.433333333333,13.477777777778,46.0,68.26,40.26,37.1,50.45,42.37,25.23,26.71,48.57,0.0,1.48,0.00,1.76,2.45,41.87,20.77,23.74,46.67,5.94,10.39,36.36,0.0,0.0,-,19.79,17.81,52.63,0.0,0.0,-,30.01,70.73,29.79,0.0,2.14,0.00,0.00,94.44,0.944,5.94,10.39,5.94,60.84,50.00,16.32,16.32,14.84,52.38
459,8481481,Blake Lizotte,PIT,C,https://assets.nhle.com/mugs/nhl/20262027/PIT/8481481.png,https://assets.nhle.com/logos/nhl/svg/PIT_light.svg,46,blakelizotte,3.0,40.233333333333,13.411111111111,56.67,65.62,46.34,44.74,43.25,50.85,28.33,23.86,54.29,1.49,2.98,33.33,5.08,2.67,65.51,26.84,35.79,42.86,14.91,5.97,71.43,1.49,1.49,50.00,15.91,39.77,28.57,0.0,1.99,0.00,40.93,66.78,38.0,0.0,0.0,-,5.26,87.50,0.928,4.47,11.93,29.83,47.72,13.04,13.42,14.91,41.76,24.32
460,8482177,Marat Khusnutdinov,BOS,C,https://assets.nhle.com/mugs/nhl/20262027/BOS/8482177.png,https://assets.nhle.com/logos/nhl/svg/BOS_light.svg,92,maratkhusnutdinov,4.0,53.55,13.3875,48.18,41.46,53.75,29.13,33.61,46.43,20.17,19.05,51.43,2.24,1.12,66.67,2.67,4.85,35.48,15.69,23.53,40.0,7.84,14.57,35.00,1.12,0.0,100.00,10.46,11.95,46.67,1.49,1.49,50.00,37.22,24.28,60.53,0.0,0.0,-,11.11,94.12,1.052,8.96,12.32,11.2,45.94,44.44,13.45,13.45,14.57,48.0
461,8480849,Barrett Hayton,UTA,C,https://assets.nhle.com/mugs/nhl/20262027/UTA/8480849.png,https://assets.nhle.com/logos/nhl/svg/UTA_light.svg,27,barretthayton,4.0,53.516666666667,13.379166666667,66.15,49.33,57.28,47.09,37.0,56.0,32.51,24.67,56.86,1.12,0.0,100.00,3.78,2.43,60.88,32.51,26.91,54.72,11.21,8.97,55.56,1.12,0.0,100.00,28.4,23.92,54.29,0.0,0.0,-,42.11,50.2,45.61,0.0,0.0,-,3.45,100.00,1.034,5.61,17.94,24.67,44.85,18.52,8.97,24.67,31.39,22.22
462,8482703,Colton Dach,EDM,C,https://assets.nhle.com/mugs/nhl/20262027/EDM/8482703.png,https://assets.nhle.com/logos/nhl/svg/EDM_light.svg,34,coltondach,3.0,40.133333333333,13.377777777778,50.83,43.36,53.97,40.37,28.41,58.7,20.93,22.43,48.28,0.0,7.48,0.00,2.28,2.01,53.11,19.44,22.43,46.43,4.49,8.97,33.33,0.0,5.98,0.00,19.93,17.94,52.63,0.0,1.99,0.00,47.51,41.03,53.66,0.0,0.0,-,0.00,66.67,0.667,5.98,22.43,5.98,68.77,50.00,13.46,23.92,13.46,50.0
463,8475462,Radko Gudas,FLA,D,https://assets.nhle.com/mugs/nhl/20262027/FLA/8475462.png,https://assets.nhle.com/logos/nhl/svg/FLA_light.svg,6,radkogudas,3.0,40.05,13.35,68.91,41.95,62.16,47.94,25.47,65.31,26.97,17.98,60.0,3.0,1.5,66.67,3.45,1.81,65.6,29.96,23.97,55.56,11.99,5.99,66.67,1.5,1.5,50.00,23.97,23.97,50.0,2.0,0.0,100.00,47.61,25.97,64.71,0.0,0.0,-,11.11,91.67,1.028,5.99,10.49,4.49,68.91,57.14,11.99,19.48,7.49,61.54
464,8475455,Brenden Dillon,NJD,D,https://assets.nhle.com/mugs/nhl/20262027/NJD/8475455.png,https://assets.nhle.com/logos/nhl/svg/NJD_light.svg,5,brendendillon,3.0,39.866666666667,13.288888888889,48.16,70.74,40.51,31.61,51.17,38.18,15.05,39.13,27.78,0.0,6.02,0.00,1.59,3.94,28.74,18.06,42.14,30.0,3.01,15.05,16.67,0.0,3.01,0.00,20.07,36.12,35.71,0.0,2.01,0.00,43.48,36.96,54.05,0.0,2.17,0.00,0.00,84.62,0.846,7.53,7.53,10.54,51.17,41.67,21.07,10.54,15.05,58.33
465,8476469,Joel Armia,LAK,R,https://assets.nhle.com/mugs/nhl/20262027/LAK/8476469.png,https://assets.nhle.com/logos/nhl/svg/LAK_light.svg,40,joelarmia,2.0,26.366666666667,13.183333333333,70.54,68.27,50.82,52.34,38.69,57.5,38.69,31.86,54.84,4.55,6.83,40.00,3.36,2.68,55.65,31.86,38.69,45.16,11.38,13.65,45.45,2.28,2.28,50.00,27.31,33.38,45.0,0.0,6.07,0.00,59.17,59.17,50.0,3.29,0.0,100.00,11.76,78.57,0.903,9.1,22.76,18.2,45.51,33.33,15.93,29.58,25.03,38.89
466,8485388,Victor Eklund,NYI,R,https://assets.nhle.com/mugs/nhl/20262027/NYI/8485388.png,https://assets.nhle.com/logos/nhl/svg/NYI_light.svg,38,victoreklund,3.0,39.516666666667,13.172222222222,63.77,53.14,54.55,51.62,42.51,54.84,33.4,28.85,53.66,4.56,1.52,75.00,3.53,2.32,60.28,28.85,33.4,46.34,15.18,10.63,58.82,4.56,1.52,75.00,18.22,30.37,37.5,0.0,0.0,-,54.83,39.48,58.14,0.0,0.0,-,13.64,94.74,1.084,7.59,10.63,9.11,50.11,45.45,18.22,19.74,13.67,57.14
467,8483525,Danila Yurov,MIN,R,https://assets.nhle.com/mugs/nhl/20262027/MIN/8483525.png,https://assets.nhle.com/logos/nhl/svg/MIN_light.svg,22,danilayurov,3.0,39.516666666667,13.172222222222,50.11,39.48,55.93,37.96,22.78,62.5,28.85,13.67,67.86,3.04,0.0,100.00,3.05,2.06,59.73,28.85,22.78,55.88,10.63,10.63,50.00,1.52,0.0,100.00,24.29,16.2,60.0,0.0,0.0,-,39.48,26.32,60.0,2.19,0.0,100.00,10.53,100.00,1.105,6.07,10.63,4.56,57.7,57.14,16.7,15.18,13.67,55.0
468,8473419,Brad Marchand,FLA,L,https://assets.nhle.com/mugs/nhl/20262027/FLA/8473419.png,https://assets.nhle.com/logos/nhl/svg/FLA_light.svg,63,bradmarchand,1.0,13.166666666667,13.166666666667,72.91,36.46,66.67,50.13,18.23,73.33,27.34,13.67,66.67,4.56,0.0,100.00,3.94,1.3,75.23,27.34,18.23,60.0,13.67,9.11,60.00,4.56,0.0,100.00,18.23,12.15,60.0,0.0,0.0,-,59.24,26.33,69.23,0.0,0.0,-,16.67,100.00,1.167,18.23,13.67,9.11,41.01,66.67,22.78,18.23,9.11,71.43
469,8482092,Ridly Greig,OTT,C,https://assets.nhle.com/mugs/nhl/20262027/OTT/8482092.png,https://assets.nhle.com/logos/nhl/svg/OTT_light.svg,71,ridlygreig,1.0,13.166666666667,13.166666666667,59.24,86.58,40.63,41.01,54.68,42.86,31.9,50.13,38.89,4.56,9.11,33.33,1.82,5.14,26.1,27.34,59.24,31.58,9.11,9.11,50.00,0.0,0.0,-,24.3,66.84,26.67,6.08,12.15,33.33,65.82,46.08,58.82,0.0,0.0,-,14.29,81.82,0.961,9.11,13.67,13.67,63.8,40.00,27.34,18.23,13.67,66.67
470,8471214,Alex Ovechkin,WSH,L,https://assets.nhle.com/mugs/nhl/20262027/WSH/8471214.png,https://assets.nhle.com/logos/nhl/svg/WSH_secondary_light.svg,8,alexovechkin,2.0,26.333333333333,13.166666666667,70.63,82.03,46.27,43.29,63.8,40.43,29.62,34.18,46.43,6.84,4.56,60.00,3.69,6.04,37.94,45.57,36.46,55.56,22.78,15.95,58.82,4.56,2.28,66.67,30.38,27.34,52.63,0.0,0.0,-,39.49,52.66,42.86,3.29,0.0,100.00,23.08,86.67,1.097,20.51,6.84,0.0,56.96,100.00,36.46,9.11,4.56,88.89
471,8484186,Ryan Leonard,WSH,R,https://assets.nhle.com/mugs/nhl/20262027/WSH/8484186.png,https://assets.nhle.com/logos/nhl/svg/WSH_secondary_light.svg,9,ryanleonard,2.0,26.3,13.15,66.16,75.29,46.77,36.5,57.03,39.02,25.1,29.66,45.83,2.28,0.0,100.00,2.17,4.0,35.2,38.78,38.78,50.0,11.41,13.69,45.45,2.28,0.0,100.00,36.5,33.46,52.17,0.0,0.0,-,42.84,49.43,46.43,0.0,0.0,-,9.09,100.00,1.091,11.41,2.28,9.13,54.75,55.56,25.1,4.56,13.69,64.71
472,8480855,Jack McBain,UTA,C,https://assets.nhle.com/mugs/nhl/20262027/UTA/8480855.png,https://assets.nhle.com/logos/nhl/svg/UTA_light.svg,22,jackmcbain,4.0,52.433333333333,13.108333333333,56.07,61.79,47.57,38.91,41.2,48.57,26.32,30.9,46.0,0.0,0.0,-,3.19,3.19,49.96,25.17,35.47,41.51,9.15,13.73,40.00,0.0,0.0,-,21.36,28.99,42.42,0.0,0.0,-,41.32,42.98,49.02,0.0,0.0,-,0.00,100.00,1.0,5.72,18.31,16.02,52.64,26.32,10.3,22.89,22.89,31.03
473,8484142,Denver Barkey,PHI,C,https://assets.nhle.com/mugs/nhl/20262027/PHI/8484142.png,https://assets.nhle.com/logos/nhl/svg/PHI_light.svg,86,denverbarkey,1.0,13.1,13.1,27.48,68.7,28.57,22.9,45.8,33.33,9.16,32.06,22.22,0.0,0.0,-,1.27,4.11,23.64,13.74,18.32,42.86,4.58,0.0,100.00,0.0,0.0,-,12.21,24.43,33.33,0.0,0.0,-,39.69,66.16,37.5,0.0,0.0,-,0.00,100.00,1.0,18.32,13.74,0.0,59.54,100.00,18.32,13.74,4.58,80.0
474,8476624,Barclay Goodrow,SJS,C,https://assets.nhle.com/mugs/nhl/20262027/SJS/8476624.png,https://assets.nhle.com/logos/nhl/svg/SJS_light.svg,23,barclaygoodrow,3.0,39.3,13.1,33.59,79.39,29.73,24.43,61.07,28.57,16.79,33.59,33.33,1.53,6.11,20.00,1.77,4.65,27.55,19.85,45.8,30.23,4.58,15.27,23.08,0.0,0.0,-,20.36,40.71,33.33,2.04,8.14,20.00,15.44,77.18,16.67,0.0,0.0,-,9.09,81.82,0.909,1.53,6.11,18.32,53.44,7.69,1.53,12.21,25.95,5.56
475,8485406,Porter Martone,PHI,R,https://assets.nhle.com/mugs/nhl/20262027/PHI/8485406.png,https://assets.nhle.com/logos/nhl/svg/PHI_light.svg,94,portermartone,4.0,52.166666666667,13.041666666667,47.16,77.06,37.96,33.35,64.41,34.12,25.3,43.71,36.67,2.3,4.6,33.33,1.97,5.09,27.85,16.1,39.11,29.17,4.6,18.4,20.00,1.15,2.3,33.33,15.34,27.6,35.71,0.0,3.07,0.00,44.86,69.78,39.13,1.66,0.0,100.00,9.09,89.47,0.986,13.8,6.9,11.5,43.71,54.55,19.55,11.5,21.85,47.22
476,8481028,Martin Pospisil,CGY,C,https://assets.nhle.com/mugs/nhl/20262027/CGY/8481028.png,https://assets.nhle.com/logos/nhl/svg/CGY_light.svg,76,martinpospisil,3.0,38.7,12.9,63.57,55.81,53.25,44.96,40.31,52.73,24.81,20.16,55.17,0.0,4.65,0.00,2.72,2.31,54.03,24.81,27.91,47.06,6.2,9.3,40.00,0.0,1.55,0.00,24.81,24.81,50.0,0.0,4.13,0.00,55.99,53.75,51.02,0.0,0.0,-,0.00,76.92,0.769,9.3,7.75,17.05,58.91,35.29,13.95,13.95,26.36,34.62
477,8481726,Adam Edstrom,NSH,C,https://assets.nhle.com/mugs/nhl/20262027/NSH/8481726.png,https://assets.nhle.com/logos/nhl/svg/NSH_light.svg,84,adamedstrom,3.0,38.45,12.816666666667,43.69,67.1,39.44,37.45,53.06,41.38,26.53,32.77,44.74,0.0,1.56,0.00,2.65,2.78,48.81,20.29,28.09,41.94,12.48,10.92,53.33,0.0,1.56,0.00,10.4,22.89,31.25,0.0,0.0,-,24.79,74.38,25.0,0.0,0.0,-,0.00,95.24,0.952,1.56,15.6,9.36,57.74,14.29,6.24,24.97,23.41,21.05
478,8477407,Anthony Duclair,NYI,L,https://assets.nhle.com/mugs/nhl/20262027/NYI/8477407.png,https://assets.nhle.com/logos/nhl/svg/NYI_light.svg,11,anthonyduclair,3.0,38.433333333333,12.811111111111,43.71,48.4,47.46,32.78,31.22,51.22,21.86,17.17,56.0,1.56,3.12,33.33,2.35,2.47,48.77,23.42,24.98,48.39,10.93,9.37,53.85,1.56,0.0,100.00,16.65,20.82,44.44,0.0,0.0,-,24.8,40.59,37.93,0.0,4.51,0.00,7.14,81.82,0.89,7.81,9.37,9.37,57.76,45.45,12.49,18.73,20.29,38.1
479,8482094,Daemon Hunt,MIN,D,https://assets.nhle.com/mugs/nhl/20262027/MIN/8482094.png,https://assets.nhle.com/logos/nhl/svg/MIN_light.svg,48,daemonhunt,3.0,38.383333333333,12.794444444444,28.14,48.46,36.73,20.32,35.95,36.11,17.19,25.01,40.74,1.56,1.56,50.00,0.95,2.5,27.55,6.25,26.57,19.05,1.56,10.94,12.50,1.56,0.0,100.00,6.25,20.84,23.08,0.0,2.08,0.00,24.84,36.13,40.74,0.0,0.0,-,9.09,93.75,1.028,1.56,15.63,6.25,56.27,20.00,4.69,26.57,20.32,18.75
480,8478463,Anthony Beauvillier,WSH,R,https://assets.nhle.com/mugs/nhl/20262027/WSH/8478463.png,https://assets.nhle.com/logos/nhl/svg/WSH_secondary_light.svg,72,anthonybeauvillier,2.0,25.533333333333,12.766666666667,49.35,58.75,45.65,32.9,30.55,51.85,23.5,21.15,52.63,2.35,2.35,50.00,2.19,1.57,58.22,23.5,28.2,45.45,9.4,9.4,50.00,2.35,0.0,100.00,18.8,25.07,42.86,0.0,3.13,0.00,30.55,54.31,36.0,0.0,0.0,-,10.00,88.89,0.989,0.0,9.4,21.15,51.7,0.00,0.0,11.75,30.55,0.0
481,8483521,Noah Warren,ANA,D,https://assets.nhle.com/mugs/nhl/20262027/ANA/8483521.png,https://assets.nhle.com/logos/nhl/svg/ANA_light.svg,47,noahwarren,2.0,25.5,12.75,44.71,54.12,45.24,28.24,35.29,44.44,23.53,30.59,43.48,2.35,4.71,33.33,2.12,3.11,40.59,21.18,21.18,50.0,9.41,11.76,44.44,0.0,2.35,0.00,15.69,12.55,55.56,3.14,0.0,100.00,20.39,50.98,28.57,0.0,3.4,0.00,10.00,84.62,0.946,11.76,4.71,9.41,75.29,55.56,21.18,14.12,16.47,56.25
482,8482088,Justin Sourdif,WSH,C,https://assets.nhle.com/mugs/nhl/20262027/WSH/8482088.png,https://assets.nhle.com/logos/nhl/svg/WSH_secondary_light.svg,34,justinsourdif,2.0,25.4,12.7,42.52,56.69,42.86,28.35,35.43,44.44,21.26,28.35,42.86,2.36,2.36,50.00,1.82,1.68,51.94,25.98,30.71,45.83,7.09,7.09,50.00,2.36,0.0,100.00,25.2,31.5,44.44,0.0,3.15,0.00,17.06,44.36,27.78,0.0,0.0,-,11.11,91.67,1.028,0.0,9.45,11.81,61.42,0.00,0.0,11.81,25.98,0.0
483,8477451,Ryan Hartman,MIN,R,https://assets.nhle.com/mugs/nhl/20262027/MIN/8477451.png,https://assets.nhle.com/logos/nhl/svg/MIN_light.svg,38,ryanhartman,3.0,38.066666666667,12.688888888889,53.59,66.2,44.74,34.68,50.44,40.74,22.07,26.8,45.16,4.73,4.73,50.00,1.72,3.19,35.05,23.64,36.25,39.47,4.73,12.61,27.27,1.58,1.58,50.00,25.22,31.52,44.44,2.1,2.1,50.00,50.09,38.7,56.41,2.28,2.28,50.00,21.43,82.35,1.038,14.19,6.3,6.3,48.86,69.23,26.8,17.34,12.61,68.0
484,8474189,Lars Eller,FLA,C,https://assets.nhle.com/mugs/nhl/20262027/FLA/8474189.png,https://assets.nhle.com/logos/nhl/svg/FLA_light.svg,20,larseller,3.0,38.05,12.683333333333,55.19,33.11,62.5,37.84,25.23,60.0,25.23,15.77,61.54,3.15,1.58,66.67,2.15,1.63,56.91,18.92,18.92,50.0,7.88,3.15,71.43,3.15,0.0,100.00,14.72,21.02,41.18,0.0,0.0,-,47.83,27.33,63.64,0.0,2.28,0.00,12.50,90.00,1.025,4.73,12.61,9.46,59.92,33.33,12.61,15.77,18.92,40.0
485,8475726,Tyler Toffoli,SJS,C,https://assets.nhle.com/mugs/nhl/20262027/SJS/8475726.png,https://assets.nhle.com/logos/nhl/svg/SJS_light.svg,73,tylertoffoli,3.0,38.0,12.666666666667,48.95,66.32,42.47,34.74,50.53,40.74,28.42,22.11,56.25,4.74,1.58,75.00,2.2,3.74,37.05,22.11,34.74,38.89,11.05,15.79,41.18,1.58,0.0,100.00,14.74,25.26,36.84,4.21,2.11,66.67,47.89,47.89,50.0,0.0,0.0,-,16.67,92.86,1.095,9.47,23.68,4.74,42.63,66.67,17.37,26.84,11.05,61.11
486,8481725,Elmer Soderblom,PIT,L,https://assets.nhle.com/mugs/nhl/20262027/PIT/8481725.png,https://assets.nhle.com/logos/nhl/svg/PIT_light.svg,25,elmersoderblom,1.0,12.65,12.65,18.97,61.66,23.53,14.23,33.2,30.0,9.49,14.23,40.0,0.0,0.0,-,1.33,2.29,36.81,14.23,28.46,33.33,9.49,9.49,50.00,0.0,0.0,-,6.32,25.3,20.0,0.0,0.0,-,6.85,54.81,11.11,0.0,0.0,-,0.00,100.00,1.0,0.0,4.74,18.97,52.17,0.00,4.74,9.49,23.72,16.67
487,8482784,Zach Dean,STL,C,https://assets.nhle.com/mugs/nhl/20262027/STL/8482784.png,https://assets.nhle.com/logos/nhl/svg/STL_light.svg,52,zachdean,1.0,12.616666666667,12.616666666667,52.31,57.07,47.83,23.78,47.56,33.33,9.51,28.53,25.0,0.0,9.51,0.00,1.49,4.66,24.2,23.78,42.8,35.71,4.76,14.27,25.00,0.0,4.76,0.00,25.36,38.04,40.0,0.0,6.34,0.00,27.48,41.22,40.0,0.0,0.0,-,0.00,66.67,0.667,9.51,14.27,4.76,71.33,66.67,19.02,28.53,23.78,44.44
488,8476873,Mark Jankowski,CAR,L,https://assets.nhle.com/mugs/nhl/20262027/CAR/8476873.png,https://assets.nhle.com/logos/nhl/svg/CAR_light.svg,77,markjankowski,4.0,50.433333333333,12.608333333333,41.64,51.16,44.87,28.55,35.69,44.44,16.66,24.98,40.0,3.57,4.76,42.86,3.04,3.25,48.34,21.41,26.17,45.0,11.9,16.66,41.67,2.38,3.57,40.00,12.69,12.69,50.0,1.59,1.59,50.00,42.96,36.09,54.35,0.0,0.0,-,21.43,80.95,1.024,14.28,10.71,7.14,49.97,66.67,26.17,23.79,14.28,64.71
489,8475220,Marcus Foligno,MIN,L,https://assets.nhle.com/mugs/nhl/20262027/MIN/8475220.png,https://assets.nhle.com/logos/nhl/svg/MIN_light.svg,17,marcusfoligno,3.0,37.75,12.583333333333,44.5,41.32,51.85,33.38,33.38,50.0,28.61,20.66,58.06,4.77,0.0,100.00,2.26,2.78,44.83,25.43,22.25,53.33,14.3,14.3,50.00,1.59,0.0,100.00,14.83,10.6,58.33,2.12,0.0,100.00,18.37,45.92,28.57,2.3,0.0,100.00,16.67,100.00,1.167,1.59,15.89,9.54,42.91,14.29,4.77,30.2,33.38,12.5
490,8478462,Nicolas Roy,COL,C,https://assets.nhle.com/mugs/nhl/20262027/COL/8478462.png,https://assets.nhle.com/logos/nhl/svg/COL_light.svg,10,nicolasroy,2.0,25.083333333333,12.541666666667,71.76,62.19,53.57,47.84,38.27,55.56,35.88,16.74,68.18,7.18,2.39,75.00,4.6,2.46,65.15,43.06,31.1,58.06,16.74,9.57,63.64,2.39,2.39,50.00,35.08,28.7,55.0,3.19,0.0,100.00,41.46,31.1,57.14,3.46,0.0,100.00,20.00,85.71,1.057,7.18,16.74,7.18,57.41,50.00,16.74,19.14,11.96,58.33
491,8473994,Jamie Benn,DAL,L,https://assets.nhle.com/mugs/nhl/20262027/DAL/8473994.png,https://assets.nhle.com/logos/nhl/svg/DAL_light.svg,14,jamiebenn,3.0,37.583333333333,12.527777777778,71.84,28.74,71.43,49.49,17.56,73.81,25.54,12.77,66.67,3.19,1.6,66.67,3.28,1.66,66.43,31.93,12.77,71.43,17.56,6.39,73.33,1.6,0.0,100.00,19.16,8.51,69.23,2.13,0.0,100.00,64.57,16.14,80.0,0.0,0.0,-,12.50,87.50,1.0,11.18,9.58,9.58,52.68,53.85,12.77,17.56,17.56,42.11
492,8476981,Josh Anderson,MTL,R,https://assets.nhle.com/mugs/nhl/20262027/MTL/8476981.png,https://assets.nhle.com/logos/nhl/svg/MTL_light.svg,17,joshanderson,3.0,37.55,12.516666666667,57.52,47.94,54.55,49.53,35.15,58.49,33.56,25.57,56.76,3.2,3.2,50.00,3.28,2.43,57.43,23.97,19.17,55.56,14.38,11.19,56.25,3.2,3.2,50.00,12.78,10.65,54.55,0.0,0.0,-,53.08,50.78,51.11,0.0,0.0,-,9.52,87.50,0.97,6.39,15.98,17.58,51.13,26.67,12.78,23.97,27.16,32.0
493,8480220,Noah Cates,PHI,L,https://assets.nhle.com/mugs/nhl/20262027/PHI/8480220.png,https://assets.nhle.com/logos/nhl/svg/PHI_light.svg,27,noahcates,4.0,49.9,12.475,36.07,70.94,33.71,25.25,49.3,33.87,18.04,33.67,34.88,0.0,4.81,0.00,1.23,4.61,21.02,14.43,36.07,28.57,4.81,19.24,20.00,0.0,2.4,0.00,12.83,22.44,36.36,0.0,1.6,0.00,34.74,57.31,37.74,0.0,1.74,0.00,0.00,85.71,0.857,10.82,16.83,10.82,50.5,50.00,19.24,20.44,21.64,47.06
494,8483771,Sandis Vilmanis,FLA,L,https://assets.nhle.com/mugs/nhl/20262027/FLA/8483771.png,https://assets.nhle.com/logos/nhl/svg/FLA_light.svg,95,sandisvilmanis,3.0,37.333333333333,12.444444444444,61.07,48.21,55.88,43.39,36.96,54.0,24.11,22.5,51.72,1.61,1.61,50.00,3.43,1.71,66.76,32.14,20.89,60.61,14.46,4.82,75.00,0.0,0.0,-,23.57,21.43,52.38,2.14,0.0,100.00,44.11,34.82,55.88,0.0,2.32,0.00,6.67,92.86,0.995,9.64,9.64,6.43,56.25,60.00,20.89,9.64,20.89,50.0
495,8478856,Conor Garland,CBJ,R,https://assets.nhle.com/mugs/nhl/20262027/CBJ/8478856.png,https://assets.nhle.com/logos/nhl/svg/CBJ_light.svg,83,conorgarland,2.0,24.866666666667,12.433333333333,43.43,48.26,47.37,28.95,31.37,48.0,12.06,19.3,38.46,2.41,0.0,100.00,1.54,1.51,50.47,16.89,19.3,46.67,4.83,4.83,50.00,2.41,0.0,100.00,16.09,19.3,45.45,0.0,0.0,-,45.31,45.31,50.0,0.0,0.0,-,20.00,100.00,1.2,7.24,24.13,9.65,53.08,42.86,14.48,31.37,14.48,50.0
496,8475314,Anders Lee,UTA,L,https://assets.nhle.com/mugs/nhl/20262027/UTA/8475314.png,https://assets.nhle.com/logos/nhl/svg/UTA_light.svg,72,anderslee,4.0,49.7,12.425,76.06,48.29,61.17,54.33,36.22,60.0,32.6,21.73,60.0,3.62,1.21,75.00,3.69,1.99,64.95,42.25,22.94,64.81,18.11,6.04,75.00,2.41,0.0,100.00,32.19,22.54,58.82,1.61,0.0,100.00,61.03,41.85,59.32,0.0,1.74,0.00,11.11,94.44,1.056,16.9,12.07,9.66,54.33,63.64,24.14,16.9,14.49,62.5
497,8474568,Luke Schenn,VAN,D,https://assets.nhle.com/mugs/nhl/20262027/VAN/8474568.png,https://assets.nhle.com/logos/nhl/svg/VAN_light.svg,2,lukeschenn,4.0,49.633333333333,12.408333333333,51.98,59.23,46.74,35.06,39.89,46.77,21.76,27.8,43.9,4.84,0.0,100.00,2.19,3.74,36.94,19.34,31.43,38.1,7.25,14.51,33.33,2.42,0.0,100.00,16.12,22.57,41.67,1.61,0.0,100.00,40.16,45.4,46.94,1.75,0.0,100.00,22.22,100.00,1.222,2.42,19.34,10.88,61.65,18.18,7.25,24.18,20.55,26.09
498,8475231,Casey Cizikas,NYI,C,https://assets.nhle.com/mugs/nhl/20262027/NYI/8475231.png,https://assets.nhle.com/logos/nhl/svg/NYI_light.svg,53,caseycizikas,3.0,37.0,12.333333333333,63.24,55.14,53.42,45.41,37.3,54.9,35.68,24.32,59.46,3.24,1.62,66.67,3.85,2.67,59.06,37.3,27.57,57.5,16.22,9.73,62.50,3.24,1.62,66.67,28.11,23.78,54.17,0.0,0.0,-,37.48,49.19,43.24,0.0,0.0,-,9.09,93.33,1.024,3.24,11.35,12.97,60.0,20.00,6.49,21.08,22.7,22.22
499,8479619,Michael Carcone,UTA,L,https://assets.nhle.com/mugs/nhl/20262027/UTA/8479619.png,https://assets.nhle.com/logos/nhl/svg/UTA_light.svg,53,michaelcarcone,4.0,49.266666666667,12.316666666667,65.76,56.02,54.0,46.28,35.32,56.72,28.01,20.7,57.5,3.65,1.22,75.00,3.52,2.52,58.34,30.45,34.1,47.17,9.74,12.18,44.44,1.22,1.22,50.00,27.6,29.23,48.57,1.62,0.0,100.00,47.5,35.18,57.45,1.76,0.0,100.00,13.04,94.12,1.072,8.53,13.4,7.31,52.37,53.85,13.4,15.83,14.61,47.83
500,8476882,Teuvo Teravainen,CHI,C,https://assets.nhle.com/mugs/nhl/20262027/CHI/8476882.png,https://assets.nhle.com/logos/nhl/svg/CHI_light.svg,86,teuvoteravainen,3.0,36.883333333333,12.294444444444,43.92,37.42,54.0,32.54,30.91,51.28,13.01,17.89,42.11,4.88,3.25,60.00,1.75,2.12,45.25,16.27,22.77,41.67,4.88,13.01,27.27,1.63,1.63,50.00,15.18,13.01,53.85,4.34,2.17,66.67,54.04,35.25,60.53,0.0,0.0,-,37.50,81.82,1.193,11.39,17.89,19.52,40.67,36.84,17.89,24.4,26.03,40.74
501,8482737,Zachary Bolduc,MTL,R,https://assets.nhle.com/mugs/nhl/20262027/MTL/8482737.png,https://assets.nhle.com/logos/nhl/svg/MTL_light.svg,76,zacharybolduc,3.0,36.7,12.233333333333,70.3,42.51,62.32,55.59,37.6,59.65,34.33,24.52,58.33,4.9,0.0,100.00,3.85,3.32,53.71,34.33,24.52,58.33,17.98,11.44,61.11,4.9,0.0,100.00,21.8,17.44,55.56,0.0,0.0,-,51.95,21.25,70.97,0.0,0.0,-,14.29,100.00,1.143,8.17,9.81,8.17,44.14,50.00,9.81,17.98,11.44,46.15
502,8476374,Sean Kuraly,BOS,C,https://assets.nhle.com/mugs/nhl/20262027/BOS/8476374.png,https://assets.nhle.com/logos/nhl/svg/BOS_light.svg,52,seankuraly,3.0,36.65,12.216666666667,50.75,62.21,44.93,36.02,42.56,45.83,21.28,36.02,37.14,1.64,4.91,25.00,1.77,2.45,41.91,18.01,19.65,47.83,6.55,6.55,50.00,0.0,1.64,0.00,15.28,17.46,46.67,2.18,2.18,50.00,42.56,66.21,39.13,0.0,2.36,0.00,7.69,86.36,0.941,0.0,13.1,14.73,42.56,0.00,9.82,21.28,24.56,28.57
503,8476878,Zemgus Girgensons,TBL,C,https://assets.nhle.com/mugs/nhl/20262027/TBL/8476878.png,https://assets.nhle.com/logos/nhl/svg/TBL_light.svg,28,zemgusgirgensons,3.0,36.483333333333,12.161111111111,46.05,67.43,40.58,36.18,42.76,45.83,26.31,26.31,50.0,3.29,3.29,50.00,4.83,2.56,65.41,27.96,23.02,54.84,16.45,6.58,71.43,1.64,0.0,100.00,15.35,21.93,41.18,2.19,0.0,100.00,33.26,73.64,31.11,0.0,4.75,0.00,12.50,87.50,1.0,9.87,23.02,13.16,39.47,42.86,16.45,27.96,23.02,41.67
504,8481553,Bobby Brink,MIN,R,https://assets.nhle.com/mugs/nhl/20262027/MIN/8481553.png,https://assets.nhle.com/logos/nhl/svg/MIN_light.svg,10,bobbybrink,3.0,36.466666666667,12.155555555556,59.23,65.81,47.37,37.84,47.71,44.23,24.68,23.03,51.72,4.94,3.29,60.00,1.82,2.13,46.02,23.03,34.55,40.0,4.94,8.23,37.50,1.65,1.65,50.00,24.13,35.1,40.74,2.19,2.19,50.00,57.04,40.4,58.54,2.38,0.0,100.00,20.00,85.71,1.057,13.16,8.23,1.65,49.36,88.89,24.68,18.1,9.87,71.43
505,8483731,Alex Bump,PHI,L,https://assets.nhle.com/mugs/nhl/20262027/PHI/8483731.png,https://assets.nhle.com/logos/nhl/svg/PHI_light.svg,20,alexbump,3.0,36.4,12.133333333333,42.86,56.04,43.33,28.02,46.15,37.78,19.78,29.67,40.0,0.0,0.0,-,2.34,3.79,38.18,18.13,28.02,39.29,11.54,14.84,43.75,0.0,0.0,-,8.79,17.58,33.33,0.0,0.0,-,45.24,47.62,48.72,0.0,0.0,-,0.00,100.00,1.0,8.24,16.48,9.89,37.91,45.45,16.48,21.43,18.13,47.62
506,8478434,Keegan Kolesar,DET,R,https://assets.nhle.com/mugs/nhl/20262027/DET/8478434.png,https://assets.nhle.com/logos/nhl/svg/DET_light.svg,55,keegankolesar,3.0,36.316666666667,12.105555555556,51.22,49.56,50.82,41.3,29.74,58.14,26.43,19.83,57.14,0.0,0.0,-,2.05,1.6,56.11,24.78,13.22,65.22,9.91,1.65,85.71,0.0,0.0,-,19.83,15.42,56.25,0.0,0.0,-,54.89,57.27,48.94,0.0,0.0,-,0.00,100.00,1.0,14.87,21.48,13.22,36.35,52.94,23.13,26.43,23.13,50.0
507,8481593,Jayden Struble,MTL,D,https://assets.nhle.com/mugs/nhl/20262027/MTL/8481593.png,https://assets.nhle.com/logos/nhl/svg/MTL_light.svg,47,jaydenstruble,3.0,36.266666666667,12.088888888889,49.63,54.6,47.62,31.43,43.01,42.22,16.54,23.16,41.67,3.31,3.31,50.00,1.75,3.47,33.54,23.16,33.09,41.18,9.93,16.54,37.50,0.0,3.31,0.00,17.65,22.06,44.44,4.41,0.0,100.00,38.24,40.63,48.48,0.0,0.0,-,20.00,85.71,1.057,0.0,11.58,3.31,57.9,0.00,4.96,18.2,13.24,27.27
508,8484958,Maxim Tsyplakov,CGY,R,https://assets.nhle.com/mugs/nhl/20262027/CGY/8484958.png,https://assets.nhle.com/logos/nhl/svg/CGY_light.svg,72,maximtsyplakov,3.0,36.266666666667,12.088888888889,56.25,54.6,50.75,38.05,43.01,46.94,18.2,24.82,42.31,0.0,4.96,0.00,2.32,2.95,44.06,21.51,29.78,41.94,4.96,16.54,23.08,0.0,3.31,0.00,22.06,17.65,55.56,0.0,2.21,0.00,45.4,47.79,48.72,0.0,0.0,-,0.00,80.00,0.8,4.96,8.27,11.58,56.25,30.00,6.62,14.89,19.85,25.0
509,8483468,Jiri Kulich,BUF,C,https://assets.nhle.com/mugs/nhl/20262027/BUF/8483468.png,https://assets.nhle.com/logos/nhl/svg/BUF_light.svg,20,jirikulich,3.0,36.2,12.066666666667,49.72,31.49,61.22,39.78,21.55,64.86,28.18,13.26,68.0,6.63,3.31,66.67,2.45,0.95,72.13,28.18,9.94,73.91,9.94,4.97,66.67,1.66,1.66,50.00,24.31,6.63,78.57,6.63,2.21,75.00,26.34,40.7,39.29,0.0,0.0,-,23.53,75.00,0.985,8.29,19.89,14.92,46.41,35.71,13.26,23.2,31.49,29.63
510,8484164,Dalibor Dvorsky,STL,R,https://assets.nhle.com/mugs/nhl/20262027/STL/8484164.png,https://assets.nhle.com/logos/nhl/svg/STL_light.svg,15,dalibordvorsky,3.0,36.183333333333,12.061111111111,61.35,67.99,47.44,53.06,49.75,51.61,39.8,33.16,54.55,4.97,3.32,60.00,4.29,3.57,54.56,36.48,36.48,50.0,19.9,18.24,52.17,3.32,1.66,66.67,22.11,24.32,47.62,2.21,0.0,100.00,38.32,52.69,42.11,0.0,2.4,0.00,12.50,90.00,1.025,8.29,13.27,13.27,56.38,38.46,19.9,18.24,21.56,48.0
511,8483808,Andrei Kuzmenko,PIT,L,https://assets.nhle.com/mugs/nhl/20262027/PIT/8483808.png,https://assets.nhle.com/logos/nhl/svg/PIT_light.svg,62,andreikuzmenko,2.0,24.0,12.0,40.0,62.5,39.02,27.5,47.5,36.67,25.0,30.0,45.45,5.0,5.0,50.00,1.82,3.77,32.59,17.5,30.0,36.84,7.5,7.5,50.00,2.5,0.0,100.00,13.33,30.0,30.77,3.33,6.67,33.33,50.56,46.94,51.85,0.0,0.0,-,20.00,83.33,1.033,12.5,12.5,5.0,50.0,71.43,25.0,20.0,15.0,62.5
512,8482731,Tyson Hinds,ANA,D,https://assets.nhle.com/mugs/nhl/20262027/ANA/8482731.png,https://assets.nhle.com/logos/nhl/svg/ANA_light.svg,55,tysonhinds,2.0,23.983333333333,11.991666666667,47.53,52.54,47.5,32.52,32.52,50.0,25.02,25.02,50.0,2.5,2.5,50.00,2.42,1.73,58.28,25.02,15.01,62.5,7.51,5.0,60.00,0.0,0.0,-,23.35,13.34,63.64,3.34,0.0,100.00,25.3,54.2,31.82,0.0,3.61,0.00,10.00,90.00,1.0,10.01,2.5,7.51,65.05,57.14,22.52,10.01,20.01,52.94
513,8476480,Vladislav Namestnikov,WPG,C,https://assets.nhle.com/mugs/nhl/20262027/WPG/8476480.png,https://assets.nhle.com/logos/nhl/svg/WPG_light.svg,7,vladislavnamestnikov,3.0,35.966666666667,11.988888888889,43.37,71.73,37.68,38.37,46.71,45.1,28.36,25.02,53.13,0.0,1.67,0.00,2.73,2.85,48.98,13.35,38.37,25.81,10.01,11.68,46.15,0.0,1.67,0.00,4.45,35.59,11.11,0.0,0.0,-,43.37,55.42,43.9,0.0,0.0,-,0.00,93.33,0.933,6.67,15.01,8.34,56.72,44.44,15.01,20.02,21.69,40.91
514,8482765,Isak Rosen,WPG,R,https://assets.nhle.com/mugs/nhl/20262027/WPG/8482765.png,https://assets.nhle.com/logos/nhl/svg/WPG_light.svg,27,isakrosen,3.0,35.816666666667,11.938888888889,50.26,53.61,48.39,40.2,41.88,48.98,28.48,26.8,51.52,3.35,1.68,66.67,2.89,3.96,42.23,28.48,33.5,45.95,10.05,23.45,30.00,3.35,1.68,66.67,24.57,13.4,64.71,0.0,0.0,-,36.3,33.88,51.72,0.0,0.0,-,11.76,93.75,1.055,15.08,5.03,10.05,43.56,60.00,25.13,5.03,13.4,65.22
515,8486161,Owen Michaels,EDM,R,https://assets.nhle.com/mugs/nhl/20262027/EDM/8486161.png,https://assets.nhle.com/logos/nhl/svg/EDM_light.svg,43,owenmichaels,3.0,35.716666666667,11.905555555556,38.64,67.2,36.51,28.56,42.0,40.48,20.16,26.88,42.86,3.36,5.04,40.00,2.03,3.33,37.88,20.16,30.24,40.0,8.4,8.4,50.00,1.68,0.0,100.00,15.68,29.12,35.0,0.0,6.72,0.00,21.84,53.38,29.03,2.43,0.0,100.00,16.67,81.25,0.979,8.4,21.84,15.12,65.52,35.71,8.4,26.88,26.88,23.81
516,8484428,Charles Alexis Legault,CAR,D,https://assets.nhle.com/mugs/nhl/20262027/CAR/8484428.png,https://assets.nhle.com/logos/nhl/svg/CAR_light.svg,62,charlesalexislegault,2.0,23.783333333333,11.891666666667,37.84,50.46,42.86,22.7,32.8,40.91,7.57,22.7,25.0,0.0,0.0,-,0.63,2.37,20.98,7.57,22.7,25.0,2.52,12.61,16.67,0.0,0.0,-,6.73,13.45,33.33,0.0,0.0,-,43.73,40.08,52.17,0.0,0.0,-,0.00,100.00,1.0,15.14,12.61,5.05,55.5,75.00,27.75,17.66,12.61,68.75
517,8483395,Arshdeep Bains,VAN,L,https://assets.nhle.com/mugs/nhl/20262027/VAN/8483395.png,https://assets.nhle.com/logos/nhl/svg/VAN_light.svg,13,arshdeepbains,4.0,47.483333333333,11.870833333333,53.07,60.65,46.67,32.85,41.7,44.07,24.01,30.33,44.19,5.05,5.05,50.00,3.15,4.44,41.49,26.54,32.85,44.68,13.9,17.69,44.00,3.79,5.05,42.86,16.85,20.22,45.45,1.68,0.0,100.00,29.2,47.46,38.1,0.0,0.0,-,21.05,83.33,1.044,2.53,10.11,13.9,59.39,15.38,5.05,17.69,20.22,20.0
518,8478046,Danton Heinen,CBJ,L,https://assets.nhle.com/mugs/nhl/20262027/CBJ/8478046.png,https://assets.nhle.com/logos/nhl/svg/CBJ_light.svg,58,dantonheinen,2.0,23.6,11.8,40.68,63.56,39.02,25.42,45.76,35.71,12.71,35.59,26.32,0.0,5.08,0.00,2.09,2.87,42.1,17.8,25.42,41.18,7.63,10.17,42.86,0.0,0.0,-,13.56,20.34,40.0,0.0,0.0,-,33.05,47.74,40.91,0.0,7.34,0.00,0.00,85.71,0.857,2.54,20.34,2.54,61.02,50.00,5.08,20.34,10.17,33.33
519,8482148,Hendrix Lapierre,PIT,C,https://assets.nhle.com/mugs/nhl/20262027/PIT/8482148.png,https://assets.nhle.com/logos/nhl/svg/PIT_light.svg,22,hendrixlapierre,3.0,35.366666666667,11.788888888889,74.65,49.2,60.27,61.07,39.02,61.02,45.81,33.93,57.45,8.48,3.39,71.43,5.74,1.71,77.03,40.72,22.05,64.86,23.75,3.39,87.50,5.09,0.0,100.00,22.62,24.88,47.62,4.52,4.52,50.00,58.81,51.46,53.33,0.0,0.0,-,18.52,90.00,1.085,10.18,10.18,8.48,59.38,54.55,22.05,13.57,16.97,56.52
520,8481716,Dmitri Voronkov,CBJ,L,https://assets.nhle.com/mugs/nhl/20262027/CBJ/8481716.png,https://assets.nhle.com/logos/nhl/svg/CBJ_light.svg,10,dmitrivoronkov,2.0,23.566666666667,11.783333333333,38.19,50.92,42.86,28.01,30.55,47.83,12.73,17.82,41.67,2.55,2.55,50.00,2.22,1.86,54.39,25.46,15.28,62.5,10.18,7.64,57.14,2.55,0.0,100.00,20.37,10.18,66.67,0.0,0.0,-,18.39,51.49,26.32,0.0,3.68,0.00,20.00,85.71,1.057,2.55,22.91,5.09,45.83,33.33,7.64,30.55,12.73,37.5
521,8484197,Oliver Moore,CHI,C,https://assets.nhle.com/mugs/nhl/20262027/CHI/8484197.png,https://assets.nhle.com/logos/nhl/svg/CHI_light.svg,11,olivermoore,4.0,47.133333333333,11.783333333333,38.19,78.93,32.61,30.55,59.83,33.8,21.64,38.19,36.17,3.82,5.09,42.86,1.99,4.57,30.3,20.37,48.37,29.63,8.91,16.55,35.00,2.55,1.27,66.67,15.28,42.43,26.47,1.7,5.09,25.00,27.58,51.49,34.88,0.0,0.0,-,17.65,86.67,1.043,6.36,10.18,8.91,62.38,41.67,15.28,12.73,19.09,44.44
522,8475799,Nino Niederreiter,WPG,R,https://assets.nhle.com/mugs/nhl/20262027/WPG/8475799.png,https://assets.nhle.com/logos/nhl/svg/WPG_light.svg,62,ninoniederreiter,2.0,23.533333333333,11.766666666667,28.05,56.09,33.33,20.4,35.69,36.36,15.3,15.3,50.0,0.0,0.0,-,0.87,1.45,37.6,5.1,15.3,25.0,2.55,2.55,50.00,0.0,0.0,-,3.4,17.0,16.67,0.0,0.0,-,33.14,47.88,40.91,0.0,0.0,-,0.00,100.00,1.0,7.65,20.4,2.55,38.24,75.00,15.3,22.95,12.75,54.55
523,8482964,Arber Xhekaj,MTL,D,https://assets.nhle.com/mugs/nhl/20262027/MTL/8482964.png,https://assets.nhle.com/logos/nhl/svg/MTL_light.svg,72,arberxhekaj,3.0,35.25,11.75,27.23,59.57,31.37,18.72,45.96,28.95,11.91,35.74,25.0,3.4,5.11,40.00,1.07,4.52,19.09,13.62,34.04,28.57,3.4,23.83,12.50,0.0,5.11,0.00,13.62,13.62,50.0,4.54,0.0,100.00,24.59,41.8,37.04,0.0,0.0,-,28.57,85.71,1.143,3.4,10.21,5.11,62.98,40.00,5.11,18.72,17.02,23.08
524,8479346,Dillon Dube,STL,C,https://assets.nhle.com/mugs/nhl/20262027/STL/8479346.png,https://assets.nhle.com/logos/nhl/svg/STL_light.svg,65,dillondube,2.0,23.466666666667,11.733333333333,48.58,66.48,42.22,25.57,51.14,33.33,10.23,30.68,25.0,0.0,5.11,0.00,1.99,5.0,28.46,17.9,43.47,29.17,7.67,15.34,33.33,0.0,5.11,0.00,13.64,37.5,26.67,0.0,0.0,-,18.47,51.7,26.32,0.0,0.0,-,0.00,83.33,0.833,5.11,17.9,10.23,58.81,33.33,7.67,28.13,25.57,23.08
525,8483471,Brad Lambert,WPG,C,https://assets.nhle.com/mugs/nhl/20262027/WPG/8483471.png,https://assets.nhle.com/logos/nhl/svg/WPG_light.svg,93,bradlambert,3.0,34.95,11.65,37.77,80.69,31.88,29.18,60.09,32.69,18.88,39.48,32.35,0.0,0.0,-,1.43,4.66,23.56,13.73,49.79,21.62,8.58,18.88,31.25,0.0,0.0,-,6.87,41.2,14.29,0.0,0.0,-,47.11,66.95,41.3,0.0,0.0,-,0.00,100.00,1.0,12.02,20.6,15.45,37.77,43.75,17.17,27.47,24.03,41.67
526,8480813,Joseph Veleno,NYR,C,https://assets.nhle.com/mugs/nhl/20262027/NYR/8480813.png,https://assets.nhle.com/logos/nhl/svg/NYR_light.svg,90,josephveleno,4.0,46.483333333333,11.620833333333,36.14,52.92,40.58,16.78,34.85,32.5,12.91,21.94,37.04,0.0,0.0,-,2.1,3.65,36.54,14.2,29.69,32.35,2.58,11.62,18.18,0.0,0.0,-,15.49,24.09,39.13,0.0,0.0,-,18.64,46.61,28.57,0.0,0.0,-,0.00,100.00,1.0,6.45,14.2,20.65,43.89,23.81,9.04,18.07,28.4,24.14
527,8483476,Jonathan Lekkerimäki,VAN,R,https://assets.nhle.com/mugs/nhl/20262027/VAN/8483476.png,https://assets.nhle.com/logos/nhl/svg/VAN_light.svg,88,jonathanlekkerimaki,4.0,46.433333333333,11.608333333333,56.86,54.27,51.16,37.47,36.18,50.88,27.14,29.72,47.73,6.46,3.88,62.50,3.37,2.4,58.42,23.26,28.43,45.0,12.92,6.46,66.67,3.88,3.88,50.00,13.78,29.29,32.0,0.0,0.0,-,50.39,37.33,57.45,3.73,0.0,100.00,23.81,86.96,1.108,3.88,14.21,0.0,67.19,100.00,14.21,18.09,6.46,68.75
528,8483513,Reid Schaefer,NSH,L,https://assets.nhle.com/mugs/nhl/20262027/NSH/8483513.png,https://assets.nhle.com/logos/nhl/svg/NSH_light.svg,49,reidschaefer,1.0,11.583333333333,11.583333333333,25.9,98.42,20.83,25.9,77.7,25.0,10.36,41.44,20.0,0.0,5.18,0.00,1.26,3.95,24.13,15.54,46.62,25.0,10.36,15.54,40.00,0.0,5.18,0.00,6.91,41.44,14.29,0.0,0.0,-,22.45,89.78,20.0,0.0,0.0,-,0.00,87.50,0.875,0.0,15.54,0.0,51.8,-,15.54,20.72,20.72,42.86
529,8481538,Judd Caulfield,ANA,R,https://assets.nhle.com/mugs/nhl/20262027/ANA/8481538.png,https://assets.nhle.com/logos/nhl/svg/ANA_light.svg,28,juddcaulfield,2.0,23.1,11.55,28.57,64.94,30.56,15.58,46.75,25.0,7.79,28.57,21.43,2.6,2.6,50.00,0.53,2.85,15.69,7.79,28.57,21.43,2.6,12.99,16.67,2.6,2.6,50.00,6.93,20.78,25.0,0.0,0.0,-,26.26,67.53,28.0,0.0,0.0,-,33.33,90.91,1.242,7.79,12.99,20.78,36.36,27.27,10.39,15.58,36.36,22.22
530,8482166,Shakir Mukhamadullin,EDM,D,https://assets.nhle.com/mugs/nhl/20262027/EDM/8482166.png,https://assets.nhle.com/logos/nhl/svg/EDM_light.svg,85,shakirmukhamadullin,2.0,23.066666666667,11.533333333333,52.02,54.62,48.78,28.61,44.22,39.29,20.81,31.21,40.0,0.0,15.61,0.00,1.49,3.45,30.13,20.81,26.01,44.44,5.2,15.61,25.00,0.0,10.4,0.00,20.81,13.87,60.0,0.0,3.47,0.00,37.57,48.84,43.48,0.0,3.76,0.00,0.00,50.00,0.5,2.6,13.01,5.2,70.23,33.33,10.4,20.81,10.4,50.0
531,8476292,Ondrej Palat,NYI,L,https://assets.nhle.com/mugs/nhl/20262027/NYI/8476292.png,https://assets.nhle.com/logos/nhl/svg/NYI_light.svg,81,ondrejpalat,3.0,34.5,11.5,57.39,57.39,50.0,38.26,43.48,46.81,29.57,31.3,48.57,1.74,3.48,33.33,3.14,2.91,51.91,33.04,20.87,61.29,12.17,10.43,53.85,1.74,1.74,50.00,27.83,13.91,66.67,0.0,0.0,-,35.17,55.27,38.89,0.0,2.51,0.00,5.88,88.89,0.948,8.7,15.65,8.7,50.43,50.00,8.7,20.87,20.87,29.41
532,8483505,Matthew Poitras,BOS,C,https://assets.nhle.com/mugs/nhl/20262027/BOS/8483505.png,https://assets.nhle.com/logos/nhl/svg/BOS_light.svg,51,mattpoitras,1.0,11.466666666667,11.466666666667,26.16,78.49,25.0,26.16,62.79,29.41,10.47,36.63,22.22,5.23,0.0,100.00,2.31,2.89,44.36,20.93,36.63,36.36,5.23,15.7,25.00,0.0,0.0,-,20.93,27.91,42.86,0.0,0.0,-,7.56,75.58,9.09,7.56,0.0,100.00,50.00,100.00,1.5,15.7,5.23,10.47,52.33,60.00,15.7,15.7,31.4,33.33
533,8480113,Alex Iafallo,WPG,L,https://assets.nhle.com/mugs/nhl/20262027/WPG/8480113.png,https://assets.nhle.com/logos/nhl/svg/WPG_light.svg,9,alexiafallo,3.0,34.333333333333,11.444444444444,54.17,68.16,44.29,43.69,41.94,51.02,26.21,19.22,57.69,5.24,1.75,75.00,3.74,2.04,64.72,20.97,27.96,42.86,13.98,8.74,61.54,3.5,1.75,66.67,9.32,25.63,26.67,0.0,0.0,-,35.34,68.16,34.15,2.52,0.0,100.00,20.00,90.91,1.109,5.24,15.73,10.49,57.67,33.33,8.74,17.48,24.47,26.32
534,8477416,Oliver Bjorkstrand,NYR,R,https://assets.nhle.com/mugs/nhl/20262027/NYR/8477416.png,https://assets.nhle.com/logos/nhl/svg/NYR_light.svg,28,oliverbjorkstrand,5.0,57.116666666667,11.423333333333,58.83,47.27,55.45,45.17,29.41,60.56,31.51,18.91,62.5,4.2,0.0,100.00,3.51,1.94,64.42,31.51,25.21,55.56,14.71,5.25,73.68,1.05,0.0,100.00,22.41,26.61,45.71,2.8,0.0,100.00,51.59,36.42,58.62,1.52,0.0,100.00,13.33,100.00,1.133,10.5,10.5,9.45,55.68,52.63,17.86,18.91,23.11,43.59
535,8484803,Trevor Connelly,VGK,L,https://assets.nhle.com/mugs/nhl/20262027/VGK/8484803.png,https://assets.nhle.com/logos/nhl/svg/VGK_light.svg,24,trevorconnelly,3.0,34.25,11.416666666667,75.33,38.54,66.15,54.31,31.53,63.27,40.29,21.02,65.71,1.75,3.5,33.33,6.13,1.61,79.22,49.05,17.52,73.68,26.28,8.76,75.00,1.75,1.75,50.00,30.36,11.68,72.22,0.0,2.34,0.00,50.61,32.9,60.61,0.0,0.0,-,4.35,83.33,0.877,14.01,12.26,3.5,47.3,80.00,24.53,15.77,15.77,60.87
536,8480834,Ty Emberson,EDM,D,https://assets.nhle.com/mugs/nhl/20262027/EDM/8480834.png,https://assets.nhle.com/logos/nhl/svg/EDM_light.svg,49,tyemberson,1.0,11.366666666667,11.366666666667,63.34,5.28,92.31,42.23,5.28,88.89,21.11,5.28,80.0,0.0,0.0,-,2.14,0.12,94.49,31.67,0.0,100.0,10.56,0.0,100.00,0.0,0.0,-,28.15,0.0,100.0,0.0,0.0,-,68.62,7.62,90.0,0.0,0.0,-,0.00,100.00,1.0,10.56,10.56,0.0,63.34,100.00,31.67,21.11,0.0,100.0
537,8476889,Radek Faksa,DAL,C,https://assets.nhle.com/mugs/nhl/20262027/DAL/8476889.png,https://assets.nhle.com/logos/nhl/svg/DAL_light.svg,12,radekfaksa,3.0,34.083333333333,11.361111111111,47.53,54.57,46.55,31.69,26.41,54.55,19.36,19.36,50.0,1.76,1.76,50.00,2.61,2.58,50.27,15.84,24.65,39.13,10.56,12.32,46.15,0.0,1.76,0.00,7.04,16.43,30.0,2.35,0.0,100.00,43.23,61.03,41.46,0.0,0.0,-,9.09,90.91,1.0,3.52,10.56,12.32,54.57,22.22,5.28,17.6,22.89,18.75
538,8477998,Warren Foegele,OTT,L,https://assets.nhle.com/mugs/nhl/20262027/OTT/8477998.png,https://assets.nhle.com/logos/nhl/svg/OTT_light.svg,37,warrenfoegele,3.0,34.083333333333,11.361111111111,33.45,56.33,37.25,26.41,40.49,39.47,14.08,28.17,33.33,5.28,1.76,75.00,1.22,3.9,23.79,12.32,35.21,25.93,3.52,17.6,16.67,3.52,0.0,100.00,11.74,23.47,33.33,2.35,2.35,50.00,48.31,40.68,54.29,0.0,0.0,-,37.50,93.75,1.313,10.56,17.6,5.28,63.37,66.67,15.84,21.12,22.89,40.91
539,8483466,Kevin Korchinski,CHI,D,https://assets.nhle.com/mugs/nhl/20262027/CHI/8483466.png,https://assets.nhle.com/logos/nhl/svg/CHI_light.svg,14,kevinkorchinski,1.0,11.35,11.35,42.29,95.15,30.77,37.0,84.58,30.43,21.15,42.29,33.33,0.0,10.57,0.00,2.14,6.54,24.67,21.15,68.72,23.53,10.57,37.0,22.22,0.0,0.0,-,14.1,42.29,25.0,0.0,14.1,0.00,38.18,45.81,45.45,0.0,0.0,-,0.00,75.00,0.75,5.29,5.29,0.0,79.3,100.00,10.57,5.29,21.15,33.33
540,8479520,Brandon Duhaime,TOR,L,https://assets.nhle.com/mugs/nhl/20262027/TOR/8479520.png,https://assets.nhle.com/logos/nhl/svg/TOR_light.svg,24,brandonduhaime,4.0,44.933333333333,11.233333333333,37.39,77.45,32.56,24.04,50.74,32.14,13.35,26.71,33.33,0.0,1.34,0.00,1.2,4.49,21.07,12.02,33.38,26.47,2.67,20.03,11.76,0.0,1.34,0.00,12.46,17.8,41.18,0.0,0.0,-,36.65,77.15,32.2,0.0,0.0,-,0.00,95.00,0.95,5.34,13.35,14.69,52.08,26.67,9.35,22.7,22.7,29.17
541,8479368,Max Jones,EDM,L,https://assets.nhle.com/mugs/nhl/20262027/EDM/8479368.png,https://assets.nhle.com/logos/nhl/svg/EDM_light.svg,46,maxjones,3.0,33.683333333333,11.227777777778,60.56,49.88,54.84,48.1,32.06,60.0,21.38,24.94,46.15,0.0,7.13,0.00,3.02,2.27,57.03,23.16,24.94,48.15,5.34,10.69,33.33,0.0,7.13,0.00,23.75,19.0,55.56,0.0,0.0,-,56.61,46.31,55.0,0.0,0.0,-,0.00,71.43,0.714,7.13,21.38,7.13,67.69,50.00,16.03,23.16,14.25,52.94
542,8483890,Braeden Bowman,VGK,R,https://assets.nhle.com/mugs/nhl/20262027/VGK/8483890.png,https://assets.nhle.com/logos/nhl/svg/VGK_light.svg,42,braedenbowman,3.0,33.683333333333,11.227777777778,69.47,48.1,59.09,53.44,37.41,58.82,40.97,32.06,56.1,5.34,8.91,37.50,4.28,2.89,59.72,37.41,30.28,55.26,19.59,16.03,55.00,3.56,7.13,33.33,23.75,19.0,55.56,0.0,0.0,-,54.03,20.58,72.41,2.57,2.57,50.00,13.04,72.22,0.853,10.69,17.81,3.56,51.66,75.00,19.59,24.94,7.13,73.33
543,8484388,Daniil But,UTA,L,https://assets.nhle.com/mugs/nhl/20262027/UTA/8484388.png,https://assets.nhle.com/logos/nhl/svg/UTA_light.svg,50,daniilbut,4.0,44.683333333333,11.170833333333,67.14,57.74,53.76,44.31,36.26,55.0,21.48,17.46,55.17,1.34,0.0,100.00,3.63,2.51,59.15,29.54,36.26,44.9,9.4,12.09,43.75,1.34,0.0,100.00,26.86,32.23,45.45,0.0,0.0,-,52.37,32.97,61.36,0.0,0.0,-,6.25,100.00,1.063,8.06,14.77,8.06,51.03,50.00,12.09,16.11,14.77,45.0
544,8482806,William Trudeau,NSH,D,https://assets.nhle.com/mugs/nhl/20262027/NSH/8482806.png,https://assets.nhle.com/logos/nhl/svg/NSH_light.svg,85,willtrudeau,2.0,22.333333333333,11.166666666667,64.48,59.1,52.17,53.73,48.36,52.63,37.61,29.55,56.0,2.69,2.69,50.00,3.81,3.07,55.35,29.55,26.87,52.38,18.81,13.43,58.33,2.69,0.0,100.00,14.33,17.91,44.44,0.0,0.0,-,50.45,58.21,46.43,0.0,3.88,0.00,7.14,90.91,0.981,10.75,8.06,8.06,48.36,57.14,24.18,21.49,13.43,64.29
545,8483447,Conor Geekie,TBL,C,https://assets.nhle.com/mugs/nhl/20262027/TBL/8483447.png,https://assets.nhle.com/logos/nhl/svg/TBL_light.svg,94,conorgeekie,3.0,33.483333333333,11.161111111111,53.76,32.25,62.5,39.42,25.09,61.11,28.67,17.92,61.54,1.79,1.79,50.00,2.41,1.9,55.88,30.46,19.71,60.71,8.96,7.17,55.56,0.0,1.79,0.00,28.67,16.72,63.16,2.39,0.0,100.00,44.0,20.71,68.0,0.0,0.0,-,6.25,90.00,0.963,17.92,14.34,0.0,43.01,100.00,26.88,16.13,5.38,83.33
546,8480840,Oskar Bäck,DAL,C,https://assets.nhle.com/mugs/nhl/20262027/DAL/8480840.png,https://assets.nhle.com/logos/nhl/svg/DAL_light.svg,10,oskarback,3.0,33.483333333333,11.161111111111,43.01,51.97,45.28,30.46,28.67,51.52,19.71,19.71,50.0,1.79,0.0,100.00,2.27,2.1,51.97,12.54,21.5,36.84,10.75,8.96,54.55,0.0,0.0,-,2.39,16.72,12.5,2.39,0.0,100.00,41.41,64.71,39.02,0.0,0.0,-,9.09,100.00,1.091,3.58,8.96,14.34,50.17,20.00,5.38,16.13,23.3,18.75
547,8480762,Eric Robinson,CAR,L,https://assets.nhle.com/mugs/nhl/20262027/CAR/8480762.png,https://assets.nhle.com/logos/nhl/svg/CAR_light.svg,50,ericrobinson,4.0,44.516666666667,11.129166666667,48.52,41.78,53.73,33.7,28.3,54.35,21.56,18.87,53.33,2.7,2.7,50.00,2.13,2.69,44.27,16.17,24.26,40.0,5.39,13.48,28.57,2.7,2.7,50.00,14.38,14.38,50.0,0.0,0.0,-,58.41,23.36,71.43,0.0,0.0,-,12.50,85.71,0.982,14.83,13.48,4.04,48.52,78.57,28.3,26.96,9.43,75.0
548,8479336,Carl Grundstrom,PHI,R,https://assets.nhle.com/mugs/nhl/20262027/PHI/8479336.png,https://assets.nhle.com/logos/nhl/svg/PHI_light.svg,91,carlgrundstrom,4.0,44.466666666667,11.116666666667,40.48,76.91,34.48,32.38,56.67,36.36,17.54,37.78,31.71,2.7,2.7,50.00,1.92,5.24,26.82,17.54,33.73,34.21,8.1,17.54,31.58,0.0,0.0,-,12.59,21.59,36.84,1.8,3.6,33.33,29.24,60.42,32.61,1.95,0.0,100.00,15.38,92.86,1.082,2.7,8.1,16.19,56.67,14.29,5.4,13.49,33.73,13.79
549,8481754,Nikita Nesterenko,ANA,C,https://assets.nhle.com/mugs/nhl/20262027/ANA/8481754.png,https://assets.nhle.com/logos/nhl/svg/ANA_light.svg,13,nikitanesterenko,2.0,22.216666666667,11.108333333333,40.51,43.21,48.39,27.01,24.31,52.63,16.2,18.9,46.15,0.0,0.0,-,1.93,1.48,56.61,27.01,24.31,52.63,8.1,5.4,60.00,0.0,0.0,-,25.21,25.21,50.0,0.0,0.0,-,19.5,27.31,41.67,0.0,0.0,-,0.00,100.00,1.0,8.1,13.5,5.4,64.82,60.00,18.9,21.61,10.8,63.64
550,8482859,Zack Ostapchuk,SJS,C,https://assets.nhle.com/mugs/nhl/20262027/SJS/8482859.png,https://assets.nhle.com/logos/nhl/svg/SJS_light.svg,63,zackostapchuk,3.0,33.3,11.1,36.04,75.68,32.26,27.03,54.05,33.33,18.02,32.43,35.71,1.8,3.6,33.33,1.77,5.23,25.3,21.62,46.85,31.58,3.6,23.42,13.33,0.0,1.8,0.00,24.02,31.23,43.48,2.4,2.4,50.00,18.22,67.67,21.21,0.0,0.0,-,10.00,88.89,0.989,5.41,10.81,16.22,52.25,25.00,5.41,16.22,25.23,17.65
551,8480074,Alexandre Texier,MTL,L,https://assets.nhle.com/mugs/nhl/20262027/MTL/8480074.png,https://assets.nhle.com/logos/nhl/svg/MTL_light.svg,85,alexandretexier,3.0,33.283333333333,11.094444444444,50.48,50.48,50.0,32.45,41.46,43.9,14.42,28.84,33.33,5.41,3.61,60.00,2.47,2.85,46.36,19.83,23.44,45.83,10.82,10.82,50.00,3.61,1.8,66.67,12.02,16.83,41.67,0.0,2.4,0.00,36.45,33.85,51.85,2.6,0.0,100.00,37.50,87.50,1.25,3.61,16.22,9.01,45.07,28.57,7.21,23.44,16.22,30.77
552,8478454,Noah Juulsen,COL,D,https://assets.nhle.com/mugs/nhl/20262027/COL/8478454.png,https://assets.nhle.com/logos/nhl/svg/COL_light.svg,47,noahjuulsen,2.0,22.166666666667,11.083333333333,54.14,54.14,50.0,29.77,46.02,39.29,24.36,35.19,40.91,2.71,0.0,100.00,1.29,4.52,22.24,27.07,32.48,45.45,5.41,16.24,25.00,0.0,0.0,-,28.87,21.65,57.14,3.61,0.0,100.00,50.83,35.19,59.09,0.0,0.0,-,11.11,100.00,1.111,5.41,16.24,5.41,70.38,50.00,10.83,18.95,24.36,30.77
553,8483570,Ben Meyers,SEA,C,https://assets.nhle.com/mugs/nhl/20262027/SEA/8483570.png,https://assets.nhle.com/logos/nhl/svg/SEA_light.svg,59,benmeyers,1.0,10.983333333333,10.983333333333,16.39,81.94,16.67,10.93,38.24,22.22,10.93,21.85,33.33,0.0,0.0,-,0.24,3.15,7.18,10.93,49.17,18.18,0.0,5.46,0.00,0.0,0.0,-,14.57,58.27,20.0,0.0,0.0,-,7.89,63.13,11.11,0.0,0.0,-,0.00,100.00,1.0,5.46,21.85,32.78,38.24,14.29,5.46,21.85,38.24,12.5
554,8481535,Nils Hoglander,NSH,L,https://assets.nhle.com/mugs/nhl/20262027/NSH/8481535.png,https://assets.nhle.com/logos/nhl/svg/NSH_light.svg,21,nilshoglander,3.0,32.783333333333,10.927777777778,65.89,38.43,63.16,47.59,32.94,59.09,20.13,18.3,52.38,5.49,1.83,75.00,4.01,2.08,65.87,36.6,20.13,64.52,21.96,14.64,60.00,5.49,1.83,75.00,19.52,7.32,72.73,0.0,0.0,-,47.59,34.37,58.06,0.0,0.0,-,27.27,90.00,1.173,10.98,7.32,3.66,47.59,75.00,27.45,18.3,10.98,71.43
555,8480355,Mark Kastelic,BOS,C,https://assets.nhle.com/mugs/nhl/20262027/BOS/8480355.png,https://assets.nhle.com/logos/nhl/svg/BOS_light.svg,47,markkastelic,4.0,43.7,10.925,43.94,74.14,37.21,32.95,57.67,36.36,20.59,43.94,31.91,5.49,6.86,44.44,2.78,5.85,32.21,15.1,27.46,35.48,6.86,13.73,33.33,2.75,2.75,50.00,10.98,18.31,37.5,3.66,1.83,66.67,41.65,75.36,35.59,0.0,3.97,0.00,26.67,84.38,1.11,5.49,8.24,17.85,49.43,23.53,13.73,21.97,31.58,30.3
556,8478424,Jansen Harkins,TBL,C,https://assets.nhle.com/mugs/nhl/20262027/TBL/8478424.png,https://assets.nhle.com/logos/nhl/svg/TBL_light.svg,10,jansenharkins,1.0,10.916666666667,10.916666666667,32.98,71.45,31.58,21.98,49.47,30.77,10.99,32.98,25.0,0.0,5.5,0.00,1.36,3.54,27.72,10.99,38.47,22.22,5.5,16.49,25.00,0.0,5.5,0.00,7.33,29.31,20.0,0.0,0.0,-,31.76,55.57,36.36,0.0,0.0,-,0.00,83.33,0.833,0.0,10.99,0.0,54.96,-,0.0,10.99,16.49,0.0
557,8477987,Ryan Donato,CHI,C,https://assets.nhle.com/mugs/nhl/20262027/CHI/8477987.png,https://assets.nhle.com/logos/nhl/svg/CHI_light.svg,8,ryandonato,4.0,43.6,10.9,44.04,81.19,35.16,37.16,59.17,38.57,20.64,37.16,35.71,2.75,8.26,25.00,2.47,4.58,35.04,22.02,48.17,31.37,11.01,19.27,36.36,2.75,4.13,40.00,14.68,38.53,27.59,0.0,5.5,0.00,39.76,55.66,41.67,0.0,0.0,-,13.33,77.78,0.911,8.26,9.63,9.63,60.55,46.15,13.76,15.14,16.51,45.45
558,8480075,Cameron Crotty,OTT,D,https://assets.nhle.com/mugs/nhl/20262027/OTT/8480075.png,https://assets.nhle.com/logos/nhl/svg/OTT_light.svg,5,camcrotty,2.0,21.783333333333,10.891666666667,35.81,38.56,48.15,27.54,22.04,55.56,22.04,13.77,61.54,2.75,0.0,100.00,2.27,1.12,66.88,19.28,13.77,58.33,8.26,2.75,75.00,0.0,0.0,-,14.69,14.69,50.0,3.67,0.0,100.00,23.87,39.79,37.5,0.0,0.0,-,12.50,100.00,1.125,2.75,24.79,2.75,68.86,50.00,11.02,30.3,13.77,44.44
559,8483464,Marco Kasper,DET,C,https://assets.nhle.com/mugs/nhl/20262027/DET/8483464.png,https://assets.nhle.com/logos/nhl/svg/DET_light.svg,92,marcokasper,1.0,10.833333333333,10.833333333333,88.62,33.23,72.73,55.38,22.15,71.43,38.77,16.62,70.0,0.0,0.0,-,3.45,0.92,78.89,44.31,11.08,80.0,22.15,0.0,100.00,0.0,0.0,-,29.54,14.77,66.67,0.0,0.0,-,104.0,56.0,65.0,0.0,0.0,-,0.00,100.00,1.0,22.15,11.08,16.62,38.77,57.14,44.31,22.15,22.15,66.67
560,8479996,Cody Glass,NJD,C,https://assets.nhle.com/mugs/nhl/20262027/NJD/8479996.png,https://assets.nhle.com/logos/nhl/svg/NJD_light.svg,12,codyglass,3.0,32.483333333333,10.827777777778,59.11,73.88,44.44,44.33,64.65,40.68,38.79,48.02,44.68,1.85,7.39,20.00,1.84,5.63,24.58,24.01,38.79,38.24,9.24,16.62,35.71,1.85,3.69,33.33,19.7,29.55,40.0,0.0,2.46,0.00,58.7,58.7,50.0,0.0,2.67,0.00,4.76,84.62,0.894,14.78,16.62,14.78,46.18,50.00,18.47,25.86,27.71,40.0
561,8477478,William Carrier,CAR,L,https://assets.nhle.com/mugs/nhl/20262027/CAR/8477478.png,https://assets.nhle.com/logos/nhl/svg/CAR_light.svg,28,willcarrier,4.0,43.25,10.8125,74.91,40.23,65.06,56.88,29.13,66.13,27.75,20.81,57.14,4.16,5.55,42.86,4.32,2.08,67.49,34.68,19.42,64.1,16.65,9.71,63.16,2.77,1.39,66.67,24.05,12.95,65.0,1.85,3.7,33.33,58.11,28.05,67.44,0.0,2.0,0.00,15.00,73.33,0.883,5.55,18.03,4.16,55.49,57.14,16.65,27.75,8.32,66.67
562,8481523,Kirby Dach,MTL,C,https://assets.nhle.com/mugs/nhl/20262027/MTL/8481523.png,https://assets.nhle.com/logos/nhl/svg/MTL_light.svg,77,kirbydach,3.0,32.416666666667,10.805555555556,44.42,77.74,36.36,29.61,55.53,34.78,18.51,40.72,31.25,5.55,7.4,42.86,2.02,5.23,27.87,16.66,35.17,32.14,7.4,22.21,25.00,3.7,5.55,40.00,12.34,17.28,41.67,0.0,2.47,0.00,29.41,56.14,34.38,2.67,0.0,100.00,30.00,81.82,1.118,0.0,11.11,12.96,53.68,0.00,5.55,14.81,24.06,18.75
563,8475343,Nic Dowd,VGK,C,https://assets.nhle.com/mugs/nhl/20262027/VGK/8475343.png,https://assets.nhle.com/logos/nhl/svg/VGK_light.svg,26,nicdowd,3.0,32.2,10.733333333333,46.58,46.58,50.0,35.4,37.27,48.72,27.95,29.81,48.39,3.73,7.45,33.33,2.31,2.5,48.02,24.22,27.95,46.43,9.32,13.04,41.67,1.86,5.59,25.00,19.88,19.88,50.0,2.48,0.0,100.00,43.06,43.06,50.0,0.0,2.69,0.00,13.33,75.00,0.883,5.59,20.5,14.91,46.58,27.27,13.04,26.09,18.63,41.18
564,8484999,Ilya Protas,WSH,L,https://assets.nhle.com/mugs/nhl/20262027/WSH/8484999.png,https://assets.nhle.com/logos/nhl/svg/WSH_secondary_light.svg,62,ilyaprotas,2.0,21.45,10.725,69.93,44.76,60.98,61.54,25.17,70.97,39.16,16.78,70.0,2.8,0.0,100.00,3.48,1.14,75.37,30.77,13.99,68.75,11.19,2.8,80.00,0.0,0.0,-,26.11,14.92,63.64,3.73,0.0,100.00,64.65,64.65,50.0,0.0,0.0,-,7.14,100.00,1.071,8.39,16.78,11.19,36.36,42.86,13.99,19.58,22.38,38.46
565,8484305,Zach Metsa,BUF,D,https://assets.nhle.com/mugs/nhl/20262027/BUF/8484305.png,https://assets.nhle.com/logos/nhl/svg/BUF_light.svg,73,zachmetsa,3.0,32.1,10.7,50.47,59.81,45.76,39.25,35.51,52.5,18.69,22.43,45.45,3.74,5.61,40.00,2.43,3.17,43.4,26.17,29.91,46.67,9.35,11.21,45.45,0.0,1.87,0.00,22.43,24.92,47.37,4.98,0.0,100.00,27.0,48.6,35.71,0.0,2.7,0.00,20.00,75.00,0.95,3.74,13.08,13.08,56.07,22.22,7.48,18.69,18.69,28.57
566,8476927,Teddy Blueger,TOR,C,https://assets.nhle.com/mugs/nhl/20262027/TOR/8476927.png,https://assets.nhle.com/logos/nhl/svg/TOR_light.svg,73,teddyblueger,4.0,42.583333333333,10.645833333333,32.41,69.04,31.94,19.73,45.09,30.43,12.68,29.59,30.0,0.0,1.41,0.00,0.64,3.62,14.94,11.27,28.18,28.57,2.82,16.91,14.29,0.0,1.41,0.00,11.27,15.03,42.86,0.0,0.0,-,32.56,63.09,34.04,0.0,0.0,-,0.00,95.24,0.952,8.45,12.68,8.45,53.54,50.00,9.86,18.32,14.09,41.18
567,8479661,Tanner Jeannot,BOS,L,https://assets.nhle.com/mugs/nhl/20262027/BOS/8479661.png,https://assets.nhle.com/logos/nhl/svg/BOS_light.svg,84,tannerjeannot,4.0,42.416666666667,10.604166666667,46.68,63.65,42.31,33.95,45.27,42.86,16.97,33.95,33.33,2.83,4.24,40.00,1.76,2.4,42.34,18.39,22.63,44.83,5.66,8.49,40.00,0.0,0.0,-,16.97,18.86,47.37,1.89,1.89,50.00,36.78,63.34,36.73,2.04,4.09,33.33,16.67,87.50,1.042,5.66,11.32,14.15,49.51,28.57,14.15,21.22,28.29,33.33
568,8478366,Frank Vatrano,ANA,R,https://assets.nhle.com/mugs/nhl/20262027/ANA/8478366.png,https://assets.nhle.com/logos/nhl/svg/ANA_light.svg,77,frankvatrano,1.0,10.566666666667,10.566666666667,34.07,62.46,35.29,22.71,39.75,36.36,11.36,28.39,28.57,0.0,5.68,0.00,1.69,4.29,28.23,11.36,45.43,20.0,5.68,17.03,25.00,0.0,5.68,0.00,7.57,37.85,16.67,0.0,0.0,-,32.81,32.81,50.0,0.0,0.0,-,0.00,80.00,0.8,0.0,11.36,11.36,62.46,0.00,5.68,17.03,17.03,25.0
569,8482929,Emil Lilleberg,TBL,D,https://assets.nhle.com/mugs/nhl/20262027/TBL/8482929.png,https://assets.nhle.com/logos/nhl/svg/TBL_light.svg,78,emillilleberg,1.0,10.5,10.5,68.57,45.71,60.0,45.71,40.0,53.33,40.0,22.86,63.64,5.71,5.71,50.00,2.86,1.55,64.9,34.29,22.86,60.0,11.43,5.71,66.67,0.0,5.71,0.00,30.48,22.86,57.14,7.62,0.0,100.00,66.03,33.02,66.67,0.0,0.0,-,14.29,75.00,0.893,5.71,5.71,0.0,74.29,100.00,22.86,11.43,5.71,80.0
570,8482747,Brennan Othmann,CGY,L,https://assets.nhle.com/mugs/nhl/20262027/CGY/8482747.png,https://assets.nhle.com/logos/nhl/svg/CGY_light.svg,78,brennanothmann,1.0,10.5,10.5,57.14,68.57,45.45,22.86,45.71,33.33,17.14,22.86,42.86,0.0,0.0,-,1.44,3.36,29.95,17.14,28.57,37.5,5.71,11.43,33.33,0.0,0.0,-,15.24,22.86,40.0,0.0,0.0,-,66.03,41.27,61.54,0.0,0.0,-,0.00,100.00,1.0,17.14,11.43,0.0,62.86,100.00,17.14,17.14,5.71,75.0
571,8476422,Mike Reilly,CAR,D,https://assets.nhle.com/mugs/nhl/20262027/CAR/8476422.png,https://assets.nhle.com/logos/nhl/svg/CAR_light.svg,6,michaelreilly,2.0,20.966666666667,10.483333333333,54.37,22.89,70.37,45.79,14.31,76.19,28.62,14.31,66.67,5.72,5.72,50.00,2.43,1.73,58.43,20.03,14.31,58.33,14.31,11.45,55.56,5.72,5.72,50.00,7.63,3.82,66.67,0.0,0.0,-,66.14,12.4,84.21,0.0,0.0,-,20.00,60.00,0.8,14.31,17.17,2.86,48.65,83.33,20.03,31.48,2.86,87.5
572,8481641,Joel Kiviranta,DAL,L,https://assets.nhle.com/mugs/nhl/20262027/DAL/8481641.png,https://assets.nhle.com/logos/nhl/svg/DAL_light.svg,22,joelkiviranta,2.0,20.916666666667,10.458333333333,45.9,54.5,45.71,28.69,34.42,45.45,14.34,22.95,38.46,2.87,0.0,100.00,3.01,2.41,55.54,17.21,25.82,40.0,14.34,8.61,62.50,0.0,0.0,-,3.82,22.95,14.29,3.82,0.0,100.00,41.43,49.72,45.45,0.0,0.0,-,20.00,100.00,1.2,8.61,8.61,8.61,57.37,50.00,8.61,14.34,17.21,33.33
573,8482118,Sam Colangelo,ANA,R,https://assets.nhle.com/mugs/nhl/20262027/ANA/8482118.png,https://assets.nhle.com/logos/nhl/svg/ANA_light.svg,12,samcolangelo,1.0,10.4,10.4,51.92,34.62,60.0,28.85,23.08,55.56,23.08,11.54,66.67,0.0,0.0,-,2.25,1.15,66.16,40.38,11.54,77.78,11.54,0.0,100.00,0.0,0.0,-,38.46,15.38,71.43,0.0,0.0,-,16.67,16.67,50.0,0.0,0.0,-,0.00,100.00,1.0,5.77,11.54,0.0,80.77,100.00,28.85,23.08,0.0,100.0
574,8483609,Adam Klapka,CGY,R,https://assets.nhle.com/mugs/nhl/20262027/CGY/8483609.png,https://assets.nhle.com/logos/nhl/svg/CGY_light.svg,43,adamklapka,3.0,30.883333333333,10.294444444444,77.71,52.46,59.7,56.34,40.8,58.0,27.2,23.31,53.85,0.0,3.89,0.00,3.94,3.12,55.79,36.91,31.08,54.29,11.66,17.49,40.00,0.0,3.89,0.00,33.68,18.13,65.0,0.0,0.0,-,53.32,42.09,55.88,0.0,0.0,-,0.00,83.33,0.833,5.83,13.6,13.6,52.46,30.00,7.77,17.49,21.37,26.67
575,8480842,Filip Hallander,PIT,C,https://assets.nhle.com/mugs/nhl/20262027/PIT/8480842.png,https://assets.nhle.com/logos/nhl/svg/PIT_light.svg,11,filiphallander,2.0,20.566666666667,10.283333333333,58.35,49.59,54.05,52.51,29.17,64.29,40.84,14.59,73.68,11.67,0.0,100.00,4.89,1.57,75.72,37.93,20.42,65.0,23.34,5.83,80.00,5.83,0.0,100.00,19.45,19.45,50.0,7.78,0.0,100.00,29.5,33.71,46.67,0.0,0.0,-,28.57,100.00,1.286,5.83,11.67,5.83,72.93,50.00,20.42,14.59,8.75,70.0
576,8483455,Isaac Howard,EDM,L,https://assets.nhle.com/mugs/nhl/20262027/EDM/8483455.png,https://assets.nhle.com/logos/nhl/svg/EDM_light.svg,53,isaachoward,3.0,30.433333333333,10.144444444444,59.15,51.26,53.57,35.49,33.52,51.43,29.57,21.69,57.69,1.97,1.97,50.00,3.05,3.39,47.35,31.54,25.63,55.17,9.86,13.8,41.67,1.97,1.97,50.00,28.92,15.77,64.71,0.0,0.0,-,42.72,34.17,55.56,0.0,0.0,-,6.67,90.91,0.976,13.8,19.72,1.97,63.09,87.50,19.72,23.66,3.94,83.33
577,8483676,Stephen Halliday,OTT,C,https://assets.nhle.com/mugs/nhl/20262027/OTT/8483676.png,https://assets.nhle.com/logos/nhl/svg/OTT_light.svg,34,stephenhalliday,3.0,30.316666666667,10.105555555556,67.29,55.42,54.84,49.48,45.52,52.08,33.64,25.73,56.67,1.98,3.96,33.33,4.43,2.91,60.32,39.58,37.6,51.28,17.81,9.9,64.29,1.98,0.0,100.00,29.03,36.94,44.0,0.0,2.64,0.00,54.32,20.01,73.08,0.0,2.86,0.00,5.88,84.62,0.905,11.87,11.87,7.92,55.42,60.00,21.77,19.79,11.87,64.71
578,8470621,Corey Perry,LAK,R,https://assets.nhle.com/mugs/nhl/20262027/LAK/8470621.png,https://assets.nhle.com/logos/nhl/svg/LAK_light.svg,90,coreyperry,1.0,9.95,9.95,66.33,12.06,84.62,66.33,12.06,84.62,30.15,12.06,71.43,0.0,0.0,-,5.24,0.16,96.99,36.18,0.0,100.0,24.12,0.0,100.00,0.0,0.0,-,16.08,0.0,100.0,0.0,0.0,-,52.26,17.42,75.0,0.0,0.0,-,0.00,100.00,1.0,6.03,24.12,6.03,42.21,50.00,6.03,30.15,24.12,20.0
579,8484786,Cole Beaudoin,NYR,C,https://assets.nhle.com/mugs/nhl/20262027/NYR/8484786.png,https://assets.nhle.com/logos/nhl/svg/NYR_light.svg,53,colebeaudoin,1.0,9.95,9.95,54.27,30.15,64.29,30.15,18.09,62.5,18.09,18.09,50.0,6.03,0.0,100.00,1.39,1.53,47.66,12.06,18.09,40.0,6.03,0.0,100.00,0.0,0.0,-,8.04,24.12,25.0,0.0,0.0,-,78.39,34.84,69.23,8.71,0.0,100.00,33.33,100.00,1.333,12.06,6.03,18.09,66.33,40.00,18.09,24.12,30.15,37.5
580,8473422,Nick Foligno,MIN,L,https://assets.nhle.com/mugs/nhl/20262027/MIN/8473422.png,https://assets.nhle.com/logos/nhl/svg/MIN_light.svg,71,nickfoligno,3.0,29.85,9.95,46.23,32.16,58.97,34.17,26.13,56.67,26.13,14.07,65.0,4.02,0.0,100.00,2.66,1.35,66.34,30.15,18.09,62.5,18.09,6.03,75.00,2.01,0.0,100.00,16.08,16.08,50.0,0.0,0.0,-,20.32,37.74,35.0,2.9,0.0,100.00,15.38,100.00,1.154,0.0,14.07,8.04,46.23,0.00,2.01,24.12,26.13,7.14
581,8475848,Brendan Gallagher,VAN,R,https://assets.nhle.com/mugs/nhl/20262027/VAN/8475848.png,https://assets.nhle.com/logos/nhl/svg/VAN_light.svg,7,brendangallagher,4.0,39.733333333333,9.9333333333333,48.32,55.87,46.38,36.24,43.79,45.28,21.14,19.63,51.85,0.0,1.51,0.00,1.97,3.63,35.14,24.16,31.71,43.24,6.04,15.1,28.57,0.0,1.51,0.00,24.16,22.15,52.17,0.0,0.0,-,30.54,34.9,46.67,0.0,0.0,-,0.00,92.31,0.923,6.04,18.12,7.55,60.4,44.44,7.55,21.14,13.59,35.71
582,8478891,Mason Appleton,DET,C,https://assets.nhle.com/mugs/nhl/20262027/DET/8478891.png,https://assets.nhle.com/logos/nhl/svg/DET_light.svg,22,masonappleton,2.0,19.683333333333,9.8416666666667,48.77,42.68,53.33,36.58,33.53,52.17,27.43,18.29,60.0,0.0,0.0,-,2.63,3.14,45.63,18.29,27.43,40.0,12.19,15.24,44.44,0.0,0.0,-,8.13,16.26,33.33,0.0,0.0,-,39.63,44.03,47.37,0.0,0.0,-,0.00,100.00,1.0,6.1,18.29,21.34,54.87,22.22,9.14,21.34,30.48,23.08
583,8484185,Nick Lardis,CHI,L,https://assets.nhle.com/mugs/nhl/20262027/CHI/8484185.png,https://assets.nhle.com/logos/nhl/svg/CHI_light.svg,76,nicklardis,4.0,39.366666666667,9.8416666666667,35.06,76.21,31.51,30.48,57.92,34.48,18.29,38.1,32.43,3.05,9.14,25.00,1.93,4.09,32.05,13.72,44.2,23.68,6.1,24.39,20.00,3.05,4.57,40.00,10.16,26.42,27.78,0.0,6.1,0.00,41.83,48.43,46.34,0.0,0.0,-,16.67,76.00,0.927,6.1,13.72,6.1,68.59,50.00,13.72,18.29,15.24,47.37
584,8482460,Matt Rempe,NYR,C,https://assets.nhle.com/mugs/nhl/20262027/NYR/8482460.png,https://assets.nhle.com/logos/nhl/svg/NYR_light.svg,73,mattrempe,1.0,9.8166666666667,9.8166666666667,42.78,61.12,41.18,12.22,48.9,20.0,12.22,24.45,33.33,0.0,0.0,-,1.71,2.71,38.74,18.34,30.56,37.5,6.11,12.22,33.33,0.0,0.0,-,16.3,24.45,40.0,0.0,0.0,-,8.83,44.14,16.67,0.0,0.0,-,0.00,100.00,1.0,12.22,18.34,0.0,42.78,100.00,12.22,24.45,6.11,66.67
585,8480003,Jesper Boqvist,NJD,C,https://assets.nhle.com/mugs/nhl/20262027/NJD/8480003.png,https://assets.nhle.com/logos/nhl/svg/NJD_light.svg,70,jesperboqvist,1.0,9.8166666666667,9.8166666666667,67.23,55.01,55.0,42.78,55.01,43.75,36.67,42.78,46.15,6.11,6.11,50.00,3.53,6.63,34.76,48.9,42.78,53.33,24.45,24.45,50.00,6.11,6.11,50.00,32.6,24.45,57.14,0.0,0.0,-,61.8,26.49,70.0,0.0,0.0,-,16.67,85.71,1.024,24.45,18.34,6.11,42.78,80.00,24.45,36.67,18.34,57.14
586,8482691,Aatu Räty,VAN,C,https://assets.nhle.com/mugs/nhl/20262027/VAN/8482691.png,https://assets.nhle.com/logos/nhl/svg/VAN_light.svg,54,aaturaty,2.0,19.433333333333,9.7166666666667,55.57,64.84,46.15,46.31,46.31,50.0,40.14,30.87,56.52,6.17,6.17,50.00,3.88,3.91,49.82,21.61,27.79,43.75,0.0,15.44,0.00,0.0,3.09,0.00,28.82,16.47,63.64,0.0,4.12,0.00,57.98,75.81,43.33,8.92,0.0,100.00,15.38,80.00,0.954,12.35,12.35,40.14,55.57,23.53,15.44,18.52,55.57,21.74
587,8482874,Jacob Melanson,SEA,R,https://assets.nhle.com/mugs/nhl/20262027/SEA/8482874.png,https://assets.nhle.com/logos/nhl/svg/SEA_light.svg,63,jakemelanson,1.0,9.5166666666667,9.5166666666667,37.83,113.49,25.0,37.83,75.66,33.33,18.91,50.44,27.27,0.0,0.0,-,2.56,5.59,31.44,18.91,56.74,25.0,12.61,25.22,33.33,0.0,0.0,-,8.41,42.03,16.67,0.0,0.0,-,45.53,109.28,29.41,0.0,0.0,-,0.00,100.00,1.0,0.0,6.3,12.61,75.66,0.00,12.61,12.61,25.22,33.33
588,8479365,Trent Frederic,EDM,C,https://assets.nhle.com/mugs/nhl/20262027/EDM/8479365.png,https://assets.nhle.com/logos/nhl/svg/EDM_light.svg,10,trentfrederic,3.0,28.516666666667,9.5055555555556,58.91,42.08,58.33,33.66,27.35,55.17,25.25,21.04,54.55,2.1,2.1,50.00,3.0,2.66,53.05,31.56,21.04,60.0,10.52,8.42,55.56,2.1,2.1,50.00,28.05,16.83,62.5,0.0,0.0,-,45.59,30.39,60.0,0.0,0.0,-,8.33,90.00,0.983,16.83,21.04,2.1,65.23,88.89,23.14,23.14,4.21,84.62
589,8482408,Jeff Malott,ANA,L,https://assets.nhle.com/mugs/nhl/20262027/ANA/8482408.png,https://assets.nhle.com/logos/nhl/svg/ANA_light.svg,39,jeffmalott,2.0,18.583333333333,9.2916666666667,29.06,64.57,31.03,16.14,48.43,25.0,9.69,25.83,27.27,3.23,0.0,100.00,0.57,2.14,20.92,6.46,29.06,18.18,3.23,6.46,33.33,3.23,0.0,100.00,4.3,30.13,12.5,0.0,0.0,-,27.98,65.29,30.0,0.0,0.0,-,33.33,100.00,1.333,9.69,12.91,22.6,48.43,30.00,9.69,16.14,35.52,21.43
590,8479066,Ryan Lomberg,CBJ,L,https://assets.nhle.com/mugs/nhl/20262027/CBJ/8479066.png,https://assets.nhle.com/logos/nhl/svg/CBJ_light.svg,94,ryanlomberg,2.0,18.45,9.225,52.03,52.03,50.0,32.52,35.77,47.62,16.26,22.76,41.67,0.0,0.0,-,2.75,2.45,52.84,26.02,26.02,50.0,13.01,13.01,50.00,0.0,0.0,-,17.34,17.34,50.0,0.0,0.0,-,37.58,37.58,50.0,0.0,0.0,-,0.00,100.00,1.0,3.25,26.02,6.5,55.28,33.33,6.5,26.02,13.01,33.33
591,8482171,William Wallinder,DET,D,https://assets.nhle.com/mugs/nhl/20262027/DET/8482171.png,https://assets.nhle.com/logos/nhl/svg/DET_light.svg,54,willwallinder,1.0,9.1166666666667,9.1166666666667,85.56,39.49,68.42,78.98,32.91,70.59,65.81,26.33,71.43,13.16,0.0,100.00,4.35,0.9,82.8,46.07,6.58,87.5,19.74,0.0,100.00,0.0,0.0,-,35.1,8.78,80.0,17.55,0.0,100.00,28.52,66.54,30.0,0.0,0.0,-,20.00,100.00,1.2,0.0,26.33,19.74,52.65,0.00,13.16,39.49,26.33,33.33
592,8480829,Jesperi Kotkaniemi,CAR,C,https://assets.nhle.com/mugs/nhl/20262027/CAR/8480829.png,https://assets.nhle.com/logos/nhl/svg/CAR_light.svg,82,jesperikotkaniemi,2.0,18.2,9.1,52.75,26.37,66.67,36.26,16.48,68.75,16.48,13.19,55.56,3.3,6.59,33.33,1.55,2.02,43.5,16.48,13.19,55.56,9.89,13.19,42.86,3.3,6.59,33.33,8.79,0.0,100.0,0.0,0.0,-,61.9,14.29,81.25,0.0,0.0,-,20.00,50.00,0.7,16.48,13.19,3.3,46.15,83.33,29.67,26.37,6.59,81.82
593,8483553,Marc Gatcomb,VGK,C,https://assets.nhle.com/mugs/nhl/20262027/VGK/8483553.png,https://assets.nhle.com/logos/nhl/svg/VGK_light.svg,17,marcgatcomb,3.0,27.183333333333,9.0611111111111,50.77,48.56,51.11,41.94,39.73,51.35,33.11,30.9,51.72,4.41,6.62,40.00,2.73,3.11,46.7,28.69,30.9,48.15,11.04,17.66,38.46,2.21,4.41,33.33,23.54,17.66,57.14,2.94,0.0,100.00,41.45,28.69,59.09,0.0,3.19,0.00,13.33,78.57,0.919,6.62,24.28,4.41,55.18,60.00,11.04,28.69,6.62,62.5
594,8483695,Amadeus Lombardi,NJD,C,https://assets.nhle.com/mugs/nhl/20262027/NJD/8483695.png,https://assets.nhle.com/logos/nhl/svg/NJD_light.svg,93,amadeuslombardi,3.0,26.466666666667,8.8222222222222,65.74,63.48,50.88,49.87,58.94,45.83,47.61,47.61,50.0,2.27,6.8,25.00,2.63,5.49,32.41,27.2,31.74,46.15,13.6,20.4,40.00,2.27,6.8,25.00,18.14,15.11,54.55,0.0,0.0,-,72.04,36.02,66.67,0.0,0.0,-,4.76,85.71,0.905,20.4,22.67,2.27,47.61,90.00,22.67,24.94,9.07,71.43
595,8484403,Florian Xhekaj,MTL,L,https://assets.nhle.com/mugs/nhl/20262027/MTL/8484403.png,https://assets.nhle.com/logos/nhl/svg/MTL_light.svg,63,florianxhekaj,1.0,8.8,8.8,34.09,81.82,29.41,20.45,61.36,25.0,20.45,40.91,33.33,0.0,20.45,0.00,1.08,3.75,22.42,6.82,27.27,20.0,6.82,20.45,25.00,0.0,20.45,0.00,0.0,9.09,0.0,0.0,0.0,-,39.39,78.79,33.33,0.0,0.0,-,0.00,50.00,0.5,6.82,13.64,13.64,40.91,33.33,20.45,27.27,27.27,42.86
596,8484160,Nate Danielson,DET,C,https://assets.nhle.com/mugs/nhl/20262027/DET/8484160.png,https://assets.nhle.com/logos/nhl/svg/DET_light.svg,29,nathandannyson,3.0,25.866666666667,8.6222222222222,48.71,34.79,58.33,39.43,25.52,60.71,30.15,18.56,61.9,2.32,2.32,50.00,2.68,2.09,56.2,27.84,18.56,60.0,11.6,9.28,55.56,0.0,0.0,-,21.65,12.37,63.64,3.09,3.09,50.00,30.15,23.45,56.25,0.0,0.0,-,7.69,87.50,0.952,6.96,20.88,9.28,57.99,42.86,11.6,30.15,13.92,45.45
597,8477527,Ross Johnston,STL,L,https://assets.nhle.com/mugs/nhl/20262027/STL/8477527.png,https://assets.nhle.com/logos/nhl/svg/STL_light.svg,49,rossjohnston,2.0,17.233333333333,8.6166666666667,48.74,48.74,50.0,24.37,27.85,46.67,6.96,10.44,40.0,3.48,0.0,100.00,2.25,1.86,54.74,17.41,20.89,45.45,10.44,10.44,50.00,0.0,0.0,-,9.28,13.93,40.0,4.64,0.0,100.00,25.15,45.26,35.71,0.0,0.0,-,50.00,100.00,1.5,6.96,17.41,6.96,62.67,50.00,6.96,20.89,13.93,33.33
598,8481043,Cole Koepke,WPG,L,https://assets.nhle.com/mugs/nhl/20262027/WPG/8481043.png,https://assets.nhle.com/logos/nhl/svg/WPG_light.svg,45,colekoepke,1.0,8.4833333333333,8.4833333333333,91.94,70.73,56.52,84.87,49.51,63.16,56.58,35.36,61.54,0.0,0.0,-,5.06,3.36,60.11,35.36,49.51,41.67,28.29,28.29,50.00,0.0,0.0,-,9.43,28.29,25.0,0.0,0.0,-,81.73,71.51,53.33,0.0,0.0,-,0.00,100.00,1.0,7.07,21.22,14.15,63.65,33.33,21.22,21.22,42.44,33.33
599,8481161,Jake Christiansen,CBJ,D,https://assets.nhle.com/mugs/nhl/20262027/CBJ/8481161.png,https://assets.nhle.com/logos/nhl/svg/CBJ_light.svg,2,jakechristiansen,2.0,16.866666666667,8.4333333333333,56.92,60.47,48.48,35.57,46.25,43.48,14.23,14.23,50.0,0.0,3.56,0.00,2.45,2.09,53.95,24.9,14.23,63.64,7.11,3.56,66.67,0.0,0.0,-,23.72,14.23,62.5,0.0,4.74,0.00,41.11,66.8,38.1,0.0,0.0,-,0.00,75.00,0.75,17.79,17.79,7.11,42.69,71.43,17.79,21.34,14.23,55.56
600,8479705,Jeffrey Viel,TBL,L,https://assets.nhle.com/mugs/nhl/20262027/TBL/8479705.png,https://assets.nhle.com/logos/nhl/svg/TBL_light.svg,25,jeffreyviel,3.0,25.2,8.4,64.29,50.0,56.25,42.86,35.71,54.55,30.95,23.81,56.52,0.0,7.14,0.00,4.82,3.01,61.56,30.95,23.81,56.52,16.67,14.29,53.85,0.0,4.76,0.00,19.05,12.7,60.0,0.0,0.0,-,55.03,41.27,57.14,0.0,3.44,0.00,0.00,70.00,0.7,23.81,19.05,4.76,38.1,83.33,33.33,23.81,7.14,82.35
601,8477903,Garnet Hathaway,FLA,R,https://assets.nhle.com/mugs/nhl/20262027/FLA/8477903.png,https://assets.nhle.com/logos/nhl/svg/FLA_light.svg,21,garnethathaway,3.0,25.166666666667,8.3888888888889,52.45,42.91,55.0,33.38,26.23,56.0,23.84,19.07,55.56,0.0,4.77,0.00,1.46,1.61,47.44,14.3,26.23,35.29,4.77,2.38,66.67,0.0,0.0,-,12.72,31.79,28.57,0.0,3.18,0.00,48.21,37.88,56.0,0.0,3.44,0.00,0.00,75.00,0.75,4.77,19.07,21.46,59.6,18.18,14.3,19.07,26.23,35.29
602,8479359,Beck Malenstyn,BUF,L,https://assets.nhle.com/mugs/nhl/20262027/BUF/8479359.png,https://assets.nhle.com/logos/nhl/svg/BUF_light.svg,29,beckmalenstyn,3.0,25.166666666667,8.3888888888889,23.84,30.99,43.48,19.07,21.46,47.06,11.92,14.3,45.45,0.0,7.15,0.00,0.6,1.38,30.18,14.3,19.07,42.86,2.38,7.15,25.00,0.0,2.38,0.00,15.89,15.89,50.0,0.0,6.36,0.00,6.89,37.88,15.38,0.0,0.0,-,0.00,50.00,0.5,4.77,26.23,23.84,52.45,16.67,4.77,28.61,40.53,10.53
603,8479941,Justin Danforth,BUF,R,https://assets.nhle.com/mugs/nhl/20262027/BUF/8479941.png,https://assets.nhle.com/logos/nhl/svg/BUF_light.svg,15,justindanforth,1.0,8.2833333333333,8.2833333333333,28.97,21.73,57.14,21.73,0.0,100.0,14.49,0.0,100.0,0.0,0.0,-,0.5,0.0,100.0,14.49,7.24,66.67,0.0,0.0,-,0.0,0.0,-,19.32,9.66,66.67,0.0,0.0,-,10.46,41.85,20.0,0.0,0.0,-,0.00,-,0.0,0.0,28.97,43.46,43.46,0.00,0.0,28.97,50.7,0.0
604,8480870,Bo Groulx,TOR,C,https://assets.nhle.com/mugs/nhl/20262027/TOR/8480870.png,https://assets.nhle.com/logos/nhl/svg/TOR_light.svg,29,bogroulx,3.0,24.7,8.2333333333333,58.3,55.87,51.06,41.3,31.58,56.67,26.72,24.29,52.38,0.0,0.0,-,1.63,2.38,40.66,21.86,19.43,52.94,9.72,14.57,40.00,0.0,0.0,-,16.19,6.48,71.43,0.0,0.0,-,56.14,45.61,55.17,0.0,0.0,-,0.00,100.00,1.0,2.43,14.57,2.43,58.3,50.00,9.72,24.29,2.43,80.0
605,8476393,Nick Cousins,OTT,C,https://assets.nhle.com/mugs/nhl/20262027/OTT/8476393.png,https://assets.nhle.com/logos/nhl/svg/OTT_light.svg,21,nickcousins,3.0,24.35,8.1166666666667,46.82,81.31,36.54,29.57,64.07,31.58,24.64,39.43,38.46,2.46,7.39,25.00,1.12,5.08,18.05,12.32,54.21,18.52,4.93,22.18,18.18,2.46,2.46,50.00,9.86,42.71,18.75,0.0,3.29,0.00,46.27,32.03,59.09,0.0,3.56,0.00,10.00,81.25,0.913,9.86,14.78,7.39,66.53,57.14,12.32,17.25,14.78,45.45
606,8481732,Andre Lee,LAK,L,https://assets.nhle.com/mugs/nhl/20262027/LAK/8481732.png,https://assets.nhle.com/logos/nhl/svg/LAK_light.svg,47,andrelee,1.0,7.9333333333333,7.9333333333333,90.76,30.25,75.0,60.5,15.13,80.0,37.82,7.56,83.33,0.0,0.0,-,7.3,1.0,88.0,52.94,30.25,63.64,30.25,7.56,80.00,0.0,0.0,-,30.25,30.25,50.0,0.0,0.0,-,43.7,0.0,100.0,0.0,0.0,-,0.00,100.00,1.0,15.13,7.56,0.0,60.5,100.00,22.69,15.13,0.0,100.0
607,8475842,Sam Carrick,BUF,C,https://assets.nhle.com/mugs/nhl/20262027/BUF/8475842.png,https://assets.nhle.com/logos/nhl/svg/BUF_light.svg,10,samcarrick,2.0,15.05,7.525,35.88,43.85,45.0,27.91,35.88,43.75,15.95,23.92,40.0,0.0,7.97,0.00,0.8,2.96,21.26,19.93,27.91,41.67,3.99,15.95,20.00,0.0,3.99,0.00,21.26,15.95,57.14,0.0,5.32,0.00,5.76,51.83,10.0,0.0,0.0,-,0.00,66.67,0.667,7.97,31.89,31.89,47.84,20.00,7.97,31.89,51.83,13.33
608,8482877,Jaroslav Chmelar,NYR,R,https://assets.nhle.com/mugs/nhl/20262027/NYR/8482877.png,https://assets.nhle.com/logos/nhl/svg/NYR_light.svg,49,jaroslavchmelar,4.0,30.033333333333,7.5083333333333,41.95,47.95,46.67,19.98,25.97,43.48,13.98,23.97,36.84,0.0,0.0,-,1.23,3.69,25.1,19.98,27.97,41.67,4.0,11.99,25.00,0.0,0.0,-,21.31,21.31,50.0,0.0,0.0,-,37.51,34.63,52.0,0.0,0.0,-,0.00,100.00,1.0,5.99,19.98,11.99,53.94,33.33,11.99,21.98,19.98,37.5
609,8484509,Josh Samanski,EDM,C,https://assets.nhle.com/mugs/nhl/20262027/EDM/8484509.png,https://assets.nhle.com/logos/nhl/svg/EDM_light.svg,81,joshsamanski,2.0,14.983333333333,7.4916666666667,40.04,56.06,41.67,20.02,40.04,33.33,12.01,24.03,33.33,4.0,4.0,50.00,2.43,5.35,31.27,20.02,36.04,35.71,8.01,24.03,25.00,4.0,4.0,50.00,16.02,16.02,50.0,0.0,0.0,-,28.92,34.71,45.45,0.0,0.0,-,33.33,83.33,1.167,24.03,32.04,4.0,52.06,85.71,24.03,36.04,8.01,75.0
610,8476278,Colin Blackwell,DAL,C,https://assets.nhle.com/mugs/nhl/20262027/DAL/8476278.png,https://assets.nhle.com/logos/nhl/svg/DAL_light.svg,15,colinblackwell,1.0,7.4833333333333,7.4833333333333,48.11,40.09,54.55,40.09,24.05,62.5,40.09,16.04,71.43,0.0,0.0,-,0.91,1.55,37.1,0.0,16.04,0.0,0.0,8.02,0.00,0.0,0.0,-,0.0,10.69,0.0,0.0,0.0,-,69.49,57.91,54.55,0.0,0.0,-,0.00,100.00,1.0,0.0,0.0,0.0,88.2,-,0.0,8.02,24.05,0.0
611,8482802,Carter Mazur,DET,L,https://assets.nhle.com/mugs/nhl/20262027/DET/8482802.png,https://assets.nhle.com/logos/nhl/svg/DET_light.svg,34,cartermazur,1.0,7.4166666666667,7.4166666666667,64.72,56.63,53.33,48.54,40.45,54.55,48.54,32.36,60.0,8.09,0.0,100.00,3.3,4.33,43.23,40.45,24.27,62.5,16.18,16.18,50.00,0.0,0.0,-,32.36,10.79,75.0,10.79,0.0,100.00,23.37,35.06,40.0,0.0,0.0,-,16.67,100.00,1.167,8.09,32.36,0.0,56.63,100.00,16.18,56.63,0.0,100.0
612,8476474,Stefan Noesen,NJD,R,https://assets.nhle.com/mugs/nhl/20262027/NJD/8476474.png,https://assets.nhle.com/logos/nhl/svg/NJD_light.svg,11,stefannoesen,2.0,14.8,7.4,56.76,77.03,42.42,40.54,72.97,35.71,32.43,52.7,38.1,0.0,8.11,0.00,1.25,5.4,18.8,16.22,28.38,36.36,0.0,20.27,0.00,0.0,8.11,0.00,21.62,10.81,66.67,0.0,0.0,-,58.56,58.56,50.0,0.0,0.0,-,0.00,84.62,0.846,16.22,16.22,0.0,60.81,100.00,24.32,16.22,4.05,85.71
613,8482459,Tyrel Bauer,WPG,D,https://assets.nhle.com/mugs/nhl/20262027/WPG/8482459.png,https://assets.nhle.com/logos/nhl/svg/WPG_light.svg,77,tyrelbauer,2.0,14.55,7.275,37.11,45.36,45.0,24.74,28.87,46.15,16.49,12.37,57.14,0.0,0.0,-,0.65,1.91,25.38,8.25,16.49,33.33,4.12,8.25,33.33,0.0,0.0,-,5.5,11.0,33.33,0.0,0.0,-,47.65,35.74,57.14,0.0,0.0,-,0.00,100.00,1.0,20.62,12.37,0.0,78.35,100.00,28.87,16.49,4.12,87.5
614,8477971,Andreas Englund,DET,D,https://assets.nhle.com/mugs/nhl/20262027/DET/8477971.png,https://assets.nhle.com/logos/nhl/svg/DET_light.svg,24,andreasenglund,1.0,7.25,7.25,74.48,16.55,81.82,41.38,16.55,71.43,33.1,16.55,66.67,0.0,0.0,-,2.27,0.82,73.58,33.1,8.28,80.0,8.28,8.28,50.00,0.0,0.0,-,33.1,0.0,100.0,0.0,0.0,-,71.72,23.91,75.0,0.0,0.0,-,0.00,100.00,1.0,8.28,8.28,16.55,49.66,33.33,33.1,16.55,24.83,57.14
615,8475235,Nicolas Deslauriers,CAR,L,https://assets.nhle.com/mugs/nhl/20262027/CAR/8475235.png,https://assets.nhle.com/logos/nhl/svg/CAR_light.svg,44,nicolasdeslauriers,2.0,14.433333333333,7.2166666666667,16.63,87.3,16.0,8.31,62.36,11.76,4.16,45.73,8.33,0.0,4.16,0.00,0.09,4.94,1.82,8.31,41.57,16.67,0.0,16.63,0.00,0.0,0.0,-,11.09,33.26,25.0,0.0,5.54,0.00,30.02,72.06,29.41,0.0,0.0,-,0.00,90.91,0.909,16.63,20.79,0.0,49.88,100.00,37.41,24.94,8.31,81.82
616,8482726,Samuel Helenius,LAK,C,https://assets.nhle.com/mugs/nhl/20262027/LAK/8482726.png,https://assets.nhle.com/logos/nhl/svg/LAK_light.svg,79,samuelhelenius,1.0,6.9833333333333,6.9833333333333,77.33,25.78,75.0,42.96,17.18,71.43,34.37,8.59,80.0,0.0,0.0,-,5.52,1.13,82.99,42.96,25.78,62.5,17.18,8.59,66.67,0.0,0.0,-,34.37,22.91,60.0,0.0,0.0,-,37.23,0.0,100.0,0.0,0.0,-,0.00,100.00,1.0,8.59,8.59,8.59,60.14,50.00,25.78,17.18,8.59,75.0
617,8482072,Jack Ahcan,NSH,D,https://assets.nhle.com/mugs/nhl/20262027/NSH/8482072.png,https://assets.nhle.com/logos/nhl/svg/NSH_light.svg,47,jackahcan,2.0,13.783333333333,6.8916666666667,43.53,47.88,47.62,30.47,30.47,50.0,13.06,21.77,37.5,8.71,0.0,100.00,3.38,0.86,79.62,17.41,13.06,57.14,13.06,4.35,75.00,8.71,0.0,100.00,5.8,11.61,33.33,0.0,0.0,-,37.73,44.01,46.15,0.0,0.0,-,66.67,100.00,1.667,4.35,13.06,0.0,65.3,100.00,17.41,17.41,0.0,100.0
618,8480876,Curtis Douglas,SEA,C,https://assets.nhle.com/mugs/nhl/20262027/SEA/8480876.png,https://assets.nhle.com/logos/nhl/svg/SEA_light.svg,42,curtisdouglas,2.0,13.733333333333,6.8666666666667,48.06,109.22,30.56,39.32,78.64,33.33,13.11,52.43,20.0,0.0,0.0,-,2.4,8.25,22.56,17.48,65.53,21.05,8.74,30.58,22.22,0.0,0.0,-,11.65,46.6,20.0,0.0,0.0,-,63.11,44.17,58.82,0.0,0.0,-,0.00,100.00,1.0,17.48,17.48,0.0,61.17,100.00,26.21,21.84,0.0,100.0
619,8478147,Bokondji Imama,FLA,L,https://assets.nhle.com/mugs/nhl/20262027/FLA/8478147.png,https://assets.nhle.com/logos/nhl/svg/FLA_light.svg,14,bokondjiimama,3.0,19.066666666667,6.3555555555556,47.2,25.17,65.22,22.03,9.44,70.0,18.88,9.44,66.67,0.0,0.0,-,1.01,0.29,77.81,15.73,12.59,55.56,3.15,0.0,100.00,0.0,0.0,-,16.78,16.78,50.0,0.0,0.0,-,36.36,9.09,80.0,0.0,0.0,-,0.00,100.00,1.0,6.29,18.88,0.0,62.94,100.00,12.59,18.88,3.15,80.0
620,8479772,Zack MacEwen,TOR,R,https://assets.nhle.com/mugs/nhl/20262027/TOR/8479772.png,https://assets.nhle.com/logos/nhl/svg/TOR_light.svg,19,zackmacewen,1.0,5.4166666666667,5.4166666666667,11.08,44.31,20.0,0.0,22.15,0.0,0.0,22.15,0.0,0.0,0.0,-,0.0,1.01,0.0,11.08,11.08,50.0,0.0,11.08,0.00,0.0,0.0,-,14.77,0.0,100.0,0.0,0.0,-,0.0,64.0,0.0,0.0,0.0,-,-,100.00,1.0,0.0,11.08,0.0,88.62,-,0.0,33.23,22.15,0.0
621,8478233,Andrew Mangiapane,CHI,L,https://assets.nhle.com/mugs/nhl/20262027/CHI/8478233.png,https://assets.nhle.com/logos/nhl/svg/CHI_light.svg,26,andrewmangiapane,1.0,5.3833333333333,5.3833333333333,33.44,55.73,37.5,22.29,55.73,28.57,11.15,33.44,25.0,0.0,0.0,-,1.48,1.6,48.02,22.29,22.29,50.0,11.15,0.0,100.00,0.0,0.0,-,14.86,29.72,33.33,0.0,0.0,-,32.2,48.3,40.0,0.0,0.0,-,0.00,100.00,1.0,11.15,0.0,11.15,78.02,50.00,11.15,0.0,11.15,50.0
622,8478173,Hayden Hodgson,OTT,R,https://assets.nhle.com/mugs/nhl/20262027/OTT/8478173.png,https://assets.nhle.com/logos/nhl/svg/OTT_light.svg,42,haydenhodgson,2.0,10.75,5.375,44.65,89.3,33.33,33.49,66.98,33.33,16.74,33.49,33.33,0.0,5.58,0.00,1.17,4.97,19.12,22.33,55.81,28.57,0.0,22.33,0.00,0.0,0.0,-,29.77,44.65,40.0,0.0,0.0,-,32.25,32.25,50.0,0.0,8.06,0.00,0.00,83.33,0.833,16.74,5.58,0.0,94.88,100.00,16.74,5.58,11.16,60.0
623,8480281,Alexey Toropchenko,STL,R,https://assets.nhle.com/mugs/nhl/20262027/STL/8480281.png,https://assets.nhle.com/logos/nhl/svg/STL_light.svg,13,alexeitoropchenko,1.0,5.1333333333333,5.1333333333333,35.06,46.75,42.86,23.38,35.06,40.0,11.69,11.69,50.0,0.0,0.0,-,1.01,3.35,23.1,11.69,23.38,33.33,0.0,11.69,0.00,0.0,0.0,-,15.58,15.58,50.0,0.0,0.0,-,16.88,50.65,25.0,0.0,0.0,-,0.00,100.00,1.0,0.0,23.38,11.69,58.44,0.00,0.0,23.38,11.69,0.0
624,8482105,Jake Sanderson,OTT,D,https://assets.nhle.com/mugs/nhl/20262027/OTT/8482105.png,https://assets.nhle.com/logos/nhl/svg/OTT_light.svg,85,jakesanderson,1.0,4.4833333333333,4.4833333333333,26.77,120.45,18.18,13.38,93.68,12.5,13.38,66.91,16.67,0.0,0.0,-,0.19,13.44,1.36,0.0,93.68,0.0,0.0,53.53,0.00,0.0,0.0,-,0.0,53.53,0.0,0.0,0.0,-,38.66,77.32,33.33,0.0,0.0,-,0.00,100.00,1.0,0.0,26.77,0.0,53.53,-,13.38,26.77,26.77,33.33
625,,,,,,,,fredericgaudreau,3.0,42.416666666667,14.138888888889,35.36,103.26,25.51,31.12,63.65,32.84,18.39,38.19,32.5,1.41,2.83,33.33,2.01,5.95,25.29,15.56,52.34,22.92,8.49,25.46,25.00,0.0,1.41,0.00,9.43,35.83,20.83,0.0,0.0,-,34.73,89.9,27.87,2.04,2.04,50.00,7.69,92.59,1.003,5.66,14.15,24.05,41.02,19.05,12.73,15.56,36.78,25.71
